image_id,file_name,species_id,species_name,img_area,total_annotations,total_annotated_area,total_density_%,Clase_8_count,Clase_8_area_sum,Clase_8_area_mean,Clase_8_area_std,Clase_8_density_%,Clase_56_count,Clase_56_area_sum,Clase_56_area_mean,Clase_56_area_std,Clase_56_density_%,Clase_58_count,Clase_58_area_sum,Clase_58_area_mean,Clase_58_area_std,Clase_58_density_%,Clase_79_count,Clase_79_area_sum,Clase_79_area_mean,Clase_79_area_std,Clase_79_density_%,Clase_81_count,Clase_81_area_sum,Clase_81_area_mean,Clase_81_area_std,Clase_81_density_%,Clase_82_count,Clase_82_area_sum,Clase_82_area_mean,Clase_82_area_std,Clase_82_density_%,Clase_83_count,Clase_83_area_sum,Clase_83_area_mean,Clase_83_area_std,Clase_83_density_%,Clase_84_count,Clase_84_area_sum,Clase_84_area_mean,Clase_84_area_std,Clase_84_density_%,Clase_85_count,Clase_85_area_sum,Clase_85_area_mean,Clase_85_area_std,Clase_85_density_%,Clase_86_count,Clase_86_area_sum,Clase_86_area_mean,Clase_86_area_std,Clase_86_density_%,Clase_89_count,Clase_89_area_sum,Clase_89_area_mean,Clase_89_area_std,Clase_89_density_%,Clase_10_count,Clase_10_area_sum,Clase_10_area_mean,Clase_10_area_std,Clase_10_density_%,Clase_V1_count,Clase_V1_area_sum,Clase_V1_area_mean,Clase_V1_area_std,Clase_V1_density_%,Clase_radio_count,Clase_radio_area_sum,Clase_radio_area_mean,Clase_radio_area_std,Clase_radio_density_%
1,0030-10.jpg,0030,Amburana cearensis (Allemão) A.C.Sm.,2250000,54,1088994.01,48.39973377777777,0,0.0,0.0,0.0,0.0,0,0.0,0.0,0.0,0.0,1,2986.91,2986.91,0.0,0.13275155555555557,22,722370.3699999999,32835.01681818181,14961.818230178089,32.105349777777775,3,86175.08,28725.02666666667,7685.0296876741695,3.830003555555556,0,0.0,0.0,0.0,0.0,6,203505.63999999998,33917.60666666667,26119.50238174278,9.04469511111111,0,0.0,0.0,0.0,0.0,0,0.0,0.0,0.0,0.0,0,0.0,0.0,0.0,0.0,0,0.0,0.0,0.0,0.0,0,0.0,0.0,0.0,0.0,22,73956.01000000001,3361.6368181818184,1459.0871556147256,3.2869337777777785,0,0.0,0.0,0.0,0.0
2,0030-3.jpg,0030,Amburana cearensis (Allemão) A.C.Sm.,2250000,46,1058049.92,47.0244408888889,0,0.0,0.0,0.0,0.0,0,0.0,0.0,0.0,0.0,2,6973.74,3486.87,1489.9729829094213,0.309944,18,603581.7899999999,33532.32166666667,19146.882968189777,26.825857333333335,5,159108.63,31821.726000000002,12244.767375862231,7.071494666666666,0,0.0,0.0,0.0,0.0,6,229864.24000000002,38310.70666666667,33320.08128685203,10.216188444444445,0,0.0,0.0,0.0,0.0,0,0.0,0.0,0.0,0.0,0,0.0,0.0,0.0,0.0,0,0.0,0.0,0.0,0.0,0,0.0,0.0,0.0,0.0,15,58521.51999999999,3901.434666666666,1990.265956556225,2.6009564444444444,0,0.0,0.0,0.0,0.0
3,0030-4.jpg,0030,Amburana cearensis (Allemão) A.C.Sm.,2250000,40,1088412.56,48.37389155555555,0,0.0,0.0,0.0,0.0,0,0.0,0.0,0.0,0.0,2,11802.79,5901.395,1768.396278001625,0.5245684444444444,19,877071.6399999999,46161.66526315789,25122.816721385712,38.980961777777786,2,87833.77,43916.885,5277.880370115452,3.9037231111111117,0,0.0,0.0,0.0,0.0,2,51383.619999999995,25691.809999999998,20223.15494698589,2.283716444444444,0,0.0,0.0,0.0,0.0,0,0.0,0.0,0.0,0.0,0,0.0,0.0,0.0,0.0,0,0.0,0.0,0.0,0.0,0,0.0,0.0,0.0,0.0,15,60320.74,4021.3826666666664,1577.905721683318,2.6809217777777774,0,0.0,0.0,0.0,0.0
4,0030-5.jpg,0030,Amburana cearensis (Allemão) A.C.Sm.,2250000,40,1183383.1199999999,52.59480533333334,0,0.0,0.0,0.0,0.0,0,0.0,0.0,0.0,0.0,5,18788.34,3757.668,1654.6468177741133,0.8350373333333333,11,513164.52,46651.32,22500.553452602006,22.807312,4,103916.29000000001,25979.072500000002,17443.78642392447,4.6185017777777775,0,0.0,0.0,0.0,0.0,8,497933.87,62241.73375,57474.634674903566,22.130394222222225,0,0.0,0.0,0.0,0.0,0,0.0,0.0,0.0,0.0,0,0.0,0.0,0.0,0.0,0,0.0,0.0,0.0,0.0,0,0.0,0.0,0.0,0.0,12,49580.1,4131.675,1524.5366027300347,2.20356,0,0.0,0.0,0.0,0.0
5,0030-7.jpg,0030,Amburana cearensis (Allemão) A.C.Sm.,2250000,43,1291263.7299999995,57.38949911111112,0,0.0,0.0,0.0,0.0,0,0.0,0.0,0.0,0.0,8,53519.74,6689.967500000001,2210.0848574384136,2.378655111111111,20,905087.8399999999,45254.39200000001,26044.866658632833,40.22612622222222,2,92631.7,46315.85,23776.635223025147,4.116964444444445,0,0.0,0.0,0.0,0.0,2,169166.91999999998,84583.45999999999,1302.5896858949864,7.518529777777777,0,0.0,0.0,0.0,0.0,0,0.0,0.0,0.0,0.0,0,0.0,0.0,0.0,0.0,0,0.0,0.0,0.0,0.0,0,0.0,0.0,0.0,0.0,11,70857.53,6441.5936363636365,3044.8294770849575,3.1492235555555554,0,0.0,0.0,0.0,0.0
6,0030-8.jpg,0030,Amburana cearensis (Allemão) A.C.Sm.,2250000,39,1107189.09,49.208404000000016,0,0.0,0.0,0.0,0.0,0,0.0,0.0,0.0,0.0,2,9585.14,4792.57,2955.678061088521,0.42600622222222223,9,411700.84000000014,45744.53777777778,26582.427144321202,18.29781511111111,14,528173.11,37726.650714285715,18248.63759114951,23.474360444444443,0,0.0,0.0,0.0,0.0,4,102790.84000000001,25697.710000000003,15653.157561865912,4.568481777777778,0,0.0,0.0,0.0,0.0,0,0.0,0.0,0.0,0.0,0,0.0,0.0,0.0,0.0,0,0.0,0.0,0.0,0.0,0,0.0,0.0,0.0,0.0,10,54939.16000000001,5493.916,1768.5231392649503,2.4417404444444446,0,0.0,0.0,0.0,0.0
7,0030-9.jpg,0030,Amburana cearensis (Allemão) A.C.Sm.,2250000,47,1070263.6499999994,47.56727333333334,0,0.0,0.0,0.0,0.0,0,0.0,0.0,0.0,0.0,1,5187.39,5187.39,0.0,0.23055066666666668,17,632629.0499999999,37213.47352941177,18827.235148773816,28.11684666666666,6,161718.96999999997,26953.161666666663,17980.735102580667,7.1875097777777786,0,0.0,0.0,0.0,0.0,4,192536.48,48134.12,35995.49926015289,8.557176888888888,0,0.0,0.0,0.0,0.0,0,0.0,0.0,0.0,0.0,0,0.0,0.0,0.0,0.0,0,0.0,0.0,0.0,0.0,0,0.0,0.0,0.0,0.0,19,78191.76,4115.355789473685,2784.0919444034885,3.475189333333333,0,0.0,0.0,0.0,0.0
8,0034-2.jpg,0034,Anacardium L.,2250000,45,324264.06,14.411736000000005,0,0.0,0.0,0.0,0.0,0,0.0,0.0,0.0,0.0,0,0.0,0.0,0.0,0.0,10,93042.62,9304.261999999999,5358.710640753883,4.135227555555556,18,173860.79000000004,9658.93277777778,5038.873588293093,7.727146222222222,0,0.0,0.0,0.0,0.0,0,0.0,0.0,0.0,0.0,0,0.0,0.0,0.0,0.0,0,0.0,0.0,0.0,0.0,0,0.0,0.0,0.0,0.0,0,0.0,0.0,0.0,0.0,0,0.0,0.0,0.0,0.0,17,57360.65,3374.1558823529413,1680.6769374052037,2.5493622222222223,0,0.0,0.0,0.0,0.0
9,0034-4.jpg,0034,Anacardium L.,2250000,45,473129.87999999995,21.02799466666667,0,0.0,0.0,0.0,0.0,0,0.0,0.0,0.0,0.0,0,0.0,0.0,0.0,0.0,9,120401.15000000001,13377.905555555557,8173.910807451828,5.351162222222223,17,146431.45000000004,8613.614705882354,4827.93519378771,6.508064444444445,0,0.0,0.0,0.0,0.0,0,0.0,0.0,0.0,0.0,0,0.0,0.0,0.0,0.0,0,0.0,0.0,0.0,0.0,0,0.0,0.0,0.0,0.0,1,149693.01,149693.01,0.0,6.653022666666667,0,0.0,0.0,0.0,0.0,18,56604.27,3144.6816666666664,1982.942231469217,2.5157453333333333,0,0.0,0.0,0.0,0.0
10,0034-5.jpg,0034,Anacardium L.,2250000,53,367194.4299999999,16.319752444444443,0,0.0,0.0,0.0,0.0,0,0.0,0.0,0.0,0.0,0,0.0,0.0,0.0,0.0,6,59950.600000000006,9991.766666666668,6994.896228779,2.6644711111111112,25,250444.29999999996,10017.772,4147.798701719183,11.130857777777779,0,0.0,0.0,0.0,0.0,0,0.0,0.0,0.0,0.0,0,0.0,0.0,0.0,0.0,0,0.0,0.0,0.0,0.0,0,0.0,0.0,0.0,0.0,0,0.0,0.0,0.0,0.0,0,0.0,0.0,0.0,0.0,22,56799.530000000006,2581.7968181818183,1306.4851395338285,2.524423555555556,0,0.0,0.0,0.0,0.0
11,0034-6.jpg,0034,Anacardium L.,2250000,69,405606.88999999996,18.026972888888892,0,0.0,0.0,0.0,0.0,0,0.0,0.0,0.0,0.0,0,0.0,0.0,0.0,0.0,8,70254.57,8781.82125,4988.246994006261,3.122425333333333,34,270000.84,7941.201176470589,4455.658609890292,12.000037333333333,0,0.0,0.0,0.0,0.0,0,0.0,0.0,0.0,0.0,0,0.0,0.0,0.0,0.0,0,0.0,0.0,0.0,0.0,0,0.0,0.0,0.0,0.0,0,0.0,0.0,0.0,0.0,0,0.0,0.0,0.0,0.0,27,65351.479999999996,2420.425185185185,1383.8267165541365,2.9045102222222225,0,0.0,0.0,0.0,0.0
12,0034-7.jpg,0034,Anacardium L.,2250000,52,309321.97,13.74764311111111,0,0.0,0.0,0.0,0.0,0,0.0,0.0,0.0,0.0,0,0.0,0.0,0.0,0.0,5,42151.450000000004,8430.29,5764.03906755931,1.873397777777778,24,210339.88999999998,8764.162083333333,3745.857696641288,9.348439555555556,0,0.0,0.0,0.0,0.0,0,0.0,0.0,0.0,0.0,0,0.0,0.0,0.0,0.0,0,0.0,0.0,0.0,0.0,0,0.0,0.0,0.0,0.0,0,0.0,0.0,0.0,0.0,0,0.0,0.0,0.0,0.0,23,56830.630000000005,2470.8969565217394,1176.7284689164694,2.5258057777777774,0,0.0,0.0,0.0,0.0
13,0034-8.jpg,0034,Anacardium L.,2250000,61,403213.28,17.920590222222224,0,0.0,0.0,0.0,0.0,0,0.0,0.0,0.0,0.0,0,0.0,0.0,0.0,0.0,4,57987.22,14496.805,847.5414117905979,2.577209777777778,30,275166.75999999995,9172.225333333334,4873.3128130976365,12.229633777777776,0,0.0,0.0,0.0,0.0,0,0.0,0.0,0.0,0.0,0,0.0,0.0,0.0,0.0,0,0.0,0.0,0.0,0.0,0,0.0,0.0,0.0,0.0,0,0.0,0.0,0.0,0.0,0,0.0,0.0,0.0,0.0,27,70059.3,2594.7888888888897,1413.8040609519066,3.1137466666666676,0,0.0,0.0,0.0,0.0
14,0034-9.jpg,0034,Anacardium L.,2250000,60,449333.33,19.970370222222222,0,0.0,0.0,0.0,0.0,0,0.0,0.0,0.0,0.0,0,0.0,0.0,0.0,0.0,9,106843.12,11871.457777777778,4081.023031388018,4.748583111111111,27,268063.2,9928.266666666665,5732.200752451016,11.91392,0,0.0,0.0,0.0,0.0,0,0.0,0.0,0.0,0.0,0,0.0,0.0,0.0,0.0,0,0.0,0.0,0.0,0.0,0,0.0,0.0,0.0,0.0,0,0.0,0.0,0.0,0.0,0,0.0,0.0,0.0,0.0,24,74427.01000000001,3101.1254166666663,1728.7836733580589,3.307867111111111,0,0.0,0.0,0.0,0.0
15,0070-1.jpg,0070,Bagassa guianensis Aubl.,2250000,50,680754.28,30.255745777777772,0,0.0,0.0,0.0,0.0,7,101315.60999999999,14473.65857142857,4561.911694649618,4.502916,0,0.0,0.0,0.0,0.0,32,456444.3900000001,14263.887187499999,8570.288271167123,20.286417333333336,0,0.0,0.0,0.0,0.0,0,0.0,0.0,0.0,0.0,1,2583.5,2583.5,0.0,0.11482222222222221,0,0.0,0.0,0.0,0.0,0,0.0,0.0,0.0,0.0,0,0.0,0.0,0.0,0.0,0,0.0,0.0,0.0,0.0,0,0.0,0.0,0.0,0.0,10,120410.78,12041.078,2570.5959524195077,5.351590222222222,0,0.0,0.0,0.0,0.0
16,0070-10.jpg,0070,Bagassa guianensis Aubl.,2250000,42,459296.09999999986,20.413159999999998,0,0.0,0.0,0.0,0.0,8,70189.11,8773.63875,2744.5342881726506,3.119516,0,0.0,0.0,0.0,0.0,22,273221.61,12419.164090909091,7436.641794319889,12.143182666666672,7,75932.26000000001,10847.465714285716,7205.514935049998,3.3747671111111117,0,0.0,0.0,0.0,0.0,0,0.0,0.0,0.0,0.0,0,0.0,0.0,0.0,0.0,0,0.0,0.0,0.0,0.0,0,0.0,0.0,0.0,0.0,0,0.0,0.0,0.0,0.0,0,0.0,0.0,0.0,0.0,5,39953.12,7990.624000000001,2359.2311223426163,1.775694222222222,0,0.0,0.0,0.0,0.0
17,0070-2.jpg,0070,Bagassa guianensis Aubl.,2250000,49,606936.6700000002,26.974963111111105,0,0.0,0.0,0.0,0.0,6,58036.549999999996,9672.758333333333,2983.2646619528523,2.5794022222222224,0,0.0,0.0,0.0,0.0,29,382245.89999999997,13180.893103448278,8362.289371096336,16.988706666666662,1,11399.39,11399.39,0.0,0.5066395555555555,0,0.0,0.0,0.0,0.0,0,0.0,0.0,0.0,0.0,0,0.0,0.0,0.0,0.0,0,0.0,0.0,0.0,0.0,0,0.0,0.0,0.0,0.0,0,0.0,0.0,0.0,0.0,3,72657.83,24219.27666666667,10491.465655638078,3.229236888888889,10,82597.00000000003,8259.7,4646.29796375327,3.670977777777778,0,0.0,0.0,0.0,0.0
18,0070-4.jpg,0070,Bagassa guianensis Aubl.,2250000,46,575368.1399999998,25.571917333333328,0,0.0,0.0,0.0,0.0,3,34800.05,11600.016666666668,1137.3373220524036,1.5466688888888889,0,0.0,0.0,0.0,0.0,32,438649.51,13707.7971875,8086.294193173005,19.495533777777773,1,13574.12,13574.12,0.0,0.6032942222222223,0,0.0,0.0,0.0,0.0,0,0.0,0.0,0.0,0.0,0,0.0,0.0,0.0,0.0,0,0.0,0.0,0.0,0.0,0,0.0,0.0,0.0,0.0,0,0.0,0.0,0.0,0.0,0,0.0,0.0,0.0,0.0,10,88344.46,8834.446,3456.10783862811,3.926420444444444,0,0.0,0.0,0.0,0.0
19,0070-8.jpg,0070,Bagassa guianensis Aubl.,2250000,35,463277.5800000001,20.590114666666665,0,0.0,0.0,0.0,0.0,3,30545.0,10181.666666666666,4383.122511707074,1.3575555555555554,0,0.0,0.0,0.0,0.0,20,313592.07,15679.603500000001,8100.900158983161,13.937425333333332,5,59341.19,11868.238000000001,7495.826422771542,2.637386222222222,0,0.0,0.0,0.0,0.0,0,0.0,0.0,0.0,0.0,0,0.0,0.0,0.0,0.0,0,0.0,0.0,0.0,0.0,0,0.0,0.0,0.0,0.0,0,0.0,0.0,0.0,0.0,0,0.0,0.0,0.0,0.0,7,59799.32,8542.76,3959.477479474617,2.6577475555555554,0,0.0,0.0,0.0,0.0
20,0070-9.jpg,0070,Bagassa guianensis Aubl.,2250000,39,488709.2200000001,21.720409777777775,0,0.0,0.0,0.0,0.0,4,30223.13,7555.7825,3030.6421049713213,1.3432502222222222,0,0.0,0.0,0.0,0.0,24,353109.61000000004,14712.900416666665,8272.80995425348,15.693760444444445,2,30420.54,15210.27,6189.0086708777535,1.3520240000000001,0,0.0,0.0,0.0,0.0,0,0.0,0.0,0.0,0.0,0,0.0,0.0,0.0,0.0,0,0.0,0.0,0.0,0.0,0,0.0,0.0,0.0,0.0,0,0.0,0.0,0.0,0.0,0,0.0,0.0,0.0,0.0,9,74955.93999999999,8328.437777777777,2072.94954816668,3.331375111111111,0,0.0,0.0,0.0,0.0
21,0115-10.jpg,0115,Carapa guianensis Aubl.,2250000,94,614333.1400000002,27.30369511111111,0,0.0,0.0,0.0,0.0,0,0.0,0.0,0.0,0.0,7,10267.500000000002,1466.7857142857144,598.0319420359067,0.4563333333333333,67,511999.3400000001,7641.781194029852,3391.5923326404995,22.755526222222226,1,6825.69,6825.69,0.0,0.30336399999999997,0,0.0,0.0,0.0,0.0,0,0.0,0.0,0.0,0.0,0,0.0,0.0,0.0,0.0,0,0.0,0.0,0.0,0.0,0,0.0,0.0,0.0,0.0,0,0.0,0.0,0.0,0.0,0,0.0,0.0,0.0,0.0,19,85240.60999999999,4486.347894736841,1450.808535838547,3.7884715555555557,0,0.0,0.0,0.0,0.0
22,0115-3.jpg,0115,Carapa guianensis Aubl.,2250000,101,591300.46,26.280020444444446,0,0.0,0.0,0.0,0.0,0,0.0,0.0,0.0,0.0,10,20471.700000000004,2047.1700000000005,1320.5309714993016,0.9098533333333333,60,442534.39999999997,7375.573333333334,4471.396180963444,19.66819555555556,0,0.0,0.0,0.0,0.0,0,0.0,0.0,0.0,0.0,0,0.0,0.0,0.0,0.0,0,0.0,0.0,0.0,0.0,0,0.0,0.0,0.0,0.0,0,0.0,0.0,0.0,0.0,3,16630.77,5543.59,2933.760449951563,0.7391453333333333,0,0.0,0.0,0.0,0.0,28,111663.58999999997,3987.9853571428566,1391.4294193155847,4.962826222222223,0,0.0,0.0,0.0,0.0
23,0115-5.jpg,0115,Carapa guianensis Aubl.,2250000,71,453255.76,20.144700444444446,0,0.0,0.0,0.0,0.0,0,0.0,0.0,0.0,0.0,5,8649.59,1729.9180000000001,673.0427695696612,0.3844262222222222,47,364055.16000000003,7745.8544680851055,4385.406987105227,16.180229333333333,0,0.0,0.0,0.0,0.0,0,0.0,0.0,0.0,0.0,1,10295.39,10295.39,0.0,0.4575728888888889,0,0.0,0.0,0.0,0.0,0,0.0,0.0,0.0,0.0,0,0.0,0.0,0.0,0.0,2,11689.060000000001,5844.530000000001,3780.320131443897,0.5195137777777779,0,0.0,0.0,0.0,0.0,16,58566.56000000001,3660.41,1851.3265152281124,2.6029582222222225,0,0.0,0.0,0.0,0.0
24,0115-6.jpg,0115,Carapa guianensis Aubl.,2250000,86,539034.9199999999,23.957107555555545,0,0.0,0.0,0.0,0.0,0,0.0,0.0,0.0,0.0,9,16489.14,1832.1266666666666,634.635729178558,0.7328506666666667,54,439196.67000000004,8133.271666666667,4244.889277747851,19.519851999999993,0,0.0,0.0,0.0,0.0,0,0.0,0.0,0.0,0.0,0,0.0,0.0,0.0,0.0,0,0.0,0.0,0.0,0.0,0,0.0,0.0,0.0,0.0,0,0.0,0.0,0.0,0.0,0,0.0,0.0,0.0,0.0,1,11034.61,11034.61,0.0,0.49042711111111115,22,72314.5,3287.0227272727266,1523.539831877072,3.213977777777778,0,0.0,0.0,0.0,0.0
25,0115-7.jpg,0115,Carapa guianensis Aubl.,2250000,120,556424.2899999998,24.729968444444445,0,0.0,0.0,0.0,0.0,0,0.0,0.0,0.0,0.0,3,4392.38,1464.1266666666668,298.69633314343406,0.19521688888888888,66,328787.33999999985,4981.626363636363,3790.6553923926936,14.612770666666664,0,0.0,0.0,0.0,0.0,0,0.0,0.0,0.0,0.0,0,0.0,0.0,0.0,0.0,0,0.0,0.0,0.0,0.0,0,0.0,0.0,0.0,0.0,0,0.0,0.0,0.0,0.0,2,49478.17,24739.085,61.45465035292274,2.1990297777777776,0,0.0,0.0,0.0,0.0,49,173766.40000000002,3546.2530612244896,1246.2712133336722,7.722951111111111,0,0.0,0.0,0.0,0.0
26,0115-8.jpg,0115,Carapa guianensis Aubl.,2250000,113,581642.36,25.85077155555555,0,0.0,0.0,0.0,0.0,0,0.0,0.0,0.0,0.0,6,7415.77,1235.9616666666668,385.22046069318117,0.32958977777777776,61,394435.9799999999,6466.1636065573775,4095.0438328455994,17.530488,0,0.0,0.0,0.0,0.0,0,0.0,0.0,0.0,0.0,0,0.0,0.0,0.0,0.0,0,0.0,0.0,0.0,0.0,0,0.0,0.0,0.0,0.0,0,0.0,0.0,0.0,0.0,0,0.0,0.0,0.0,0.0,2,29328.35,14664.175,4955.453820030008,1.3034822222222222,44,150462.26,3419.5968181818175,1246.533706136271,6.687211555555555,0,0.0,0.0,0.0,0.0
27,0115-9.jpg,0115,Carapa guianensis Aubl.,2250000,102,588206.35,26.14250444444444,0,0.0,0.0,0.0,0.0,0,0.0,0.0,0.0,0.0,7,8536.93,1219.5614285714287,696.6982283224345,0.37941911111111104,68,470200.91,6914.719264705882,4029.9617541432895,20.897818222222224,0,0.0,0.0,0.0,0.0,0,0.0,0.0,0.0,0.0,0,0.0,0.0,0.0,0.0,0,0.0,0.0,0.0,0.0,0,0.0,0.0,0.0,0.0,0,0.0,0.0,0.0,0.0,2,11531.36,5765.68,115.31497387590211,0.5125048888888889,1,14398.1,14398.1,0.0,0.6399155555555556,24,83539.04999999999,3480.7937499999994,1456.05749829078,3.7128466666666666,0,0.0,0.0,0.0,0.0
28,0130-3.jpg,0130,Castanea sativa Mill.,2250000,46,588652.64,26.16233955555556,24,524900.81,21870.867083333334,11910.634492591058,23.328924888888885,13,29503.230000000003,2269.479230769231,1101.6546876741181,1.3112546666666667,0,0.0,0.0,0.0,0.0,0,0.0,0.0,0.0,0.0,0,0.0,0.0,0.0,0.0,0,0.0,0.0,0.0,0.0,0,0.0,0.0,0.0,0.0,0,0.0,0.0,0.0,0.0,0,0.0,0.0,0.0,0.0,0,0.0,0.0,0.0,0.0,0,0.0,0.0,0.0,0.0,0,0.0,0.0,0.0,0.0,9,34248.6,3805.3999999999996,1169.071436867739,1.5221600000000002,0,0.0,0.0,0.0,0.0
29,0130-4.jpg,0130,Castanea sativa Mill.,2250000,51,329653.13999999996,14.651250666666664,20,253694.05000000005,12684.7025,8651.902168316803,11.275291111111112,21,44453.86000000001,2116.850476190476,1449.2524006068652,1.975727111111111,0,0.0,0.0,0.0,0.0,0,0.0,0.0,0.0,0.0,0,0.0,0.0,0.0,0.0,0,0.0,0.0,0.0,0.0,0,0.0,0.0,0.0,0.0,0,0.0,0.0,0.0,0.0,0,0.0,0.0,0.0,0.0,1,1499.89,1499.89,0.0,0.06666177777777778,0,0.0,0.0,0.0,0.0,0,0.0,0.0,0.0,0.0,9,30005.34,3333.9266666666667,1877.3636305934447,1.3335706666666667,0,0.0,0.0,0.0,0.0
30,0130-5.jpg,0130,Castanea sativa Mill.,2250000,23,157870.52000000002,7.016467555555557,9,134963.4,14995.933333333332,9761.688929019916,5.998373333333333,10,8544.43,854.443,321.9439172019458,0.3797524444444444,0,0.0,0.0,0.0,0.0,0,0.0,0.0,0.0,0.0,0,0.0,0.0,0.0,0.0,0,0.0,0.0,0.0,0.0,0,0.0,0.0,0.0,0.0,0,0.0,0.0,0.0,0.0,0,0.0,0.0,0.0,0.0,0,0.0,0.0,0.0,0.0,0,0.0,0.0,0.0,0.0,0,0.0,0.0,0.0,0.0,4,14362.690000000002,3590.6725000000006,933.8225380436764,0.6383417777777778,0,0.0,0.0,0.0,0.0
31,0130-6.jpg,0130,Castanea sativa Mill.,2250000,28,207349.77,9.215545333333335,12,176402.44999999998,14700.204166666665,11699.739703538444,7.840108888888889,10,11933.680000000002,1193.3680000000002,398.6434213067,0.5303857777777778,0,0.0,0.0,0.0,0.0,0,0.0,0.0,0.0,0.0,0,0.0,0.0,0.0,0.0,0,0.0,0.0,0.0,0.0,0,0.0,0.0,0.0,0.0,0,0.0,0.0,0.0,0.0,0,0.0,0.0,0.0,0.0,0,0.0,0.0,0.0,0.0,0,0.0,0.0,0.0,0.0,0,0.0,0.0,0.0,0.0,6,19013.64,3168.94,1625.2863271682313,0.8450506666666666,0,0.0,0.0,0.0,0.0
32,0130-7.jpg,0130,Castanea sativa Mill.,2250000,34,354187.84,15.741681777777776,16,312038.54,19502.408750000002,10861.972437877555,13.868379555555556,11,17026.659999999996,1547.8781818181815,470.56107229175217,0.7567404444444445,0,0.0,0.0,0.0,0.0,0,0.0,0.0,0.0,0.0,0,0.0,0.0,0.0,0.0,0,0.0,0.0,0.0,0.0,0,0.0,0.0,0.0,0.0,0,0.0,0.0,0.0,0.0,0,0.0,0.0,0.0,0.0,0,0.0,0.0,0.0,0.0,0,0.0,0.0,0.0,0.0,0,0.0,0.0,0.0,0.0,7,25122.640000000003,3588.948571428572,1989.6163252783904,1.1165617777777777,0,0.0,0.0,0.0,0.0
33,0130-8.jpg,0130,Castanea sativa Mill.,2250000,48,233840.32999999996,10.39290355555556,11,167957.78,15268.889090909091,7381.267580239121,7.464790222222221,25,38528.310000000005,1541.1324,556.9087676651656,1.7123693333333334,0,0.0,0.0,0.0,0.0,0,0.0,0.0,0.0,0.0,0,0.0,0.0,0.0,0.0,0,0.0,0.0,0.0,0.0,0,0.0,0.0,0.0,0.0,0,0.0,0.0,0.0,0.0,0,0.0,0.0,0.0,0.0,0,0.0,0.0,0.0,0.0,0,0.0,0.0,0.0,0.0,0,0.0,0.0,0.0,0.0,12,27354.24,2279.52,997.1704463950164,1.215744,0,0.0,0.0,0.0,0.0
34,0130-9.jpg,0130,Castanea sativa Mill.,2250000,28,131796.24999999997,5.857611111111113,5,91321.70999999999,18264.341999999997,5669.008651706223,4.058742666666666,16,24219.279999999995,1513.705,715.7215410199697,1.0764124444444447,0,0.0,0.0,0.0,0.0,0,0.0,0.0,0.0,0.0,0,0.0,0.0,0.0,0.0,0,0.0,0.0,0.0,0.0,0,0.0,0.0,0.0,0.0,0,0.0,0.0,0.0,0.0,0,0.0,0.0,0.0,0.0,0,0.0,0.0,0.0,0.0,0,0.0,0.0,0.0,0.0,0,0.0,0.0,0.0,0.0,7,16255.259999999998,2322.18,1233.492831056049,0.722456,0,0.0,0.0,0.0,0.0
35,0257-1.jpg,0257,Entandrophragma candollei Harms,2250000,70,1506647.2499999995,66.96209999999999,0,0.0,0.0,0.0,0.0,0,0.0,0.0,0.0,0.0,6,13420.71,2236.785,694.3223248247172,0.596476,17,168821.44,9930.67294117647,4403.402675137667,7.503175111111111,0,0.0,0.0,0.0,0.0,0,0.0,0.0,0.0,0.0,0,0.0,0.0,0.0,0.0,0,0.0,0.0,0.0,0.0,21,1216883.9299999997,57946.853809523804,29192.964863990514,54.08373022222222,0,0.0,0.0,0.0,0.0,0,0.0,0.0,0.0,0.0,0,0.0,0.0,0.0,0.0,26,107521.16999999998,4135.429615384615,1804.240112061542,4.778718666666667,0,0.0,0.0,0.0,0.0
36,0257-10.jpg,0257,Entandrophragma candollei Harms,2250000,87,1309996.2700000005,58.22205644444445,0,0.0,0.0,0.0,0.0,0,0.0,0.0,0.0,0.0,14,34138.09,2438.4350000000004,1242.8668892013645,1.5172484444444445,21,149173.73999999996,7103.511428571428,4064.512940584992,6.629944,0,0.0,0.0,0.0,0.0,0,0.0,0.0,0.0,0.0,0,0.0,0.0,0.0,0.0,0,0.0,0.0,0.0,0.0,21,1000639.9199999998,47649.51999999999,38055.56723143527,44.472885333333345,0,0.0,0.0,0.0,0.0,0,0.0,0.0,0.0,0.0,0,0.0,0.0,0.0,0.0,31,126044.52,4065.9522580645166,1744.9221505780893,5.601978666666668,0,0.0,0.0,0.0,0.0
37,0257-11.jpg,0257,Entandrophragma candollei Harms,2250000,76,1410329.09,62.6812928888889,0,0.0,0.0,0.0,0.0,0,0.0,0.0,0.0,0.0,11,40151.579999999994,3650.143636363636,1700.3576361711246,1.7845146666666665,23,171664.59,7463.677826086956,3798.2601781604703,7.629537333333334,0,0.0,0.0,0.0,0.0,0,0.0,0.0,0.0,0.0,0,0.0,0.0,0.0,0.0,0,0.0,0.0,0.0,0.0,19,1088750.4799999997,57302.656842105265,43592.03987226415,48.38891022222223,0,0.0,0.0,0.0,0.0,0,0.0,0.0,0.0,0.0,0,0.0,0.0,0.0,0.0,23,109762.44000000003,4772.28,1844.8085716409712,4.878330666666666,0,0.0,0.0,0.0,0.0
38,0257-2.jpg,0257,Entandrophragma candollei Harms,2250000,78,1174342.9800000002,52.19302133333333,0,0.0,0.0,0.0,0.0,0,0.0,0.0,0.0,0.0,7,22917.879999999997,3273.9828571428566,1204.5571399164962,1.0185724444444444,22,198383.69,9017.440454545454,4300.920350316483,8.81705288888889,0,0.0,0.0,0.0,0.0,0,0.0,0.0,0.0,0.0,0,0.0,0.0,0.0,0.0,0,0.0,0.0,0.0,0.0,20,833138.0999999997,41656.90499999999,31805.94699413758,37.02836,0,0.0,0.0,0.0,0.0,0,0.0,0.0,0.0,0.0,0,0.0,0.0,0.0,0.0,29,119903.30999999998,4134.596896551725,1691.0146290807256,5.329036,0,0.0,0.0,0.0,0.0
39,0257-4.jpg,0257,Entandrophragma candollei Harms,2250000,72,1309829.95,58.214664444444466,0,0.0,0.0,0.0,0.0,0,0.0,0.0,0.0,0.0,3,6699.09,2233.03,1503.6626850460843,0.2977373333333333,16,151464.34000000003,9466.52125,3611.2335285547974,6.731748444444444,0,0.0,0.0,0.0,0.0,1,28880.95,28880.95,0.0,1.2835977777777778,0,0.0,0.0,0.0,0.0,0,0.0,0.0,0.0,0.0,22,1010855.9299999999,45947.99681818182,27088.93019326378,44.926930222222225,0,0.0,0.0,0.0,0.0,0,0.0,0.0,0.0,0.0,0,0.0,0.0,0.0,0.0,30,111929.64,3730.988,2149.195759262135,4.974650666666666,0,0.0,0.0,0.0,0.0
40,0257-6.jpg,0257,Entandrophragma candollei Harms,2250000,68,1526602.89,67.84901733333332,0,0.0,0.0,0.0,0.0,0,0.0,0.0,0.0,0.0,4,12162.21,3040.5525,1618.5139115121417,0.5405426666666667,17,120128.63000000002,7066.389999999999,3731.1264741713726,5.339050222222221,0,0.0,0.0,0.0,0.0,0,0.0,0.0,0.0,0.0,0,0.0,0.0,0.0,0.0,0,0.0,0.0,0.0,0.0,23,1284568.92,55850.82260869564,48507.490033188515,57.09195200000001,0,0.0,0.0,0.0,0.0,0,0.0,0.0,0.0,0.0,0,0.0,0.0,0.0,0.0,24,109743.12999999999,4572.630416666667,1409.2239836179933,4.877472444444444,0,0.0,0.0,0.0,0.0
41,0257-7.jpg,0257,Entandrophragma candollei Harms,2250000,60,1473914.6200000003,65.50731644444443,0,0.0,0.0,0.0,0.0,0,0.0,0.0,0.0,0.0,4,7384.650000000001,1846.1625000000001,645.2792345114374,0.32820666666666665,20,154206.63000000003,7710.3315,4656.515648868883,6.853628,0,0.0,0.0,0.0,0.0,0,0.0,0.0,0.0,0.0,0,0.0,0.0,0.0,0.0,0,0.0,0.0,0.0,0.0,15,1216645.7200000002,81109.71466666668,42821.26219798272,54.0731431111111,0,0.0,0.0,0.0,0.0,0,0.0,0.0,0.0,0.0,0,0.0,0.0,0.0,0.0,21,95677.62000000001,4556.077142857143,1831.3860904712117,4.252338666666667,0,0.0,0.0,0.0,0.0
42,0257-8.jpg,0257,Entandrophragma candollei Harms,2250000,64,1409397.8499999996,62.63990444444444,0,0.0,0.0,0.0,0.0,0,0.0,0.0,0.0,0.0,5,13653.52,2730.704,936.9314043621337,0.6068231111111112,18,125175.49,6954.193888888889,3752.7796330361643,5.563355111111111,0,0.0,0.0,0.0,0.0,0,0.0,0.0,0.0,0.0,0,0.0,0.0,0.0,0.0,0,0.0,0.0,0.0,0.0,20,1193762.19,59688.1095,40246.30337367141,53.056097333333334,0,0.0,0.0,0.0,0.0,0,0.0,0.0,0.0,0.0,0,0.0,0.0,0.0,0.0,21,76806.65,3657.4595238095235,2051.344284235282,3.413628888888889,0,0.0,0.0,0.0,0.0
43,0257-9.jpg,0257,Entandrophragma candollei Harms,2250000,69,1239830.7299999997,55.103588,0,0.0,0.0,0.0,0.0,0,0.0,0.0,0.0,0.0,9,25779.239999999998,2864.36,1346.1017989178974,1.145744,17,128452.06000000001,7556.003529411764,3378.157898278182,5.708980444444444,0,0.0,0.0,0.0,0.0,0,0.0,0.0,0.0,0.0,0,0.0,0.0,0.0,0.0,0,0.0,0.0,0.0,0.0,18,991638.43,55091.02388888889,38578.37518489816,44.07281911111112,0,0.0,0.0,0.0,0.0,0,0.0,0.0,0.0,0.0,0,0.0,0.0,0.0,0.0,25,93961.00000000001,3758.44,1659.0123968619603,4.176044444444445,0,0.0,0.0,0.0,0.0
44,0294-11.jpg,0294,Fraxinus excelsior L.,2250000,197,787385.0100000002,34.99488933333334,0,0.0,0.0,0.0,0.0,6,19835.48,3305.9133333333334,1657.0981918361585,0.881576888888889,0,0.0,0.0,0.0,0.0,89,257463.13,2892.844157303371,1354.933638906524,11.442805777777778,0,0.0,0.0,0.0,0.0,0,0.0,0.0,0.0,0.0,28,102305.88000000002,3653.7814285714294,1678.882652707105,4.546928,0,0.0,0.0,0.0,0.0,0,0.0,0.0,0.0,0.0,0,0.0,0.0,0.0,0.0,6,197330.13,32888.355,2750.3646018791756,8.770228,0,0.0,0.0,0.0,0.0,68,210450.38999999996,3094.8586764705883,2511.925370293095,9.353350666666667,0,0.0,0.0,0.0,0.0
45,0294-12.jpg,0294,Fraxinus excelsior L.,2250000,208,806651.8700000003,35.851194222222226,0,0.0,0.0,0.0,0.0,7,17492.300000000003,2498.9000000000005,1055.8523281374783,0.7774355555555557,0,0.0,0.0,0.0,0.0,96,272757.07000000007,2841.2194791666666,1511.979280294799,12.122536444444442,0,0.0,0.0,0.0,0.0,0,0.0,0.0,0.0,0.0,27,102801.57999999999,3807.465925925926,1766.3245895040384,4.568959111111112,0,0.0,0.0,0.0,0.0,0,0.0,0.0,0.0,0.0,0,0.0,0.0,0.0,0.0,9,189222.35,21024.705555555556,10365.460089847811,8.409882222222222,0,0.0,0.0,0.0,0.0,69,224378.56999999998,3251.863333333333,2400.085346651403,9.972380888888889,0,0.0,0.0,0.0,0.0
46,0294-2.jpg,0294,Fraxinus excelsior L.,2250000,161,865372.8600000003,38.461015999999994,0,0.0,0.0,0.0,0.0,4,11402.6,2850.65,916.2250220333432,0.5067822222222222,0,0.0,0.0,0.0,0.0,39,94230.27999999998,2416.1610256410254,1228.4958102102685,4.188012444444444,0,0.0,0.0,0.0,0.0,0,0.0,0.0,0.0,0.0,7,27780.179999999997,3968.5971428571424,1016.45499501477,1.2346746666666668,0,0.0,0.0,0.0,0.0,0,0.0,0.0,0.0,0.0,0,0.0,0.0,0.0,0.0,7,272242.06,38891.72285714286,5518.84219658349,12.09964711111111,0,0.0,0.0,0.0,0.0,104,459717.74,4420.362884615384,2949.0379095617564,20.431899555555553,0,0.0,0.0,0.0,0.0
47,0294-3.jpg,0294,Fraxinus excelsior L.,2250000,151,815834.6300000001,36.25931688888889,0,0.0,0.0,0.0,0.0,6,20746.35,3457.725,1333.8052434407355,0.92206,0,0.0,0.0,0.0,0.0,40,104924.81,2623.12025,1227.893835965675,4.663324888888888,0,0.0,0.0,0.0,0.0,0,0.0,0.0,0.0,0.0,9,29688.84999999999,3298.761111111111,1384.8425539880377,1.3195044444444446,0,0.0,0.0,0.0,0.0,0,0.0,0.0,0.0,0.0,0,0.0,0.0,0.0,0.0,6,267186.64999999997,44531.10833333333,4300.21465328147,11.874962222222221,0,0.0,0.0,0.0,0.0,90,393287.9700000001,4369.866333333333,2777.25888051043,17.47946533333334,0,0.0,0.0,0.0,0.0
48,0294-4.jpg,0294,Fraxinus excelsior L.,2250000,172,844532.1400000004,37.53476177777779,0,0.0,0.0,0.0,0.0,5,13636.359999999999,2727.272,1516.046490471186,0.6060604444444445,0,0.0,0.0,0.0,0.0,54,141573.41,2621.7298148148147,1303.0878924591195,6.292151555555556,0,0.0,0.0,0.0,0.0,0,0.0,0.0,0.0,0.0,14,60607.21000000001,4329.086428571429,1944.3324150764533,2.693653777777778,0,0.0,0.0,0.0,0.0,0,0.0,0.0,0.0,0.0,0,0.0,0.0,0.0,0.0,6,243806.36000000004,40634.39333333334,4861.461517439654,10.835838222222222,0,0.0,0.0,0.0,0.0,93,384908.80000000005,4138.804301075269,2808.7512344655474,17.10705777777778,0,0.0,0.0,0.0,0.0
49,0294-5.jpg,0294,Fraxinus excelsior L.,2250000,163,825861.8099999999,36.70496933333333,0,0.0,0.0,0.0,0.0,5,18330.21,3666.042,835.6292919530766,0.814676,0,0.0,0.0,0.0,0.0,46,126709.68000000001,2754.558260869566,1217.322126411182,5.631541333333332,0,0.0,0.0,0.0,0.0,0,0.0,0.0,0.0,0.0,9,39131.30000000001,4347.922222222222,1828.1191204061197,1.739168888888889,0,0.0,0.0,0.0,0.0,0,0.0,0.0,0.0,0.0,0,0.0,0.0,0.0,0.0,7,267296.08,38185.154285714285,3879.824070469591,11.879825777777778,0,0.0,0.0,0.0,0.0,96,374394.54,3899.943125,2733.2642400799095,16.639757333333332,0,0.0,0.0,0.0,0.0
50,0294-8.jpg,0294,Fraxinus excelsior L.,2250000,150,753057.0099999999,33.469200444444446,0,0.0,0.0,0.0,0.0,9,20436.29,2270.6988888888886,1406.4506411215116,0.9082795555555556,0,0.0,0.0,0.0,0.0,43,117269.4,2727.195348837209,1166.8596173844621,5.211973333333333,0,0.0,0.0,0.0,0.0,0,0.0,0.0,0.0,0.0,3,9145.26,3048.42,2176.854633984548,0.406456,0,0.0,0.0,0.0,0.0,0,0.0,0.0,0.0,0.0,0,0.0,0.0,0.0,0.0,7,261471.39,37353.055714285714,11378.840033560622,11.620950666666666,0,0.0,0.0,0.0,0.0,88,344734.67000000004,3917.439431818182,2662.2002715847866,15.321540888888885,0,0.0,0.0,0.0,0.0
51,0294-9.jpg,0294,Fraxinus excelsior L.,2250000,157,761333.2600000001,33.83703377777779,0,0.0,0.0,0.0,0.0,6,15963.439999999999,2660.5733333333333,1601.2525256893948,0.7094862222222222,0,0.0,0.0,0.0,0.0,44,105319.62999999996,2393.6279545454545,1084.006364247128,4.680872444444444,0,0.0,0.0,0.0,0.0,0,0.0,0.0,0.0,0.0,17,80193.75000000001,4717.279411764706,1657.3088527280854,3.5641666666666665,0,0.0,0.0,0.0,0.0,0,0.0,0.0,0.0,0.0,0,0.0,0.0,0.0,0.0,5,183715.23,36743.046,7519.26421416218,8.165121333333333,0,0.0,0.0,0.0,0.0,85,376141.21,4425.1907058823535,2764.438148814928,16.71738711111111,0,0.0,0.0,0.0,0.0
52,0301-11.jpg,0301,Gilbertiodendron dewevrei (De Wild.) J.Léonard,2250000,56,1108290.9200000002,49.25737422222223,0,0.0,0.0,0.0,0.0,0,0.0,0.0,0.0,0.0,2,17297.03,8648.515,1634.1167002542993,0.7687568888888889,0,0.0,0.0,0.0,0.0,33,664691.1000000002,20142.154545454545,12173.248542573047,29.54182666666667,0,0.0,0.0,0.0,0.0,6,211052.30000000002,35175.38333333334,6439.625469636155,9.380102222222222,0,0.0,0.0,0.0,0.0,0,0.0,0.0,0.0,0.0,0,0.0,0.0,0.0,0.0,5,168433.07,33686.614,11702.783161078822,7.485914222222222,0,0.0,0.0,0.0,0.0,10,46817.42,4681.742,2270.012838269129,2.0807742222222223,0,0.0,0.0,0.0,0.0
53,0301-12.jpg,0301,Gilbertiodendron dewevrei (De Wild.) J.Léonard,2250000,46,822388.88,36.55061688888888,0,0.0,0.0,0.0,0.0,0,0.0,0.0,0.0,0.0,1,4424.57,4424.57,0.0,0.19664755555555558,0,0.0,0.0,0.0,0.0,33,666979.5500000002,20211.501515151518,11989.982732537377,29.643535555555548,0,0.0,0.0,0.0,0.0,4,93909.5,23477.375,23305.13199271139,4.173755555555556,0,0.0,0.0,0.0,0.0,0,0.0,0.0,0.0,0.0,0,0.0,0.0,0.0,0.0,2,28853.059999999998,14426.529999999999,20318.74164166669,1.282358222222222,0,0.0,0.0,0.0,0.0,6,28222.199999999997,4703.7,2587.6104662255484,1.2543199999999999,0,0.0,0.0,0.0,0.0
54,0301-13.jpg,0301,Gilbertiodendron dewevrei (De Wild.) J.Léonard,2250000,53,878846.1800000003,39.05983022222222,0,0.0,0.0,0.0,0.0,0,0.0,0.0,0.0,0.0,3,13637.42,4545.806666666666,1152.448510621335,0.6061075555555555,0,0.0,0.0,0.0,0.0,30,624845.2799999999,20828.176,9424.64908509105,27.770901333333338,0,0.0,0.0,0.0,0.0,3,138739.95,46246.65,22090.034653297855,6.16622,0,0.0,0.0,0.0,0.0,0,0.0,0.0,0.0,0.0,0,0.0,0.0,0.0,0.0,5,43411.020000000004,8682.204000000002,6663.729889433545,1.9293786666666666,0,0.0,0.0,0.0,0.0,12,58212.509999999995,4851.0425,1799.2244462753947,2.5872226666666664,0,0.0,0.0,0.0,0.0
55,0301-14.jpg,0301,Gilbertiodendron dewevrei (De Wild.) J.Léonard,2250000,52,937648.7699999998,41.67327866666666,0,0.0,0.0,0.0,0.0,0,0.0,0.0,0.0,0.0,5,45603.99,9120.797999999999,2373.807026301843,2.026844,0,0.0,0.0,0.0,0.0,32,670667.0599999998,20958.345625,12182.676265828997,29.80742488888889,0,0.0,0.0,0.0,0.0,3,114456.29,38152.096666666665,23431.629929070947,5.086946222222222,0,0.0,0.0,0.0,0.0,0,0.0,0.0,0.0,0.0,0,0.0,0.0,0.0,0.0,3,61100.72,20366.906666666666,1991.2762129933994,2.7155875555555555,0,0.0,0.0,0.0,0.0,9,45820.71,5091.1900000000005,1481.694840334878,2.036476,0,0.0,0.0,0.0,0.0
56,0301-3.jpg,0301,Gilbertiodendron dewevrei (De Wild.) J.Léonard,2250000,48,1068689.73,47.49732133333332,0,0.0,0.0,0.0,0.0,0,0.0,0.0,0.0,0.0,4,32712.22,8178.055,2450.2658930069883,1.4538764444444445,0,0.0,0.0,0.0,0.0,27,604595.6799999999,22392.432592592584,10930.328881367235,26.87091911111111,0,0.0,0.0,0.0,0.0,4,367120.39,91780.0975,26480.134017497436,16.31646177777778,0,0.0,0.0,0.0,0.0,0,0.0,0.0,0.0,0.0,0,0.0,0.0,0.0,0.0,4,22490.870000000003,5622.717500000001,5683.95871358085,0.9995942222222222,0,0.0,0.0,0.0,0.0,9,41770.57,4641.174444444445,1913.6441104546523,1.8564697777777777,0,0.0,0.0,0.0,0.0
57,0301-4.jpg,0301,Gilbertiodendron dewevrei (De Wild.) J.Léonard,2250000,56,1138978.62,50.62127199999999,0,0.0,0.0,0.0,0.0,0,0.0,0.0,0.0,0.0,3,20641.21,6880.403333333333,872.8601102887756,0.9173871111111112,0,0.0,0.0,0.0,0.0,30,505253.08999999997,16841.769666666667,11749.478434282324,22.45569288888889,0,0.0,0.0,0.0,0.0,6,450204.48000000004,75034.08,28352.929083503874,20.009088,0,0.0,0.0,0.0,0.0,0,0.0,0.0,0.0,0.0,0,0.0,0.0,0.0,0.0,8,121236.93000000001,15154.616250000001,6743.602483384715,5.388308,0,0.0,0.0,0.0,0.0,9,41642.909999999996,4626.99,1905.2418448585468,1.850796,0,0.0,0.0,0.0,0.0
58,0301-5.jpg,0301,Gilbertiodendron dewevrei (De Wild.) J.Léonard,2250000,51,993185.51,44.14157822222223,0,0.0,0.0,0.0,0.0,0,0.0,0.0,0.0,0.0,3,25028.23,8342.743333333334,1928.466302903251,1.1123657777777778,0,0.0,0.0,0.0,0.0,26,531563.3899999999,20444.74576923077,10186.716967861303,23.625039555555553,0,0.0,0.0,0.0,0.0,7,376114.37,53730.624285714286,11910.385177444736,16.716194222222224,0,0.0,0.0,0.0,0.0,0,0.0,0.0,0.0,0.0,0,0.0,0.0,0.0,0.0,5,20459.89,4091.978,603.1690437762867,0.9093284444444444,0,0.0,0.0,0.0,0.0,10,40019.630000000005,4001.9630000000006,1698.9775337410047,1.7786502222222222,0,0.0,0.0,0.0,0.0
59,0301-6.jpg,0301,Gilbertiodendron dewevrei (De Wild.) J.Léonard,2250000,46,893867.59,39.72744844444443,0,0.0,0.0,0.0,0.0,0,0.0,0.0,0.0,0.0,3,25269.629999999997,8423.21,2299.8360650924665,1.1230946666666668,0,0.0,0.0,0.0,0.0,24,458828.31,19117.84625,11831.8494266545,20.39236933333333,0,0.0,0.0,0.0,0.0,7,338614.93000000005,48373.56142857143,33879.75228233545,15.049552444444446,0,0.0,0.0,0.0,0.0,0,0.0,0.0,0.0,0.0,0,0.0,0.0,0.0,0.0,4,27743.699999999997,6935.924999999999,6051.5620515285145,1.2330533333333333,0,0.0,0.0,0.0,0.0,8,43411.02,5426.3775,1207.8045485301004,1.9293786666666668,0,0.0,0.0,0.0,0.0
60,0301-7.jpg,0301,Gilbertiodendron dewevrei (De Wild.) J.Léonard,2250000,48,920424.6900000002,40.90776399999999,0,0.0,0.0,0.0,0.0,0,0.0,0.0,0.0,0.0,3,20541.43,6847.143333333333,3899.1857810616475,0.9129524444444443,0,0.0,0.0,0.0,0.0,26,525414.7099999998,20208.25807692308,9772.56163961692,23.35176488888889,0,0.0,0.0,0.0,0.0,6,304409.26,50734.87666666667,45298.11801267495,13.529300444444443,0,0.0,0.0,0.0,0.0,0,0.0,0.0,0.0,0.0,0,0.0,0.0,0.0,0.0,2,10416.630000000001,5208.3150000000005,5309.742601675716,0.46296133333333334,0,0.0,0.0,0.0,0.0,11,59642.66,5422.06,1244.6913023958991,2.650784888888889,0,0.0,0.0,0.0,0.0
61,0301-9.jpg,0301,Gilbertiodendron dewevrei (De Wild.) J.Léonard,2250000,45,968728.0499999997,43.05458,0,0.0,0.0,0.0,0.0,0,0.0,0.0,0.0,0.0,2,17411.83,8705.915,141.86683350945646,0.773859111111111,0,0.0,0.0,0.0,0.0,24,527677.4099999999,21986.558749999997,10740.511488827187,23.452329333333335,0,0.0,0.0,0.0,0.0,6,195133.91999999998,32522.319999999996,23740.700684025313,8.672618666666667,0,0.0,0.0,0.0,0.0,0,0.0,0.0,0.0,0.0,0,0.0,0.0,0.0,0.0,6,194274.53999999998,32379.089999999997,7342.8921057251,8.634424,0,0.0,0.0,0.0,0.0,7,34230.350000000006,4890.050000000001,2318.299660742761,1.521348888888889,0,0.0,0.0,0.0,0.0
62,0318-13.png,0318,Leplaea cedrata (A.Chev.) E.J.M.Koenen & J.J.de Wilde,2250000,81,568173.41,25.252151555555553,0,0.0,0.0,0.0,0.0,0,0.0,0.0,0.0,0.0,22,62884.94,2858.406363636364,978.8754078097572,2.7948862222222224,0,0.0,0.0,0.0,0.0,0,0.0,0.0,0.0,0.0,0,0.0,0.0,0.0,0.0,0,0.0,0.0,0.0,0.0,0,0.0,0.0,0.0,0.0,11,400218.83999999997,36383.53090909091,16896.6493307528,17.787504,0,0.0,0.0,0.0,0.0,0,0.0,0.0,0.0,0.0,0,0.0,0.0,0.0,0.0,48,105069.63,2188.950625,601.7302635623665,4.669761333333332,0,0.0,0.0,0.0,0.0
63,0318-14.png,0318,Leplaea cedrata (A.Chev.) E.J.M.Koenen & J.J.de Wilde,2250000,65,359258.31000000006,15.967036,0,0.0,0.0,0.0,0.0,0,0.0,0.0,0.0,0.0,21,65375.100000000006,3113.1,677.5965434902985,2.9055599999999995,0,0.0,0.0,0.0,0.0,0,0.0,0.0,0.0,0.0,0,0.0,0.0,0.0,0.0,0,0.0,0.0,0.0,0.0,0,0.0,0.0,0.0,0.0,6,203837.15,33972.85833333333,18684.17650097688,9.059428888888888,0,0.0,0.0,0.0,0.0,0,0.0,0.0,0.0,0.0,0,0.0,0.0,0.0,0.0,38,90046.05999999998,2369.633157894737,839.937723634528,4.0020471111111116,0,0.0,0.0,0.0,0.0
64,0318-15.png,0318,Leplaea cedrata (A.Chev.) E.J.M.Koenen & J.J.de Wilde,2250000,65,314464.26999999996,13.976189777777778,0,0.0,0.0,0.0,0.0,0,0.0,0.0,0.0,0.0,23,66785.9,2903.7347826086952,749.530567130154,2.9682622222222217,0,0.0,0.0,0.0,0.0,0,0.0,0.0,0.0,0.0,0,0.0,0.0,0.0,0.0,0,0.0,0.0,0.0,0.0,0,0.0,0.0,0.0,0.0,6,158078.65000000002,26346.44166666667,16084.882249489323,7.025717777777779,0,0.0,0.0,0.0,0.0,0,0.0,0.0,0.0,0.0,0,0.0,0.0,0.0,0.0,36,89599.72,2488.881111111111,641.3758110712483,3.982209777777778,0,0.0,0.0,0.0,0.0
65,0318-16.png,0318,Leplaea cedrata (A.Chev.) E.J.M.Koenen & J.J.de Wilde,2250000,53,395325.36999999994,17.57001644444444,0,0.0,0.0,0.0,0.0,0,0.0,0.0,0.0,0.0,22,61706.880000000005,2804.858181818182,872.2457518854713,2.7425279999999996,0,0.0,0.0,0.0,0.0,0,0.0,0.0,0.0,0.0,0,0.0,0.0,0.0,0.0,0,0.0,0.0,0.0,0.0,0,0.0,0.0,0.0,0.0,5,272676.57999999996,54535.31599999999,6091.156990041383,12.11895911111111,0,0.0,0.0,0.0,0.0,0,0.0,0.0,0.0,0.0,0,0.0,0.0,0.0,0.0,26,60941.909999999996,2343.9196153846156,665.6836977933636,2.7085293333333333,0,0.0,0.0,0.0,0.0
66,0318-17.png,0318,Leplaea cedrata (A.Chev.) E.J.M.Koenen & J.J.de Wilde,2250000,45,203834.97999999998,9.059332444444443,0,0.0,0.0,0.0,0.0,0,0.0,0.0,0.0,0.0,14,43002.25000000001,3071.589285714286,945.4596303911925,1.9112111111111107,0,0.0,0.0,0.0,0.0,0,0.0,0.0,0.0,0.0,0,0.0,0.0,0.0,0.0,0,0.0,0.0,0.0,0.0,0,0.0,0.0,0.0,0.0,4,99549.65,24887.4125,31866.13028376929,4.4244288888888885,0,0.0,0.0,0.0,0.0,0,0.0,0.0,0.0,0.0,0,0.0,0.0,0.0,0.0,27,61283.079999999994,2269.7437037037034,966.4132971422978,2.723692444444444,0,0.0,0.0,0.0,0.0
67,0318-18.png,0318,Leplaea cedrata (A.Chev.) E.J.M.Koenen & J.J.de Wilde,2250000,71,305389.88,13.572883555555556,0,0.0,0.0,0.0,0.0,0,0.0,0.0,0.0,0.0,19,57377.81999999999,3019.885263157895,1011.5106565230291,2.5501253333333334,0,0.0,0.0,0.0,0.0,0,0.0,0.0,0.0,0.0,0,0.0,0.0,0.0,0.0,0,0.0,0.0,0.0,0.0,0,0.0,0.0,0.0,0.0,6,129366.15999999999,21561.026666666665,11754.377407494907,5.749607111111112,0,0.0,0.0,0.0,0.0,0,0.0,0.0,0.0,0.0,0,0.0,0.0,0.0,0.0,46,118645.90000000001,2579.258695652174,713.669312034981,5.273151111111111,0,0.0,0.0,0.0,0.0
68,0318-2.png,0318,Leplaea cedrata (A.Chev.) E.J.M.Koenen & J.J.de Wilde,2250000,91,445043.94999999995,19.779731111111108,0,0.0,0.0,0.0,0.0,0,0.0,0.0,0.0,0.0,34,113396.29,3335.1850000000004,1160.6315935867929,5.039835111111112,0,0.0,0.0,0.0,0.0,0,0.0,0.0,0.0,0.0,0,0.0,0.0,0.0,0.0,0,0.0,0.0,0.0,0.0,0,0.0,0.0,0.0,0.0,15,239442.94,15962.862666666664,15003.993532943376,10.641908444444445,0,0.0,0.0,0.0,0.0,0,0.0,0.0,0.0,0.0,0,0.0,0.0,0.0,0.0,42,92204.71999999999,2195.350476190476,766.9256931091742,4.097987555555557,0,0.0,0.0,0.0,0.0
69,0318-3.png,0318,Leplaea cedrata (A.Chev.) E.J.M.Koenen & J.J.de Wilde,2250000,77,323010.92000000004,14.35604088888889,0,0.0,0.0,0.0,0.0,0,0.0,0.0,0.0,0.0,29,89468.83,3085.132068965517,1376.5169872164913,3.9763924444444454,0,0.0,0.0,0.0,0.0,0,0.0,0.0,0.0,0.0,0,0.0,0.0,0.0,0.0,0,0.0,0.0,0.0,0.0,0,0.0,0.0,0.0,0.0,14,153510.33,10965.023571428572,11857.445041363808,6.822681333333334,0,0.0,0.0,0.0,0.0,0,0.0,0.0,0.0,0.0,0,0.0,0.0,0.0,0.0,34,80031.75999999998,2353.8752941176463,673.3993694871332,3.5569671111111116,0,0.0,0.0,0.0,0.0
70,0318-4.png,0318,Leplaea cedrata (A.Chev.) E.J.M.Koenen & J.J.de Wilde,2250000,69,315111.27999999997,14.004945777777777,0,0.0,0.0,0.0,0.0,0,0.0,0.0,0.0,0.0,26,73621.28000000001,2831.587692307692,961.0162317434923,3.2720568888888892,0,0.0,0.0,0.0,0.0,0,0.0,0.0,0.0,0.0,0,0.0,0.0,0.0,0.0,0,0.0,0.0,0.0,0.0,0,0.0,0.0,0.0,0.0,9,172146.31999999998,19127.368888888886,19500.619216727097,7.650947555555555,0,0.0,0.0,0.0,0.0,0,0.0,0.0,0.0,0.0,0,0.0,0.0,0.0,0.0,34,69343.68000000001,2039.5200000000002,798.7483214228106,3.081941333333332,0,0.0,0.0,0.0,0.0
71,0318-5.png,0318,Leplaea cedrata (A.Chev.) E.J.M.Koenen & J.J.de Wilde,2250000,94,342955.87,15.24248311111111,0,0.0,0.0,0.0,0.0,0,0.0,0.0,0.0,0.0,37,113177.44,3058.84972972973,980.9869685635949,5.030108444444444,0,0.0,0.0,0.0,0.0,0,0.0,0.0,0.0,0.0,0,0.0,0.0,0.0,0.0,0,0.0,0.0,0.0,0.0,0,0.0,0.0,0.0,0.0,14,124944.82,8924.630000000001,10300.197900245936,5.5531031111111115,0,0.0,0.0,0.0,0.0,0,0.0,0.0,0.0,0.0,0,0.0,0.0,0.0,0.0,43,104833.61,2437.9909302325577,784.4060131377967,4.6592715555555575,0,0.0,0.0,0.0,0.0
72,0318-6.png,0318,Leplaea cedrata (A.Chev.) E.J.M.Koenen & J.J.de Wilde,2250000,45,214617.47999999998,9.538554666666668,0,0.0,0.0,0.0,0.0,0,0.0,0.0,0.0,0.0,24,81486.59,3395.2745833333333,1345.6364595981406,3.6216262222222224,0,0.0,0.0,0.0,0.0,0,0.0,0.0,0.0,0.0,0,0.0,0.0,0.0,0.0,0,0.0,0.0,0.0,0.0,0,0.0,0.0,0.0,0.0,2,85634.35,42817.175,29883.711431166816,3.8059711111111114,0,0.0,0.0,0.0,0.0,0,0.0,0.0,0.0,0.0,0,0.0,0.0,0.0,0.0,19,47496.54,2499.817894736842,623.6286587971238,2.110957333333333,0,0.0,0.0,0.0,0.0
73,0318-7.png,0318,Leplaea cedrata (A.Chev.) E.J.M.Koenen & J.J.de Wilde,2250000,51,168141.21000000005,7.472942666666667,0,0.0,0.0,0.0,0.0,0,0.0,0.0,0.0,0.0,23,61772.33,2685.7534782608695,1171.5343619707708,2.7454368888888885,0,0.0,0.0,0.0,0.0,0,0.0,0.0,0.0,0.0,0,0.0,0.0,0.0,0.0,0,0.0,0.0,0.0,0.0,0,0.0,0.0,0.0,0.0,2,46328.18,23164.09,29894.33924608805,2.0590302222222223,0,0.0,0.0,0.0,0.0,0,0.0,0.0,0.0,0.0,0,0.0,0.0,0.0,0.0,26,60040.70000000001,2309.2576923076927,696.1355530774603,2.6684755555555553,0,0.0,0.0,0.0,0.0
74,0318-8.png,0318,Leplaea cedrata (A.Chev.) E.J.M.Koenen & J.J.de Wilde,2250000,45,183472.75999999995,8.15434488888889,0,0.0,0.0,0.0,0.0,0,0.0,0.0,0.0,0.0,15,39908.07,2660.538,930.0813455299796,1.773692,0,0.0,0.0,0.0,0.0,0,0.0,0.0,0.0,0.0,0,0.0,0.0,0.0,0.0,0,0.0,0.0,0.0,0.0,0,0.0,0.0,0.0,0.0,5,86668.6,17333.72,20913.432384069576,3.851937777777778,0,0.0,0.0,0.0,0.0,0,0.0,0.0,0.0,0.0,0,0.0,0.0,0.0,0.0,25,56896.090000000004,2275.8436,932.847762597056,2.5287151111111115,0,0.0,0.0,0.0,0.0
75,0318-9.png,0318,Leplaea cedrata (A.Chev.) E.J.M.Koenen & J.J.de Wilde,2250000,57,281587.95999999996,12.515020444444447,0,0.0,0.0,0.0,0.0,0,0.0,0.0,0.0,0.0,12,32879.58,2739.965,1146.1184111243401,1.4613146666666665,0,0.0,0.0,0.0,0.0,0,0.0,0.0,0.0,0.0,0,0.0,0.0,0.0,0.0,0,0.0,0.0,0.0,0.0,0,0.0,0.0,0.0,0.0,8,170226.93,21278.36625,17071.361049579864,7.565641333333334,0,0.0,0.0,0.0,0.0,0,0.0,0.0,0.0,0.0,0,0.0,0.0,0.0,0.0,37,78481.45000000001,2121.120270270271,741.1626016921975,3.4880644444444453,0,0.0,0.0,0.0,0.0
76,0396-12.png,0396,Lophira alata Banks ex C.F.Gaertn.,2250000,24,743943.94,33.06417511111111,0,0.0,0.0,0.0,0.0,0,0.0,0.0,0.0,0.0,6,57009.82,9501.636666666667,1628.173422220946,2.5337697777777777,0,0.0,0.0,0.0,0.0,0,0.0,0.0,0.0,0.0,0,0.0,0.0,0.0,0.0,0,0.0,0.0,0.0,0.0,0,0.0,0.0,0.0,0.0,15,665112.73,44340.848666666665,22055.78329867341,29.56056577777778,0,0.0,0.0,0.0,0.0,0,0.0,0.0,0.0,0.0,0,0.0,0.0,0.0,0.0,3,21821.39,7273.796666666666,2288.8469595482643,0.9698395555555556,0,0.0,0.0,0.0,0.0
77,0396-2.png,0396,Lophira alata Banks ex C.F.Gaertn.,2250000,31,838331.93,37.2591968888889,0,0.0,0.0,0.0,0.0,0,0.0,0.0,0.0,0.0,8,45268.18000000001,5658.5225,2887.6496781675974,2.011919111111111,0,0.0,0.0,0.0,0.0,0,0.0,0.0,0.0,0.0,0,0.0,0.0,0.0,0.0,0,0.0,0.0,0.0,0.0,0,0.0,0.0,0.0,0.0,19,753310.2000000001,39647.90526315789,24184.780359572873,33.48045333333334,0,0.0,0.0,0.0,0.0,0,0.0,0.0,0.0,0.0,0,0.0,0.0,0.0,0.0,4,39753.55,9938.3875,2760.916150838039,1.7668244444444445,0,0.0,0.0,0.0,0.0
78,0396-3.png,0396,Lophira alata Banks ex C.F.Gaertn.,2250000,36,897321.2100000001,39.88094266666666,0,0.0,0.0,0.0,0.0,0,0.0,0.0,0.0,0.0,13,93559.72999999998,7196.902307692309,2547.1319979084774,4.158210222222222,0,0.0,0.0,0.0,0.0,0,0.0,0.0,0.0,0.0,0,0.0,0.0,0.0,0.0,0,0.0,0.0,0.0,0.0,0,0.0,0.0,0.0,0.0,18,786598.56,43699.92,23446.20246282741,34.959936,0,0.0,0.0,0.0,0.0,0,0.0,0.0,0.0,0.0,0,0.0,0.0,0.0,0.0,5,17162.92,3432.584,4105.207180268738,0.7627964444444443,0,0.0,0.0,0.0,0.0
79,0396-4.png,0396,Lophira alata Banks ex C.F.Gaertn.,2250000,36,1099620.9200000002,48.87204088888889,0,0.0,0.0,0.0,0.0,0,0.0,0.0,0.0,0.0,9,74943.05,8327.005555555555,2207.6948899990184,3.330802222222222,0,0.0,0.0,0.0,0.0,0,0.0,0.0,0.0,0.0,0,0.0,0.0,0.0,0.0,0,0.0,0.0,0.0,0.0,0,0.0,0.0,0.0,0.0,24,1018159.03,42423.292916666665,12398.231786936562,45.25151244444444,0,0.0,0.0,0.0,0.0,0,0.0,0.0,0.0,0.0,0,0.0,0.0,0.0,0.0,3,6518.84,2172.9466666666667,1796.232304918641,0.2897262222222222,0,0.0,0.0,0.0,0.0
80,0396-5.png,0396,Lophira alata Banks ex C.F.Gaertn.,2250000,33,803809.7599999999,35.724878222222216,0,0.0,0.0,0.0,0.0,0,0.0,0.0,0.0,0.0,7,57452.91,8207.558571428572,2070.0068657811144,2.5534626666666664,0,0.0,0.0,0.0,0.0,0,0.0,0.0,0.0,0.0,0,0.0,0.0,0.0,0.0,0,0.0,0.0,0.0,0.0,0,0.0,0.0,0.0,0.0,19,681578.28,35872.541052631575,19289.26127685439,30.292368000000003,0,0.0,0.0,0.0,0.0,0,0.0,0.0,0.0,0.0,0,0.0,0.0,0.0,0.0,7,64778.56999999999,9254.081428571428,5150.1649120697375,2.8790475555555557,0,0.0,0.0,0.0,0.0
81,0396-6.png,0396,Lophira alata Banks ex C.F.Gaertn.,2250000,29,995763.6699999999,44.25616311111111,0,0.0,0.0,0.0,0.0,0,0.0,0.0,0.0,0.0,5,40404.79,8080.9580000000005,3965.7799908744314,1.7957684444444444,0,0.0,0.0,0.0,0.0,0,0.0,0.0,0.0,0.0,0,0.0,0.0,0.0,0.0,0,0.0,0.0,0.0,0.0,0,0.0,0.0,0.0,0.0,15,875818.5000000001,58387.90000000001,19476.299924118764,38.92526666666667,0,0.0,0.0,0.0,0.0,0,0.0,0.0,0.0,0.0,0,0.0,0.0,0.0,0.0,9,79540.38,8837.82,4711.100569338867,3.5351280000000003,0,0.0,0.0,0.0,0.0
82,0396-7.png,0396,Lophira alata Banks ex C.F.Gaertn.,2250000,28,773211.1100000001,34.36493822222222,0,0.0,0.0,0.0,0.0,0,0.0,0.0,0.0,0.0,5,37481.19,7496.238,3737.0220185356147,1.6658306666666667,0,0.0,0.0,0.0,0.0,0,0.0,0.0,0.0,0.0,0,0.0,0.0,0.0,0.0,0,0.0,0.0,0.0,0.0,0,0.0,0.0,0.0,0.0,14,660573.36,47183.81142857143,27555.201139431665,29.358816,0,0.0,0.0,0.0,0.0,0,0.0,0.0,0.0,0.0,0,0.0,0.0,0.0,0.0,9,75156.55999999998,8350.728888888889,4953.470227248379,3.3402915555555555,0,0.0,0.0,0.0,0.0
83,0396-8.png,0396,Lophira alata Banks ex C.F.Gaertn.,2250000,28,874872.1900000001,38.88320844444445,0,0.0,0.0,0.0,0.0,0,0.0,0.0,0.0,0.0,8,68004.70999999999,8500.588749999999,2471.245602550824,3.0224315555555554,0,0.0,0.0,0.0,0.0,0,0.0,0.0,0.0,0.0,0,0.0,0.0,0.0,0.0,0,0.0,0.0,0.0,0.0,0,0.0,0.0,0.0,0.0,16,784510.7300000001,49031.920625,21784.69930538174,34.86714355555556,0,0.0,0.0,0.0,0.0,0,0.0,0.0,0.0,0.0,0,0.0,0.0,0.0,0.0,4,22356.75,5589.1875,2659.639385723498,0.9936333333333333,0,0.0,0.0,0.0,0.0
84,0396-9.png,0396,Lophira alata Banks ex C.F.Gaertn.,2250000,29,1047953.0300000001,46.57569022222223,0,0.0,0.0,0.0,0.0,0,0.0,0.0,0.0,0.0,5,28067.71,5613.5419999999995,2480.683761852768,1.2474537777777779,0,0.0,0.0,0.0,0.0,0,0.0,0.0,0.0,0.0,0,0.0,0.0,0.0,0.0,0,0.0,0.0,0.0,0.0,0,0.0,0.0,0.0,0.0,18,973011.0400000002,54056.16888888889,14109.613305584116,43.24493511111112,0,0.0,0.0,0.0,0.0,0,0.0,0.0,0.0,0.0,0,0.0,0.0,0.0,0.0,6,46874.28,7812.38,3085.136602097223,2.083301333333333,0,0.0,0.0,0.0,0.0
85,0426-10.png,0426,Microberlinia brazzavillensis A. Chev.,2250000,61,846008.4299999997,37.60037466666668,0,0.0,0.0,0.0,0.0,0,0.0,0.0,0.0,0.0,9,38343.780000000006,4260.420000000001,1956.9366134982502,1.7041680000000001,0,0.0,0.0,0.0,0.0,24,406502.73,16937.61375,7903.937128391369,18.066788,10,215701.11,21570.110999999997,9122.137524187398,9.586716,1,73753.24,73753.24,0.0,3.277921777777778,0,0.0,0.0,0.0,0.0,0,0.0,0.0,0.0,0.0,0,0.0,0.0,0.0,0.0,0,0.0,0.0,0.0,0.0,0,0.0,0.0,0.0,0.0,17,111707.57000000002,6571.033529411765,2266.3214671106934,4.964780888888888,0,0.0,0.0,0.0,0.0
86,0426-14.png,0426,Microberlinia brazzavillensis A. Chev.,2250000,101,1097201.6,48.76451555555556,0,0.0,0.0,0.0,0.0,0,0.0,0.0,0.0,0.0,6,38828.729999999996,6471.454999999999,5124.748451047134,1.7257213333333334,0,0.0,0.0,0.0,0.0,40,592718.8500000002,14817.971249999999,8245.84666433061,26.343060000000005,18,259511.2199999999,14417.289999999999,10725.607612391943,11.533832,2,3123.16,1561.58,1971.710690796193,0.13880711111111113,0,0.0,0.0,0.0,0.0,0,0.0,0.0,0.0,0.0,0,0.0,0.0,0.0,0.0,0,0.0,0.0,0.0,0.0,0,0.0,0.0,0.0,0.0,35,203019.63999999998,5800.561142857143,2511.9790776395125,9.023095111111113,0,0.0,0.0,0.0,0.0
87,0426-15.png,0426,Microberlinia brazzavillensis A. Chev.,2250000,77,999113.1800000005,44.40503022222224,0,0.0,0.0,0.0,0.0,0,0.0,0.0,0.0,0.0,11,102602.0,9327.454545454546,2928.966945782638,4.560088888888888,0,0.0,0.0,0.0,0.0,36,626567.2400000003,17404.64555555556,8567.89200770226,27.847432888888893,5,106358.16999999998,21271.634,7970.733057895616,4.727029777777777,1,14504.31,14504.31,0.0,0.644636,0,0.0,0.0,0.0,0.0,0,0.0,0.0,0.0,0.0,0,0.0,0.0,0.0,0.0,0,0.0,0.0,0.0,0.0,0,0.0,0.0,0.0,0.0,24,149081.46,6211.7275,3327.6245591677084,6.625842666666666,0,0.0,0.0,0.0,0.0
88,0426-16.png,0426,Microberlinia brazzavillensis A. Chev.,2250000,74,995211.0900000001,44.231604,0,0.0,0.0,0.0,0.0,0,0.0,0.0,0.0,0.0,10,79542.50999999998,7954.251000000001,2319.5592520824107,3.5352226666666673,0,0.0,0.0,0.0,0.0,35,599883.53,17139.529428571434,9844.68380707068,26.661490222222223,8,150862.45,18857.80625,13712.810846423801,6.704997777777777,1,38768.65,38768.65,0.0,1.723051111111111,0,0.0,0.0,0.0,0.0,0,0.0,0.0,0.0,0.0,0,0.0,0.0,0.0,0.0,0,0.0,0.0,0.0,0.0,0,0.0,0.0,0.0,0.0,20,126153.95000000001,6307.6975,2451.589047568246,5.606842222222222,0,0.0,0.0,0.0,0.0
89,0426-2.png,0426,Microberlinia brazzavillensis A. Chev.,2250000,73,791834.2899999999,35.19263511111111,0,0.0,0.0,0.0,0.0,0,0.0,0.0,0.0,0.0,7,42186.86,6026.694285714286,3269.6581446937084,1.8749715555555553,0,0.0,0.0,0.0,0.0,26,397750.17000000004,15298.083461538461,7323.0247403487265,17.677785333333333,15,234726.55999999994,15648.437333333333,8728.750546693762,10.432291555555558,1,1412.99,1412.99,0.0,0.06279955555555555,0,0.0,0.0,0.0,0.0,0,0.0,0.0,0.0,0.0,0,0.0,0.0,0.0,0.0,0,0.0,0.0,0.0,0.0,0,0.0,0.0,0.0,0.0,24,115757.70999999999,4823.237916666667,2007.8269786945616,5.144787111111111,0,0.0,0.0,0.0,0.0
90,0426-3.png,0426,Microberlinia brazzavillensis A. Chev.,2250000,74,800673.7300000001,35.58549911111112,0,0.0,0.0,0.0,0.0,0,0.0,0.0,0.0,0.0,4,25515.32,6378.83,2660.972385839432,1.1340142222222223,0,0.0,0.0,0.0,0.0,22,336796.38999999996,15308.926818181813,6173.530433589139,14.968728444444444,19,282762.75999999995,14882.25052631579,6406.886235416696,12.567233777777778,0,0.0,0.0,0.0,0.0,0,0.0,0.0,0.0,0.0,0,0.0,0.0,0.0,0.0,0,0.0,0.0,0.0,0.0,0,0.0,0.0,0.0,0.0,0,0.0,0.0,0.0,0.0,29,155599.26000000007,5365.491724137932,1782.3172549001422,6.915522666666666,0,0.0,0.0,0.0,0.0
91,0426-4.png,0426,Microberlinia brazzavillensis A. Chev.,2250000,84,831760.5199999996,36.967134222222214,0,0.0,0.0,0.0,0.0,0,0.0,0.0,0.0,0.0,10,53342.7,5334.2699999999995,2330.8973408968486,2.370786666666666,0,0.0,0.0,0.0,0.0,23,303027.38000000006,13175.10347826087,6621.97381912716,13.467883555555556,24,344364.52,14348.521666666667,8084.37620136717,15.305089777777779,3,24350.160000000003,8116.720000000001,1617.3796682597442,1.0822293333333333,0,0.0,0.0,0.0,0.0,0,0.0,0.0,0.0,0.0,0,0.0,0.0,0.0,0.0,0,0.0,0.0,0.0,0.0,0,0.0,0.0,0.0,0.0,24,106675.76,4444.823333333334,2155.307033319235,4.741144888888888,0,0.0,0.0,0.0,0.0
92,0426-5.png,0426,Microberlinia brazzavillensis A. Chev.,2250000,64,670104.8499999997,29.782437777777783,0,0.0,0.0,0.0,0.0,0,0.0,0.0,0.0,0.0,7,43119.18,6159.882857142858,1452.1237836437397,1.9164080000000001,0,0.0,0.0,0.0,0.0,16,202628.02000000002,12664.251250000001,6610.663704626412,9.005689777777778,19,280428.18000000005,14759.377894736841,7857.328862199346,12.463474666666666,0,0.0,0.0,0.0,0.0,0,0.0,0.0,0.0,0.0,2,40605.43,20302.715,9019.50761849282,1.8046857777777778,0,0.0,0.0,0.0,0.0,0,0.0,0.0,0.0,0.0,0,0.0,0.0,0.0,0.0,20,103324.04000000002,5166.202,2213.4960184397037,4.592179555555556,0,0.0,0.0,0.0,0.0
93,0426-6.png,0426,Microberlinia brazzavillensis A. Chev.,2250000,77,763104.55,33.91575777777779,0,0.0,0.0,0.0,0.0,0,0.0,0.0,0.0,0.0,5,33800.13,6760.026,2296.1876488932694,1.502228,0,0.0,0.0,0.0,0.0,21,270862.33999999997,12898.206666666665,6049.841813792599,12.038326222222222,25,327273.48999999993,13090.939600000002,9143.636393912837,14.545488444444443,2,25727.75,12863.875,11625.450665606475,1.1434555555555557,0,0.0,0.0,0.0,0.0,0,0.0,0.0,0.0,0.0,0,0.0,0.0,0.0,0.0,0,0.0,0.0,0.0,0.0,0,0.0,0.0,0.0,0.0,24,105440.84000000001,4393.368333333333,2201.1619200118253,4.686259555555555,0,0.0,0.0,0.0,0.0
94,0426-7.png,0426,Microberlinia brazzavillensis A. Chev.,2250000,72,964645.7300000002,42.87314355555556,0,0.0,0.0,0.0,0.0,0,0.0,0.0,0.0,0.0,5,27015.2,5403.04,3409.663729460722,1.2006755555555557,0,0.0,0.0,0.0,0.0,18,242995.27,13499.737222222224,5881.1894346075,10.799789777777779,15,207657.7,13843.846666666668,8284.568509875684,9.22923111111111,4,94121.93,23530.4825,30137.709364467162,4.183196888888888,0,0.0,0.0,0.0,0.0,5,261898.40000000002,52379.68000000001,16737.482959053308,11.639928888888887,0,0.0,0.0,0.0,0.0,0,0.0,0.0,0.0,0.0,0,0.0,0.0,0.0,0.0,25,130957.23,5238.2892,2239.003236978306,5.820321333333333,0,0.0,0.0,0.0,0.0
95,0426-8.png,0426,Microberlinia brazzavillensis A. Chev.,2250000,64,919710.1400000001,40.87600622222224,0,0.0,0.0,0.0,0.0,0,0.0,0.0,0.0,0.0,5,19146.670000000002,3829.3340000000003,1322.0545691763257,0.8509631111111111,0,0.0,0.0,0.0,0.0,19,326319.69,17174.72052631579,7157.2756714963925,14.503097333333331,14,281722.07,20123.005,7758.360571391306,12.52098088888889,1,34851.55,34851.55,0.0,1.5489577777777779,0,0.0,0.0,0.0,0.0,3,127303.01,42434.33666666666,3919.724147721793,5.657911555555556,0,0.0,0.0,0.0,0.0,0,0.0,0.0,0.0,0.0,0,0.0,0.0,0.0,0.0,22,130367.15000000002,5925.779545454546,3067.6580379073994,5.794095555555556,0,0.0,0.0,0.0,0.0
96,0430-10.png,0430,Milicia excelsa (Welw.) C.C. Berg,2250000,53,717076.7900000002,31.870079555555552,0,0.0,0.0,0.0,0.0,8,32889.259999999995,4111.1575,2327.114099564707,1.461744888888889,0,0.0,0.0,0.0,0.0,1,23740.77,23740.77,0.0,1.0551453333333334,10,210718.63,21071.862999999998,9503.078830949764,9.365272444444445,16,354135.25999999995,22133.45375,13892.203578836523,15.739344888888887,1,25675.18,25675.18,0.0,1.1411191111111112,0,0.0,0.0,0.0,0.0,0,0.0,0.0,0.0,0.0,0,0.0,0.0,0.0,0.0,1,3544.81,3544.81,0.0,0.1575471111111111,0,0.0,0.0,0.0,0.0,16,66372.88,4148.304999999999,2646.0679678446154,2.9499057777777775,0,0.0,0.0,0.0,0.0
97,0430-2.png,0430,Milicia excelsa (Welw.) C.C. Berg,2250000,73,896122.8200000001,39.827680888888885,0,0.0,0.0,0.0,0.0,16,64729.22000000001,4045.57625,2078.8393365301226,2.876854222222222,0,0.0,0.0,0.0,0.0,1,15751.0,15751.0,0.0,0.7000444444444445,14,281178.11999999994,20084.151428571426,12175.84185661342,12.496805333333333,15,413599.85,27573.323333333326,17583.682800224055,18.38221555555555,3,39435.979999999996,13145.326666666666,10693.917562999695,1.7527102222222222,0,0.0,0.0,0.0,0.0,0,0.0,0.0,0.0,0.0,0,0.0,0.0,0.0,0.0,0,0.0,0.0,0.0,0.0,0,0.0,0.0,0.0,0.0,24,81428.65000000001,3392.8604166666664,2038.5902491555266,3.6190511111111103,0,0.0,0.0,0.0,0.0
98,0430-5.png,0430,Milicia excelsa (Welw.) C.C. Berg,2250000,71,1085829.04,48.25906844444443,0,0.0,0.0,0.0,0.0,17,96513.40000000001,5677.258823529412,4569.233906589105,4.289484444444444,0,0.0,0.0,0.0,0.0,1,7960.8,7960.8,0.0,0.3538133333333333,12,219167.58,18263.965,11788.981624222833,9.740781333333333,17,456330.65,26842.979411764703,19573.07464988781,20.28136222222222,7,225554.46999999997,32222.06714285714,17222.311987011417,10.024643111111113,0,0.0,0.0,0.0,0.0,0,0.0,0.0,0.0,0.0,0,0.0,0.0,0.0,0.0,0,0.0,0.0,0.0,0.0,0,0.0,0.0,0.0,0.0,17,80302.14000000001,4723.655294117648,2377.0854384074987,3.568984,0,0.0,0.0,0.0,0.0
99,0430-6.png,0430,Milicia excelsa (Welw.) C.C. Berg,2250000,67,993258.5000000001,44.14482222222221,0,0.0,0.0,0.0,0.0,17,97397.44,5729.261176470588,4905.256342924245,4.328775111111112,0,0.0,0.0,0.0,0.0,1,23040.18,23040.18,0.0,1.024008,11,182986.75,16635.159090909092,12150.39312124958,8.132744444444445,12,406156.19,33846.34916666667,16366.882078349814,18.05138622222222,7,173440.22,24777.174285714285,20907.64602593021,7.708454222222222,0,0.0,0.0,0.0,0.0,1,33910.63,33910.63,0.0,1.507139111111111,0,0.0,0.0,0.0,0.0,1,3585.58,3585.58,0.0,0.15935911111111112,0,0.0,0.0,0.0,0.0,17,72741.51,4278.912352941175,2646.238463096083,3.2329559999999997,0,0.0,0.0,0.0,0.0
100,0430-7.png,0430,Milicia excelsa (Welw.) C.C. Berg,2250000,75,1205082.2000000002,53.5592088888889,0,0.0,0.0,0.0,0.0,18,100738.4,5596.577777777778,3277.7900337477304,4.4772622222222225,0,0.0,0.0,0.0,0.0,2,22947.91,11473.955,7740.436304140097,1.019907111111111,8,124847.17000000001,15605.896250000002,11860.7360307468,5.548763111111111,22,695925.9599999998,31632.998181818173,21545.859670631595,30.930042666666665,6,158150.55,26358.425,27611.629224759443,7.028913333333334,0,0.0,0.0,0.0,0.0,0,0.0,0.0,0.0,0.0,0,0.0,0.0,0.0,0.0,0,0.0,0.0,0.0,0.0,0,0.0,0.0,0.0,0.0,19,102472.21,5393.274210526317,2788.224169770501,4.5543204444444445,0,0.0,0.0,0.0,0.0
101,0430-8.png,0430,Milicia excelsa (Welw.) C.C. Berg,2250000,64,883714.9200000002,39.27621866666666,0,0.0,0.0,0.0,0.0,15,99283.58000000002,6618.905333333333,3551.9703131197207,4.412603555555555,0,0.0,0.0,0.0,0.0,1,9989.62,9989.62,0.0,0.44398311111111116,15,330306.53,22020.435333333335,14356.263248041088,14.680290222222222,12,307544.23,25628.685833333333,18280.260679912964,13.668632444444444,3,30205.97,10068.656666666668,11362.093561057896,1.3424875555555558,0,0.0,0.0,0.0,0.0,3,24944.54,8314.846666666666,12284.479002063268,1.1086462222222222,0,0.0,0.0,0.0,0.0,0,0.0,0.0,0.0,0.0,0,0.0,0.0,0.0,0.0,15,81440.45,5429.363333333333,1893.9242225324745,3.619575555555555,0,0.0,0.0,0.0,0.0
102,0430-9.png,0430,Milicia excelsa (Welw.) C.C. Berg,2250000,63,1108799.44,49.27997511111111,0,0.0,0.0,0.0,0.0,10,42459.37000000001,4245.937,3361.874856779407,1.8870831111111115,0,0.0,0.0,0.0,0.0,1,25084.02,25084.02,0.0,1.1148453333333335,13,301926.61,23225.12384615384,9790.698543164612,13.418960444444446,16,403811.91,25238.244375000002,16830.96380174824,17.947195999999998,2,72909.95,36454.975,50776.75105837759,3.2404422222222227,0,0.0,0.0,0.0,0.0,2,103800.41,51900.205,28624.368396009195,4.613351555555556,0,0.0,0.0,0.0,0.0,2,80906.16,40453.08,57185.012328897865,3.595829333333334,0,0.0,0.0,0.0,0.0,17,77901.01,4582.412352941176,2371.9809719713435,3.462267111111112,0,0.0,0.0,0.0,0.0
103,0431-12.png,0431,Millettia laurentii De Wild.,2250000,26,1151242.73,51.16634355555554,0,0.0,0.0,0.0,0.0,0,0.0,0.0,0.0,0.0,6,45623.31,7603.884999999999,4891.904475636253,2.0277026666666664,0,0.0,0.0,0.0,0.0,1,7375.0,7375.0,0.0,0.3277777777777778,0,0.0,0.0,0.0,0.0,0,0.0,0.0,0.0,0.0,0,0.0,0.0,0.0,0.0,8,1044460.77,130557.59625,62581.458433299755,46.42047866666666,0,0.0,0.0,0.0,0.0,0,0.0,0.0,0.0,0.0,0,0.0,0.0,0.0,0.0,11,53783.65,4889.422727272728,3334.8590585393295,2.3903844444444444,0,0.0,0.0,0.0,0.0
104,0431-13.png,0431,Millettia laurentii De Wild.,2250000,29,1316472.17,58.50987422222223,0,0.0,0.0,0.0,0.0,0,0.0,0.0,0.0,0.0,4,17995.47,4498.8675,3037.330709503275,0.7997986666666667,1,6819.25,6819.25,0.0,0.3030777777777778,1,9476.78,9476.78,0.0,0.42119022222222224,0,0.0,0.0,0.0,0.0,0,0.0,0.0,0.0,0.0,0,0.0,0.0,0.0,0.0,8,1195542.0899999999,149442.76125,87763.11809422524,53.135204,0,0.0,0.0,0.0,0.0,0,0.0,0.0,0.0,0.0,0,0.0,0.0,0.0,0.0,15,86638.57999999999,5775.905333333334,1880.9984924117396,3.8506035555555553,0,0.0,0.0,0.0,0.0
105,0431-15.png,0431,Millettia laurentii De Wild.,2250000,34,1779639.2299999997,79.09507688888888,0,0.0,0.0,0.0,0.0,0,0.0,0.0,0.0,0.0,8,35288.22,4411.0275,3509.6745588719273,1.5683653333333334,0,0.0,0.0,0.0,0.0,0,0.0,0.0,0.0,0.0,0,0.0,0.0,0.0,0.0,0,0.0,0.0,0.0,0.0,0,0.0,0.0,0.0,0.0,9,1641870.26,182430.0288888889,61001.35928155832,72.97201155555555,0,0.0,0.0,0.0,0.0,0,0.0,0.0,0.0,0.0,0,0.0,0.0,0.0,0.0,17,102480.75,6028.279411764706,4416.8605358465165,4.554699999999999,0,0.0,0.0,0.0,0.0
106,0431-2.png,0431,Millettia laurentii De Wild.,2250000,29,865613.2100000001,38.47169822222221,0,0.0,0.0,0.0,0.0,0,0.0,0.0,0.0,0.0,9,26277.060000000005,2919.673333333333,2580.4463164634913,1.1678693333333334,0,0.0,0.0,0.0,0.0,0,0.0,0.0,0.0,0.0,0,0.0,0.0,0.0,0.0,0,0.0,0.0,0.0,0.0,0,0.0,0.0,0.0,0.0,6,748465.0499999999,124744.17499999999,57176.43869607017,33.26511333333333,0,0.0,0.0,0.0,0.0,0,0.0,0.0,0.0,0.0,0,0.0,0.0,0.0,0.0,14,90871.09999999999,6490.792857142857,3720.280067171181,4.038715555555556,0,0.0,0.0,0.0,0.0
107,0431-3.png,0431,Millettia laurentii De Wild.,2250000,31,1456157.31,64.71810266666667,0,0.0,0.0,0.0,0.0,0,0.0,0.0,0.0,0.0,6,7829.9,1304.9833333333333,403.4781583018673,0.3479955555555556,0,0.0,0.0,0.0,0.0,0,0.0,0.0,0.0,0.0,0,0.0,0.0,0.0,0.0,0,0.0,0.0,0.0,0.0,0,0.0,0.0,0.0,0.0,11,1351893.42,122899.40181818181,41775.84657496119,60.084151999999996,0,0.0,0.0,0.0,0.0,0,0.0,0.0,0.0,0.0,0,0.0,0.0,0.0,0.0,14,96433.98999999998,6888.142142857141,2880.2088835124937,4.285955111111111,0,0.0,0.0,0.0,0.0
108,0431-4.png,0431,Millettia laurentii De Wild.,2250000,28,1238677.3800000001,55.052327999999996,0,0.0,0.0,0.0,0.0,0,0.0,0.0,0.0,0.0,5,12947.560000000001,2589.512,792.5323380594638,0.5754471111111111,0,0.0,0.0,0.0,0.0,2,45722.0,22861.0,3140.7844742675343,2.0320888888888886,0,0.0,0.0,0.0,0.0,0,0.0,0.0,0.0,0.0,0,0.0,0.0,0.0,0.0,8,1094990.37,136873.79625,25917.65760518765,48.66623866666666,0,0.0,0.0,0.0,0.0,0,0.0,0.0,0.0,0.0,0,0.0,0.0,0.0,0.0,13,85017.45000000001,6539.803846153847,3401.8787349799777,3.7785533333333334,0,0.0,0.0,0.0,0.0
109,0431-5.png,0431,Millettia laurentii De Wild.,2250000,32,1253269.69,55.70087511111111,0,0.0,0.0,0.0,0.0,0,0.0,0.0,0.0,0.0,10,44118.04,4411.804,3049.265818598161,1.9608017777777775,0,0.0,0.0,0.0,0.0,1,15673.76,15673.76,0.0,0.6966115555555555,0,0.0,0.0,0.0,0.0,0,0.0,0.0,0.0,0.0,0,0.0,0.0,0.0,0.0,9,1113877.42,123764.15777777777,36603.422311227194,49.50566311111111,0,0.0,0.0,0.0,0.0,0,0.0,0.0,0.0,0.0,0,0.0,0.0,0.0,0.0,12,79600.47,6633.3725,3749.9140068082656,3.537798666666667,0,0.0,0.0,0.0,0.0
110,0431-6.png,0431,Millettia laurentii De Wild.,2250000,23,1304985.9,57.99937333333334,0,0.0,0.0,0.0,0.0,0,0.0,0.0,0.0,0.0,3,27965.79,9321.93,5855.402182506339,1.2429240000000001,0,0.0,0.0,0.0,0.0,0,0.0,0.0,0.0,0.0,0,0.0,0.0,0.0,0.0,0,0.0,0.0,0.0,0.0,0,0.0,0.0,0.0,0.0,8,1172049.17,146506.14625,27661.831252220833,52.091074222222225,0,0.0,0.0,0.0,0.0,0,0.0,0.0,0.0,0.0,0,0.0,0.0,0.0,0.0,12,104970.93999999999,8747.578333333333,4556.568551267167,4.6653751111111115,0,0.0,0.0,0.0,0.0
111,0431-7.png,0431,Millettia laurentii De Wild.,2250000,24,1905097.9600000002,84.67102044444444,0,0.0,0.0,0.0,0.0,0,0.0,0.0,0.0,0.0,5,19643.42,3928.6839999999997,1635.2362343496427,0.873040888888889,0,0.0,0.0,0.0,0.0,0,0.0,0.0,0.0,0.0,0,0.0,0.0,0.0,0.0,0,0.0,0.0,0.0,0.0,0,0.0,0.0,0.0,0.0,9,1807827.12,200869.68000000002,41459.89709828312,80.34787200000001,0,0.0,0.0,0.0,0.0,0,0.0,0.0,0.0,0.0,0,0.0,0.0,0.0,0.0,10,77627.42000000001,7762.742000000001,3112.1000477483944,3.4501075555555563,0,0.0,0.0,0.0,0.0
112,0431-9.png,0431,Millettia laurentii De Wild.,2250000,30,1805892.7000000002,80.26189777777778,0,0.0,0.0,0.0,0.0,0,0.0,0.0,0.0,0.0,4,27517.32,6879.33,2515.375165748972,1.222992,0,0.0,0.0,0.0,0.0,0,0.0,0.0,0.0,0.0,0,0.0,0.0,0.0,0.0,0,0.0,0.0,0.0,0.0,0,0.0,0.0,0.0,0.0,12,1647365.56,137280.46333333332,52153.753250413225,73.2162471111111,0,0.0,0.0,0.0,0.0,0,0.0,0.0,0.0,0.0,0,0.0,0.0,0.0,0.0,14,131009.82,9357.844285714285,3268.573691975221,5.822658666666667,0,0.0,0.0,0.0,0.0
113,0478-10.png,0478,Peltogyne Vogel,2250000,112,1124317.6700000002,49.96967422222222,0,0.0,0.0,0.0,0.0,0,0.0,0.0,0.0,0.0,17,58089.14,3417.0082352941176,1897.7202810946455,2.5817395555555556,0,0.0,0.0,0.0,0.0,35,523546.83000000013,14958.480857142857,7741.807034755164,23.268748000000002,0,0.0,0.0,0.0,0.0,9,231380.22000000003,25708.913333333338,16691.292194107533,10.283565333333334,0,0.0,0.0,0.0,0.0,0,0.0,0.0,0.0,0.0,0,0.0,0.0,0.0,0.0,7,122260.45,17465.77857142857,11757.76197942084,5.433797777777778,0,0.0,0.0,0.0,0.0,44,189041.03,4296.387045454546,1626.6163852419472,8.401823555555554,0,0.0,0.0,0.0,0.0
114,0478-11.png,0478,Peltogyne Vogel,2250000,147,1375000.1499999994,61.111117777777764,0,0.0,0.0,0.0,0.0,0,0.0,0.0,0.0,0.0,20,76313.15000000001,3815.6575000000003,1814.2736311519884,3.3916955555555557,0,0.0,0.0,0.0,0.0,42,577408.7999999999,13747.828571428572,5921.027348767818,25.662613333333333,0,0.0,0.0,0.0,0.0,8,178139.44,22267.43,25599.309647533188,7.917308444444444,1,7013.44,7013.44,0.0,0.31170844444444445,0,0.0,0.0,0.0,0.0,0,0.0,0.0,0.0,0.0,17,305007.94,17941.643529411765,15315.712092003321,13.555908444444444,0,0.0,0.0,0.0,0.0,59,231117.37999999992,3917.243728813559,1833.8547839022121,10.27188355555555,0,0.0,0.0,0.0,0.0
115,0478-14.png,0478,Peltogyne Vogel,2250000,107,1087456.5899999999,48.331404,0,0.0,0.0,0.0,0.0,0,0.0,0.0,0.0,0.0,7,24308.340000000004,3472.6200000000003,1527.4113350698951,1.0803706666666666,0,0.0,0.0,0.0,0.0,40,567463.15,14186.57875,6791.602346894623,25.22058444444445,0,0.0,0.0,0.0,0.0,11,247470.26,22497.296363636364,17162.674460588172,10.998678222222223,0,0.0,0.0,0.0,0.0,0,0.0,0.0,0.0,0.0,0,0.0,0.0,0.0,0.0,5,86620.33,17324.066,12946.666163261105,3.8497924444444447,0,0.0,0.0,0.0,0.0,44,161594.51000000004,3672.6025000000004,1466.8847774935978,7.181978222222225,0,0.0,0.0,0.0,0.0
116,0478-15.png,0478,Peltogyne Vogel,2250000,107,1226293.0199999993,54.501912,0,0.0,0.0,0.0,0.0,0,0.0,0.0,0.0,0.0,7,21232.370000000003,3033.1957142857145,1618.8388460854399,0.9436608888888889,0,0.0,0.0,0.0,0.0,44,688952.1899999998,15658.00431818182,8701.59630219929,30.620097333333334,0,0.0,0.0,0.0,0.0,7,142387.74,20341.105714285713,22904.64708916501,6.3283439999999995,0,0.0,0.0,0.0,0.0,0,0.0,0.0,0.0,0.0,0,0.0,0.0,0.0,0.0,10,207815.40000000002,20781.54,24583.85850940138,9.236239999999997,0,0.0,0.0,0.0,0.0,39,165905.31999999998,4253.982564102564,1404.4557288833466,7.373569777777777,0,0.0,0.0,0.0,0.0
117,0478-2.png,0478,Peltogyne Vogel,2250000,138,1503812.6900000004,66.83611955555557,0,0.0,0.0,0.0,0.0,0,0.0,0.0,0.0,0.0,21,64602.63,3076.315714285714,2254.035502374733,2.8712280000000003,0,0.0,0.0,0.0,0.0,35,525501.5900000001,15014.331142857145,7987.316921118929,23.355626222222224,0,0.0,0.0,0.0,0.0,15,365666.61000000004,24377.774,23000.50226438445,16.251849333333336,0,0.0,0.0,0.0,0.0,0,0.0,0.0,0.0,0.0,0,0.0,0.0,0.0,0.0,13,344271.19,26482.39923076923,18884.79225088469,15.300941777777776,0,0.0,0.0,0.0,0.0,54,203770.66999999995,3773.530925925925,1966.7087337461708,9.05647422222222,0,0.0,0.0,0.0,0.0
118,0478-3.png,0478,Peltogyne Vogel,2250000,96,980864.5100000001,43.59397822222222,0,0.0,0.0,0.0,0.0,0,0.0,0.0,0.0,0.0,6,18803.36,3133.8933333333334,1746.9970943727028,0.8357048888888888,0,0.0,0.0,0.0,0.0,35,524121.9000000001,14974.911428571431,7404.603434839049,23.294306666666667,0,0.0,0.0,0.0,0.0,11,212066.16000000003,19278.74181818182,12236.915361954432,9.425162666666667,0,0.0,0.0,0.0,0.0,0,0.0,0.0,0.0,0.0,0,0.0,0.0,0.0,0.0,4,62559.84999999999,15639.962499999998,9818.117912788834,2.780437777777778,0,0.0,0.0,0.0,0.0,40,163313.23999999996,4082.8309999999997,1282.0018671829278,7.258366222222223,0,0.0,0.0,0.0,0.0
119,0478-5.png,0478,Peltogyne Vogel,2250000,107,1318974.1,58.6210711111111,0,0.0,0.0,0.0,0.0,0,0.0,0.0,0.0,0.0,13,50641.17,3895.4746153846154,1890.2811977702127,2.2507186666666668,0,0.0,0.0,0.0,0.0,38,576582.6600000001,15173.227894736843,8204.66576342904,25.625896,0,0.0,0.0,0.0,0.0,9,257072.56999999998,28563.61888888889,18872.771831080117,11.425447555555554,0,0.0,0.0,0.0,0.0,0,0.0,0.0,0.0,0.0,0,0.0,0.0,0.0,0.0,6,261842.6,43640.433333333334,27151.724587065677,11.63744888888889,0,0.0,0.0,0.0,0.0,41,172835.10000000003,4215.490243902438,1702.141006888806,7.6815599999999975,0,0.0,0.0,0.0,0.0
120,0478-6.png,0478,Peltogyne Vogel,2250000,129,1287549.3900000001,57.224417333333356,0,0.0,0.0,0.0,0.0,0,0.0,0.0,0.0,0.0,12,34099.47,2841.6225,1668.6191161563122,1.5155319999999999,0,0.0,0.0,0.0,0.0,42,561192.1400000001,13361.71761904762,6077.087081956453,24.941872888888895,0,0.0,0.0,0.0,0.0,9,140071.37999999998,15563.486666666668,15789.275460773208,6.225394666666666,0,0.0,0.0,0.0,0.0,0,0.0,0.0,0.0,0.0,0,0.0,0.0,0.0,0.0,12,325568.67000000004,27130.7225,21624.501962742983,14.469718666666665,0,0.0,0.0,0.0,0.0,54,226617.73,4196.624629629629,1788.3113246086223,10.071899111111112,0,0.0,0.0,0.0,0.0
121,0478-7.png,0478,Peltogyne Vogel,2250000,140,1356579.7499999998,60.29243333333332,0,0.0,0.0,0.0,0.0,0,0.0,0.0,0.0,0.0,20,82223.65,4111.182500000001,1901.811277077654,3.654384444444445,0,0.0,0.0,0.0,0.0,41,608582.4999999999,14843.475609756097,5912.250173278804,27.048111111111115,0,0.0,0.0,0.0,0.0,16,259182.94,16198.93375,16347.872942372196,11.519241777777777,0,0.0,0.0,0.0,0.0,0,0.0,0.0,0.0,0.0,0,0.0,0.0,0.0,0.0,9,194026.71,21558.52333333333,18840.600699190167,8.623409333333331,0,0.0,0.0,0.0,0.0,54,212563.94999999998,3936.3694444444445,1885.1909235660755,9.447286666666665,0,0.0,0.0,0.0,0.0
122,0478-8.png,0478,Peltogyne Vogel,2250000,140,1473608.8499999996,65.49372666666669,0,0.0,0.0,0.0,0.0,0,0.0,0.0,0.0,0.0,13,45999.9,3538.4538461538464,2135.1680302595173,2.0444400000000003,0,0.0,0.0,0.0,0.0,50,693068.8400000001,13861.376800000002,7646.686693101187,30.803059555555556,0,0.0,0.0,0.0,0.0,8,130631.08,16328.885,19019.783227810083,5.805825777777778,0,0.0,0.0,0.0,0.0,0,0.0,0.0,0.0,0.0,0,0.0,0.0,0.0,0.0,14,380932.69,27209.477857142858,15832.788749976655,16.930341777777777,0,0.0,0.0,0.0,0.0,55,222976.34000000003,4054.115272727272,2065.392332177589,9.91005955555555,0,0.0,0.0,0.0,0.0
123,0478-9.png,0478,Peltogyne Vogel,2250000,132,1261805.5800000003,56.080248,0,0.0,0.0,0.0,0.0,0,0.0,0.0,0.0,0.0,15,62589.869999999995,4172.657999999999,1782.7819479566201,2.7817719999999997,0,0.0,0.0,0.0,0.0,47,671910.5399999998,14295.968936170211,6834.834467534113,29.862690666666673,0,0.0,0.0,0.0,0.0,13,211093.08,16237.929230769232,15754.187735842102,9.381914666666667,0,0.0,0.0,0.0,0.0,0,0.0,0.0,0.0,0.0,0,0.0,0.0,0.0,0.0,5,91764.81,18352.962,19522.779451579634,4.078436,0,0.0,0.0,0.0,0.0,52,224447.28000000003,4316.293846153847,1608.4192000467524,9.975434666666667,0,0.0,0.0,0.0,0.0
124,0530-3.png,0530,Pterocarpus soyauxii Taub.,2250000,25,561710.3600000001,24.964904888888885,0,0.0,0.0,0.0,0.0,0,0.0,0.0,0.0,0.0,0,0.0,0.0,0.0,0.0,0,0.0,0.0,0.0,0.0,0,0.0,0.0,0.0,0.0,3,81679.7,27226.566666666666,2809.5648034230016,3.630208888888889,0,0.0,0.0,0.0,0.0,0,0.0,0.0,0.0,0.0,7,325060.14,46437.16285714286,21532.852643398735,14.447117333333333,5,78295.82,15659.164,8762.43305096992,3.479814222222222,0,0.0,0.0,0.0,0.0,0,0.0,0.0,0.0,0.0,10,76674.69999999998,7667.469999999999,3996.014094847793,3.407764444444445,0,0.0,0.0,0.0,0.0
125,0530-4.png,0530,Pterocarpus soyauxii Taub.,2250000,25,573121.55,25.472068888888888,0,0.0,0.0,0.0,0.0,0,0.0,0.0,0.0,0.0,0,0.0,0.0,0.0,0.0,0,0.0,0.0,0.0,0.0,1,14536.5,14536.5,0.0,0.6460666666666667,1,26341.44,26341.44,0.0,1.1707306666666666,0,0.0,0.0,0.0,0.0,0,0.0,0.0,0.0,0.0,11,453490.74,41226.43090909091,7489.968223875792,20.155144,1,12216.93,12216.93,0.0,0.5429746666666666,0,0.0,0.0,0.0,0.0,0,0.0,0.0,0.0,0.0,11,66535.94,6048.72181818182,4736.9756796458605,2.9571528888888885,0,0.0,0.0,0.0,0.0
126,0530-5.png,0530,Pterocarpus soyauxii Taub.,2250000,20,492195.00999999995,21.87533377777778,0,0.0,0.0,0.0,0.0,0,0.0,0.0,0.0,0.0,0,0.0,0.0,0.0,0.0,0,0.0,0.0,0.0,0.0,0,0.0,0.0,0.0,0.0,2,61719.78,30859.89,11562.482806741813,2.7431013333333336,0,0.0,0.0,0.0,0.0,0,0.0,0.0,0.0,0.0,8,317705.51,39713.18875,14102.020986160042,14.12024488888889,1,39680.6,39680.6,0.0,1.7635822222222222,0,0.0,0.0,0.0,0.0,0,0.0,0.0,0.0,0.0,9,73089.12000000001,8121.013333333334,1852.223029180071,3.248405333333334,0,0.0,0.0,0.0,0.0
127,0530-6.png,0530,Pterocarpus soyauxii Taub.,2250000,28,520112.49000000005,23.116110666666668,0,0.0,0.0,0.0,0.0,0,0.0,0.0,0.0,0.0,1,8800.86,8800.86,0.0,0.39114933333333335,0,0.0,0.0,0.0,0.0,0,0.0,0.0,0.0,0.0,3,46438.7,15479.566666666666,8817.857476770268,2.063942222222222,0,0.0,0.0,0.0,0.0,0,0.0,0.0,0.0,0.0,9,280392.75,31154.75,20375.885627912594,12.461900000000002,7,138227.09,19746.727142857144,13448.274599689625,6.143426222222223,0,0.0,0.0,0.0,0.0,0,0.0,0.0,0.0,0.0,8,46253.09,5781.63625,4280.7952162584315,2.0556928888888892,0,0.0,0.0,0.0,0.0
128,0530-7.png,0530,Pterocarpus soyauxii Taub.,2250000,26,811587.0899999999,36.070537333333334,0,0.0,0.0,0.0,0.0,0,0.0,0.0,0.0,0.0,0,0.0,0.0,0.0,0.0,0,0.0,0.0,0.0,0.0,0,0.0,0.0,0.0,0.0,1,24811.51,24811.51,0.0,1.1027337777777777,0,0.0,0.0,0.0,0.0,0,0.0,0.0,0.0,0.0,11,476990.11,43362.737272727274,6323.240201730583,21.199560444444444,7,262071.13,37438.73285714286,7595.886630281582,11.647605777777779,0,0.0,0.0,0.0,0.0,0,0.0,0.0,0.0,0.0,7,47714.340000000004,6816.334285714286,4750.410310407783,2.1206373333333337,0,0.0,0.0,0.0,0.0
129,0530-8.png,0530,Pterocarpus soyauxii Taub.,2250000,34,700800.06,31.146669333333335,0,0.0,0.0,0.0,0.0,0,0.0,0.0,0.0,0.0,0,0.0,0.0,0.0,0.0,0,0.0,0.0,0.0,0.0,0,0.0,0.0,0.0,0.0,4,70055.0,17513.75,8318.229689859898,3.1135555555555556,0,0.0,0.0,0.0,0.0,0,0.0,0.0,0.0,0.0,11,397715.83,36155.98454545455,11710.725573066225,17.67625911111111,8,156781.55000000002,19597.69375,10668.93325609981,6.968068888888889,0,0.0,0.0,0.0,0.0,0,0.0,0.0,0.0,0.0,11,76247.68,6931.607272727272,4273.223921525973,3.3887857777777777,0,0.0,0.0,0.0,0.0
130,0530-9.png,0530,Pterocarpus soyauxii Taub.,2250000,32,570401.7799999998,25.35119022222223,0,0.0,0.0,0.0,0.0,0,0.0,0.0,0.0,0.0,2,11351.11,5675.555,1913.2965996023725,0.5044937777777778,0,0.0,0.0,0.0,0.0,0,0.0,0.0,0.0,0.0,4,87265.14,21816.285,14037.906173819749,3.8784506666666667,0,0.0,0.0,0.0,0.0,0,0.0,0.0,0.0,0.0,13,388569.47000000003,29889.959230769233,15198.02072077066,17.269754222222225,0,0.0,0.0,0.0,0.0,0,0.0,0.0,0.0,0.0,0,0.0,0.0,0.0,0.0,13,83216.06000000001,6401.235384615386,3948.485553013998,3.6984915555555555,0,0.0,0.0,0.0,0.0
131,0541-13.png,0541,Pterygota macrocarpa K. Schum.,2250000,30,1099629.52,48.87242311111111,0,0.0,0.0,0.0,0.0,0,0.0,0.0,0.0,0.0,0,0.0,0.0,0.0,0.0,0,0.0,0.0,0.0,0.0,0,0.0,0.0,0.0,0.0,0,0.0,0.0,0.0,0.0,0,0.0,0.0,0.0,0.0,0,0.0,0.0,0.0,0.0,17,1026508.2100000002,60382.83588235295,24616.520931155173,45.622587111111116,0,0.0,0.0,0.0,0.0,0,0.0,0.0,0.0,0.0,0,0.0,0.0,0.0,0.0,13,73121.31,5624.716153846153,1242.8892113575425,3.2498359999999997,0,0.0,0.0,0.0,0.0
132,0541-14.png,0541,Pterygota macrocarpa K. Schum.,2250000,27,1296807.3,57.63588,0,0.0,0.0,0.0,0.0,0,0.0,0.0,0.0,0.0,0,0.0,0.0,0.0,0.0,0,0.0,0.0,0.0,0.0,0,0.0,0.0,0.0,0.0,0,0.0,0.0,0.0,0.0,0,0.0,0.0,0.0,0.0,0,0.0,0.0,0.0,0.0,15,1234909.4200000002,82327.29466666667,30865.58773815379,54.884863111111116,0,0.0,0.0,0.0,0.0,0,0.0,0.0,0.0,0.0,0,0.0,0.0,0.0,0.0,12,61897.88,5158.156666666667,1199.1592928027333,2.7510168888888886,0,0.0,0.0,0.0,0.0
133,0541-2.png,0541,Pterygota macrocarpa K. Schum.,2250000,31,1409528.7199999997,62.6457208888889,0,0.0,0.0,0.0,0.0,0,0.0,0.0,0.0,0.0,0,0.0,0.0,0.0,0.0,0,0.0,0.0,0.0,0.0,0,0.0,0.0,0.0,0.0,0,0.0,0.0,0.0,0.0,0,0.0,0.0,0.0,0.0,0,0.0,0.0,0.0,0.0,16,1315148.23,82196.764375,34670.41387527738,58.45103244444445,0,0.0,0.0,0.0,0.0,0,0.0,0.0,0.0,0.0,0,0.0,0.0,0.0,0.0,15,94380.49,6292.032666666667,2118.5848024817574,4.194688444444444,0,0.0,0.0,0.0,0.0
134,0541-3.png,0541,Pterygota macrocarpa K. Schum.,2250000,29,967111.2299999999,42.98272133333334,0,0.0,0.0,0.0,0.0,0,0.0,0.0,0.0,0.0,0,0.0,0.0,0.0,0.0,0,0.0,0.0,0.0,0.0,0,0.0,0.0,0.0,0.0,0,0.0,0.0,0.0,0.0,0,0.0,0.0,0.0,0.0,0,0.0,0.0,0.0,0.0,13,867421.0299999999,66724.69461538461,50933.329170377656,38.55204577777778,0,0.0,0.0,0.0,0.0,0,0.0,0.0,0.0,0.0,0,0.0,0.0,0.0,0.0,16,99690.19999999998,6230.6375,2258.4795644459573,4.430675555555556,0,0.0,0.0,0.0,0.0
135,0541-4.png,0541,Pterygota macrocarpa K. Schum.,2250000,27,950610.26,42.24934488888889,0,0.0,0.0,0.0,0.0,0,0.0,0.0,0.0,0.0,0,0.0,0.0,0.0,0.0,0,0.0,0.0,0.0,0.0,0,0.0,0.0,0.0,0.0,0,0.0,0.0,0.0,0.0,0,0.0,0.0,0.0,0.0,0,0.0,0.0,0.0,0.0,16,875645.74,54727.85875,36608.70313147715,38.91758844444445,0,0.0,0.0,0.0,0.0,0,0.0,0.0,0.0,0.0,0,0.0,0.0,0.0,0.0,11,74964.51999999999,6814.956363636363,1155.4734205274713,3.3317564444444434,0,0.0,0.0,0.0,0.0
136,0541-5.png,0541,Pterygota macrocarpa K. Schum.,2250000,38,1588234.6500000004,70.58820666666666,0,0.0,0.0,0.0,0.0,0,0.0,0.0,0.0,0.0,0,0.0,0.0,0.0,0.0,0,0.0,0.0,0.0,0.0,0,0.0,0.0,0.0,0.0,0,0.0,0.0,0.0,0.0,0,0.0,0.0,0.0,0.0,0,0.0,0.0,0.0,0.0,22,1506560.3000000003,68480.01363636364,26987.46032525398,66.95823555555555,0,0.0,0.0,0.0,0.0,0,0.0,0.0,0.0,0.0,0,0.0,0.0,0.0,0.0,16,81674.35000000002,5104.646874999999,2627.9157978588755,3.6299711111111104,0,0.0,0.0,0.0,0.0
137,0541-6.png,0541,Pterygota macrocarpa K. Schum.,2250000,43,1556913.9899999998,69.19617733333332,0,0.0,0.0,0.0,0.0,0,0.0,0.0,0.0,0.0,0,0.0,0.0,0.0,0.0,0,0.0,0.0,0.0,0.0,0,0.0,0.0,0.0,0.0,0,0.0,0.0,0.0,0.0,0,0.0,0.0,0.0,0.0,0,0.0,0.0,0.0,0.0,21,1422610.4099999997,67743.35285714285,41371.01809313075,63.22712933333332,0,0.0,0.0,0.0,0.0,0,0.0,0.0,0.0,0.0,0,0.0,0.0,0.0,0.0,22,134303.58000000002,6104.708181818182,2449.4470462489057,5.969048000000001,0,0.0,0.0,0.0,0.0
138,0541-7.png,0541,Pterygota macrocarpa K. Schum.,2250000,28,1147574.53,51.00331244444445,0,0.0,0.0,0.0,0.0,0,0.0,0.0,0.0,0.0,0,0.0,0.0,0.0,0.0,0,0.0,0.0,0.0,0.0,0,0.0,0.0,0.0,0.0,0,0.0,0.0,0.0,0.0,0,0.0,0.0,0.0,0.0,0,0.0,0.0,0.0,0.0,13,1073290.21,82560.78538461539,47139.612536663124,47.701787111111116,0,0.0,0.0,0.0,0.0,0,0.0,0.0,0.0,0.0,0,0.0,0.0,0.0,0.0,15,74284.31999999999,4952.288,2220.358921349686,3.3015253333333336,0,0.0,0.0,0.0,0.0
139,0541-8.png,0541,Pterygota macrocarpa K. Schum.,2250000,32,1208334.0599999998,53.703736000000006,0,0.0,0.0,0.0,0.0,0,0.0,0.0,0.0,0.0,0,0.0,0.0,0.0,0.0,0,0.0,0.0,0.0,0.0,0,0.0,0.0,0.0,0.0,0,0.0,0.0,0.0,0.0,0,0.0,0.0,0.0,0.0,0,0.0,0.0,0.0,0.0,19,1133311.6199999996,59647.979999999996,28752.49920342346,50.36940533333333,0,0.0,0.0,0.0,0.0,0,0.0,0.0,0.0,0.0,0,0.0,0.0,0.0,0.0,13,75022.43999999999,5770.956923076922,2228.162600243321,3.3343306666666668,0,0.0,0.0,0.0,0.0
140,0541-9.png,0541,Pterygota macrocarpa K. Schum.,2250000,27,1249717.3499999999,55.542993333333335,0,0.0,0.0,0.0,0.0,0,0.0,0.0,0.0,0.0,0,0.0,0.0,0.0,0.0,0,0.0,0.0,0.0,0.0,0,0.0,0.0,0.0,0.0,0,0.0,0.0,0.0,0.0,0,0.0,0.0,0.0,0.0,0,0.0,0.0,0.0,0.0,19,1201571.7,63240.61578947368,37590.87411140462,53.40318666666666,0,0.0,0.0,0.0,0.0,0,0.0,0.0,0.0,0.0,0,0.0,0.0,0.0,0.0,8,48145.649999999994,6018.206249999999,2153.367873242401,2.139806666666667,0,0.0,0.0,0.0,0.0
141,0550-5.png,0550,Quercus mongolica Fisch. ex Ledeb.,2250000,99,924801.9800000001,41.10231022222222,15,383714.67,25580.978000000003,11150.500005500204,17.053985333333333,12,82057.34999999999,6838.112499999999,2787.129682262332,3.6469933333333335,0,0.0,0.0,0.0,0.0,0,0.0,0.0,0.0,0.0,0,0.0,0.0,0.0,0.0,0,0.0,0.0,0.0,0.0,0,0.0,0.0,0.0,0.0,0,0.0,0.0,0.0,0.0,0,0.0,0.0,0.0,0.0,44,168569.28999999995,3831.1202272727273,1412.7389132980159,7.491968444444446,0,0.0,0.0,0.0,0.0,0,0.0,0.0,0.0,0.0,26,144883.24,5572.432307692307,3599.638936357154,6.43925511111111,2,145577.43,72788.715,13456.81480247276,6.470108
142,0550-6.png,0550,Quercus mongolica Fisch. ex Ledeb.,2250000,99,1110129.9099999997,49.339107111111105,16,367829.5800000001,22989.34875,13080.627710915036,16.347981333333333,7,43333.770000000004,6190.538571428572,2554.436300454751,1.9259453333333332,0,0.0,0.0,0.0,0.0,0,0.0,0.0,0.0,0.0,0,0.0,0.0,0.0,0.0,0,0.0,0.0,0.0,0.0,0,0.0,0.0,0.0,0.0,0,0.0,0.0,0.0,0.0,0,0.0,0.0,0.0,0.0,41,160869.27999999997,3923.640975609756,1911.7011978651435,7.149745777777779,0,0.0,0.0,0.0,0.0,0,0.0,0.0,0.0,0.0,30,195931.08999999997,6531.0363333333335,3268.9825241507997,8.708048444444444,5,342166.19,68433.238,19450.14864408676,15.207386222222226
143,0550-7.png,0550,Quercus mongolica Fisch. ex Ledeb.,2250000,95,1331591.17,59.18182977777777,20,562572.9199999999,28128.645999999997,12787.68058174923,25.00324088888889,14,81885.69000000002,5848.977857142857,3508.0197014295873,3.6393640000000005,0,0.0,0.0,0.0,0.0,0,0.0,0.0,0.0,0.0,0,0.0,0.0,0.0,0.0,0,0.0,0.0,0.0,0.0,0,0.0,0.0,0.0,0.0,0,0.0,0.0,0.0,0.0,0,0.0,0.0,0.0,0.0,26,90638.26,3486.086923076923,1576.747546602865,4.028367111111111,0,0.0,0.0,0.0,0.0,0,0.0,0.0,0.0,0.0,25,121744.37999999999,4869.7752,3638.3740298920156,5.410861333333333,10,474749.92000000004,47474.992000000006,10722.873289961666,21.099996444444443
144,0621-10.png,0621,Tectona grandis L.,2250000,34,95142.24000000002,4.228544,0,0.0,0.0,0.0,0.0,4,9007.93,2251.9825,960.0089085827972,0.4003524444444445,0,0.0,0.0,0.0,0.0,0,0.0,0.0,0.0,0.0,0,0.0,0.0,0.0,0.0,0,0.0,0.0,0.0,0.0,0,0.0,0.0,0.0,0.0,0,0.0,0.0,0.0,0.0,0,0.0,0.0,0.0,0.0,0,0.0,0.0,0.0,0.0,0,0.0,0.0,0.0,0.0,0,0.0,0.0,0.0,0.0,30,86134.31000000003,2871.1436666666673,1070.642443026723,3.8281915555555557,0,0.0,0.0,0.0,0.0
145,0621-13.png,0621,Tectona grandis L.,2250000,36,107899.90999999999,4.795551555555555,0,0.0,0.0,0.0,0.0,4,11855.36,2963.84,1534.2748325511961,0.526904888888889,0,0.0,0.0,0.0,0.0,0,0.0,0.0,0.0,0.0,0,0.0,0.0,0.0,0.0,0,0.0,0.0,0.0,0.0,0,0.0,0.0,0.0,0.0,0,0.0,0.0,0.0,0.0,0,0.0,0.0,0.0,0.0,0,0.0,0.0,0.0,0.0,2,10408.039999999999,5204.0199999999995,2624.1439756613963,0.4625795555555556,0,0.0,0.0,0.0,0.0,30,85636.50999999998,2854.550333333333,1875.3544507445708,3.80606711111111,0,0.0,0.0,0.0,0.0
146,0621-3.png,0621,Tectona grandis L.,2250000,42,182208.86999999997,8.098172000000002,0,0.0,0.0,0.0,0.0,4,14415.26,3603.815,2124.1104205211805,0.6406782222222223,18,40563.560000000005,2253.5311111111114,1148.1630233340709,1.8028248888888887,0,0.0,0.0,0.0,0.0,0,0.0,0.0,0.0,0.0,0,0.0,0.0,0.0,0.0,0,0.0,0.0,0.0,0.0,0,0.0,0.0,0.0,0.0,0,0.0,0.0,0.0,0.0,0,0.0,0.0,0.0,0.0,2,39739.61,19869.805,13050.185976883624,1.766204888888889,0,0.0,0.0,0.0,0.0,18,87490.44000000002,4860.58,3791.302055501126,3.888464,0,0.0,0.0,0.0,0.0
147,0621-4.png,0621,Tectona grandis L.,2250000,30,164336.80999999994,7.303858222222224,0,0.0,0.0,0.0,0.0,5,27831.67,5566.334,2597.3568795084743,1.236963111111111,4,15333.650000000001,3833.4125000000004,747.2270868294767,0.6814955555555555,0,0.0,0.0,0.0,0.0,0,0.0,0.0,0.0,0.0,0,0.0,0.0,0.0,0.0,0,0.0,0.0,0.0,0.0,0,0.0,0.0,0.0,0.0,0,0.0,0.0,0.0,0.0,0,0.0,0.0,0.0,0.0,2,25292.160000000003,12646.080000000002,1458.1107513491559,1.124096,0,0.0,0.0,0.0,0.0,19,95879.32999999999,5046.28052631579,3520.575352557959,4.261303555555555,0,0.0,0.0,0.0,0.0
148,0621-5.png,0621,Tectona grandis L.,2250000,34,122203.58000000002,5.431270222222223,0,0.0,0.0,0.0,0.0,2,7681.85,3840.925,144.14371734487764,0.3414155555555556,9,21203.39,2355.932222222222,1027.8154964994662,0.9423728888888889,0,0.0,0.0,0.0,0.0,0,0.0,0.0,0.0,0.0,0,0.0,0.0,0.0,0.0,0,0.0,0.0,0.0,0.0,0,0.0,0.0,0.0,0.0,0,0.0,0.0,0.0,0.0,0,0.0,0.0,0.0,0.0,3,32609.23,10869.743333333334,500.318823384983,1.449299111111111,0,0.0,0.0,0.0,0.0,20,60709.11,3035.4555000000005,1515.584272363823,2.698182666666667,0,0.0,0.0,0.0,0.0
149,0621-6.png,0621,Tectona grandis L.,2250000,27,137073.77000000002,6.092167555555557,0,0.0,0.0,0.0,0.0,2,8201.12,4100.56,4362.198301682307,0.3644942222222222,3,9848.0,3282.6666666666665,327.1789348862995,0.4376888888888889,0,0.0,0.0,0.0,0.0,0,0.0,0.0,0.0,0.0,0,0.0,0.0,0.0,0.0,0,0.0,0.0,0.0,0.0,0,0.0,0.0,0.0,0.0,0,0.0,0.0,0.0,0.0,0,0.0,0.0,0.0,0.0,3,45701.619999999995,15233.873333333331,7248.135323352712,2.0311831111111114,0,0.0,0.0,0.0,0.0,19,73323.03000000001,3859.1068421052632,1545.9020172488028,3.2588013333333334,0,0.0,0.0,0.0,0.0
150,0621-7.png,0621,Tectona grandis L.,2250000,30,116519.44,5.178641777777778,0,0.0,0.0,0.0,0.0,3,13379.93,4459.9766666666665,2644.355956945534,0.5946635555555556,1,3759.38,3759.38,0.0,0.16708355555555557,0,0.0,0.0,0.0,0.0,0,0.0,0.0,0.0,0.0,0,0.0,0.0,0.0,0.0,0,0.0,0.0,0.0,0.0,0,0.0,0.0,0.0,0.0,0,0.0,0.0,0.0,0.0,0,0.0,0.0,0.0,0.0,0,0.0,0.0,0.0,0.0,0,0.0,0.0,0.0,0.0,26,99380.13,3822.3126923076925,1683.5018592316617,4.416894666666667,0,0.0,0.0,0.0,0.0
151,0621-8.png,0621,Tectona grandis L.,2250000,29,165549.2,7.357742222222223,0,0.0,0.0,0.0,0.0,2,7088.540000000001,3544.2700000000004,2384.420634703534,0.3150462222222222,1,1922.61,1922.61,0.0,0.08544933333333332,0,0.0,0.0,0.0,0.0,0,0.0,0.0,0.0,0.0,0,0.0,0.0,0.0,0.0,0,0.0,0.0,0.0,0.0,0,0.0,0.0,0.0,0.0,0,0.0,0.0,0.0,0.0,0,0.0,0.0,0.0,0.0,2,80717.33,40358.665,1738.8109302767818,3.587436888888889,0,0.0,0.0,0.0,0.0,24,75820.72000000002,3159.1966666666667,3274.2292538519214,3.3698097777777773,0,0.0,0.0,0.0,0.0
152,0621-9.png,0621,Tectona grandis L.,2250000,28,123384.83000000002,5.483770222222223,0,0.0,0.0,0.0,0.0,0,0.0,0.0,0.0,0.0,3,5517.84,1839.28,584.6363939236078,0.24523733333333333,0,0.0,0.0,0.0,0.0,0,0.0,0.0,0.0,0.0,0,0.0,0.0,0.0,0.0,0,0.0,0.0,0.0,0.0,0,0.0,0.0,0.0,0.0,0,0.0,0.0,0.0,0.0,0,0.0,0.0,0.0,0.0,1,6004.93,6004.93,0.0,0.26688577777777783,0,0.0,0.0,0.0,0.0,24,111862.06000000001,4660.919166666667,3809.754364476987,4.9716471111111105,0,0.0,0.0,0.0,0.0
153,0258-11.jpg,0258,Entandrophragma cylindricum (Sprague) Sprague,2250000,146,876393.6100000002,38.95082711111112,0,0.0,0.0,0.0,0.0,0,0.0,0.0,0.0,0.0,18,53187.17,2954.842777777778,849.9364362378938,2.363874222222222,76,495305.31000000006,6517.175131578947,4501.944811973152,22.013569333333333,0,0.0,0.0,0.0,0.0,0,0.0,0.0,0.0,0.0,5,69164.52,13832.904,7593.440893822773,3.0739786666666666,0,0.0,0.0,0.0,0.0,0,0.0,0.0,0.0,0.0,0,0.0,0.0,0.0,0.0,2,123529.68,61764.84,1667.4992113941196,5.490208,0,0.0,0.0,0.0,0.0,45,135206.93000000002,3004.598444444445,1647.811333718644,6.009196888888889,0,0.0,0.0,0.0,0.0
154,0258-12.jpg,0258,Entandrophragma cylindricum (Sprague) Sprague,2250000,153,799088.0,35.51502222222221,0,0.0,0.0,0.0,0.0,0,0.0,0.0,0.0,0.0,21,44347.65000000001,2111.7928571428574,660.3150367297633,1.9710066666666668,83,577669.4800000002,6959.87325301205,4561.013323047827,25.674199111111122,0,0.0,0.0,0.0,0.0,0,0.0,0.0,0.0,0.0,4,35157.32,8789.33,6216.707949684194,1.5625475555555557,0,0.0,0.0,0.0,0.0,0,0.0,0.0,0.0,0.0,0,0.0,0.0,0.0,0.0,0,0.0,0.0,0.0,0.0,0,0.0,0.0,0.0,0.0,45,141913.55000000002,3153.634444444445,1391.8046003750858,6.307268888888888,0,0.0,0.0,0.0,0.0
155,0258-2.jpg,0258,Entandrophragma cylindricum (Sprague) Sprague,2250000,165,956933.9199999998,42.53039644444447,0,0.0,0.0,0.0,0.0,0,0.0,0.0,0.0,0.0,14,37076.71000000001,2648.336428571429,711.3199242968302,1.647853777777778,85,475705.8799999999,5596.539764705882,4789.515670102715,21.142483555555557,0,0.0,0.0,0.0,0.0,0,0.0,0.0,0.0,0.0,2,31475.18,15737.59,6910.483861858012,1.3988968888888889,0,0.0,0.0,0.0,0.0,0,0.0,0.0,0.0,0.0,0,0.0,0.0,0.0,0.0,5,215186.12,43037.224,10119.65434091155,9.563827555555555,0,0.0,0.0,0.0,0.0,59,197490.0299999999,3347.288644067796,1507.463681247707,8.77733466666667,0,0.0,0.0,0.0,0.0
156,0258-3.jpg,0258,Entandrophragma cylindricum (Sprague) Sprague,2250000,156,829135.1599999997,36.850451555555544,0,0.0,0.0,0.0,0.0,0,0.0,0.0,0.0,0.0,19,44796.100000000006,2357.689473684211,990.9833943303977,1.990937777777778,70,368125.6900000002,5258.938428571429,5076.676444915351,16.361141777777775,0,0.0,0.0,0.0,0.0,0,0.0,0.0,0.0,0.0,5,77717.54000000001,15543.508000000002,7275.298068692444,3.454112888888889,0,0.0,0.0,0.0,0.0,0,0.0,0.0,0.0,0.0,0,0.0,0.0,0.0,0.0,3,154925.46,51641.82,1647.7957605237382,6.885576,0,0.0,0.0,0.0,0.0,59,183570.37000000008,3111.3622033898305,1656.0350316343656,8.158683111111108,0,0.0,0.0,0.0,0.0
157,0258-6.jpg,0258,Entandrophragma cylindricum (Sprague) Sprague,2250000,143,928396.2299999999,41.26205466666667,0,0.0,0.0,0.0,0.0,0,0.0,0.0,0.0,0.0,11,30689.82,2789.983636363636,687.1256316900532,1.3639919999999999,79,533374.4400000001,6751.575189873419,4955.554501759088,23.705530666666668,0,0.0,0.0,0.0,0.0,0,0.0,0.0,0.0,0.0,4,48817.28999999999,12204.322499999998,10082.756753968215,2.1696573333333333,0,0.0,0.0,0.0,0.0,0,0.0,0.0,0.0,0.0,0,0.0,0.0,0.0,0.0,3,147098.78,49032.926666666666,5723.011970399268,6.537723555555555,0,0.0,0.0,0.0,0.0,46,168415.90000000002,3661.215217391304,1493.8197384196571,7.485151111111112,0,0.0,0.0,0.0,0.0
158,0258-7.jpg,0258,Entandrophragma cylindricum (Sprague) Sprague,2250000,175,884646.12,39.31760533333335,0,0.0,0.0,0.0,0.0,0,0.0,0.0,0.0,0.0,21,58503.26000000001,2785.869523809524,968.4905935912656,2.600144888888889,94,516365.9800000002,5493.255106382979,4824.305428074148,22.94959911111112,0,0.0,0.0,0.0,0.0,0,0.0,0.0,0.0,0.0,2,23561.6,11780.8,10114.992799246078,1.0471822222222222,0,0.0,0.0,0.0,0.0,0,0.0,0.0,0.0,0.0,0,0.0,0.0,0.0,0.0,3,96778.39000000001,32259.463333333337,22869.628033445,4.3012617777777775,0,0.0,0.0,0.0,0.0,55,189436.88999999998,3444.307090909091,1748.3005318474416,8.419417333333334,0,0.0,0.0,0.0,0.0
159,0258-8.jpg,0258,Entandrophragma cylindricum (Sprague) Sprague,2250000,170,913659.0799999997,40.60707022222223,0,0.0,0.0,0.0,0.0,0,0.0,0.0,0.0,0.0,22,47275.55,2148.8886363636366,1054.1960951779931,2.101135555555555,97,583886.8499999997,6019.452061855669,4594.383328133961,25.95052666666666,0,0.0,0.0,0.0,0.0,0,0.0,0.0,0.0,0.0,3,37733.32,12577.773333333333,7388.694007477461,1.6770364444444446,0,0.0,0.0,0.0,0.0,0,0.0,0.0,0.0,0.0,0,0.0,0.0,0.0,0.0,3,103005.41,34335.136666666665,9109.034113078804,4.578018222222222,0,0.0,0.0,0.0,0.0,45,141757.95,3150.1766666666667,1758.842003987541,6.300353333333333,0,0.0,0.0,0.0,0.0
160,0258-9.jpg,0258,Entandrophragma cylindricum (Sprague) Sprague,2250000,133,789406.2899999996,35.084724000000016,0,0.0,0.0,0.0,0.0,0,0.0,0.0,0.0,0.0,20,52970.42000000001,2648.5210000000006,977.4892581393898,2.354240888888889,70,455663.32999999996,6509.476142857143,5120.55775600335,20.251703555555558,0,0.0,0.0,0.0,0.0,0,0.0,0.0,0.0,0.0,4,47258.37,11814.5925,9948.151661745596,2.1003719999999997,0,0.0,0.0,0.0,0.0,0,0.0,0.0,0.0,0.0,0,0.0,0.0,0.0,0.0,2,111612.08,55806.04,5481.958458233702,4.960536888888889,0,0.0,0.0,0.0,0.0,37,121902.09000000004,3294.6510810810814,1625.9477776494678,5.417870666666668,0,0.0,0.0,0.0,0.0
161,0259-1.jpg,0259,Entandrophragma utile (Dawe & Sprague) Sprague,2250000,41,265902.42,11.817885333333333,0,0.0,0.0,0.0,0.0,0,0.0,0.0,0.0,0.0,6,19976.02,3329.3366666666666,2773.936236899952,0.887823111111111,5,27454.02,5490.804,5170.778281857577,1.2201786666666667,0,0.0,0.0,0.0,0.0,2,40502.43,20251.215,6585.7874990049595,1.800108,0,0.0,0.0,0.0,0.0,0,0.0,0.0,0.0,0.0,0,0.0,0.0,0.0,0.0,0,0.0,0.0,0.0,0.0,1,33465.39,33465.39,0.0,1.4873506666666667,0,0.0,0.0,0.0,0.0,27,144504.56,5352.020740740741,2083.6812618424333,6.422424888888887,0,0.0,0.0,0.0,0.0
162,0259-2.jpg,0259,Entandrophragma utile (Dawe & Sprague) Sprague,2250000,36,203870.41999999995,9.060907555555556,0,0.0,0.0,0.0,0.0,0,0.0,0.0,0.0,0.0,5,14601.94,2920.388,1685.7393462573032,0.6489751111111112,2,10800.720000000001,5400.360000000001,5294.575161219265,0.480032,0,0.0,0.0,0.0,0.0,1,6569.27,6569.27,0.0,0.29196755555555554,0,0.0,0.0,0.0,0.0,0,0.0,0.0,0.0,0.0,0,0.0,0.0,0.0,0.0,0,0.0,0.0,0.0,0.0,0,0.0,0.0,0.0,0.0,0,0.0,0.0,0.0,0.0,28,171898.49,6139.231785714284,2248.292183583655,7.639932888888889,0,0.0,0.0,0.0,0.0
163,0259-6.jpg,0259,Entandrophragma utile (Dawe & Sprague) Sprague,2250000,42,209687.63000000003,9.319450222222224,0,0.0,0.0,0.0,0.0,0,0.0,0.0,0.0,0.0,7,27667.53,3952.5042857142857,934.1269900261087,1.229668,0,0.0,0.0,0.0,0.0,0,0.0,0.0,0.0,0.0,1,15712.38,15712.38,0.0,0.698328,0,0.0,0.0,0.0,0.0,0,0.0,0.0,0.0,0.0,0,0.0,0.0,0.0,0.0,0,0.0,0.0,0.0,0.0,2,12677.2,6338.6,473.3938478687702,0.563431111111111,0,0.0,0.0,0.0,0.0,32,153630.52000000005,4800.953750000001,2766.0928725337944,6.82802311111111,0,0.0,0.0,0.0,0.0
164,0080-10.jpg,0080,Betula papyrifera Marshall,2250000,99,114549.66,5.091096,0,0.0,0.0,0.0,0.0,0,0.0,0.0,0.0,0.0,0,0.0,0.0,0.0,0.0,0,0.0,0.0,0.0,0.0,0,0.0,0.0,0.0,0.0,0,0.0,0.0,0.0,0.0,0,0.0,0.0,0.0,0.0,0,0.0,0.0,0.0,0.0,0,0.0,0.0,0.0,0.0,0,0.0,0.0,0.0,0.0,0,0.0,0.0,0.0,0.0,0,0.0,0.0,0.0,0.0,99,114549.66,1157.0672727272727,330.3586065135706,5.091096,0,0.0,0.0,0.0,0.0
165,0080-2.jpg,0080,Betula papyrifera Marshall,2250000,82,101566.69000000003,4.514075111111111,0,0.0,0.0,0.0,0.0,0,0.0,0.0,0.0,0.0,0,0.0,0.0,0.0,0.0,0,0.0,0.0,0.0,0.0,0,0.0,0.0,0.0,0.0,0,0.0,0.0,0.0,0.0,0,0.0,0.0,0.0,0.0,0,0.0,0.0,0.0,0.0,0,0.0,0.0,0.0,0.0,0,0.0,0.0,0.0,0.0,0,0.0,0.0,0.0,0.0,0,0.0,0.0,0.0,0.0,82,101566.69000000003,1238.618170731707,434.82146326835647,4.514075111111111,0,0.0,0.0,0.0,0.0
166,0080-4.jpg,0080,Betula papyrifera Marshall,2250000,94,114804.98999999996,5.102444000000004,0,0.0,0.0,0.0,0.0,0,0.0,0.0,0.0,0.0,0,0.0,0.0,0.0,0.0,0,0.0,0.0,0.0,0.0,0,0.0,0.0,0.0,0.0,0,0.0,0.0,0.0,0.0,0,0.0,0.0,0.0,0.0,0,0.0,0.0,0.0,0.0,0,0.0,0.0,0.0,0.0,0,0.0,0.0,0.0,0.0,0,0.0,0.0,0.0,0.0,0,0.0,0.0,0.0,0.0,94,114804.98999999996,1221.3296808510638,395.1818044450088,5.102444000000004,0,0.0,0.0,0.0,0.0
167,0080-5.jpg,0080,Betula papyrifera Marshall,2250000,88,102860.48999999999,4.571577333333336,0,0.0,0.0,0.0,0.0,0,0.0,0.0,0.0,0.0,0,0.0,0.0,0.0,0.0,0,0.0,0.0,0.0,0.0,0,0.0,0.0,0.0,0.0,0,0.0,0.0,0.0,0.0,0,0.0,0.0,0.0,0.0,0,0.0,0.0,0.0,0.0,0,0.0,0.0,0.0,0.0,0,0.0,0.0,0.0,0.0,0,0.0,0.0,0.0,0.0,0,0.0,0.0,0.0,0.0,88,102860.48999999999,1168.8692045454545,459.84641653296654,4.571577333333336,0,0.0,0.0,0.0,0.0
168,0080-6.jpg,0080,Betula papyrifera Marshall,2250000,100,120002.03,5.333423555555556,0,0.0,0.0,0.0,0.0,0,0.0,0.0,0.0,0.0,0,0.0,0.0,0.0,0.0,0,0.0,0.0,0.0,0.0,0,0.0,0.0,0.0,0.0,0,0.0,0.0,0.0,0.0,0,0.0,0.0,0.0,0.0,0,0.0,0.0,0.0,0.0,0,0.0,0.0,0.0,0.0,0,0.0,0.0,0.0,0.0,0,0.0,0.0,0.0,0.0,0,0.0,0.0,0.0,0.0,100,120002.03,1200.0203,344.63187989404435,5.333423555555556,0,0.0,0.0,0.0,0.0
169,0080-7.jpg,0080,Betula papyrifera Marshall,2250000,101,124027.47999999998,5.512332444444445,0,0.0,0.0,0.0,0.0,0,0.0,0.0,0.0,0.0,0,0.0,0.0,0.0,0.0,0,0.0,0.0,0.0,0.0,0,0.0,0.0,0.0,0.0,0,0.0,0.0,0.0,0.0,0,0.0,0.0,0.0,0.0,0,0.0,0.0,0.0,0.0,0,0.0,0.0,0.0,0.0,0,0.0,0.0,0.0,0.0,0,0.0,0.0,0.0,0.0,0,0.0,0.0,0.0,0.0,101,124027.47999999998,1227.9948514851487,341.4725322763571,5.512332444444445,0,0.0,0.0,0.0,0.0
170,0080-8.jpg,0080,Betula papyrifera Marshall,2250000,98,114076.48000000003,5.070065777777779,0,0.0,0.0,0.0,0.0,0,0.0,0.0,0.0,0.0,0,0.0,0.0,0.0,0.0,0,0.0,0.0,0.0,0.0,0,0.0,0.0,0.0,0.0,0,0.0,0.0,0.0,0.0,0,0.0,0.0,0.0,0.0,0,0.0,0.0,0.0,0.0,0,0.0,0.0,0.0,0.0,0,0.0,0.0,0.0,0.0,0,0.0,0.0,0.0,0.0,0,0.0,0.0,0.0,0.0,98,114076.48000000003,1164.0457142857142,377.1287244867323,5.070065777777779,0,0.0,0.0,0.0,0.0
171,0080-9.jpg,0080,Betula papyrifera Marshall,2250000,97,114562.48,5.091665777777778,0,0.0,0.0,0.0,0.0,0,0.0,0.0,0.0,0.0,0,0.0,0.0,0.0,0.0,0,0.0,0.0,0.0,0.0,0,0.0,0.0,0.0,0.0,0,0.0,0.0,0.0,0.0,0,0.0,0.0,0.0,0.0,0,0.0,0.0,0.0,0.0,0,0.0,0.0,0.0,0.0,0,0.0,0.0,0.0,0.0,0,0.0,0.0,0.0,0.0,0,0.0,0.0,0.0,0.0,97,114562.48,1181.0564948453607,389.58721534529667,5.091665777777778,0,0.0,0.0,0.0,0.0
172,0081-1.jpg,0081,Betula pendula Roth,2250000,173,163636.23999999993,7.272721777777778,0,0.0,0.0,0.0,0.0,0,0.0,0.0,0.0,0.0,0,0.0,0.0,0.0,0.0,0,0.0,0.0,0.0,0.0,0,0.0,0.0,0.0,0.0,0,0.0,0.0,0.0,0.0,0,0.0,0.0,0.0,0.0,0,0.0,0.0,0.0,0.0,0,0.0,0.0,0.0,0.0,0,0.0,0.0,0.0,0.0,0,0.0,0.0,0.0,0.0,13,31830.31,2448.485384615385,995.9775355031472,1.4146804444444445,160,131805.92999999993,823.7870624999999,318.34551758551356,5.858041333333335,0,0.0,0.0,0.0,0.0
173,0081-4.jpg,0081,Betula pendula Roth,2250000,171,142278.25999999998,6.323478222222223,0,0.0,0.0,0.0,0.0,0,0.0,0.0,0.0,0.0,0,0.0,0.0,0.0,0.0,0,0.0,0.0,0.0,0.0,0,0.0,0.0,0.0,0.0,0,0.0,0.0,0.0,0.0,0,0.0,0.0,0.0,0.0,0,0.0,0.0,0.0,0.0,0,0.0,0.0,0.0,0.0,0,0.0,0.0,0.0,0.0,0,0.0,0.0,0.0,0.0,5,12284.509999999998,2456.9019999999996,565.7904438659245,0.5459782222222221,166,129993.74999999997,783.0948795180723,272.6245831791802,5.777500000000001,0,0.0,0.0,0.0,0.0
174,0081-5.jpg,0081,Betula pendula Roth,2250000,167,148807.89000000007,6.6136839999999975,0,0.0,0.0,0.0,0.0,0,0.0,0.0,0.0,0.0,0,0.0,0.0,0.0,0.0,0,0.0,0.0,0.0,0.0,0,0.0,0.0,0.0,0.0,0,0.0,0.0,0.0,0.0,0,0.0,0.0,0.0,0.0,0,0.0,0.0,0.0,0.0,0,0.0,0.0,0.0,0.0,0,0.0,0.0,0.0,0.0,0,0.0,0.0,0.0,0.0,10,26402.600000000002,2640.26,516.434224186499,1.1734488888888888,157,122405.29000000001,779.6515286624204,269.59123450989887,5.44023511111111,0,0.0,0.0,0.0,0.0
175,0003-10.jpg,0003,Acacia mangium Willd.,2250000,142,778073.3600000001,34.58103822222222,0,0.0,0.0,0.0,0.0,0,0.0,0.0,0.0,0.0,11,10651.57,968.3245454545454,230.55319444170087,0.473403111111111,66,417242.2900000001,6321.852878787879,4554.738872789953,18.544101777777776,1,3172.52,3172.52,0.0,0.1410008888888889,0,0.0,0.0,0.0,0.0,12,173593.63999999998,14466.136666666667,5171.755257188859,7.715272888888888,0,0.0,0.0,0.0,0.0,0,0.0,0.0,0.0,0.0,0,0.0,0.0,0.0,0.0,0,0.0,0.0,0.0,0.0,0,0.0,0.0,0.0,0.0,52,173413.33999999997,3334.871923076923,1511.4824061192355,7.707259555555556,0,0.0,0.0,0.0,0.0
176,0003-11.jpg,0003,Acacia mangium Willd.,2250000,164,679934.6000000004,30.219315555555553,0,0.0,0.0,0.0,0.0,0,0.0,0.0,0.0,0.0,25,41552.75,1662.11,561.9239418284293,1.8467888888888893,77,367757.7,4776.074025974026,4439.326106959508,16.34478666666666,1,8291.24,8291.24,0.0,0.3684995555555555,0,0.0,0.0,0.0,0.0,10,108398.79000000001,10839.878999999999,7290.943798234218,4.817724,0,0.0,0.0,0.0,0.0,0,0.0,0.0,0.0,0.0,0,0.0,0.0,0.0,0.0,0,0.0,0.0,0.0,0.0,0,0.0,0.0,0.0,0.0,51,153934.12000000002,3018.316078431372,1324.8120675598914,6.841516444444445,0,0.0,0.0,0.0,0.0
177,0003-3.jpg,0003,Acacia mangium Willd.,2250000,170,543325.48,24.147799111111123,0,0.0,0.0,0.0,0.0,0,0.0,0.0,0.0,0.0,2,2153.2799999999997,1076.6399999999999,653.1969601888851,0.09570133333333333,85,236038.68,2776.9256470588234,3243.9003951120644,10.490608000000002,0,0.0,0.0,0.0,0.0,0,0.0,0.0,0.0,0.0,11,83510.04000000001,7591.821818181819,5540.584066314342,3.7115573333333334,0,0.0,0.0,0.0,0.0,0,0.0,0.0,0.0,0.0,0,0.0,0.0,0.0,0.0,0,0.0,0.0,0.0,0.0,0,0.0,0.0,0.0,0.0,72,221623.47999999998,3078.103888888889,1301.6050892578157,9.849932444444443,0,0.0,0.0,0.0,0.0
178,0003-4.jpg,0003,Acacia mangium Willd.,2250000,148,583792.4299999997,25.946330222222223,0,0.0,0.0,0.0,0.0,0,0.0,0.0,0.0,0.0,7,7105.700000000001,1015.1000000000001,327.0677362565743,0.3158088888888889,74,310618.0200000001,4197.540810810811,4030.247199843442,13.805245333333337,0,0.0,0.0,0.0,0.0,0,0.0,0.0,0.0,0.0,9,73471.06,8163.451111111111,4896.0470693699535,3.265380444444444,0,0.0,0.0,0.0,0.0,0,0.0,0.0,0.0,0.0,0,0.0,0.0,0.0,0.0,0,0.0,0.0,0.0,0.0,0,0.0,0.0,0.0,0.0,58,192597.65,3320.6491379310337,1338.0346049445313,8.559895555555554,0,0.0,0.0,0.0,0.0
179,0003-5.jpg,0003,Acacia mangium Willd.,2250000,146,587151.61,26.095627111111114,0,0.0,0.0,0.0,0.0,0,0.0,0.0,0.0,0.0,7,8954.27,1279.1814285714286,830.737110451286,0.3979675555555555,76,327101.81000000006,4303.971184210526,4011.494126861617,14.537858222222217,0,0.0,0.0,0.0,0.0,0,0.0,0.0,0.0,0.0,9,72308.07,8034.2300000000005,4860.0535522743985,3.213692,0,0.0,0.0,0.0,0.0,0,0.0,0.0,0.0,0.0,0,0.0,0.0,0.0,0.0,0,0.0,0.0,0.0,0.0,0,0.0,0.0,0.0,0.0,54,178787.46000000002,3310.878888888888,1549.0295953744433,7.946109333333334,0,0.0,0.0,0.0,0.0
180,0003-6.jpg,0003,Acacia mangium Willd.,2250000,137,660632.3800000001,29.3614391111111,0,0.0,0.0,0.0,0.0,0,0.0,0.0,0.0,0.0,2,2463.34,1231.67,652.4332848652036,0.10948177777777778,68,326478.45999999996,4801.153823529412,4915.53187898335,14.510153777777775,2,8585.22,4292.61,2426.1399347935394,0.3815653333333333,0,0.0,0.0,0.0,0.0,9,119245.64999999998,13249.516666666665,7672.610132987665,5.299806666666667,0,0.0,0.0,0.0,0.0,0,0.0,0.0,0.0,0.0,0,0.0,0.0,0.0,0.0,0,0.0,0.0,0.0,0.0,0,0.0,0.0,0.0,0.0,56,203859.71,3640.351964285714,1549.6898710439038,9.060431555555558,0,0.0,0.0,0.0,0.0
181,0003-7.jpg,0003,Acacia mangium Willd.,2250000,132,631799.7300000001,28.079987999999997,0,0.0,0.0,0.0,0.0,0,0.0,0.0,0.0,0.0,2,2339.96,1169.98,422.5670124370808,0.10399822222222221,66,300493.26000000007,4552.928181818182,4110.2128181213375,13.355256000000004,3,12652.52,4217.506666666667,3025.1596940382065,0.5623342222222223,0,0.0,0.0,0.0,0.0,11,119679.1,10879.918181818182,6075.127610547483,5.319071111111111,0,0.0,0.0,0.0,0.0,0,0.0,0.0,0.0,0.0,0,0.0,0.0,0.0,0.0,0,0.0,0.0,0.0,0.0,0,0.0,0.0,0.0,0.0,50,196634.88999999996,3932.6978,1405.3673656804299,8.739328444444446,0,0.0,0.0,0.0,0.0
182,0003-8.jpg,0003,Acacia mangium Willd.,2250000,117,591141.7,26.272964444444433,0,0.0,0.0,0.0,0.0,0,0.0,0.0,0.0,0.0,7,12194.41,1742.0585714285714,1107.7126793446723,0.5419737777777778,58,290213.97,5003.689137931034,4345.545767966577,12.898398666666667,0,0.0,0.0,0.0,0.0,0,0.0,0.0,0.0,0.0,8,98696.7,12337.087500000001,6254.54534234047,4.38652,0,0.0,0.0,0.0,0.0,0,0.0,0.0,0.0,0.0,0,0.0,0.0,0.0,0.0,0,0.0,0.0,0.0,0.0,0,0.0,0.0,0.0,0.0,44,190036.62,4319.014090909091,1763.258144972194,8.446072,0,0.0,0.0,0.0,0.0
183,0003-9.jpg,0003,Acacia mangium Willd.,2250000,128,748423.15,33.2632511111111,0,0.0,0.0,0.0,0.0,0,0.0,0.0,0.0,0.0,2,3113.51,1556.755,186.62669275856553,0.13837822222222224,65,399240.32999999996,6142.158923076923,4954.053291336967,17.74401466666667,1,3020.17,3020.17,0.0,0.13422977777777778,0,0.0,0.0,0.0,0.0,11,168481.36,15316.487272727272,4247.054524660805,7.488060444444446,0,0.0,0.0,0.0,0.0,0,0.0,0.0,0.0,0.0,0,0.0,0.0,0.0,0.0,0,0.0,0.0,0.0,0.0,0,0.0,0.0,0.0,0.0,49,174567.77999999997,3562.6077551020408,1806.476915561135,7.758568000000001,0,0.0,0.0,0.0,0.0
184,0013-5.jpg,0013,Aesculus hippocastanum L.,2250000,0,0.0,0.0,0,0.0,0.0,0.0,0.0,0,0.0,0.0,0.0,0.0,0,0.0,0.0,0.0,0.0,0,0.0,0.0,0.0,0.0,0,0.0,0.0,0.0,0.0,0,0.0,0.0,0.0,0.0,0,0.0,0.0,0.0,0.0,0,0.0,0.0,0.0,0.0,0,0.0,0.0,0.0,0.0,0,0.0,0.0,0.0,0.0,0,0.0,0.0,0.0,0.0,0,0.0,0.0,0.0,0.0,0,0.0,0.0,0.0,0.0,0,0.0,0.0,0.0,0.0
185,0479-10.png,0479,Peltogyne catingae Ducke,2250000,118,1135974.5099999998,50.487756000000005,0,0.0,0.0,0.0,0.0,0,0.0,0.0,0.0,0.0,0,0.0,0.0,0.0,0.0,0,0.0,0.0,0.0,0.0,28,531967.8800000001,18998.852857142858,8923.175564672967,23.643016888888887,0,0.0,0.0,0.0,0.0,4,152369.85,38092.4625,18953.07392668601,6.771993333333334,12,196652.04,16387.670000000002,7471.671513603901,8.740090666666667,0,0.0,0.0,0.0,0.0,0,0.0,0.0,0.0,0.0,3,7176.52,2392.1733333333336,2035.9387262227056,0.31895644444444443,0,0.0,0.0,0.0,0.0,34,93985.67,2764.2844117647064,976.2575468134673,4.177140888888888,37,153822.55000000002,4157.366216216215,3174.7287175226584,6.836557777777778
186,0479-2.png,0479,Peltogyne catingae Ducke,2250000,134,1354541.32,60.201836444444446,0,0.0,0.0,0.0,0.0,0,0.0,0.0,0.0,0.0,0,0.0,0.0,0.0,0.0,0,0.0,0.0,0.0,0.0,40,657698.0499999998,16442.451250000002,8023.453741904286,29.231024444444454,0,0.0,0.0,0.0,0.0,6,103344.44,17224.073333333334,19304.218774687222,4.593086222222222,24,390406.24999999994,16266.927083333334,6779.72285729739,17.35138888888889,0,0.0,0.0,0.0,0.0,0,0.0,0.0,0.0,0.0,3,4505.03,1501.6766666666665,2290.3758027959807,0.20022355555555554,0,0.0,0.0,0.0,0.0,39,102680.34000000001,2632.829230769231,767.1646911239382,4.563570666666665,22,95907.21000000002,4359.418636363638,3318.620525862968,4.262542666666667
187,0479-3.png,0479,Peltogyne catingae Ducke,2250000,118,1215463.3599999996,54.02059377777779,0,0.0,0.0,0.0,0.0,0,0.0,0.0,0.0,0.0,0,0.0,0.0,0.0,0.0,0,0.0,0.0,0.0,0.0,36,617182.74,17143.965,10117.553380937085,27.430343999999995,0,0.0,0.0,0.0,0.0,6,124301.07999999999,20716.846666666665,33065.181423332106,5.524492444444444,20,274856.67999999993,13742.833999999999,7286.824578547229,12.215852444444444,0,0.0,0.0,0.0,0.0,0,0.0,0.0,0.0,0.0,4,13046.26,3261.565,2349.4333536763,0.5798337777777778,0,0.0,0.0,0.0,0.0,30,65063.91000000001,2168.7970000000005,671.8603794824307,2.8917293333333345,22,121012.69,5500.576818181818,3979.3033530343405,5.378341777777778
188,0479-4.png,0479,Peltogyne catingae Ducke,2250000,100,1269469.1499999997,56.42085111111112,0,0.0,0.0,0.0,0.0,0,0.0,0.0,0.0,0.0,0,0.0,0.0,0.0,0.0,0,0.0,0.0,0.0,0.0,31,488218.9199999999,15748.997419354839,8704.054211032913,21.69861866666667,0,0.0,0.0,0.0,0.0,6,268356.08,44726.013333333336,37783.87605518823,11.926936888888891,20,298835.63999999996,14941.782000000001,7483.605222973892,13.281583999999999,0,0.0,0.0,0.0,0.0,0,0.0,0.0,0.0,0.0,4,118579.38999999998,29644.847499999996,4881.407004197151,5.270195111111111,0,0.0,0.0,0.0,0.0,37,89018.20999999999,2405.897567567568,982.5786707559218,3.9563648888888885,2,6460.91,3230.455,1201.692619287478,0.28715155555555555
189,0479-5.png,0479,Peltogyne catingae Ducke,2250000,106,1110422.7800000005,49.352123555555565,0,0.0,0.0,0.0,0.0,0,0.0,0.0,0.0,0.0,0,0.0,0.0,0.0,0.0,0,0.0,0.0,0.0,0.0,37,561507.58,15175.88054054054,8667.650688381786,24.955892444444437,0,0.0,0.0,0.0,0.0,8,98964.91999999998,12370.614999999998,13214.626374773414,4.3984408888888895,23,347405.11000000004,15104.570000000002,7106.733292316392,15.440227111111112,0,0.0,0.0,0.0,0.0,0,0.0,0.0,0.0,0.0,2,2812.03,1406.015,947.5442999934094,0.12497911111111112,0,0.0,0.0,0.0,0.0,34,82950.01999999999,2439.706470588235,1081.7949433874614,3.6866675555555553,2,16783.120000000003,8391.560000000001,4089.849053840496,0.7459164444444445
190,0479-6.png,0479,Peltogyne catingae Ducke,2250000,87,1335844.14,59.370850666666676,0,0.0,0.0,0.0,0.0,0,0.0,0.0,0.0,0.0,0,0.0,0.0,0.0,0.0,0,0.0,0.0,0.0,0.0,28,487717.8500000001,17418.494642857146,8987.664644349636,21.676348888888892,0,0.0,0.0,0.0,0.0,13,563888.3099999999,43376.02384615384,30891.755568691933,25.061702666666665,12,176920.63999999998,14743.386666666665,5341.421948600193,7.863139555555556,0,0.0,0.0,0.0,0.0,0,0.0,0.0,0.0,0.0,3,18528.699999999997,6176.233333333333,4331.589005311253,0.8234977777777778,0,0.0,0.0,0.0,0.0,29,70027.12000000001,2414.7282758620695,616.0207962692549,3.112316444444445,2,18761.52,9380.76,648.6431925180436,0.8338453333333333
191,0479-8.png,0479,Peltogyne catingae Ducke,2250000,97,1058351.39,47.037839555555564,0,0.0,0.0,0.0,0.0,0,0.0,0.0,0.0,0.0,1,2818.47,2818.47,0.0,0.1252653333333333,0,0.0,0.0,0.0,0.0,30,499728.78000000014,16657.626000000004,8769.216967450677,22.210168000000007,0,0.0,0.0,0.0,0.0,12,221324.08999999997,18443.674166666664,13819.013988664945,9.83662622222222,15,221766.13000000003,14784.408666666666,4910.945763977308,9.856272444444445,0,0.0,0.0,0.0,0.0,0,0.0,0.0,0.0,0.0,2,4141.33,2070.665,1491.493262488973,0.1840591111111111,0,0.0,0.0,0.0,0.0,36,102707.13999999998,2852.976111111111,805.816518744551,4.564761777777777,1,5865.45,5865.45,0.0,0.2606866666666667
192,0479-9.png,0479,Peltogyne catingae Ducke,2250000,91,1228813.2999999998,54.613924444444436,0,0.0,0.0,0.0,0.0,0,0.0,0.0,0.0,0.0,0,0.0,0.0,0.0,0.0,0,0.0,0.0,0.0,0.0,30,452966.11000000004,15098.870333333336,8811.680995493105,20.131827111111114,0,0.0,0.0,0.0,0.0,8,439272.88,54909.11,51293.67546300254,19.523239111111113,12,174399.37999999998,14533.281666666668,4600.554223304036,7.751083555555556,0,0.0,0.0,0.0,0.0,0,0.0,0.0,0.0,0.0,2,50605.770000000004,25302.885000000002,21011.388089177974,2.2491453333333333,0,0.0,0.0,0.0,0.0,30,77718.61,2590.6203333333333,985.2154577114989,3.4541604444444447,9,33850.55,3761.1722222222224,2366.8977289839636,1.5044688888888889
193,0480-2.png,0480,Peltogyne mexicana Martínez,2250000,159,679176.0399999997,30.185601777777787,0,0.0,0.0,0.0,0.0,0,0.0,0.0,0.0,0.0,26,46332.47000000001,1782.0180769230772,635.5143042419691,2.059220888888889,0,0.0,0.0,0.0,0.0,39,217105.51000000007,5566.80794871795,2929.706363947346,9.649133777777777,0,0.0,0.0,0.0,0.0,23,260997.18,11347.70347826087,5102.411348062092,11.599874666666667,6,17550.22,2925.036666666667,984.7156465430346,0.7800097777777779,0,0.0,0.0,0.0,0.0,0,0.0,0.0,0.0,0.0,2,44775.72,22387.86,1983.0951099732965,1.9900319999999998,0,0.0,0.0,0.0,0.0,63,92414.93999999999,1466.9038095238093,626.2083254472484,4.107330666666668,0,0.0,0.0,0.0,0.0
194,0480-3.png,0480,Peltogyne mexicana Martínez,2250000,190,792748.3800000008,35.233261333333346,0,0.0,0.0,0.0,0.0,0,0.0,0.0,0.0,0.0,34,48564.1,1428.3558823529413,600.9136622809175,2.158404444444445,0,0.0,0.0,0.0,0.0,59,320220.36,5427.463728813559,2971.8110399702914,14.232016000000002,0,0.0,0.0,0.0,0.0,25,314369.92,12574.7968,5367.049232854989,13.971996444444445,6,9558.31,1593.0516666666665,891.5834244851496,0.42481377777777773,0,0.0,0.0,0.0,0.0,0,0.0,0.0,0.0,0.0,0,0.0,0.0,0.0,0.0,0,0.0,0.0,0.0,0.0,66,100035.68999999999,1515.6922727272727,564.6880046778601,4.446030666666668,0,0.0,0.0,0.0,0.0
195,0480-5.png,0480,Peltogyne mexicana Martínez,2250000,189,728497.6700000002,32.37767422222223,0,0.0,0.0,0.0,0.0,0,0.0,0.0,0.0,0.0,37,56508.799999999996,1527.2648648648649,603.9614872224039,2.5115022222222225,0,0.0,0.0,0.0,0.0,55,294221.19000000006,5349.476181818183,2427.0167738715095,13.076497333333336,0,0.0,0.0,0.0,0.0,18,210647.82000000004,11702.656666666666,4814.346130633025,9.362125333333333,7,27740.48,3962.925714285714,1882.6584618906772,1.2329102222222221,0,0.0,0.0,0.0,0.0,0,0.0,0.0,0.0,0.0,2,41125.78,20562.89,2752.35657722614,1.8278124444444444,0,0.0,0.0,0.0,0.0,70,98253.59999999998,1403.6228571428571,689.8429092741161,4.366826666666666,0,0.0,0.0,0.0,0.0
196,0480-6.png,0480,Peltogyne mexicana Martínez,2250000,177,754581.6299999998,33.536961333333345,0,0.0,0.0,0.0,0.0,0,0.0,0.0,0.0,0.0,27,41465.88999999999,1535.7737037037036,642.923281193907,1.8429284444444445,0,0.0,0.0,0.0,0.0,49,308979.7699999999,6305.709591836735,3370.6766056256906,13.732434222222228,0,0.0,0.0,0.0,0.0,24,274432.92000000004,11434.705000000002,5060.363901625017,12.197018666666663,10,23483.289999999997,2348.329,1527.0346217893468,1.043701777777778,0,0.0,0.0,0.0,0.0,0,0.0,0.0,0.0,0.0,0,0.0,0.0,0.0,0.0,0,0.0,0.0,0.0,0.0,67,106219.76000000001,1585.369552238806,533.1537970912584,4.720878222222223,0,0.0,0.0,0.0,0.0
197,0480-7.png,0480,Peltogyne mexicana Martínez,2250000,175,680831.5599999998,30.259180444444443,0,0.0,0.0,0.0,0.0,0,0.0,0.0,0.0,0.0,19,25359.75,1334.7236842105262,626.1819343911916,1.1271,0,0.0,0.0,0.0,0.0,52,262896.18,5055.695769230769,2821.2367343699148,11.684274666666667,0,0.0,0.0,0.0,0.0,23,228885.77000000002,9951.555217391304,5502.106199895281,10.172700888888887,12,37559.52,3129.9599999999996,1268.05838560017,1.6693120000000001,0,0.0,0.0,0.0,0.0,0,0.0,0.0,0.0,0.0,1,12854.22,12854.22,0.0,0.5712986666666666,0,0.0,0.0,0.0,0.0,68,113276.11999999998,1665.8252941176472,575.215461968793,5.0344942222222215,0,0.0,0.0,0.0,0.0
198,0480-8.png,0480,Peltogyne mexicana Martínez,2250000,159,729154.2900000005,32.406857333333335,0,0.0,0.0,0.0,0.0,0,0.0,0.0,0.0,0.0,15,22321.33,1488.0886666666668,504.936898559282,0.992059111111111,0,0.0,0.0,0.0,0.0,42,223838.96,5329.499047619048,3072.0821118637464,9.948398222222222,0,0.0,0.0,0.0,0.0,22,295265.07,13421.139545454545,6114.353246248478,13.122892,15,65665.84,4377.722666666667,2470.172289886062,2.9184817777777776,0,0.0,0.0,0.0,0.0,0,0.0,0.0,0.0,0.0,2,24744.980000000003,12372.490000000002,4929.665635720135,1.099776888888889,0,0.0,0.0,0.0,0.0,63,97318.11,1544.7319047619048,625.8231069169243,4.325249333333334,0,0.0,0.0,0.0,0.0
199,0480-9.png,0480,Peltogyne mexicana Martínez,2250000,188,787199.4200000003,34.986640888888914,0,0.0,0.0,0.0,0.0,0,0.0,0.0,0.0,0.0,25,30004.29,1200.1716000000001,624.2062359153957,1.333524,0,0.0,0.0,0.0,0.0,46,224573.87000000002,4882.040652173913,2587.4305646871653,9.981060888888889,0,0.0,0.0,0.0,0.0,23,301100.5,13091.326086956522,7060.131731726038,13.382244444444446,10,35750.630000000005,3575.0629999999996,1644.9572073127008,1.588916888888889,0,0.0,0.0,0.0,0.0,0,0.0,0.0,0.0,0.0,3,67122.81,22374.27,9524.318883258793,2.983236,0,0.0,0.0,0.0,0.0,81,128647.32000000002,1588.2385185185185,611.4748683288445,5.717658666666664,0,0.0,0.0,0.0,0.0
200,0613-3.png,0613,Tabebuia rosea (Bert.) DC.,2250000,200,607909.8599999999,27.018216,0,0.0,0.0,0.0,0.0,0,0.0,0.0,0.0,0.0,0,0.0,0.0,0.0,0.0,24,56038.86000000001,2334.9525,1440.6683968885686,2.490616,20,76204.78000000001,3810.2390000000005,2346.348216921687,3.3868791111111105,3,15637.28,5212.426666666667,743.330365472401,0.6949902222222223,38,298252.0,7848.7368421052615,5407.333057572789,13.255644444444444,0,0.0,0.0,0.0,0.0,0,0.0,0.0,0.0,0.0,0,0.0,0.0,0.0,0.0,0,0.0,0.0,0.0,0.0,0,0.0,0.0,0.0,0.0,115,161776.94000000003,1406.7560000000003,499.32677617635,7.19008622222222,0,0.0,0.0,0.0,0.0
201,0613-4.png,0613,Tabebuia rosea (Bert.) DC.,2250000,211,711256.42,31.611396444444438,0,0.0,0.0,0.0,0.0,0,0.0,0.0,0.0,0.0,0,0.0,0.0,0.0,0.0,20,55478.82,2773.941,1758.567180082156,2.4657253333333338,16,52741.88000000001,3296.3675,1775.4577048918964,2.3440835555555557,2,13033.39,6516.695,1266.930290919749,0.5792617777777778,59,424401.6600000001,7193.248474576271,5424.201855619203,18.86229599999999,0,0.0,0.0,0.0,0.0,0,0.0,0.0,0.0,0.0,0,0.0,0.0,0.0,0.0,0,0.0,0.0,0.0,0.0,0,0.0,0.0,0.0,0.0,114,165600.67000000004,1452.6374561403507,475.05411214237796,7.360029777777774,0,0.0,0.0,0.0,0.0
202,0006-10.jpg,0006,Acer platanoides L.,2250000,300,289601.22999999975,12.871165777777769,0,0.0,0.0,0.0,0.0,0,0.0,0.0,0.0,0.0,0,0.0,0.0,0.0,0.0,0,0.0,0.0,0.0,0.0,0,0.0,0.0,0.0,0.0,0,0.0,0.0,0.0,0.0,0,0.0,0.0,0.0,0.0,0,0.0,0.0,0.0,0.0,0,0.0,0.0,0.0,0.0,0,0.0,0.0,0.0,0.0,0,0.0,0.0,0.0,0.0,0,0.0,0.0,0.0,0.0,297,193618.9199999998,651.9155555555556,179.54613254519558,8.605285333333324,3,95982.31,31994.103333333333,930.1469031466653,4.265880444444444
203,0006-3.jpg,0006,Acer platanoides L.,2250000,299,493943.74999999994,21.953055555555554,0,0.0,0.0,0.0,0.0,0,0.0,0.0,0.0,0.0,0,0.0,0.0,0.0,0.0,0,0.0,0.0,0.0,0.0,0,0.0,0.0,0.0,0.0,0,0.0,0.0,0.0,0.0,0,0.0,0.0,0.0,0.0,0,0.0,0.0,0.0,0.0,0,0.0,0.0,0.0,0.0,0,0.0,0.0,0.0,0.0,0,0.0,0.0,0.0,0.0,0,0.0,0.0,0.0,0.0,288,171013.29,593.7961458333334,155.67541687623134,7.600590666666673,11,322930.46,29357.31454545455,3859.083116418623,14.352464888888889
204,0006-4.jpg,0006,Acer platanoides L.,2250000,300,238778.84000000003,10.612392888888888,0,0.0,0.0,0.0,0.0,0,0.0,0.0,0.0,0.0,0,0.0,0.0,0.0,0.0,0,0.0,0.0,0.0,0.0,0,0.0,0.0,0.0,0.0,0,0.0,0.0,0.0,0.0,0,0.0,0.0,0.0,0.0,0,0.0,0.0,0.0,0.0,0,0.0,0.0,0.0,0.0,0,0.0,0.0,0.0,0.0,0,0.0,0.0,0.0,0.0,0,0.0,0.0,0.0,0.0,298,176372.42000000004,591.8537583892617,149.37912190771917,7.838774222222224,2,62406.42,31203.21,44.75985924910795,2.7736186666666667
205,0006-5.jpg,0006,Acer platanoides L.,2250000,300,281812.23,12.524988,0,0.0,0.0,0.0,0.0,0,0.0,0.0,0.0,0.0,0,0.0,0.0,0.0,0.0,0,0.0,0.0,0.0,0.0,0,0.0,0.0,0.0,0.0,0,0.0,0.0,0.0,0.0,0,0.0,0.0,0.0,0.0,0,0.0,0.0,0.0,0.0,0,0.0,0.0,0.0,0.0,0,0.0,0.0,0.0,0.0,0,0.0,0.0,0.0,0.0,0,0.0,0.0,0.0,0.0,297,184266.72999999992,620.4267003367004,165.6826596539945,8.189632444444445,3,97545.5,32515.166666666668,2296.368160908292,4.335355555555555
206,0006-6.jpg,0006,Acer platanoides L.,2250000,300,376203.30000000005,16.72014666666667,0,0.0,0.0,0.0,0.0,0,0.0,0.0,0.0,0.0,0,0.0,0.0,0.0,0.0,0,0.0,0.0,0.0,0.0,0,0.0,0.0,0.0,0.0,0,0.0,0.0,0.0,0.0,0,0.0,0.0,0.0,0.0,0,0.0,0.0,0.0,0.0,0,0.0,0.0,0.0,0.0,0,0.0,0.0,0.0,0.0,0,0.0,0.0,0.0,0.0,0,0.0,0.0,0.0,0.0,294,182759.17000000007,621.6298299319727,158.2573336270034,8.122629777777783,6,193444.13,32240.688333333335,1512.6837970364688,8.59751688888889
207,0006-7.jpg,0006,Acer platanoides L.,2250000,295,673838.52,29.948378666666667,0,0.0,0.0,0.0,0.0,0,0.0,0.0,0.0,0.0,0,0.0,0.0,0.0,0.0,0,0.0,0.0,0.0,0.0,0,0.0,0.0,0.0,0.0,0,0.0,0.0,0.0,0.0,0,0.0,0.0,0.0,0.0,0,0.0,0.0,0.0,0.0,0,0.0,0.0,0.0,0.0,0,0.0,0.0,0.0,0.0,0,0.0,0.0,0.0,0.0,0,0.0,0.0,0.0,0.0,277,160505.55000000005,579.4424187725631,161.29626613735664,7.133580000000004,18,513332.9700000001,28518.498333333333,4834.270164822923,22.814798666666672
208,0006-8.jpg,0006,Acer platanoides L.,2250000,300,404107.01999999984,17.960312,0,0.0,0.0,0.0,0.0,0,0.0,0.0,0.0,0.0,0,0.0,0.0,0.0,0.0,0,0.0,0.0,0.0,0.0,0,0.0,0.0,0.0,0.0,0,0.0,0.0,0.0,0.0,0,0.0,0.0,0.0,0.0,0,0.0,0.0,0.0,0.0,0,0.0,0.0,0.0,0.0,0,0.0,0.0,0.0,0.0,0,0.0,0.0,0.0,0.0,0,0.0,0.0,0.0,0.0,293,171015.54999999993,583.670819112628,154.69878187532802,7.600691111111112,7,233091.47000000003,33298.781428571434,3171.964872059739,10.35962088888889
209,0006-9.jpg,0006,Acer platanoides L.,2250000,300,456053.81999999983,20.26905866666666,0,0.0,0.0,0.0,0.0,0,0.0,0.0,0.0,0.0,0,0.0,0.0,0.0,0.0,0,0.0,0.0,0.0,0.0,0,0.0,0.0,0.0,0.0,0,0.0,0.0,0.0,0.0,0,0.0,0.0,0.0,0.0,0,0.0,0.0,0.0,0.0,0,0.0,0.0,0.0,0.0,0,0.0,0.0,0.0,0.0,0,0.0,0.0,0.0,0.0,0,0.0,0.0,0.0,0.0,291,166815.12,573.2478350515464,138.05130665851888,7.414005333333337,9,289238.7,32137.633333333335,1935.0051530034743,12.855053333333334
210,0007-1.jpg,0007,Acer pseudoplatanus L.,2250000,233,534558.84,23.758170666666675,0,0.0,0.0,0.0,0.0,0,0.0,0.0,0.0,0.0,0,0.0,0.0,0.0,0.0,0,0.0,0.0,0.0,0.0,0,0.0,0.0,0.0,0.0,0,0.0,0.0,0.0,0.0,0,0.0,0.0,0.0,0.0,0,0.0,0.0,0.0,0.0,0,0.0,0.0,0.0,0.0,0,0.0,0.0,0.0,0.0,0,0.0,0.0,0.0,0.0,4,16509.53,4127.3825,3541.400810003249,0.7337568888888889,214,145282.32000000004,678.8893457943925,223.75708331336313,6.456992000000002,15,372766.99,24851.132666666665,5778.530246436208,16.567421777777778
211,0007-10.jpg,0007,Acer pseudoplatanus L.,2250000,200,815982.67,36.265896444444444,0,0.0,0.0,0.0,0.0,0,0.0,0.0,0.0,0.0,0,0.0,0.0,0.0,0.0,0,0.0,0.0,0.0,0.0,0,0.0,0.0,0.0,0.0,0,0.0,0.0,0.0,0.0,0,0.0,0.0,0.0,0.0,0,0.0,0.0,0.0,0.0,0,0.0,0.0,0.0,0.0,0,0.0,0.0,0.0,0.0,0,0.0,0.0,0.0,0.0,1,2302.41,2302.41,0.0,0.10232933333333334,172,110375.01999999993,641.7152325581395,236.24373077471273,4.905556444444443,27,703305.2399999999,26048.342222222218,7335.902708034555,31.258010666666667
212,0007-2.jpg,0007,Acer pseudoplatanus L.,2250000,245,687392.18,30.55076355555554,0,0.0,0.0,0.0,0.0,0,0.0,0.0,0.0,0.0,0,0.0,0.0,0.0,0.0,0,0.0,0.0,0.0,0.0,0,0.0,0.0,0.0,0.0,0,0.0,0.0,0.0,0.0,0,0.0,0.0,0.0,0.0,0,0.0,0.0,0.0,0.0,0,0.0,0.0,0.0,0.0,0,0.0,0.0,0.0,0.0,0,0.0,0.0,0.0,0.0,1,2310.99,2310.99,0.0,0.10271066666666666,223,155145.35,695.719058295964,218.1661191656759,6.895348888888888,21,529935.8400000001,25235.039999999997,7320.840891628502,23.552704000000002
213,0007-4.jpg,0007,Acer pseudoplatanus L.,2250000,224,845837.8200000004,37.59279199999999,0,0.0,0.0,0.0,0.0,0,0.0,0.0,0.0,0.0,0,0.0,0.0,0.0,0.0,0,0.0,0.0,0.0,0.0,0,0.0,0.0,0.0,0.0,0,0.0,0.0,0.0,0.0,0,0.0,0.0,0.0,0.0,0,0.0,0.0,0.0,0.0,0,0.0,0.0,0.0,0.0,0,0.0,0.0,0.0,0.0,0,0.0,0.0,0.0,0.0,7,14703.86,2100.5514285714285,389.0470385197044,0.6535048888888889,191,117938.89999999998,617.4811518324607,216.560178928661,5.241728888888886,26,713195.06,27430.57923076924,7911.00789923758,31.697558222222224
214,0007-6.jpg,0007,Acer pseudoplatanus L.,2250000,224,731694.7700000005,32.519767555555546,0,0.0,0.0,0.0,0.0,0,0.0,0.0,0.0,0.0,0,0.0,0.0,0.0,0.0,0,0.0,0.0,0.0,0.0,0,0.0,0.0,0.0,0.0,0,0.0,0.0,0.0,0.0,0,0.0,0.0,0.0,0.0,0,0.0,0.0,0.0,0.0,0,0.0,0.0,0.0,0.0,0,0.0,0.0,0.0,0.0,0,0.0,0.0,0.0,0.0,6,11642.95,1940.4916666666668,383.75890954695325,0.5174644444444445,198,122434.20999999993,618.3545959595959,199.01127299291946,5.441520444444446,20,597617.6100000001,29880.880500000007,5814.449271504545,26.560782666666668
215,0007-7.jpg,0007,Acer pseudoplatanus L.,2250000,216,791825.6499999998,35.192251111111126,0,0.0,0.0,0.0,0.0,0,0.0,0.0,0.0,0.0,0,0.0,0.0,0.0,0.0,0,0.0,0.0,0.0,0.0,0,0.0,0.0,0.0,0.0,0,0.0,0.0,0.0,0.0,0,0.0,0.0,0.0,0.0,0,0.0,0.0,0.0,0.0,0,0.0,0.0,0.0,0.0,0,0.0,0.0,0.0,0.0,0,0.0,0.0,0.0,0.0,3,8241.89,2747.2966666666666,376.3970883698933,0.3663062222222222,187,132284.36999999997,707.4030481283422,215.8735172286285,5.879305333333331,26,651299.3900000001,25049.976538461542,6341.9910047687345,28.946639555555556
216,0007-8.jpg,0007,Acer pseudoplatanus L.,2250000,162,551952.4799999999,24.53122133333333,0,0.0,0.0,0.0,0.0,0,0.0,0.0,0.0,0.0,0,0.0,0.0,0.0,0.0,0,0.0,0.0,0.0,0.0,0,0.0,0.0,0.0,0.0,0,0.0,0.0,0.0,0.0,0,0.0,0.0,0.0,0.0,0,0.0,0.0,0.0,0.0,0,0.0,0.0,0.0,0.0,0,0.0,0.0,0.0,0.0,0,0.0,0.0,0.0,0.0,1,2412.92,2412.92,0.0,0.10724088888888889,145,96072.42,662.5684137931034,218.6139328997197,4.2698853333333355,16,453467.14,28341.69625,5431.159797648964,20.15409511111111
217,0007-9.jpg,0007,Acer pseudoplatanus L.,2250000,184,547763.9899999999,24.34506622222223,0,0.0,0.0,0.0,0.0,0,0.0,0.0,0.0,0.0,0,0.0,0.0,0.0,0.0,0,0.0,0.0,0.0,0.0,0,0.0,0.0,0.0,0.0,0,0.0,0.0,0.0,0.0,0,0.0,0.0,0.0,0.0,0,0.0,0.0,0.0,0.0,0,0.0,0.0,0.0,0.0,0,0.0,0.0,0.0,0.0,0,0.0,0.0,0.0,0.0,2,4864.450000000001,2432.2250000000004,391.4613851326847,0.2161977777777778,168,110003.86999999995,654.7849404761904,235.1841078152576,4.889060888888888,14,432895.67,30921.119285714285,4897.528770659536,19.239807555555554
218,0461-14.png,0461,Ochroma pyramidale (Cav. ex Lam.) Urb.,2250000,26,390866.51,17.371844888888887,0,0.0,0.0,0.0,0.0,0,0.0,0.0,0.0,0.0,0,0.0,0.0,0.0,0.0,0,0.0,0.0,0.0,0.0,0,0.0,0.0,0.0,0.0,0,0.0,0.0,0.0,0.0,0,0.0,0.0,0.0,0.0,0,0.0,0.0,0.0,0.0,0,0.0,0.0,0.0,0.0,0,0.0,0.0,0.0,0.0,0,0.0,0.0,0.0,0.0,0,0.0,0.0,0.0,0.0,18,89815.37000000001,4989.7427777777775,2078.6863034047296,3.991794222222222,8,301051.13999999996,37631.3925,5319.932835434646,13.380050666666667
219,0461-15.png,0461,Ochroma pyramidale (Cav. ex Lam.) Urb.,2250000,30,551139.23,24.495076888888892,0,0.0,0.0,0.0,0.0,0,0.0,0.0,0.0,0.0,0,0.0,0.0,0.0,0.0,0,0.0,0.0,0.0,0.0,0,0.0,0.0,0.0,0.0,0,0.0,0.0,0.0,0.0,0,0.0,0.0,0.0,0.0,0,0.0,0.0,0.0,0.0,0,0.0,0.0,0.0,0.0,0,0.0,0.0,0.0,0.0,0,0.0,0.0,0.0,0.0,0,0.0,0.0,0.0,0.0,16,112078.78,7004.92375,2407.7526051344366,4.981279111111111,14,439060.44999999995,31361.46071428571,7956.368186276434,19.513797777777775
220,0461-16.png,0461,Ochroma pyramidale (Cav. ex Lam.) Urb.,2250000,28,590254.4300000002,26.233530222222225,0,0.0,0.0,0.0,0.0,0,0.0,0.0,0.0,0.0,0,0.0,0.0,0.0,0.0,0,0.0,0.0,0.0,0.0,0,0.0,0.0,0.0,0.0,0,0.0,0.0,0.0,0.0,0,0.0,0.0,0.0,0.0,0,0.0,0.0,0.0,0.0,0,0.0,0.0,0.0,0.0,0,0.0,0.0,0.0,0.0,0,0.0,0.0,0.0,0.0,0,0.0,0.0,0.0,0.0,16,110392.22,6899.51375,2172.2100068635937,4.906320888888888,12,479862.2100000001,39988.51750000001,12485.710325290142,21.327209333333336
221,0461-17.png,0461,Ochroma pyramidale (Cav. ex Lam.) Urb.,2250000,28,423859.83999999997,18.83821511111111,0,0.0,0.0,0.0,0.0,0,0.0,0.0,0.0,0.0,0,0.0,0.0,0.0,0.0,0,0.0,0.0,0.0,0.0,0,0.0,0.0,0.0,0.0,0,0.0,0.0,0.0,0.0,0,0.0,0.0,0.0,0.0,0,0.0,0.0,0.0,0.0,0,0.0,0.0,0.0,0.0,0,0.0,0.0,0.0,0.0,0,0.0,0.0,0.0,0.0,0,0.0,0.0,0.0,0.0,19,95299.96,5015.787368421053,2400.4744212454752,4.2355537777777785,9,328559.87999999995,36506.65333333333,8669.161975284866,14.602661333333332
222,0461-18.png,0461,Ochroma pyramidale (Cav. ex Lam.) Urb.,2250000,20,248003.48999999996,11.022377333333333,0,0.0,0.0,0.0,0.0,0,0.0,0.0,0.0,0.0,0,0.0,0.0,0.0,0.0,0,0.0,0.0,0.0,0.0,0,0.0,0.0,0.0,0.0,0,0.0,0.0,0.0,0.0,0,0.0,0.0,0.0,0.0,0,0.0,0.0,0.0,0.0,0,0.0,0.0,0.0,0.0,0,0.0,0.0,0.0,0.0,0,0.0,0.0,0.0,0.0,0,0.0,0.0,0.0,0.0,15,83689.21999999999,5579.281333333333,2616.0819900701745,3.719520888888889,5,164314.27,32862.854,5031.1900807095335,7.302856444444444
223,0461-2.png,0461,Ochroma pyramidale (Cav. ex Lam.) Urb.,2250000,41,1007688.7799999999,44.78616799999999,0,0.0,0.0,0.0,0.0,0,0.0,0.0,0.0,0.0,0,0.0,0.0,0.0,0.0,0,0.0,0.0,0.0,0.0,0,0.0,0.0,0.0,0.0,0,0.0,0.0,0.0,0.0,0,0.0,0.0,0.0,0.0,0,0.0,0.0,0.0,0.0,0,0.0,0.0,0.0,0.0,0,0.0,0.0,0.0,0.0,0,0.0,0.0,0.0,0.0,0,0.0,0.0,0.0,0.0,18,79027.54000000001,4390.418888888888,1982.5295898329991,3.5123351111111116,23,928661.2399999999,40376.57565217391,5187.057848421507,41.27383288888889
224,0461-3.png,0461,Ochroma pyramidale (Cav. ex Lam.) Urb.,2250000,40,1002265.3400000001,44.54512622222222,0,0.0,0.0,0.0,0.0,0,0.0,0.0,0.0,0.0,0,0.0,0.0,0.0,0.0,0,0.0,0.0,0.0,0.0,0,0.0,0.0,0.0,0.0,0,0.0,0.0,0.0,0.0,0,0.0,0.0,0.0,0.0,0,0.0,0.0,0.0,0.0,0,0.0,0.0,0.0,0.0,0,0.0,0.0,0.0,0.0,0,0.0,0.0,0.0,0.0,0,0.0,0.0,0.0,0.0,20,92761.51000000001,4638.075500000001,1956.2357801641585,4.1227337777777775,20,909503.83,45475.19149999999,8766.246196604741,40.422392444444434
225,0461-4.png,0461,Ochroma pyramidale (Cav. ex Lam.) Urb.,2250000,35,839833.9700000001,37.32595422222222,0,0.0,0.0,0.0,0.0,0,0.0,0.0,0.0,0.0,0,0.0,0.0,0.0,0.0,0,0.0,0.0,0.0,0.0,0,0.0,0.0,0.0,0.0,0,0.0,0.0,0.0,0.0,0,0.0,0.0,0.0,0.0,0,0.0,0.0,0.0,0.0,0,0.0,0.0,0.0,0.0,0,0.0,0.0,0.0,0.0,0,0.0,0.0,0.0,0.0,0,0.0,0.0,0.0,0.0,13,54268.59,4174.506923076923,1288.16113681082,2.411937333333334,22,785565.3800000001,35707.51727272727,7751.605681706137,34.91401688888889
226,0461-5.png,0461,Ochroma pyramidale (Cav. ex Lam.) Urb.,2250000,40,927486.4100000001,41.22161822222222,0,0.0,0.0,0.0,0.0,0,0.0,0.0,0.0,0.0,0,0.0,0.0,0.0,0.0,0,0.0,0.0,0.0,0.0,0,0.0,0.0,0.0,0.0,0,0.0,0.0,0.0,0.0,0,0.0,0.0,0.0,0.0,0,0.0,0.0,0.0,0.0,0,0.0,0.0,0.0,0.0,0,0.0,0.0,0.0,0.0,0,0.0,0.0,0.0,0.0,0,0.0,0.0,0.0,0.0,15,46923.62,3128.2413333333334,1430.1578250662042,2.0854942222222226,25,880562.7900000002,35222.5116,8398.997358334744,39.136123999999995
227,0461-6.png,0461,Ochroma pyramidale (Cav. ex Lam.) Urb.,2250000,49,988171.9400000002,43.91875288888888,0,0.0,0.0,0.0,0.0,0,0.0,0.0,0.0,0.0,0,0.0,0.0,0.0,0.0,0,0.0,0.0,0.0,0.0,0,0.0,0.0,0.0,0.0,0,0.0,0.0,0.0,0.0,0,0.0,0.0,0.0,0.0,0,0.0,0.0,0.0,0.0,0,0.0,0.0,0.0,0.0,0,0.0,0.0,0.0,0.0,0,0.0,0.0,0.0,0.0,0,0.0,0.0,0.0,0.0,24,79905.15000000001,3329.38125,1669.62858224663,3.5513399999999997,25,908266.7900000002,36330.6716,11144.84972883801,40.36741288888888
228,0461-7.png,0461,Ochroma pyramidale (Cav. ex Lam.) Urb.,2250000,44,674755.77,29.989145333333333,0,0.0,0.0,0.0,0.0,0,0.0,0.0,0.0,0.0,0,0.0,0.0,0.0,0.0,0,0.0,0.0,0.0,0.0,0,0.0,0.0,0.0,0.0,0,0.0,0.0,0.0,0.0,0,0.0,0.0,0.0,0.0,0,0.0,0.0,0.0,0.0,0,0.0,0.0,0.0,0.0,0,0.0,0.0,0.0,0.0,0,0.0,0.0,0.0,0.0,0,0.0,0.0,0.0,0.0,28,122209.99000000002,4364.6425,1199.6324822600957,5.431555111111112,16,552545.7800000001,34534.11125,9383.776657776174,24.557590222222224
229,0461-8.png,0461,Ochroma pyramidale (Cav. ex Lam.) Urb.,2250000,47,662600.0700000001,29.448892000000004,0,0.0,0.0,0.0,0.0,0,0.0,0.0,0.0,0.0,0,0.0,0.0,0.0,0.0,0,0.0,0.0,0.0,0.0,0,0.0,0.0,0.0,0.0,0,0.0,0.0,0.0,0.0,0,0.0,0.0,0.0,0.0,0,0.0,0.0,0.0,0.0,0,0.0,0.0,0.0,0.0,0,0.0,0.0,0.0,0.0,0,0.0,0.0,0.0,0.0,0,0.0,0.0,0.0,0.0,34,165058.87999999998,4854.672941176471,1860.7195988299459,7.335950222222222,13,497541.18999999994,38272.399230769224,13627.585262668183,22.112941777777777
230,0461-9.png,0461,Ochroma pyramidale (Cav. ex Lam.) Urb.,2250000,38,607440.9599999998,26.997376000000003,0,0.0,0.0,0.0,0.0,0,0.0,0.0,0.0,0.0,0,0.0,0.0,0.0,0.0,0,0.0,0.0,0.0,0.0,0,0.0,0.0,0.0,0.0,0,0.0,0.0,0.0,0.0,0,0.0,0.0,0.0,0.0,0,0.0,0.0,0.0,0.0,0,0.0,0.0,0.0,0.0,0,0.0,0.0,0.0,0.0,0,0.0,0.0,0.0,0.0,0,0.0,0.0,0.0,0.0,28,125150.81000000001,4469.671785714286,2533.5726370805633,5.562258222222222,10,482290.15,48229.015,16063.955772332356,21.43511777777778
231,0323-1.jpg,0323,Guibourtia demeusei (Harms) J.Léonard,2250000,65,899541.0500000002,39.97960222222221,0,0.0,0.0,0.0,0.0,0,0.0,0.0,0.0,0.0,16,66714.06,4169.62875,1415.5235710453571,2.9650693333333336,0,0.0,0.0,0.0,0.0,21,171186.09999999998,8151.719047619046,3821.2797407372636,7.608271111111111,0,0.0,0.0,0.0,0.0,1,15698.43,15698.43,0.0,0.697708,0,0.0,0.0,0.0,0.0,0,0.0,0.0,0.0,0.0,0,0.0,0.0,0.0,0.0,4,44120.189999999995,11030.047499999999,1060.5365184463633,1.9608973333333335,0,0.0,0.0,0.0,0.0,2,5775.33,2887.665,1188.7949915986355,0.2566813333333333,21,596046.94,28383.18761904762,13336.862866728032,26.490975111111112
232,0323-10.jpg,0323,Guibourtia demeusei (Harms) J.Léonard,2250000,63,749036.9399999998,33.29053066666667,0,0.0,0.0,0.0,0.0,0,0.0,0.0,0.0,0.0,8,28131.0,3516.375,978.7620323361839,1.2502666666666666,0,0.0,0.0,0.0,0.0,17,208580.39,12269.434705882353,4819.089466138958,9.270239555555555,0,0.0,0.0,0.0,0.0,1,26098.97,26098.97,0.0,1.1599542222222223,0,0.0,0.0,0.0,0.0,0,0.0,0.0,0.0,0.0,0,0.0,0.0,0.0,0.0,3,21354.68,7118.2266666666665,4480.044233825525,0.9490968888888889,0,0.0,0.0,0.0,0.0,12,39635.549999999996,3302.9624999999996,1117.9498140966061,1.76158,22,425236.3500000001,19328.925000000003,18267.169659020146,18.899393333333336
233,0323-12.jpg,0323,Guibourtia demeusei (Harms) J.Léonard,2250000,79,1258665.2199999995,55.940676444444435,0,0.0,0.0,0.0,0.0,0,0.0,0.0,0.0,0.0,19,86440.11,4549.4794736842105,1888.0055716415955,3.841782666666667,0,0.0,0.0,0.0,0.0,19,255779.73,13462.091052631578,7155.68403659628,11.367988,0,0.0,0.0,0.0,0.0,1,45746.68,45746.68,0.0,2.0331857777777778,0,0.0,0.0,0.0,0.0,0,0.0,0.0,0.0,0.0,0,0.0,0.0,0.0,0.0,5,95227.0,19045.4,4995.877021649952,4.232311111111111,0,0.0,0.0,0.0,0.0,2,8531.57,4265.785,857.2609061715108,0.3791808888888889,33,766940.1300000002,23240.61,15483.888576489555,34.086228
234,0323-13.jpg,0323,Guibourtia demeusei (Harms) J.Léonard,2250000,68,921472.9300000002,40.954352444444446,0,0.0,0.0,0.0,0.0,0,0.0,0.0,0.0,0.0,12,51431.9,4285.991666666668,1552.0010761525868,2.2858622222222222,0,0.0,0.0,0.0,0.0,20,215412.49999999997,10770.625000000002,4923.19127626797,9.573888888888888,0,0.0,0.0,0.0,0.0,1,34116.63,34116.63,0.0,1.5162946666666666,0,0.0,0.0,0.0,0.0,0,0.0,0.0,0.0,0.0,0,0.0,0.0,0.0,0.0,3,66973.68,22324.559999999998,3128.5756606002046,2.9766079999999997,0,0.0,0.0,0.0,0.0,9,46497.7,5166.411111111111,1892.8219889390314,2.0665644444444444,23,507040.51999999996,22045.239999999998,14745.324066677422,22.53513422222222
235,0323-14.jpg,0323,Guibourtia demeusei (Harms) J.Léonard,2250000,57,1098110.2999999998,48.80490222222221,0,0.0,0.0,0.0,0.0,0,0.0,0.0,0.0,0.0,7,37400.71,5342.958571428571,2066.36752068639,1.6622537777777777,0,0.0,0.0,0.0,0.0,20,246966.01000000007,12348.300500000001,4639.387290359835,10.97626711111111,0,0.0,0.0,0.0,0.0,1,30070.78,30070.78,0.0,1.3364791111111112,0,0.0,0.0,0.0,0.0,0,0.0,0.0,0.0,0.0,0,0.0,0.0,0.0,0.0,5,74109.44,14821.888,4539.609446898488,3.293752888888889,0,0.0,0.0,0.0,0.0,2,9800.79,4900.395,1419.42493935044,0.4355906666666667,22,699762.5700000001,31807.38954545455,16980.521688247747,31.100558666666668
236,0323-2.jpg,0323,Guibourtia demeusei (Harms) J.Léonard,2250000,75,945500.1500000001,42.02222888888889,0,0.0,0.0,0.0,0.0,0,0.0,0.0,0.0,0.0,16,47218.689999999995,2951.168125,1158.66388503436,2.0986084444444444,0,0.0,0.0,0.0,0.0,14,143866.18000000002,10276.155714285716,6351.165387668525,6.394052444444445,0,0.0,0.0,0.0,0.0,1,20090.82,20090.82,0.0,0.8929253333333333,0,0.0,0.0,0.0,0.0,0,0.0,0.0,0.0,0.0,0,0.0,0.0,0.0,0.0,4,51846.03,12961.5075,1936.4643643571137,2.304268,0,0.0,0.0,0.0,0.0,12,36648.64,3054.0533333333333,1690.3064696585934,1.6288284444444443,28,645829.7900000002,23065.349642857145,13518.67288248054,28.703546222222222
237,0323-4.jpg,0323,Guibourtia demeusei (Harms) J.Léonard,2250000,66,1189670.1700000006,52.87422977777778,0,0.0,0.0,0.0,0.0,0,0.0,0.0,0.0,0.0,9,41807.05,4645.227777777777,2107.1845756291605,1.8580911111111111,0,0.0,0.0,0.0,0.0,17,224425.77000000002,13201.515882352942,6475.758094756222,9.974478666666668,0,0.0,0.0,0.0,0.0,2,54110.880000000005,27055.440000000002,2243.310405449946,2.404928,0,0.0,0.0,0.0,0.0,0,0.0,0.0,0.0,0.0,0,0.0,0.0,0.0,0.0,0,0.0,0.0,0.0,0.0,0,0.0,0.0,0.0,0.0,12,51773.070000000014,4314.4225000000015,1938.485190278622,2.3010253333333335,26,817553.4,31444.36153846154,14668.011651116914,36.335706666666674
238,0323-6.jpg,0323,Guibourtia demeusei (Harms) J.Léonard,2250000,64,1160493.13,51.577472444444446,0,0.0,0.0,0.0,0.0,0,0.0,0.0,0.0,0.0,7,34325.83,4903.6900000000005,1367.7290567701386,1.5255924444444444,0,0.0,0.0,0.0,0.0,17,219064.58000000002,12886.15176470588,4535.116298948732,9.736203555555553,0,0.0,0.0,0.0,0.0,0,0.0,0.0,0.0,0.0,0,0.0,0.0,0.0,0.0,0,0.0,0.0,0.0,0.0,0,0.0,0.0,0.0,0.0,1,24585.13,24585.13,0.0,1.0926724444444444,0,0.0,0.0,0.0,0.0,1,3786.21,3786.21,0.0,0.16827599999999998,38,878731.38,23124.51,15703.375914692202,39.054728
239,0323-8.jpg,0323,Guibourtia demeusei (Harms) J.Léonard,2250000,72,1244590.08,55.315114666666666,0,0.0,0.0,0.0,0.0,0,0.0,0.0,0.0,0.0,15,44936.68,2995.7786666666666,1089.920168995789,1.997185777777778,0,0.0,0.0,0.0,0.0,11,164020.30000000002,14910.936363636363,4257.237510549001,7.289791111111111,0,0.0,0.0,0.0,0.0,1,27852.06,27852.06,0.0,1.2378693333333335,0,0.0,0.0,0.0,0.0,0,0.0,0.0,0.0,0.0,0,0.0,0.0,0.0,0.0,4,59197.420000000006,14799.355000000001,3251.9117307874967,2.630996444444444,0,0.0,0.0,0.0,0.0,2,8208.63,4104.315,804.9208622280823,0.36482799999999993,39,940374.9900000001,24112.179230769234,14002.075536236607,41.794444
240,0323-9.jpg,0323,Guibourtia demeusei (Harms) J.Léonard,2250000,66,952464.1900000002,42.33174177777779,0,0.0,0.0,0.0,0.0,0,0.0,0.0,0.0,0.0,10,34807.55,3480.755,1225.584417213546,1.5470022222222224,0,0.0,0.0,0.0,0.0,13,153804.29,11831.099230769232,7762.417496600165,6.835746222222222,0,0.0,0.0,0.0,0.0,2,53646.33,26823.165,1124.3068531544213,2.384281333333333,0,0.0,0.0,0.0,0.0,0,0.0,0.0,0.0,0.0,0,0.0,0.0,0.0,0.0,3,57008.74,19002.913333333334,3288.39781427572,2.533721777777778,0,0.0,0.0,0.0,0.0,6,23928.52,3988.0866666666666,1044.957015951693,1.0634897777777779,32,629268.76,19664.64875,15216.64744037749,27.96750044444444
241,0324-1.png,0324,Guibourtia pellegriniana J.Léonard,2250000,172,1438683.2499999993,63.941477777777784,0,0.0,0.0,0.0,0.0,0,0.0,0.0,0.0,0.0,23,48576.94999999999,2112.041304347826,1021.6275153681562,2.158975555555555,0,0.0,0.0,0.0,0.0,30,213972.71000000002,7132.423666666668,3332.471792806596,9.50989822222222,2,27636.41,13818.205,7886.100301064526,1.2282848888888889,1,688.79,688.79,0.0,0.03061288888888889,0,0.0,0.0,0.0,0.0,0,0.0,0.0,0.0,0.0,0,0.0,0.0,0.0,0.0,5,18432.14,3686.428,2581.660674414823,0.8192062222222223,0,0.0,0.0,0.0,0.0,27,50193.77,1859.028518518519,1192.1845038922447,2.2308342222222226,84,1079182.4800000002,12847.410476190476,7334.386987154054,47.96366577777779
242,0324-2.png,0324,Guibourtia pellegriniana J.Léonard,2250000,161,1314357.5,58.41588888888888,0,0.0,0.0,0.0,0.0,0,0.0,0.0,0.0,0.0,18,41884.299999999996,2326.9055555555556,1296.6736871305488,1.8615244444444445,0,0.0,0.0,0.0,0.0,28,213661.53000000003,7630.768928571428,3501.05736628907,9.496067999999998,2,14849.78,7424.89,10066.442847649809,0.6599902222222223,0,0.0,0.0,0.0,0.0,0,0.0,0.0,0.0,0.0,0,0.0,0.0,0.0,0.0,0,0.0,0.0,0.0,0.0,9,13015.14,1446.1266666666666,2182.1323966993846,0.5784506666666667,0,0.0,0.0,0.0,0.0,30,67810.53999999998,2260.351333333333,1340.854554507307,3.013801777777778,74,963136.2100000002,13015.35418918919,7424.493680587029,42.80605377777778
243,0325-1.jpg,0325,Guibourtia tessmannii (Harms) J.Léonard,2250000,81,1069090.9400000002,47.515152888888885,0,0.0,0.0,0.0,0.0,0,0.0,0.0,0.0,0.0,6,23601.300000000003,3933.5500000000006,1608.0872813998626,1.0489466666666667,0,0.0,0.0,0.0,0.0,26,329235.77999999997,12662.914615384616,6689.910493511991,14.632701333333337,0,0.0,0.0,0.0,0.0,0,0.0,0.0,0.0,0.0,0,0.0,0.0,0.0,0.0,0,0.0,0.0,0.0,0.0,0,0.0,0.0,0.0,0.0,5,119411.94,23882.388,4327.298018200271,5.307197333333333,0,0.0,0.0,0.0,0.0,19,81311.7,4279.563157894737,2273.1794021933556,3.613853333333334,25,515530.22,20621.2088,11917.151698409076,22.912454222222223
244,0325-11.jpg,0325,Guibourtia tessmannii (Harms) J.Léonard,2250000,73,896805.1500000003,39.858006666666675,0,0.0,0.0,0.0,0.0,0,0.0,0.0,0.0,0.0,0,0.0,0.0,0.0,0.0,0,0.0,0.0,0.0,0.0,18,228557.47000000003,12697.637222222223,5278.25449452062,10.15810977777778,3,23786.9,7928.966666666667,2104.489701907171,1.0571955555555557,0,0.0,0.0,0.0,0.0,0,0.0,0.0,0.0,0.0,0,0.0,0.0,0.0,0.0,0,0.0,0.0,0.0,0.0,5,99747.07,19949.414,10281.653235220978,4.433203111111111,0,0.0,0.0,0.0,0.0,16,73432.43999999999,4589.5275,1734.2110259000585,3.2636639999999995,31,471281.26999999996,15202.621612903222,7881.945990673494,20.945834222222228
245,0325-13.jpg,0325,Guibourtia tessmannii (Harms) J.Léonard,2250000,83,979243.4200000003,43.5219297777778,0,0.0,0.0,0.0,0.0,0,0.0,0.0,0.0,0.0,0,0.0,0.0,0.0,0.0,0,0.0,0.0,0.0,0.0,20,214047.78000000003,10702.389000000001,6332.968279725509,9.513234666666666,6,69372.66,11562.11,4646.571861138058,3.0832293333333336,1,32172.56,32172.56,0.0,1.4298915555555558,0,0.0,0.0,0.0,0.0,0,0.0,0.0,0.0,0.0,0,0.0,0.0,0.0,0.0,3,70239.54000000001,23413.180000000004,4226.501593978169,3.1217573333333335,0,0.0,0.0,0.0,0.0,23,115249.16000000003,5010.833043478261,2102.088294258473,5.122184888888889,30,478161.7199999999,15938.724,10762.5206966951,21.251632
246,0325-3.jpg,0325,Guibourtia tessmannii (Harms) J.Léonard,2250000,81,1082571.71,48.11429822222221,0,0.0,0.0,0.0,0.0,0,0.0,0.0,0.0,0.0,0,0.0,0.0,0.0,0.0,0,0.0,0.0,0.0,0.0,20,274102.44000000006,13705.122,5022.508194369779,12.182330666666667,5,43102.03,8620.405999999999,5291.01065560541,1.915645777777778,0,0.0,0.0,0.0,0.0,0,0.0,0.0,0.0,0.0,0,0.0,0.0,0.0,0.0,0,0.0,0.0,0.0,0.0,2,47064.18,23532.09,3995.775567671436,2.0917413333333332,0,0.0,0.0,0.0,0.0,16,87559.09000000001,5472.443125,2265.383409593819,3.891515111111111,38,630743.97,16598.52552631579,11049.182345173343,28.033065333333337
247,0325-4.jpg,0325,Guibourtia tessmannii (Harms) J.Léonard,2250000,66,1023213.4000000003,45.47615111111111,0,0.0,0.0,0.0,0.0,0,0.0,0.0,0.0,0.0,0,0.0,0.0,0.0,0.0,0,0.0,0.0,0.0,0.0,20,261546.48000000004,13077.323999999999,4657.647856386198,11.624288000000004,2,7071.370000000001,3535.6850000000004,4634.55462059193,0.3142831111111111,0,0.0,0.0,0.0,0.0,0,0.0,0.0,0.0,0.0,0,0.0,0.0,0.0,0.0,0,0.0,0.0,0.0,0.0,0,0.0,0.0,0.0,0.0,0,0.0,0.0,0.0,0.0,15,96497.31,6433.1539999999995,2096.067725070652,4.288769333333334,29,658098.2400000001,22693.042758620693,11803.476523265113,29.248810666666667
248,0325-5.jpg,0325,Guibourtia tessmannii (Harms) J.Léonard,2250000,69,1079179.3099999996,47.963524888888884,0,0.0,0.0,0.0,0.0,0,0.0,0.0,0.0,0.0,0,0.0,0.0,0.0,0.0,0,0.0,0.0,0.0,0.0,17,225387.11000000004,13258.065294117647,4332.579514111826,10.017204888888886,5,72310.2,14462.039999999999,3985.5238638289447,3.2137866666666666,0,0.0,0.0,0.0,0.0,0,0.0,0.0,0.0,0.0,0,0.0,0.0,0.0,0.0,0,0.0,0.0,0.0,0.0,2,825.0500000000001,412.52500000000003,276.9100865804639,0.03666888888888889,0,0.0,0.0,0.0,0.0,13,69584.02000000002,5352.616923076924,1795.5378762754474,3.092623111111111,32,711072.9299999998,22221.0290625,9444.872112256457,31.603241333333344
249,0325-6.jpg,0325,Guibourtia tessmannii (Harms) J.Léonard,2250000,72,866948.9400000003,38.531064,0,0.0,0.0,0.0,0.0,0,0.0,0.0,0.0,0.0,0,0.0,0.0,0.0,0.0,0,0.0,0.0,0.0,0.0,17,204334.96,12019.703529411765,5915.933455802791,9.081553777777778,5,51130.41,10226.082,3328.9415435195015,2.2724626666666667,1,8142.11,8142.11,0.0,0.36187155555555556,0,0.0,0.0,0.0,0.0,0,0.0,0.0,0.0,0.0,0,0.0,0.0,0.0,0.0,2,42367.11,21183.555,3278.0975401061514,1.882982666666667,0,0.0,0.0,0.0,0.0,22,114622.58,5210.117272727272,2460.747099656606,5.094336888888889,25,446351.76999999996,17854.070799999998,9906.623530046249,19.837856444444444
250,0325-7.jpg,0325,Guibourtia tessmannii (Harms) J.Léonard,2250000,73,919500.9599999998,40.86670933333333,0,0.0,0.0,0.0,0.0,0,0.0,0.0,0.0,0.0,0,0.0,0.0,0.0,0.0,0,0.0,0.0,0.0,0.0,16,189418.66999999998,11838.666875,6886.045888743136,8.418607555555557,5,84893.0,16978.6,4437.7276439355755,3.773022222222222,0,0.0,0.0,0.0,0.0,0,0.0,0.0,0.0,0.0,0,0.0,0.0,0.0,0.0,0,0.0,0.0,0.0,0.0,3,36633.61,12211.203333333333,7690.593628155979,1.6281604444444444,0,0.0,0.0,0.0,0.0,15,75974.1,5064.9400000000005,1057.1358773929815,3.3766266666666667,34,532581.5799999998,15664.164117647058,9029.543381362973,23.670292444444442
251,0325-8.jpg,0325,Guibourtia tessmannii (Harms) J.Léonard,2250000,67,848709.89,37.72043955555556,0,0.0,0.0,0.0,0.0,0,0.0,0.0,0.0,0.0,0,0.0,0.0,0.0,0.0,0,0.0,0.0,0.0,0.0,19,208504.18000000002,10973.904210526316,6511.393212475359,9.266852444444446,3,5069.37,1689.79,1549.8949362134197,0.22530533333333336,0,0.0,0.0,0.0,0.0,0,0.0,0.0,0.0,0.0,0,0.0,0.0,0.0,0.0,0,0.0,0.0,0.0,0.0,3,71342.47,23780.823333333334,1466.5483575161545,3.1707764444444444,0,0.0,0.0,0.0,0.0,15,54988.51,3665.9006666666664,2215.230680811068,2.4439337777777776,27,508805.3599999999,18844.64296296296,11003.73890311338,22.613571555555556
252,0325-9.jpg,0325,Guibourtia tessmannii (Harms) J.Léonard,2250000,91,1151031.4099999992,51.15695155555559,0,0.0,0.0,0.0,0.0,0,0.0,0.0,0.0,0.0,0,0.0,0.0,0.0,0.0,0,0.0,0.0,0.0,0.0,24,236192.12,9841.338333333333,5001.627087606128,10.497427555555554,5,48557.64,9711.528,4583.901095553873,2.158117333333333,0,0.0,0.0,0.0,0.0,0,0.0,0.0,0.0,0.0,0,0.0,0.0,0.0,0.0,0,0.0,0.0,0.0,0.0,4,31748.78,7937.195,6324.117288025262,1.4110568888888888,0,0.0,0.0,0.0,0.0,26,131361.74000000002,5052.374615384615,2297.26607781899,5.838299555555555,32,703171.1299999998,21974.0978125,8191.16192441496,31.25205022222222
253,0542-12.png,0542,Pycnanthus angolensis (Welw.) Warb.,2250000,46,428281.17,19.034718666666667,0,0.0,0.0,0.0,0.0,20,90033.17,4501.6585,2411.730323078334,4.001474222222222,0,0.0,0.0,0.0,0.0,0,0.0,0.0,0.0,0.0,0,0.0,0.0,0.0,0.0,0,0.0,0.0,0.0,0.0,0,0.0,0.0,0.0,0.0,0,0.0,0.0,0.0,0.0,0,0.0,0.0,0.0,0.0,0,0.0,0.0,0.0,0.0,0,0.0,0.0,0.0,0.0,0,0.0,0.0,0.0,0.0,17,69601.16,4094.1858823529415,2277.955241115535,3.0933848888888886,9,268646.84,29849.648888888893,2011.8557665340013,11.939859555555557
254,0542-13.png,0542,Pycnanthus angolensis (Welw.) Warb.,2250000,40,371539.59,16.51287066666667,0,0.0,0.0,0.0,0.0,16,38687.1,2417.94375,1493.771556800102,1.7194266666666667,0,0.0,0.0,0.0,0.0,0,0.0,0.0,0.0,0.0,0,0.0,0.0,0.0,0.0,0,0.0,0.0,0.0,0.0,0,0.0,0.0,0.0,0.0,0,0.0,0.0,0.0,0.0,0,0.0,0.0,0.0,0.0,0,0.0,0.0,0.0,0.0,0,0.0,0.0,0.0,0.0,0,0.0,0.0,0.0,0.0,15,45727.37999999999,3048.4919999999993,1183.9284285148806,2.032328,9,287125.11,31902.789999999997,4158.413411846519,12.761116000000001
255,0542-14.png,0542,Pycnanthus angolensis (Welw.) Warb.,2250000,54,549741.2499999999,24.432944444444438,0,0.0,0.0,0.0,0.0,21,72520.5,3453.357142857142,1732.9303201287203,3.223133333333333,0,0.0,0.0,0.0,0.0,0,0.0,0.0,0.0,0.0,0,0.0,0.0,0.0,0.0,0,0.0,0.0,0.0,0.0,0,0.0,0.0,0.0,0.0,0,0.0,0.0,0.0,0.0,0,0.0,0.0,0.0,0.0,0,0.0,0.0,0.0,0.0,0,0.0,0.0,0.0,0.0,0,0.0,0.0,0.0,0.0,21,72394.94999999998,3447.3785714285705,1988.9143831077438,3.2175533333333335,12,404825.80000000005,33735.48333333334,6518.467356019892,17.992257777777773
256,0542-15.png,0542,Pycnanthus angolensis (Welw.) Warb.,2250000,58,575465.7900000002,25.576257333333338,0,0.0,0.0,0.0,0.0,24,95326.76999999999,3971.9487499999996,1744.5495435693233,4.236745333333333,0,0.0,0.0,0.0,0.0,0,0.0,0.0,0.0,0.0,0,0.0,0.0,0.0,0.0,0,0.0,0.0,0.0,0.0,0,0.0,0.0,0.0,0.0,0,0.0,0.0,0.0,0.0,0,0.0,0.0,0.0,0.0,0,0.0,0.0,0.0,0.0,0,0.0,0.0,0.0,0.0,0,0.0,0.0,0.0,0.0,23,75762.74999999999,3294.032608695652,2218.4975013738413,3.367233333333333,11,404376.26999999996,36761.479090909095,6248.544424487121,17.972278666666664
257,0542-2.png,0542,Pycnanthus angolensis (Welw.) Warb.,2250000,48,406603.58,18.071270222222225,0,0.0,0.0,0.0,0.0,19,66233.38,3485.967368421053,1942.3578130767946,2.9437057777777778,0,0.0,0.0,0.0,0.0,0,0.0,0.0,0.0,0.0,0,0.0,0.0,0.0,0.0,0,0.0,0.0,0.0,0.0,0,0.0,0.0,0.0,0.0,0,0.0,0.0,0.0,0.0,0,0.0,0.0,0.0,0.0,0,0.0,0.0,0.0,0.0,0,0.0,0.0,0.0,0.0,0,0.0,0.0,0.0,0.0,20,72526.94000000002,3626.347,3000.281665679337,3.2234195555555556,9,267843.25999999995,29760.362222222222,3769.5899011854654,11.904144888888888
258,0542-3.png,0542,Pycnanthus angolensis (Welw.) Warb.,2250000,55,500110.7599999999,22.227144888888883,0,0.0,0.0,0.0,0.0,24,115788.83000000002,4824.534583333333,1796.7410216761157,5.146170222222224,0,0.0,0.0,0.0,0.0,0,0.0,0.0,0.0,0.0,0,0.0,0.0,0.0,0.0,0,0.0,0.0,0.0,0.0,0,0.0,0.0,0.0,0.0,0,0.0,0.0,0.0,0.0,0,0.0,0.0,0.0,0.0,0,0.0,0.0,0.0,0.0,0,0.0,0.0,0.0,0.0,0,0.0,0.0,0.0,0.0,22,131558.06,5979.9118181818185,2641.3968861419416,5.847024888888887,9,252763.87,28084.874444444446,6165.270791236811,11.233949777777777
259,0542-4.png,0542,Pycnanthus angolensis (Welw.) Warb.,2250000,50,269027.7,11.956786666666668,0,0.0,0.0,0.0,0.0,31,181311.96,5848.772903225808,2593.6460786265006,8.05830933333333,0,0.0,0.0,0.0,0.0,0,0.0,0.0,0.0,0.0,0,0.0,0.0,0.0,0.0,0,0.0,0.0,0.0,0.0,0,0.0,0.0,0.0,0.0,0,0.0,0.0,0.0,0.0,0,0.0,0.0,0.0,0.0,0,0.0,0.0,0.0,0.0,0,0.0,0.0,0.0,0.0,0,0.0,0.0,0.0,0.0,18,57398.19999999999,3188.788888888889,3101.3560561487384,2.5510311111111115,1,30317.54,30317.54,0.0,1.3474462222222223
260,0542-5.png,0542,Pycnanthus angolensis (Welw.) Warb.,2250000,50,276410.22000000003,12.284898666666669,0,0.0,0.0,0.0,0.0,29,124988.80000000003,4309.958620689655,1668.2262197995212,5.555057777777777,0,0.0,0.0,0.0,0.0,0,0.0,0.0,0.0,0.0,0,0.0,0.0,0.0,0.0,0,0.0,0.0,0.0,0.0,0,0.0,0.0,0.0,0.0,0,0.0,0.0,0.0,0.0,0,0.0,0.0,0.0,0.0,0,0.0,0.0,0.0,0.0,0,0.0,0.0,0.0,0.0,0,0.0,0.0,0.0,0.0,17,58162.079999999994,3421.2988235294115,2276.9649737201776,2.584981333333333,4,93259.34,23314.835,14646.921010406933,4.144859555555556
261,0542-6.png,0542,Pycnanthus angolensis (Welw.) Warb.,2250000,45,211204.64999999997,9.386873333333332,0,0.0,0.0,0.0,0.0,23,95978.00999999998,4172.95695652174,2399.8440658896507,4.265689333333333,0,0.0,0.0,0.0,0.0,0,0.0,0.0,0.0,0.0,0,0.0,0.0,0.0,0.0,0,0.0,0.0,0.0,0.0,0,0.0,0.0,0.0,0.0,0,0.0,0.0,0.0,0.0,0,0.0,0.0,0.0,0.0,0,0.0,0.0,0.0,0.0,0,0.0,0.0,0.0,0.0,0,0.0,0.0,0.0,0.0,20,62008.39,3100.4195000000004,2490.97337612275,2.7559284444444443,2,53218.25,26609.125,1115.9629931364204,2.3652555555555557
262,0542-7.png,0542,Pycnanthus angolensis (Welw.) Warb.,2250000,41,157162.45000000004,6.984997777777778,0,0.0,0.0,0.0,0.0,25,112030.52999999998,4481.2212,1972.280770891322,4.979134666666666,0,0.0,0.0,0.0,0.0,0,0.0,0.0,0.0,0.0,0,0.0,0.0,0.0,0.0,0,0.0,0.0,0.0,0.0,0,0.0,0.0,0.0,0.0,0,0.0,0.0,0.0,0.0,0,0.0,0.0,0.0,0.0,0,0.0,0.0,0.0,0.0,0,0.0,0.0,0.0,0.0,0,0.0,0.0,0.0,0.0,16,45131.920000000006,2820.745,2251.016082128246,2.005863111111111,0,0.0,0.0,0.0,0.0
263,0542-8.png,0542,Pycnanthus angolensis (Welw.) Warb.,2250000,54,236464.65000000002,10.509540000000001,0,0.0,0.0,0.0,0.0,30,114033.59000000001,3801.119666666667,1630.181155732939,5.068159555555556,0,0.0,0.0,0.0,0.0,0,0.0,0.0,0.0,0.0,0,0.0,0.0,0.0,0.0,0,0.0,0.0,0.0,0.0,0,0.0,0.0,0.0,0.0,0,0.0,0.0,0.0,0.0,0,0.0,0.0,0.0,0.0,0,0.0,0.0,0.0,0.0,0,0.0,0.0,0.0,0.0,0,0.0,0.0,0.0,0.0,21,54970.27999999999,2617.632380952381,2063.928113592876,2.4431235555555557,3,67460.78,22486.926666666666,3573.582095395787,2.9982568888888883
264,0606-4.png,0606,Swietenia humilis Zucc.,2250000,70,359137.1,15.961648888888893,0,0.0,0.0,0.0,0.0,0,0.0,0.0,0.0,0.0,3,3555.54,1185.18,515.8548653448952,0.158024,11,61227.31999999999,5566.12,1770.2121359034911,2.721214222222222,0,0.0,0.0,0.0,0.0,0,0.0,0.0,0.0,0.0,0,0.0,0.0,0.0,0.0,0,0.0,0.0,0.0,0.0,0,0.0,0.0,0.0,0.0,0,0.0,0.0,0.0,0.0,5,202529.31,40505.862,23212.394441745342,9.001302666666666,0,0.0,0.0,0.0,0.0,51,91824.93000000002,1800.488823529412,753.3520007556814,4.081108000000001,0,0.0,0.0,0.0,0.0
265,0606-5.png,0606,Swietenia humilis Zucc.,2250000,79,407828.7800000001,18.12572355555556,0,0.0,0.0,0.0,0.0,0,0.0,0.0,0.0,0.0,14,22456.51,1604.0364285714284,961.9004739705274,0.9980671111111111,7,29381.980000000003,4197.425714285715,1009.3270924871538,1.3058657777777778,3,15875.460000000001,5291.820000000001,1144.3865920658106,0.705576,0,0.0,0.0,0.0,0.0,0,0.0,0.0,0.0,0.0,0,0.0,0.0,0.0,0.0,0,0.0,0.0,0.0,0.0,0,0.0,0.0,0.0,0.0,4,255040.52000000002,63760.130000000005,10400.557672628265,11.335134222222223,0,0.0,0.0,0.0,0.0,51,85074.31000000004,1668.1237254901964,955.522835113763,3.7810804444444455,0,0.0,0.0,0.0,0.0
266,0607-2.jpg,0607,Swietenia macrophylla King,2250000,124,923433.1399999999,41.04147288888888,0,0.0,0.0,0.0,0.0,0,0.0,0.0,0.0,0.0,35,98636.63000000002,2818.1894285714284,1158.579729534355,4.383850222222221,34,115955.14999999998,3410.4455882352945,4475.695564352517,5.153562222222223,0,0.0,0.0,0.0,0.0,0,0.0,0.0,0.0,0.0,0,0.0,0.0,0.0,0.0,0,0.0,0.0,0.0,0.0,0,0.0,0.0,0.0,0.0,0,0.0,0.0,0.0,0.0,2,88636.28,44318.14,3064.1623834581646,3.939390222222222,0,0.0,0.0,0.0,0.0,35,165439.74000000002,4726.849714285715,1633.4032198818832,7.352877333333334,18,454765.33999999997,25264.741111111114,4814.283011322098,20.211792888888887
267,0607-3.jpg,0607,Swietenia macrophylla King,2250000,132,1262672.4700000002,56.11877644444446,0,0.0,0.0,0.0,0.0,0,0.0,0.0,0.0,0.0,36,104513.9,2903.1638888888892,1412.5418243441811,4.645062222222223,25,55446.639999999985,2217.8656,3339.34358277701,2.4642951111111113,0,0.0,0.0,0.0,0.0,0,0.0,0.0,0.0,0.0,0,0.0,0.0,0.0,0.0,0,0.0,0.0,0.0,0.0,0,0.0,0.0,0.0,0.0,0,0.0,0.0,0.0,0.0,4,118501.06,29625.265,19963.01017940681,5.266713777777778,0,0.0,0.0,0.0,0.0,37,175552.74,4744.668648648649,2427.1727795468382,7.802343999999999,30,808658.13,26955.271,5327.848141604218,35.94036133333333
268,0607-4.jpg,0607,Swietenia macrophylla King,2250000,150,1606638.9200000004,71.40617422222223,0,0.0,0.0,0.0,0.0,0,0.0,0.0,0.0,0.0,28,90507.38999999998,3232.406785714285,1776.464361496471,4.022550666666666,33,110533.83999999997,3349.510303030303,5464.126609754004,4.912615111111111,0,0.0,0.0,0.0,0.0,0,0.0,0.0,0.0,0.0,0,0.0,0.0,0.0,0.0,0,0.0,0.0,0.0,0.0,0,0.0,0.0,0.0,0.0,0,0.0,0.0,0.0,0.0,3,74516.06,24838.686666666665,3027.742812481492,3.3118248888888893,0,0.0,0.0,0.0,0.0,43,191007.61000000002,4442.037441860465,2513.01837427775,8.489227111111113,43,1140074.0200000003,26513.349302325583,5780.044778357359,50.66995644444445
269,0607-5.jpg,0607,Swietenia macrophylla King,2250000,142,1465929.1299999992,65.15240577777777,0,0.0,0.0,0.0,0.0,0,0.0,0.0,0.0,0.0,25,83201.02000000002,3328.0408,1680.077667951495,3.697823111111112,35,113785.74,3251.021142857143,5093.008352662774,5.057143999999999,0,0.0,0.0,0.0,0.0,0,0.0,0.0,0.0,0.0,0,0.0,0.0,0.0,0.0,0,0.0,0.0,0.0,0.0,0,0.0,0.0,0.0,0.0,0,0.0,0.0,0.0,0.0,3,79249.63,26416.543333333335,1529.8201419230084,3.5222057777777778,0,0.0,0.0,0.0,0.0,40,187487.49,4687.18725,2406.5458574159957,8.332777333333333,39,1002205.25,25697.570512820515,8119.284293122259,44.542455555555556
270,0607-6.jpg,0607,Swietenia macrophylla King,2250000,154,1630658.6300000001,72.47371688888892,0,0.0,0.0,0.0,0.0,0,0.0,0.0,0.0,0.0,23,90916.16999999998,3952.876956521739,1595.9521623396734,4.040718666666668,38,169681.92,4465.313684210526,6182.748909350318,7.541418666666667,0,0.0,0.0,0.0,0.0,0,0.0,0.0,0.0,0.0,0,0.0,0.0,0.0,0.0,0,0.0,0.0,0.0,0.0,0,0.0,0.0,0.0,0.0,0,0.0,0.0,0.0,0.0,6,141416.78,23569.463333333333,5904.72642542791,6.285190222222222,0,0.0,0.0,0.0,0.0,45,251640.56,5592.012444444445,1972.1132636626992,11.184024888888896,42,977003.2000000001,23261.980952380953,8937.989782252374,43.42236444444445
271,0607-7.jpg,0607,Swietenia macrophylla King,2250000,156,1195503.4500000004,53.13348666666669,0,0.0,0.0,0.0,0.0,0,0.0,0.0,0.0,0.0,21,83317.98999999999,3967.523333333333,2209.463565846546,3.7030217777777783,51,138753.87999999995,2720.6643137254896,4395.422527341031,6.166839111111112,0,0.0,0.0,0.0,0.0,0,0.0,0.0,0.0,0.0,0,0.0,0.0,0.0,0.0,0,0.0,0.0,0.0,0.0,0,0.0,0.0,0.0,0.0,0,0.0,0.0,0.0,0.0,2,49112.32,24556.16,1280.5845228644591,2.1827697777777777,0,0.0,0.0,0.0,0.0,52,266084.81,5117.015576923077,2389.5175937844742,11.825991555555555,30,658234.4499999998,21941.148333333327,9748.565943778633,29.25486444444444
272,0607-8.jpg,0607,Swietenia macrophylla King,2250000,148,1188870.85,52.83870444444443,0,0.0,0.0,0.0,0.0,0,0.0,0.0,0.0,0.0,23,81927.54,3562.066956521739,1975.864398472073,3.6412240000000002,36,114194.45999999998,3172.0683333333336,4158.464029351291,5.075309333333332,0,0.0,0.0,0.0,0.0,0,0.0,0.0,0.0,0.0,0,0.0,0.0,0.0,0.0,0,0.0,0.0,0.0,0.0,0,0.0,0.0,0.0,0.0,0,0.0,0.0,0.0,0.0,5,108288.30000000002,21657.660000000003,4477.507198112584,4.812813333333333,0,0.0,0.0,0.0,0.0,55,277343.62,5042.611272727273,2185.2858738347445,12.326383111111111,29,607116.9299999999,20935.066551724132,8998.110167480912,26.98297466666667
273,0607-9.jpg,0607,Swietenia macrophylla King,2250000,129,846710.0900000004,37.63155955555556,0,0.0,0.0,0.0,0.0,0,0.0,0.0,0.0,0.0,23,87083.81999999999,3786.2530434782607,1827.7623658885468,3.8703920000000003,40,158056.15,3951.40375,5397.595255512563,7.02471777777778,0,0.0,0.0,0.0,0.0,0,0.0,0.0,0.0,0.0,0,0.0,0.0,0.0,0.0,0,0.0,0.0,0.0,0.0,0,0.0,0.0,0.0,0.0,0,0.0,0.0,0.0,0.0,3,62404.28,20801.426666666666,4627.27732985968,2.7735235555555553,0,0.0,0.0,0.0,0.0,52,266479.60000000003,5124.607692307693,1967.8609804433424,11.843537777777778,11,272686.24,24789.658181818188,3458.8922122576128,12.119388444444445
274,0608-13.jpg,0608,Swietenia mahagoni (L.) Jacq.,2250000,82,788046.96,35.02430933333334,0,0.0,0.0,0.0,0.0,0,0.0,0.0,0.0,0.0,10,24233.220000000005,2423.3220000000006,1262.561054601145,1.0770320000000002,19,90446.23000000001,4760.327894736843,4379.011891585918,4.019832444444444,0,0.0,0.0,0.0,0.0,0,0.0,0.0,0.0,0.0,0,0.0,0.0,0.0,0.0,0,0.0,0.0,0.0,0.0,0,0.0,0.0,0.0,0.0,0,0.0,0.0,0.0,0.0,2,81172.23000000001,40586.115000000005,153.2512526865627,3.607654666666667,0,0.0,0.0,0.0,0.0,36,126880.28999999996,3524.452500000001,1739.4480062239365,5.639123999999999,15,465314.99,31020.999333333333,5190.447165339234,20.68066622222222
275,0608-14.jpg,0608,Swietenia mahagoni (L.) Jacq.,2250000,79,608307.8499999999,27.035904444444434,0,0.0,0.0,0.0,0.0,0,0.0,0.0,0.0,0.0,11,35430.92,3220.9927272727273,1469.833099151675,1.5747075555555556,17,112937.09,6643.358235294118,4415.684718519365,5.019426222222223,0,0.0,0.0,0.0,0.0,0,0.0,0.0,0.0,0.0,0,0.0,0.0,0.0,0.0,0,0.0,0.0,0.0,0.0,0,0.0,0.0,0.0,0.0,0,0.0,0.0,0.0,0.0,3,104748.84,34916.28,3982.3356621585776,4.6555040000000005,0,0.0,0.0,0.0,0.0,40,159392.95,3984.8237500000005,1643.15400099881,7.084131111111113,8,195798.05000000002,24474.75625,5176.54144145611,8.702135555555556
276,0608-15.jpg,0608,Swietenia mahagoni (L.) Jacq.,2250000,87,544214.85,24.18732666666667,0,0.0,0.0,0.0,0.0,0,0.0,0.0,0.0,0.0,7,27919.660000000003,3988.5228571428574,1325.9096763695768,1.2408737777777776,15,84210.64,5614.042666666666,4270.291368114403,3.742695111111111,0,0.0,0.0,0.0,0.0,0,0.0,0.0,0.0,0.0,0,0.0,0.0,0.0,0.0,0,0.0,0.0,0.0,0.0,0,0.0,0.0,0.0,0.0,0,0.0,0.0,0.0,0.0,2,76044.92,38022.46,524.2206833004593,3.379774222222222,0,0.0,0.0,0.0,0.0,55,214784.84000000003,3905.178909090909,1998.7481594207102,9.545992888888893,8,141254.79,17656.848749999997,5400.5605067581055,6.277990666666668
277,0608-2.jpg,0608,Swietenia mahagoni (L.) Jacq.,2250000,71,502449.6300000001,22.331094666666665,0,0.0,0.0,0.0,0.0,0,0.0,0.0,0.0,0.0,7,20092.969999999998,2870.4242857142854,1022.9220456427289,0.8930208888888889,11,94501.73000000001,8591.066363636364,4333.2261132100475,4.20007688888889,0,0.0,0.0,0.0,0.0,0,0.0,0.0,0.0,0.0,0,0.0,0.0,0.0,0.0,0,0.0,0.0,0.0,0.0,0,0.0,0.0,0.0,0.0,0,0.0,0.0,0.0,0.0,4,82494.01999999999,20623.504999999997,6608.478928893798,3.666400888888889,0,0.0,0.0,0.0,0.0,44,152483.58000000005,3465.5359090909096,1693.9411011043987,6.7770480000000015,5,152877.33000000002,30575.466000000004,4792.200339987886,6.794548
278,0608-3.jpg,0608,Swietenia mahagoni (L.) Jacq.,2250000,92,736602.2200000001,32.73787644444444,0,0.0,0.0,0.0,0.0,0,0.0,0.0,0.0,0.0,17,46712.310000000005,2747.7829411764706,1406.4077344460102,2.0761026666666664,18,115966.91,6442.606111111111,4988.4772333556375,5.154084888888889,0,0.0,0.0,0.0,0.0,0,0.0,0.0,0.0,0.0,0,0.0,0.0,0.0,0.0,0,0.0,0.0,0.0,0.0,0,0.0,0.0,0.0,0.0,0,0.0,0.0,0.0,0.0,6,193210.25,32201.708333333332,16468.4903957921,8.587122222222224,0,0.0,0.0,0.0,0.0,42,128311.52,3055.0361904761908,2089.0217463122835,5.702734222222222,9,252401.23,28044.58111111111,9525.384975598681,11.217832444444445
279,0608-4.jpg,0608,Swietenia mahagoni (L.) Jacq.,2250000,100,1050918.4699999995,46.70748755555556,0,0.0,0.0,0.0,0.0,0,0.0,0.0,0.0,0.0,36,153541.47000000003,4265.040833333334,1543.167786400753,6.8240653333333325,9,62327.020000000004,6925.224444444445,5083.404502250709,2.770089777777778,0,0.0,0.0,0.0,0.0,0,0.0,0.0,0.0,0.0,0,0.0,0.0,0.0,0.0,0,0.0,0.0,0.0,0.0,0,0.0,0.0,0.0,0.0,0,0.0,0.0,0.0,0.0,8,352508.78,44063.5975,6260.7450605082595,15.667056888888888,0,0.0,0.0,0.0,0.0,32,89694.14,2802.941875,2292.6780752780987,3.9864062222222225,15,392847.06,26189.804,9600.68495316558,17.459869333333334
280,0608-5.jpg,0608,Swietenia mahagoni (L.) Jacq.,2250000,101,704397.4099999998,31.306551555555565,0,0.0,0.0,0.0,0.0,0,0.0,0.0,0.0,0.0,36,155073.50000000003,4307.597222222223,1741.3652962490767,6.892155555555555,9,45090.060000000005,5010.006666666667,3133.6276083279263,2.0040026666666666,0,0.0,0.0,0.0,0.0,0,0.0,0.0,0.0,0.0,0,0.0,0.0,0.0,0.0,0,0.0,0.0,0.0,0.0,0,0.0,0.0,0.0,0.0,0,0.0,0.0,0.0,0.0,4,122720.71999999999,30680.179999999997,18831.539829502348,5.454254222222223,0,0.0,0.0,0.0,0.0,41,130203.01000000001,3175.683170731707,2178.1565580387455,5.786800444444444,11,251310.12,22846.374545454546,13065.090784867407,11.169338666666665
281,0608-6.jpg,0608,Swietenia mahagoni (L.) Jacq.,2250000,101,604734.04,26.877068444444447,0,0.0,0.0,0.0,0.0,0,0.0,0.0,0.0,0.0,26,81701.15000000001,3142.351923076923,1404.740465330217,3.6311622222222213,14,63482.5,4534.464285714285,3217.8946584271625,2.821444444444445,0,0.0,0.0,0.0,0.0,0,0.0,0.0,0.0,0.0,0,0.0,0.0,0.0,0.0,0,0.0,0.0,0.0,0.0,0,0.0,0.0,0.0,0.0,0,0.0,0.0,0.0,0.0,6,162974.24,27162.373333333333,20263.49370195245,7.243299555555555,0,0.0,0.0,0.0,0.0,50,149028.90999999997,2980.5781999999995,1702.7418104192295,6.62350711111111,5,147547.24,29509.447999999997,4041.235316109419,6.557655111111111
282,0608-7.jpg,0608,Swietenia mahagoni (L.) Jacq.,2250000,74,389689.5800000001,17.31953688888889,0,0.0,0.0,0.0,0.0,0,0.0,0.0,0.0,0.0,19,42114.98,2216.577894736842,817.76190647658,1.8717768888888888,9,55438.03,6159.781111111111,4167.78250060642,2.4639124444444445,0,0.0,0.0,0.0,0.0,0,0.0,0.0,0.0,0.0,0,0.0,0.0,0.0,0.0,0,0.0,0.0,0.0,0.0,0,0.0,0.0,0.0,0.0,0,0.0,0.0,0.0,0.0,5,128845.80999999998,25769.161999999997,10476.35918077793,5.726480444444444,0,0.0,0.0,0.0,0.0,39,125584.26,3220.1092307692306,1820.7987663261022,5.581522666666666,2,37706.5,18853.25,1539.2866098293698,1.6758444444444445
283,0608-8.jpg,0608,Swietenia mahagoni (L.) Jacq.,2250000,75,492831.22000000015,21.903609777777785,0,0.0,0.0,0.0,0.0,0,0.0,0.0,0.0,0.0,11,29022.569999999996,2638.415454545455,1025.6581094825276,1.2898919999999998,15,63000.82,4200.054666666667,2771.8374024613727,2.8000364444444443,0,0.0,0.0,0.0,0.0,0,0.0,0.0,0.0,0.0,0,0.0,0.0,0.0,0.0,0,0.0,0.0,0.0,0.0,0,0.0,0.0,0.0,0.0,0,0.0,0.0,0.0,0.0,5,146269.43,29253.886,5897.177516531107,6.500863555555556,1,13997.91,13997.91,0.0,0.6221293333333333,36,105538.48000000003,2931.6244444444437,1746.232935801185,4.690599111111113,7,135002.01,19286.00142857143,9548.765926096468,6.000089333333333
284,0608-9.jpg,0608,Swietenia mahagoni (L.) Jacq.,2250000,70,361078.96000000014,16.04795377777778,0,0.0,0.0,0.0,0.0,0,0.0,0.0,0.0,0.0,14,32703.639999999996,2335.9742857142855,1025.004127051461,1.453495111111111,16,82283.73000000001,5142.733125,2779.7678550308688,3.6570546666666663,0,0.0,0.0,0.0,0.0,0,0.0,0.0,0.0,0.0,0,0.0,0.0,0.0,0.0,0,0.0,0.0,0.0,0.0,0,0.0,0.0,0.0,0.0,0,0.0,0.0,0.0,0.0,2,51916.84,25958.42,6865.724002608903,2.307415111111111,0,0.0,0.0,0.0,0.0,35,103624.45000000003,2960.6985714285715,1396.1245261924648,4.605531111111112,3,90550.29999999999,30183.43333333333,4065.896877447008,4.024457777777778
285,0371-14.png,0371,Khaya grandifoliola C.DC.,2250000,43,145849.91999999993,6.482218666666665,0,0.0,0.0,0.0,0.0,0,0.0,0.0,0.0,0.0,14,32888.16,2349.154285714286,882.4665349829619,1.461696,0,0.0,0.0,0.0,0.0,0,0.0,0.0,0.0,0.0,0,0.0,0.0,0.0,0.0,0,0.0,0.0,0.0,0.0,0,0.0,0.0,0.0,0.0,0,0.0,0.0,0.0,0.0,0,0.0,0.0,0.0,0.0,0,0.0,0.0,0.0,0.0,0,0.0,0.0,0.0,0.0,29,112961.75999999997,3895.2331034482763,2062.468169976212,5.020522666666666,0,0.0,0.0,0.0,0.0
286,0371-15.png,0371,Khaya grandifoliola C.DC.,2250000,30,138947.01,6.175422666666666,0,0.0,0.0,0.0,0.0,0,0.0,0.0,0.0,0.0,17,65342.9,3843.7000000000003,2229.5144470041005,2.90412888888889,0,0.0,0.0,0.0,0.0,0,0.0,0.0,0.0,0.0,0,0.0,0.0,0.0,0.0,0,0.0,0.0,0.0,0.0,0,0.0,0.0,0.0,0.0,0,0.0,0.0,0.0,0.0,0,0.0,0.0,0.0,0.0,0,0.0,0.0,0.0,0.0,0,0.0,0.0,0.0,0.0,13,73604.10999999999,5661.854615384615,2179.6247890275954,3.2712937777777777,0,0.0,0.0,0.0,0.0
287,0371-16.png,0371,Khaya grandifoliola C.DC.,2250000,37,155495.19,6.910897333333335,0,0.0,0.0,0.0,0.0,0,0.0,0.0,0.0,0.0,16,37424.340000000004,2339.02125,2080.8685148013715,1.663304,0,0.0,0.0,0.0,0.0,0,0.0,0.0,0.0,0.0,0,0.0,0.0,0.0,0.0,0,0.0,0.0,0.0,0.0,0,0.0,0.0,0.0,0.0,0,0.0,0.0,0.0,0.0,0,0.0,0.0,0.0,0.0,0,0.0,0.0,0.0,0.0,0,0.0,0.0,0.0,0.0,21,118070.85000000002,5622.42142857143,3596.3325352284733,5.247593333333335,0,0.0,0.0,0.0,0.0
288,0371-17.png,0371,Khaya grandifoliola C.DC.,2250000,37,114561.43000000004,5.091619111111114,0,0.0,0.0,0.0,0.0,0,0.0,0.0,0.0,0.0,21,58104.159999999996,2766.8647619047615,2151.8455179720013,2.582407111111111,0,0.0,0.0,0.0,0.0,0,0.0,0.0,0.0,0.0,0,0.0,0.0,0.0,0.0,0,0.0,0.0,0.0,0.0,0,0.0,0.0,0.0,0.0,0,0.0,0.0,0.0,0.0,0,0.0,0.0,0.0,0.0,0,0.0,0.0,0.0,0.0,0,0.0,0.0,0.0,0.0,16,56457.270000000004,3528.5793750000003,2598.9512068331687,2.5092119999999998,0,0.0,0.0,0.0,0.0
289,0371-18.png,0371,Khaya grandifoliola C.DC.,2250000,30,95026.37000000001,4.223394222222222,0,0.0,0.0,0.0,0.0,0,0.0,0.0,0.0,0.0,14,38213.96000000001,2729.5685714285714,1552.976421158649,1.6983982222222227,0,0.0,0.0,0.0,0.0,0,0.0,0.0,0.0,0.0,0,0.0,0.0,0.0,0.0,0,0.0,0.0,0.0,0.0,0,0.0,0.0,0.0,0.0,0,0.0,0.0,0.0,0.0,0,0.0,0.0,0.0,0.0,0,0.0,0.0,0.0,0.0,0,0.0,0.0,0.0,0.0,16,56812.409999999996,3550.775625,2492.420984678602,2.5249960000000007,0,0.0,0.0,0.0,0.0
290,0371-2.png,0371,Khaya grandifoliola C.DC.,2250000,46,171005.82,7.600258666666664,0,0.0,0.0,0.0,0.0,0,0.0,0.0,0.0,0.0,23,81665.75,3550.6847826086955,2266.8668496244077,3.6295888888888888,0,0.0,0.0,0.0,0.0,0,0.0,0.0,0.0,0.0,0,0.0,0.0,0.0,0.0,0,0.0,0.0,0.0,0.0,0,0.0,0.0,0.0,0.0,0,0.0,0.0,0.0,0.0,0,0.0,0.0,0.0,0.0,0,0.0,0.0,0.0,0.0,0,0.0,0.0,0.0,0.0,23,89340.06999999998,3884.3508695652163,2659.312768426721,3.9706697777777786,0,0.0,0.0,0.0,0.0
291,0371-3.png,0371,Khaya grandifoliola C.DC.,2250000,28,104808.93999999999,4.658175111111111,0,0.0,0.0,0.0,0.0,0,0.0,0.0,0.0,0.0,13,37847.05,2911.3115384615385,1637.667394649303,1.682091111111111,0,0.0,0.0,0.0,0.0,0,0.0,0.0,0.0,0.0,0,0.0,0.0,0.0,0.0,0,0.0,0.0,0.0,0.0,0,0.0,0.0,0.0,0.0,0,0.0,0.0,0.0,0.0,0,0.0,0.0,0.0,0.0,0,0.0,0.0,0.0,0.0,0,0.0,0.0,0.0,0.0,15,66961.88999999998,4464.126,2037.041335283672,2.9760839999999997,0,0.0,0.0,0.0,0.0
292,0371-4.png,0371,Khaya grandifoliola C.DC.,2250000,28,92791.54000000001,4.124068444444444,0,0.0,0.0,0.0,0.0,0,0.0,0.0,0.0,0.0,15,56974.38999999999,3798.2926666666667,2027.2191125440313,2.532195111111111,0,0.0,0.0,0.0,0.0,0,0.0,0.0,0.0,0.0,0,0.0,0.0,0.0,0.0,0,0.0,0.0,0.0,0.0,0,0.0,0.0,0.0,0.0,0,0.0,0.0,0.0,0.0,0,0.0,0.0,0.0,0.0,0,0.0,0.0,0.0,0.0,0,0.0,0.0,0.0,0.0,13,35817.15,2755.165384615385,2319.8195402754045,1.5918733333333335,0,0.0,0.0,0.0,0.0
293,0371-5.png,0371,Khaya grandifoliola C.DC.,2250000,44,112439.24999999997,4.9973,0,0.0,0.0,0.0,0.0,0,0.0,0.0,0.0,0.0,24,48611.27000000002,2025.4695833333333,1033.2147179491662,2.1605008888888895,0,0.0,0.0,0.0,0.0,0,0.0,0.0,0.0,0.0,0,0.0,0.0,0.0,0.0,0,0.0,0.0,0.0,0.0,0,0.0,0.0,0.0,0.0,0,0.0,0.0,0.0,0.0,0,0.0,0.0,0.0,0.0,0,0.0,0.0,0.0,0.0,0,0.0,0.0,0.0,0.0,20,63827.98,3191.3990000000003,1977.0209281694517,2.8367991111111115,0,0.0,0.0,0.0,0.0
294,0371-6.png,0371,Khaya grandifoliola C.DC.,2250000,33,96607.81999999998,4.293680888888888,0,0.0,0.0,0.0,0.0,0,0.0,0.0,0.0,0.0,20,51533.83,2576.6915,1457.4584387042614,2.2903924444444446,0,0.0,0.0,0.0,0.0,0,0.0,0.0,0.0,0.0,0,0.0,0.0,0.0,0.0,0,0.0,0.0,0.0,0.0,0,0.0,0.0,0.0,0.0,0,0.0,0.0,0.0,0.0,0,0.0,0.0,0.0,0.0,0,0.0,0.0,0.0,0.0,0,0.0,0.0,0.0,0.0,13,45073.99,3467.23,1990.341432949801,2.0032884444444443,0,0.0,0.0,0.0,0.0
295,0371-7.png,0371,Khaya grandifoliola C.DC.,2250000,31,105470.90000000004,4.687595555555556,0,0.0,0.0,0.0,0.0,0,0.0,0.0,0.0,0.0,13,34241.090000000004,2633.9300000000003,1180.1028072234499,1.5218262222222223,0,0.0,0.0,0.0,0.0,0,0.0,0.0,0.0,0.0,0,0.0,0.0,0.0,0.0,0,0.0,0.0,0.0,0.0,0,0.0,0.0,0.0,0.0,0,0.0,0.0,0.0,0.0,0,0.0,0.0,0.0,0.0,0,0.0,0.0,0.0,0.0,0,0.0,0.0,0.0,0.0,18,71229.81,3957.2116666666666,1642.1000433994127,3.165769333333333,0,0.0,0.0,0.0,0.0
296,0371-8.png,0371,Khaya grandifoliola C.DC.,2250000,31,101578.48000000004,4.51459911111111,0,0.0,0.0,0.0,0.0,0,0.0,0.0,0.0,0.0,15,43183.56,2878.904,1639.6674529602467,1.919269333333333,0,0.0,0.0,0.0,0.0,0,0.0,0.0,0.0,0.0,0,0.0,0.0,0.0,0.0,0,0.0,0.0,0.0,0.0,0,0.0,0.0,0.0,0.0,0,0.0,0.0,0.0,0.0,0,0.0,0.0,0.0,0.0,0,0.0,0.0,0.0,0.0,0,0.0,0.0,0.0,0.0,16,58394.920000000006,3649.6825,1751.712437270075,2.5953297777777777,0,0.0,0.0,0.0,0.0
297,0371-9.png,0371,Khaya grandifoliola C.DC.,2250000,30,88958.16,3.953696,0,0.0,0.0,0.0,0.0,0,0.0,0.0,0.0,0.0,17,45449.48999999999,2673.4994117647057,942.0238177487247,2.0199773333333333,0,0.0,0.0,0.0,0.0,0,0.0,0.0,0.0,0.0,0,0.0,0.0,0.0,0.0,0,0.0,0.0,0.0,0.0,0,0.0,0.0,0.0,0.0,0,0.0,0.0,0.0,0.0,0,0.0,0.0,0.0,0.0,0,0.0,0.0,0.0,0.0,0,0.0,0.0,0.0,0.0,13,43508.670000000006,3346.8207692307697,1393.1711236388107,1.9337186666666666,0,0.0,0.0,0.0,0.0
298,0372-2.png,0372,Khaya ivorensis A.Chev.,2250000,63,208556.7799999999,9.269190222222223,0,0.0,0.0,0.0,0.0,0,0.0,0.0,0.0,0.0,11,20388.0,1853.4545454545457,701.6633233162986,0.9061333333333332,4,17042.75,4260.6875,3149.882958390412,0.7574555555555557,0,0.0,0.0,0.0,0.0,0,0.0,0.0,0.0,0.0,0,0.0,0.0,0.0,0.0,0,0.0,0.0,0.0,0.0,0,0.0,0.0,0.0,0.0,0,0.0,0.0,0.0,0.0,0,0.0,0.0,0.0,0.0,0,0.0,0.0,0.0,0.0,46,113605.51999999997,2469.6852173913044,1075.750786587342,5.049134222222221,2,57520.509999999995,28760.254999999997,524.22775436827,2.556467111111111
299,0372-4.png,0372,Khaya ivorensis A.Chev.,2250000,48,203826.40999999997,9.058951555555558,0,0.0,0.0,0.0,0.0,0,0.0,0.0,0.0,0.0,7,14700.650000000001,2100.092857142857,1087.4792986185116,0.6533622222222222,7,43868.07,6266.867142857142,3128.1361900377374,1.9496920000000002,0,0.0,0.0,0.0,0.0,0,0.0,0.0,0.0,0.0,1,17404.32,17404.32,0.0,0.7735253333333333,0,0.0,0.0,0.0,0.0,0,0.0,0.0,0.0,0.0,0,0.0,0.0,0.0,0.0,0,0.0,0.0,0.0,0.0,0,0.0,0.0,0.0,0.0,32,103493.55,3234.1734374999996,1016.6595518201544,4.599713333333335,1,24359.82,24359.82,0.0,1.0826586666666667
300,0372-5.png,0372,Khaya ivorensis A.Chev.,2250000,82,344020.13000000006,15.289783555555559,0,0.0,0.0,0.0,0.0,0,0.0,0.0,0.0,0.0,18,28790.83,1599.4905555555556,720.9453191345556,1.2795924444444446,13,104465.59999999998,8035.815384615383,1827.6314461829886,4.642915555555554,0,0.0,0.0,0.0,0.0,0,0.0,0.0,0.0,0.0,0,0.0,0.0,0.0,0.0,0,0.0,0.0,0.0,0.0,0,0.0,0.0,0.0,0.0,0,0.0,0.0,0.0,0.0,0,0.0,0.0,0.0,0.0,0,0.0,0.0,0.0,0.0,48,133869.06,2788.93875,1467.4367272866975,5.949736000000002,3,76894.64,25631.546666666665,2607.861711389876,3.4175395555555554
301,0372-6.png,0372,Khaya ivorensis A.Chev.,2250000,82,285213.26,12.676144888888889,0,0.0,0.0,0.0,0.0,0,0.0,0.0,0.0,0.0,13,22431.85,1725.526923076923,854.2033153313542,0.9969711111111111,9,68692.45,7632.4944444444445,2354.1945912514916,3.0529977777777777,0,0.0,0.0,0.0,0.0,0,0.0,0.0,0.0,0.0,0,0.0,0.0,0.0,0.0,0,0.0,0.0,0.0,0.0,0,0.0,0.0,0.0,0.0,0,0.0,0.0,0.0,0.0,0,0.0,0.0,0.0,0.0,0,0.0,0.0,0.0,0.0,59,174120.44999999998,2951.1940677966104,1752.6749770920296,7.738686666666668,1,19968.51,19968.51,0.0,0.8874893333333334
302,0372-7.png,0372,Khaya ivorensis A.Chev.,2250000,79,270335.52999999997,12.014912444444445,0,0.0,0.0,0.0,0.0,0,0.0,0.0,0.0,0.0,15,22452.21,1496.8139999999999,645.8765057523435,0.997876,14,92890.27,6635.019285714286,2988.4681763030994,4.128456444444445,0,0.0,0.0,0.0,0.0,0,0.0,0.0,0.0,0.0,0,0.0,0.0,0.0,0.0,0,0.0,0.0,0.0,0.0,0,0.0,0.0,0.0,0.0,0,0.0,0.0,0.0,0.0,0,0.0,0.0,0.0,0.0,0,0.0,0.0,0.0,0.0,50,154993.04999999996,3099.861,1572.6612862243337,6.888580000000001,0,0.0,0.0,0.0,0.0
303,0372-8.png,0372,Khaya ivorensis A.Chev.,2250000,128,306453.12000000017,13.620138666666657,0,0.0,0.0,0.0,0.0,0,0.0,0.0,0.0,0.0,31,52140.00000000002,1681.9354838709678,724.3411446449743,2.3173333333333335,11,57400.36,5218.214545454545,2522.678888683075,2.5511271111111107,0,0.0,0.0,0.0,0.0,0,0.0,0.0,0.0,0.0,0,0.0,0.0,0.0,0.0,0,0.0,0.0,0.0,0.0,0,0.0,0.0,0.0,0.0,0,0.0,0.0,0.0,0.0,0,0.0,0.0,0.0,0.0,0,0.0,0.0,0.0,0.0,85,172943.47000000003,2034.6290588235288,1075.7901473386937,7.686376444444443,1,23969.29,23969.29,0.0,1.0653017777777778
304,0372-9.png,0372,Khaya ivorensis A.Chev.,2250000,96,281878.7099999999,12.527942666666668,0,0.0,0.0,0.0,0.0,0,0.0,0.0,0.0,0.0,19,28279.079999999998,1488.3726315789472,829.7949983502759,1.256848,13,83216.06,6401.235384615385,2327.899357863993,3.6984915555555555,0,0.0,0.0,0.0,0.0,0,0.0,0.0,0.0,0.0,0,0.0,0.0,0.0,0.0,0,0.0,0.0,0.0,0.0,0,0.0,0.0,0.0,0.0,0,0.0,0.0,0.0,0.0,0,0.0,0.0,0.0,0.0,0,0.0,0.0,0.0,0.0,63,146320.93999999992,2322.5546031746026,1113.8756126953767,6.503152888888888,1,24062.63,24062.63,0.0,1.0694502222222224
305,0033-3.jpg,0033,Anacardium excelsum (Bertero & Balb. ex Kunth) Skeels,2250000,187,318061.71,14.136076,0,0.0,0.0,0.0,0.0,45,53978.930000000015,1199.5317777777777,444.9635068963465,2.399063555555556,0,0.0,0.0,0.0,0.0,36,127482.15000000001,3541.1708333333336,1621.9868001970829,5.665873333333332,0,0.0,0.0,0.0,0.0,0,0.0,0.0,0.0,0.0,0,0.0,0.0,0.0,0.0,0,0.0,0.0,0.0,0.0,0,0.0,0.0,0.0,0.0,0,0.0,0.0,0.0,0.0,0,0.0,0.0,0.0,0.0,0,0.0,0.0,0.0,0.0,106,136600.63,1288.6851886792454,389.53802930732024,6.071139111111111,0,0.0,0.0,0.0,0.0
306,0033-4.jpg,0033,Anacardium excelsum (Bertero & Balb. ex Kunth) Skeels,2250000,197,327231.6299999999,14.543627999999998,0,0.0,0.0,0.0,0.0,49,57608.49,1175.6834693877552,337.4378320801664,2.5603773333333324,0,0.0,0.0,0.0,0.0,46,147239.33999999997,3200.855217391305,1791.1381856372027,6.5439706666666675,0,0.0,0.0,0.0,0.0,0,0.0,0.0,0.0,0.0,0,0.0,0.0,0.0,0.0,0,0.0,0.0,0.0,0.0,0,0.0,0.0,0.0,0.0,0,0.0,0.0,0.0,0.0,0,0.0,0.0,0.0,0.0,0,0.0,0.0,0.0,0.0,102,122383.79999999996,1199.8411764705882,441.7373120756162,5.43928,0,0.0,0.0,0.0,0.0
307,0033-5.jpg,0033,Anacardium excelsum (Bertero & Balb. ex Kunth) Skeels,2250000,203,346774.16000000015,15.412184888888888,0,0.0,0.0,0.0,0.0,43,53092.709999999985,1234.7141860465115,306.97851635883137,2.3596759999999994,0,0.0,0.0,0.0,0.0,43,133893.69999999998,3113.8069767441857,1621.7171773661557,5.950831111111111,0,0.0,0.0,0.0,0.0,0,0.0,0.0,0.0,0.0,0,0.0,0.0,0.0,0.0,0,0.0,0.0,0.0,0.0,0,0.0,0.0,0.0,0.0,0,0.0,0.0,0.0,0.0,0,0.0,0.0,0.0,0.0,1,7899.64,7899.64,0.0,0.35109511111111114,116,151888.10999999996,1309.3802586206898,461.76636017054113,6.750582666666668,0,0.0,0.0,0.0,0.0
308,0033-6.jpg,0033,Anacardium excelsum (Bertero & Balb. ex Kunth) Skeels,2250000,175,318469.39999999997,14.154195555555553,0,0.0,0.0,0.0,0.0,43,56815.64,1321.2939534883722,537.694024295016,2.525139555555556,0,0.0,0.0,0.0,0.0,42,140231.25000000003,3338.839285714286,1853.6600926609676,6.2325,0,0.0,0.0,0.0,0.0,0,0.0,0.0,0.0,0.0,0,0.0,0.0,0.0,0.0,0,0.0,0.0,0.0,0.0,0,0.0,0.0,0.0,0.0,0,0.0,0.0,0.0,0.0,0,0.0,0.0,0.0,0.0,0,0.0,0.0,0.0,0.0,90,121422.51,1349.1390000000001,399.4410761176171,5.396556,0,0.0,0.0,0.0,0.0
309,0033-7.jpg,0033,Anacardium excelsum (Bertero & Balb. ex Kunth) Skeels,2250000,184,358781.97,15.945865333333328,0,0.0,0.0,0.0,0.0,30,34669.170000000006,1155.639,425.95368424237773,1.5408520000000006,0,0.0,0.0,0.0,0.0,68,228998.41000000003,3367.6236764705877,1528.266889973986,10.177707111111108,0,0.0,0.0,0.0,0.0,0,0.0,0.0,0.0,0.0,0,0.0,0.0,0.0,0.0,0,0.0,0.0,0.0,0.0,0,0.0,0.0,0.0,0.0,0,0.0,0.0,0.0,0.0,0,0.0,0.0,0.0,0.0,0,0.0,0.0,0.0,0.0,86,95114.39,1105.9812790697674,398.07972822715243,4.227306222222223,0,0.0,0.0,0.0,0.0
310,0033-8.jpg,0033,Anacardium excelsum (Bertero & Balb. ex Kunth) Skeels,2250000,160,367706.17,16.34249644444445,0,0.0,0.0,0.0,0.0,12,13197.529999999999,1099.7941666666666,544.9548057234293,0.5865568888888889,0,0.0,0.0,0.0,0.0,76,267963.37000000005,3525.8338157894746,1464.0758158237272,11.909483111111113,0,0.0,0.0,0.0,0.0,0,0.0,0.0,0.0,0.0,0,0.0,0.0,0.0,0.0,0,0.0,0.0,0.0,0.0,0,0.0,0.0,0.0,0.0,0,0.0,0.0,0.0,0.0,0,0.0,0.0,0.0,0.0,0,0.0,0.0,0.0,0.0,72,86545.26999999997,1202.017638888889,404.0789212569814,3.846456444444444,0,0.0,0.0,0.0,0.0
311,0033-9.jpg,0033,Anacardium excelsum (Bertero & Balb. ex Kunth) Skeels,2250000,155,311506.42000000004,13.844729777777781,0,0.0,0.0,0.0,0.0,25,32407.539999999997,1296.3016000000002,617.0814719959325,1.4403351111111111,0,0.0,0.0,0.0,0.0,56,199915.79000000007,3569.9248214285712,1434.249647466629,8.885146222222225,0,0.0,0.0,0.0,0.0,0,0.0,0.0,0.0,0.0,0,0.0,0.0,0.0,0.0,0,0.0,0.0,0.0,0.0,0,0.0,0.0,0.0,0.0,0,0.0,0.0,0.0,0.0,0,0.0,0.0,0.0,0.0,0,0.0,0.0,0.0,0.0,74,79183.09000000001,1070.041756756757,386.73673754649224,3.5192484444444454,0,0.0,0.0,0.0,0.0
312,0035-1.jpg,0035,Anacardium giganteum Hancock ex Engl.,2250000,78,459969.8799999999,20.443105777777774,0,0.0,0.0,0.0,0.0,12,45606.14,3800.5116666666668,2073.9844417704926,2.0269395555555554,0,0.0,0.0,0.0,0.0,35,265614.87999999995,7588.996571428572,6724.173778253549,11.805105777777777,2,33652.07,16826.035,11378.132997818668,1.4956475555555553,0,0.0,0.0,0.0,0.0,0,0.0,0.0,0.0,0.0,0,0.0,0.0,0.0,0.0,0,0.0,0.0,0.0,0.0,0,0.0,0.0,0.0,0.0,0,0.0,0.0,0.0,0.0,0,0.0,0.0,0.0,0.0,29,115096.79000000001,3968.8548275862067,2580.435267855047,5.115412888888889,0,0.0,0.0,0.0,0.0
313,0035-10.jpg,0035,Anacardium giganteum Hancock ex Engl.,2250000,69,529930.47,23.55246533333333,0,0.0,0.0,0.0,0.0,7,32130.73,4590.104285714286,2142.3808740811173,1.4280324444444443,0,0.0,0.0,0.0,0.0,34,313946.12,9233.709411764707,8186.842056828395,13.953160888888894,4,82172.16,20543.04,10254.696479919172,3.6520960000000002,0,0.0,0.0,0.0,0.0,0,0.0,0.0,0.0,0.0,0,0.0,0.0,0.0,0.0,0,0.0,0.0,0.0,0.0,0,0.0,0.0,0.0,0.0,0,0.0,0.0,0.0,0.0,0,0.0,0.0,0.0,0.0,24,101681.45999999999,4236.7275,2986.5770481988675,4.519176000000001,0,0.0,0.0,0.0,0.0
314,0035-2.jpg,0035,Anacardium giganteum Hancock ex Engl.,2250000,62,425765.3,18.922902222222213,0,0.0,0.0,0.0,0.0,19,80237.75999999998,4223.04,2109.7295062242774,3.566122666666666,0,0.0,0.0,0.0,0.0,26,243068.22,9348.777692307693,6611.660269949331,10.803032000000002,3,34095.17,11365.056666666665,8207.711252903171,1.5153408888888888,0,0.0,0.0,0.0,0.0,0,0.0,0.0,0.0,0.0,0,0.0,0.0,0.0,0.0,0,0.0,0.0,0.0,0.0,0,0.0,0.0,0.0,0.0,0,0.0,0.0,0.0,0.0,0,0.0,0.0,0.0,0.0,14,68364.15000000001,4883.153571428572,2589.620255560521,3.038406666666667,0,0.0,0.0,0.0,0.0
315,0035-4.jpg,0035,Anacardium giganteum Hancock ex Engl.,2250000,46,394846.9099999999,17.548751555555555,0,0.0,0.0,0.0,0.0,9,22962.93,2551.4366666666665,976.3140960648883,1.0205746666666669,0,0.0,0.0,0.0,0.0,21,239246.61000000004,11392.695714285715,6975.076473946054,10.633182666666665,4,68326.59,17081.6475,8032.6691005351195,3.036737333333333,0,0.0,0.0,0.0,0.0,0,0.0,0.0,0.0,0.0,0,0.0,0.0,0.0,0.0,0,0.0,0.0,0.0,0.0,0,0.0,0.0,0.0,0.0,0,0.0,0.0,0.0,0.0,0,0.0,0.0,0.0,0.0,12,64310.780000000006,5359.2316666666675,3432.691438975422,2.858256888888888,0,0.0,0.0,0.0,0.0
316,0035-5.jpg,0035,Anacardium giganteum Hancock ex Engl.,2250000,127,746572.5000000003,33.181000000000004,0,0.0,0.0,0.0,0.0,35,117878.80000000002,3367.9657142857145,2232.012653589588,5.239057777777777,0,0.0,0.0,0.0,0.0,34,299211.15,8800.327941176469,5305.313514332233,13.298273333333333,17,164757.36000000002,9691.609411764704,6388.627545505637,7.322549333333333,0,0.0,0.0,0.0,0.0,0,0.0,0.0,0.0,0.0,0,0.0,0.0,0.0,0.0,0,0.0,0.0,0.0,0.0,0,0.0,0.0,0.0,0.0,0,0.0,0.0,0.0,0.0,0,0.0,0.0,0.0,0.0,41,164725.19,4017.68756097561,2872.4296471417542,7.321119555555555,0,0.0,0.0,0.0,0.0
317,0035-6.jpg,0035,Anacardium giganteum Hancock ex Engl.,2250000,94,601625.8999999998,26.7389288888889,0,0.0,0.0,0.0,0.0,17,63333.38000000001,3725.492941176471,1301.246044205153,2.814816888888889,0,0.0,0.0,0.0,0.0,37,336371.52999999997,9091.122432432432,5815.983418924288,14.949845777777776,8,73620.2,9202.525,4286.321179409814,3.272008888888889,0,0.0,0.0,0.0,0.0,0,0.0,0.0,0.0,0.0,0,0.0,0.0,0.0,0.0,0,0.0,0.0,0.0,0.0,0,0.0,0.0,0.0,0.0,0,0.0,0.0,0.0,0.0,0,0.0,0.0,0.0,0.0,32,128300.79000000002,4009.3996875,2649.3690637321915,5.702257333333332,0,0.0,0.0,0.0,0.0
318,0035-9.jpg,0035,Anacardium giganteum Hancock ex Engl.,2250000,55,389847.27999999997,17.326545777777774,0,0.0,0.0,0.0,0.0,7,24652.71,3521.815714285714,3663.389590920123,1.095676,0,0.0,0.0,0.0,0.0,29,259987.60999999996,8965.09,6636.516743684682,11.55500488888889,3,28997.890000000003,9665.963333333335,5951.696275653971,1.2887951111111111,0,0.0,0.0,0.0,0.0,0,0.0,0.0,0.0,0.0,0,0.0,0.0,0.0,0.0,0,0.0,0.0,0.0,0.0,0,0.0,0.0,0.0,0.0,0,0.0,0.0,0.0,0.0,0,0.0,0.0,0.0,0.0,16,76209.07,4763.0668749999995,3433.934295989017,3.387069777777778,0,0.0,0.0,0.0,0.0
319,0129-2.jpg,0129,Castanea crenata Siebold & Zucc.,2250000,76,951555.4700000003,42.291354222222225,15,345476.02,23031.734666666667,10898.800904358939,15.354489777777777,11,108074.78000000003,9824.98,5833.8466222124825,4.803323555555555,0,0.0,0.0,0.0,0.0,0,0.0,0.0,0.0,0.0,0,0.0,0.0,0.0,0.0,0,0.0,0.0,0.0,0.0,0,0.0,0.0,0.0,0.0,0,0.0,0.0,0.0,0.0,0,0.0,0.0,0.0,0.0,0,0.0,0.0,0.0,0.0,0,0.0,0.0,0.0,0.0,0,0.0,0.0,0.0,0.0,50,498004.67000000004,9960.0934,5262.927936665786,22.133540888888895,0,0.0,0.0,0.0,0.0
320,0129-3.jpg,0129,Castanea crenata Siebold & Zucc.,2250000,66,754820.83,33.54759244444444,9,188305.02,20922.78,10407.10172036144,8.369112000000001,3,37001.61,12333.87,4977.266960662248,1.6445159999999999,0,0.0,0.0,0.0,0.0,0,0.0,0.0,0.0,0.0,0,0.0,0.0,0.0,0.0,0,0.0,0.0,0.0,0.0,0,0.0,0.0,0.0,0.0,0,0.0,0.0,0.0,0.0,0,0.0,0.0,0.0,0.0,0,0.0,0.0,0.0,0.0,0,0.0,0.0,0.0,0.0,0,0.0,0.0,0.0,0.0,54,529514.2000000001,9805.81851851852,6082.5450618875075,23.53396444444444,0,0.0,0.0,0.0,0.0
321,0129-4.jpg,0129,Castanea crenata Siebold & Zucc.,2250000,78,883572.2400000003,39.269877333333326,12,361057.52999999997,30088.1275,13196.875771937375,16.04700133333333,12,113531.48000000001,9460.956666666667,3756.4437460989698,5.045843555555556,0,0.0,0.0,0.0,0.0,0,0.0,0.0,0.0,0.0,0,0.0,0.0,0.0,0.0,0,0.0,0.0,0.0,0.0,0,0.0,0.0,0.0,0.0,0,0.0,0.0,0.0,0.0,0,0.0,0.0,0.0,0.0,0,0.0,0.0,0.0,0.0,0,0.0,0.0,0.0,0.0,0,0.0,0.0,0.0,0.0,54,408983.23,7573.763518518518,5205.070834951333,18.177032444444446,0,0.0,0.0,0.0,0.0
322,0129-5.jpg,0129,Castanea crenata Siebold & Zucc.,2250000,75,1032714.8099999998,45.898436000000004,14,515757.68000000005,36839.834285714285,25953.278208170905,22.922563555555556,14,99117.26999999999,7079.804999999999,3492.409979778676,4.405212000000001,0,0.0,0.0,0.0,0.0,0,0.0,0.0,0.0,0.0,0,0.0,0.0,0.0,0.0,0,0.0,0.0,0.0,0.0,0,0.0,0.0,0.0,0.0,0,0.0,0.0,0.0,0.0,0,0.0,0.0,0.0,0.0,0,0.0,0.0,0.0,0.0,0,0.0,0.0,0.0,0.0,0,0.0,0.0,0.0,0.0,47,417839.86000000016,8890.209787234042,5304.985974575357,18.570660444444446,0,0.0,0.0,0.0,0.0
323,0129-6.jpg,0129,Castanea crenata Siebold & Zucc.,2250000,74,851284.88,37.83488355555557,20,387030.96,19351.548000000003,10397.66465276071,17.201376000000003,9,86647.14999999998,9627.46111111111,5862.214877306283,3.850984444444444,0,0.0,0.0,0.0,0.0,0,0.0,0.0,0.0,0.0,0,0.0,0.0,0.0,0.0,0,0.0,0.0,0.0,0.0,0,0.0,0.0,0.0,0.0,0,0.0,0.0,0.0,0.0,0,0.0,0.0,0.0,0.0,0,0.0,0.0,0.0,0.0,0,0.0,0.0,0.0,0.0,0,0.0,0.0,0.0,0.0,45,377606.7699999999,8391.261555555555,5217.942365857775,16.782523111111114,0,0.0,0.0,0.0,0.0
324,0129-7.jpg,0129,Castanea crenata Siebold & Zucc.,2250000,61,950659.6100000002,42.25153822222224,9,440715.91,48968.43444444444,37485.30397916399,19.587373777777778,11,130525.93999999999,11865.994545454545,6002.477448216468,5.801152888888889,0,0.0,0.0,0.0,0.0,0,0.0,0.0,0.0,0.0,0,0.0,0.0,0.0,0.0,0,0.0,0.0,0.0,0.0,0,0.0,0.0,0.0,0.0,0,0.0,0.0,0.0,0.0,0,0.0,0.0,0.0,0.0,0,0.0,0.0,0.0,0.0,0,0.0,0.0,0.0,0.0,0,0.0,0.0,0.0,0.0,41,379417.7600000001,9254.091707317073,6345.162581233007,16.863011555555556,0,0.0,0.0,0.0,0.0
325,0129-8.jpg,0129,Castanea crenata Siebold & Zucc.,2250000,62,817443.91,36.33084044444446,13,294708.22000000003,22669.86307692308,19060.557780808507,13.09814311111111,5,62350.62,12470.124,4054.5577028733974,2.7711386666666664,0,0.0,0.0,0.0,0.0,0,0.0,0.0,0.0,0.0,0,0.0,0.0,0.0,0.0,0,0.0,0.0,0.0,0.0,0,0.0,0.0,0.0,0.0,0,0.0,0.0,0.0,0.0,0,0.0,0.0,0.0,0.0,0,0.0,0.0,0.0,0.0,0,0.0,0.0,0.0,0.0,0,0.0,0.0,0.0,0.0,44,460385.07,10463.297045454543,4901.0804454227255,20.461558666666665,0,0.0,0.0,0.0,0.0
326,0129-9.jpg,0129,Castanea crenata Siebold & Zucc.,2250000,60,824208.4800000001,36.63148799999999,10,403114.55999999994,40311.456,14692.996089426191,17.916202666666667,4,41453.0,10363.25,2550.667565259469,1.8423555555555555,0,0.0,0.0,0.0,0.0,0,0.0,0.0,0.0,0.0,0,0.0,0.0,0.0,0.0,0,0.0,0.0,0.0,0.0,0,0.0,0.0,0.0,0.0,0,0.0,0.0,0.0,0.0,0,0.0,0.0,0.0,0.0,0,0.0,0.0,0.0,0.0,0,0.0,0.0,0.0,0.0,0,0.0,0.0,0.0,0.0,46,379640.9199999999,8253.063478260869,4792.684497502983,16.872929777777774,0,0.0,0.0,0.0,0.0
327,0147-2.jpg,0147,Ceiba pentandra (L.) Gaertn.,2250000,50,471075.3099999999,20.936680444444438,0,0.0,0.0,0.0,0.0,10,26123.64,2612.364,1207.2210277621539,1.1610506666666667,0,0.0,0.0,0.0,0.0,19,312916.17,16469.272105263157,3878.333116084479,13.907385333333334,0,0.0,0.0,0.0,0.0,0,0.0,0.0,0.0,0.0,0,0.0,0.0,0.0,0.0,0,0.0,0.0,0.0,0.0,0,0.0,0.0,0.0,0.0,0,0.0,0.0,0.0,0.0,0,0.0,0.0,0.0,0.0,0,0.0,0.0,0.0,0.0,21,132035.5,6287.4047619047615,2585.7403618898384,5.868244444444444,0,0.0,0.0,0.0,0.0
328,0147-3.jpg,0147,Ceiba pentandra (L.) Gaertn.,2250000,50,303281.63,13.479183555555554,0,0.0,0.0,0.0,0.0,8,14528.969999999998,1816.1212500000001,566.1795037526905,0.6457320000000001,0,0.0,0.0,0.0,0.0,18,156109.93999999997,8672.774444444445,4873.677947400616,6.938219555555555,0,0.0,0.0,0.0,0.0,0,0.0,0.0,0.0,0.0,0,0.0,0.0,0.0,0.0,0,0.0,0.0,0.0,0.0,0,0.0,0.0,0.0,0.0,0,0.0,0.0,0.0,0.0,0,0.0,0.0,0.0,0.0,0,0.0,0.0,0.0,0.0,24,132642.72000000003,5526.779999999999,3524.3185416437477,5.895232,0,0.0,0.0,0.0,0.0
329,0147-4.jpg,0147,Ceiba pentandra (L.) Gaertn.,2250000,55,414384.1099999999,18.41707155555556,0,0.0,0.0,0.0,0.0,11,21378.280000000002,1943.4800000000002,646.6149360631874,0.9501457777777776,0,0.0,0.0,0.0,0.0,21,228201.27000000002,10866.72714285714,5995.734391548831,10.142278666666664,0,0.0,0.0,0.0,0.0,0,0.0,0.0,0.0,0.0,0,0.0,0.0,0.0,0.0,0,0.0,0.0,0.0,0.0,0,0.0,0.0,0.0,0.0,0,0.0,0.0,0.0,0.0,0,0.0,0.0,0.0,0.0,0,0.0,0.0,0.0,0.0,23,164804.56,7165.415652173913,2901.7978085299683,7.324647111111111,0,0.0,0.0,0.0,0.0
330,0147-5.jpg,0147,Ceiba pentandra (L.) Gaertn.,2250000,56,388634.9100000001,17.27266266666667,0,0.0,0.0,0.0,0.0,13,39103.369999999995,3007.951538461538,1045.2543430496246,1.7379275555555558,0,0.0,0.0,0.0,0.0,18,190121.41999999998,10562.30111111111,5652.659715089764,8.44984088888889,0,0.0,0.0,0.0,0.0,0,0.0,0.0,0.0,0.0,0,0.0,0.0,0.0,0.0,0,0.0,0.0,0.0,0.0,0,0.0,0.0,0.0,0.0,0,0.0,0.0,0.0,0.0,0,0.0,0.0,0.0,0.0,0,0.0,0.0,0.0,0.0,25,159410.12000000005,6376.4048,2753.0376153171246,7.084894222222221,0,0.0,0.0,0.0,0.0
331,0147-6.jpg,0147,Ceiba pentandra (L.) Gaertn.,2250000,42,380375.8800000001,16.905594666666666,0,0.0,0.0,0.0,0.0,8,15966.660000000002,1995.8325,688.9190829065901,0.7096293333333334,0,0.0,0.0,0.0,0.0,14,200770.84999999998,14340.774999999998,5645.793055415756,8.923148888888889,0,0.0,0.0,0.0,0.0,0,0.0,0.0,0.0,0.0,0,0.0,0.0,0.0,0.0,0,0.0,0.0,0.0,0.0,0,0.0,0.0,0.0,0.0,0,0.0,0.0,0.0,0.0,0,0.0,0.0,0.0,0.0,0,0.0,0.0,0.0,0.0,20,163638.37000000002,8181.918500000002,1923.1016444803156,7.2728164444444445,0,0.0,0.0,0.0,0.0
332,0147-7.jpg,0147,Ceiba pentandra (L.) Gaertn.,2250000,58,388054.51000000007,17.24686711111112,0,0.0,0.0,0.0,0.0,17,69306.14,4076.8317647058825,1939.8489094908762,3.0802728888888895,0,0.0,0.0,0.0,0.0,10,96629.27,9662.927000000001,6511.3498160571735,4.294634222222222,0,0.0,0.0,0.0,0.0,0,0.0,0.0,0.0,0.0,0,0.0,0.0,0.0,0.0,0,0.0,0.0,0.0,0.0,0,0.0,0.0,0.0,0.0,0,0.0,0.0,0.0,0.0,0,0.0,0.0,0.0,0.0,0,0.0,0.0,0.0,0.0,31,222119.1,7165.132258064516,2985.221279701847,9.871960000000005,0,0.0,0.0,0.0,0.0
333,0147-8.jpg,0147,Ceiba pentandra (L.) Gaertn.,2250000,45,331084.36000000004,14.714860444444444,0,0.0,0.0,0.0,0.0,10,32920.36,3292.036,1043.8237747308372,1.4631271111111113,0,0.0,0.0,0.0,0.0,17,179006.33000000002,10529.784117647057,7591.693432134442,7.95583688888889,0,0.0,0.0,0.0,0.0,0,0.0,0.0,0.0,0.0,0,0.0,0.0,0.0,0.0,0,0.0,0.0,0.0,0.0,0,0.0,0.0,0.0,0.0,0,0.0,0.0,0.0,0.0,0,0.0,0.0,0.0,0.0,0,0.0,0.0,0.0,0.0,18,119157.67,6619.870555555555,3349.402439941774,5.295896444444445,0,0.0,0.0,0.0,0.0
334,0147-9.jpg,0147,Ceiba pentandra (L.) Gaertn.,2250000,52,359205.7399999998,15.964699555555557,0,0.0,0.0,0.0,0.0,11,33315.19,3028.6536363636365,1339.5561586754975,1.4806751111111112,0,0.0,0.0,0.0,0.0,20,211720.72,10586.036,5601.134633034913,9.40980977777778,0,0.0,0.0,0.0,0.0,0,0.0,0.0,0.0,0.0,0,0.0,0.0,0.0,0.0,0,0.0,0.0,0.0,0.0,0,0.0,0.0,0.0,0.0,0,0.0,0.0,0.0,0.0,0,0.0,0.0,0.0,0.0,0,0.0,0.0,0.0,0.0,21,114169.82999999999,5436.658571428571,2570.7665935655955,5.074214666666668,0,0.0,0.0,0.0,0.0
335,0269-12.jpg,0269,Erythrophleum ivorense A. Chev,2250000,58,1483072.7700000005,65.91434533333333,0,0.0,0.0,0.0,0.0,0,0.0,0.0,0.0,0.0,12,46565.3,3880.441666666667,2069.7348913978562,2.0695688888888886,3,116368.18000000001,38789.39333333333,13024.902321205074,5.171919111111111,3,171695.71999999997,57231.906666666655,15154.25909837341,7.630920888888888,0,0.0,0.0,0.0,0.0,11,691955.1899999998,62905.01727272728,49250.159852010045,30.753564,8,202594.76,25324.345,15941.761067509808,9.004211555555557,0,0.0,0.0,0.0,0.0,0,0.0,0.0,0.0,0.0,0,0.0,0.0,0.0,0.0,0,0.0,0.0,0.0,0.0,21,253893.62000000002,12090.172380952383,4499.431809298709,11.284160888888891,0,0.0,0.0,0.0,0.0
336,0269-13.jpg,0269,Erythrophleum ivorense A. Chev,2250000,68,1393132.9399999997,61.91701955555555,0,0.0,0.0,0.0,0.0,0,0.0,0.0,0.0,0.0,13,63286.19,4868.16846153846,2246.8741012342985,2.8127195555555553,6,281116.97,46852.82833333333,20717.315872252773,12.494087555555556,2,91667.17,45833.585,29452.051025523673,4.074096444444445,0,0.0,0.0,0.0,0.0,13,546594.5000000001,42045.730769230766,24516.62779306746,24.29308888888889,10,233811.39,23381.139000000003,12639.456163594708,10.391617333333333,0,0.0,0.0,0.0,0.0,0,0.0,0.0,0.0,0.0,0,0.0,0.0,0.0,0.0,0,0.0,0.0,0.0,0.0,24,176656.72,7360.696666666667,4035.0010876693395,7.851409777777778,0,0.0,0.0,0.0,0.0
337,0269-14.jpg,0269,Erythrophleum ivorense A. Chev,2250000,56,1596904.6300000001,70.97353911111111,0,0.0,0.0,0.0,0.0,0,0.0,0.0,0.0,0.0,7,31286.36,4469.4800000000005,2426.7484226360725,1.3905048888888887,6,231242.88999999998,38540.48166666667,18421.99560927471,10.277461777777777,5,158174.15000000002,31634.830000000005,22755.137155167842,7.029962222222223,1,55170.89,55170.89,0.0,2.452039555555556,12,829866.8799999999,69155.57333333333,47059.56193663946,36.88297244444444,5,111061.7,22212.34,11481.804609557246,4.936075555555556,0,0.0,0.0,0.0,0.0,0,0.0,0.0,0.0,0.0,0,0.0,0.0,0.0,0.0,0,0.0,0.0,0.0,0.0,20,180101.75999999998,9005.088,4294.550851309133,8.004522666666666,0,0.0,0.0,0.0,0.0
338,0269-2.jpg,0269,Erythrophleum ivorense A. Chev,2250000,62,1629650.1599999995,72.42889600000002,0,0.0,0.0,0.0,0.0,0,0.0,0.0,0.0,0.0,9,40722.37,4524.707777777778,2583.527933818298,1.809883111111111,2,98630.19,49315.095,12133.74730419461,4.383564,4,154227.02000000002,38556.755000000005,24391.24619349259,6.854534222222223,1,25528.19,25528.19,0.0,1.134586222222222,14,918700.5899999999,65621.47071428571,55853.00170560569,40.83113733333333,8,153172.39,19146.548749999998,9421.820049014548,6.807661777777779,0,0.0,0.0,0.0,0.0,0,0.0,0.0,0.0,0.0,0,0.0,0.0,0.0,0.0,0,0.0,0.0,0.0,0.0,24,238669.41,9944.55875,4410.991697338062,10.607529333333337,0,0.0,0.0,0.0,0.0
339,0269-3.jpg,0269,Erythrophleum ivorense A. Chev,2250000,68,2186802.8800000013,97.19123911111116,0,0.0,0.0,0.0,0.0,0,0.0,0.0,0.0,0.0,18,115667.58000000002,6425.976666666666,4371.536928325969,5.140781333333334,5,162687.78,32537.556,12207.74624508267,7.230568,1,38877.01,38877.01,0.0,1.7278671111111112,3,159402.62,53134.206666666665,50229.25163848784,7.084560888888889,14,1469932.08,104995.14857142858,71882.03684342113,65.33031466666667,2,55972.33,27986.165,6779.237772201974,2.4876591111111113,0,0.0,0.0,0.0,0.0,0,0.0,0.0,0.0,0.0,0,0.0,0.0,0.0,0.0,0,0.0,0.0,0.0,0.0,25,184263.47999999998,7370.539199999999,4574.376212044217,8.189488,0,0.0,0.0,0.0,0.0
340,0269-4.jpg,0269,Erythrophleum ivorense A. Chev,2250000,61,1375701.7999999998,61.14230222222221,0,0.0,0.0,0.0,0.0,0,0.0,0.0,0.0,0.0,17,85961.55999999998,5056.562352941176,2565.038541414947,3.820513777777777,1,35197.02,35197.02,0.0,1.564312,6,212203.51999999996,35367.25333333333,17020.160456226804,9.431267555555554,2,88538.65,44269.325,30690.15257297444,3.935051111111111,9,718356.7500000001,79817.41666666667,55009.466589614596,31.92696666666666,3,54453.13,18151.04333333333,9301.26407379305,2.4201391111111112,0,0.0,0.0,0.0,0.0,0,0.0,0.0,0.0,0.0,0,0.0,0.0,0.0,0.0,0,0.0,0.0,0.0,0.0,23,180991.16999999998,7869.181304347825,4626.4151735572705,8.044052,0,0.0,0.0,0.0,0.0
341,0269-5.jpg,0269,Erythrophleum ivorense A. Chev,2250000,65,1485523.23,66.02325466666666,0,0.0,0.0,0.0,0.0,0,0.0,0.0,0.0,0.0,21,94778.53000000001,4513.263333333334,1466.889019047908,4.212379111111111,2,69675.20999999999,34837.604999999996,23986.780287325975,3.096676,10,228915.82,22891.582000000002,15180.265520513283,10.174036444444443,1,27216.91,27216.91,0.0,1.2096404444444444,12,855369.3300000001,71280.7775,50868.790232855514,38.01641466666667,2,69288.97,34644.485,8823.016786136704,3.0795097777777776,0,0.0,0.0,0.0,0.0,0,0.0,0.0,0.0,0.0,0,0.0,0.0,0.0,0.0,0,0.0,0.0,0.0,0.0,17,140278.46,8251.674117647059,4191.890285053479,6.234598222222223,0,0.0,0.0,0.0,0.0
342,0269-7.jpg,0269,Erythrophleum ivorense A. Chev,2250000,72,1669121.4899999995,74.18317733333333,0,0.0,0.0,0.0,0.0,0,0.0,0.0,0.0,0.0,14,70983.05,5070.217857142858,2768.981016061764,3.154802222222222,6,259374.95999999996,43229.159999999996,10714.027339130698,11.527776,2,76278.8,38139.4,31857.706076866238,3.390168888888889,1,13771.53,13771.53,0.0,0.612068,16,945576.3,59098.518749999996,32291.9257058617,42.02561333333333,4,69061.52,17265.38,10772.284275958682,3.069400888888889,0,0.0,0.0,0.0,0.0,0,0.0,0.0,0.0,0.0,0,0.0,0.0,0.0,0.0,0,0.0,0.0,0.0,0.0,29,234075.33000000002,8071.563103448277,4322.949177154993,10.403348,0,0.0,0.0,0.0,0.0
343,0269-8.jpg,0269,Erythrophleum ivorense A. Chev,2250000,85,1465795.0,65.14644444444444,0,0.0,0.0,0.0,0.0,0,0.0,0.0,0.0,0.0,21,88084.81,4194.514761904762,2805.1818589453683,3.914880444444444,4,128352.28,32088.07,6503.101069535978,5.704545777777778,6,143284.68,23880.78,8546.499676108342,6.368208000000001,0,0.0,0.0,0.0,0.0,15,731980.2,48798.68,32032.555024502137,32.532453333333336,8,156259.04,19532.38,11773.929547687734,6.944846222222222,0,0.0,0.0,0.0,0.0,0,0.0,0.0,0.0,0.0,0,0.0,0.0,0.0,0.0,0,0.0,0.0,0.0,0.0,31,217833.99,7026.902903225806,4237.165694529928,9.681510666666666,0,0.0,0.0,0.0,0.0
344,0269-9.jpg,0269,Erythrophleum ivorense A. Chev,2250000,71,1427451.2399999995,63.44227733333335,0,0.0,0.0,0.0,0.0,0,0.0,0.0,0.0,0.0,17,56238.42,3308.1423529411763,1903.986698484687,2.4994853333333333,1,47792.67,47792.67,0.0,2.1241186666666665,6,218777.05000000002,36462.84166666667,24410.413777946836,9.723424444444445,2,60057.87,30028.935,12183.81046430262,2.6692386666666668,15,649719.0,43314.6,26470.166134265197,28.876400000000004,8,237429.15999999997,29678.645,11942.611689452904,10.55240711111111,0,0.0,0.0,0.0,0.0,0,0.0,0.0,0.0,0.0,0,0.0,0.0,0.0,0.0,0,0.0,0.0,0.0,0.0,22,157437.07,7156.230454545454,4418.677959577069,6.9972031111111095,0,0.0,0.0,0.0,0.0
345,0270-12.jpg,0270,Erythrophleum suaveolens (Guill. & Perr.) Brenan,2250000,55,1385039.0799999996,61.55729244444444,0,0.0,0.0,0.0,0.0,0,0.0,0.0,0.0,0.0,3,20533.92,6844.639999999999,3923.8896079400606,0.9126186666666667,0,0.0,0.0,0.0,0.0,9,202119.46000000002,22457.717777777772,8941.564879931222,8.98308711111111,3,56317.81,18772.603333333333,3069.5688079001147,2.503013777777778,12,877759.3400000001,73146.61166666668,58912.317093987745,39.01152622222222,2,35919.07,17959.535,10859.979290700789,1.5964031111111114,0,0.0,0.0,0.0,0.0,0,0.0,0.0,0.0,0.0,0,0.0,0.0,0.0,0.0,0,0.0,0.0,0.0,0.0,26,192389.48,7399.595384615385,3242.774860890877,8.550643555555558,0,0.0,0.0,0.0,0.0
346,0270-2.jpg,0270,Erythrophleum suaveolens (Guill. & Perr.) Brenan,2250000,68,2213811.5799999996,98.39162577777779,0,0.0,0.0,0.0,0.0,0,0.0,0.0,0.0,0.0,2,11161.21,5580.605,1252.519454719168,0.4960537777777778,0,0.0,0.0,0.0,0.0,5,110038.15999999997,22007.631999999994,9161.082673847563,4.890584888888888,3,60187.69,20062.563333333335,8173.870228333291,2.675008444444444,18,1720345.2599999998,95574.73666666668,72864.98851766028,76.45978933333333,0,0.0,0.0,0.0,0.0,0,0.0,0.0,0.0,0.0,0,0.0,0.0,0.0,0.0,0,0.0,0.0,0.0,0.0,0,0.0,0.0,0.0,0.0,40,312079.26,7801.9815,4175.4814785919425,13.870189333333332,0,0.0,0.0,0.0,0.0
347,0270-3.jpg,0270,Erythrophleum suaveolens (Guill. & Perr.) Brenan,2250000,60,1616910.6599999995,71.86269599999997,0,0.0,0.0,0.0,0.0,0,0.0,0.0,0.0,0.0,6,12866.01,2144.335,1015.1453997679348,0.5718226666666667,0,0.0,0.0,0.0,0.0,6,178360.46,29726.743333333332,12371.155865668603,7.927131555555555,3,76829.19,25609.73,11321.148684294363,3.4146306666666666,17,1111775.62,65398.565882352945,34960.31454621977,49.41224977777778,1,30076.15,30076.15,0.0,1.336717777777778,0,0.0,0.0,0.0,0.0,0,0.0,0.0,0.0,0.0,0,0.0,0.0,0.0,0.0,0,0.0,0.0,0.0,0.0,27,207003.23000000004,7666.786296296296,3713.7043314522625,9.200143555555558,0,0.0,0.0,0.0,0.0
348,0270-4.jpg,0270,Erythrophleum suaveolens (Guill. & Perr.) Brenan,2250000,70,1174080.1199999996,52.18133866666667,0,0.0,0.0,0.0,0.0,0,0.0,0.0,0.0,0.0,7,21337.5,3048.214285714286,2390.9459759605406,0.9483333333333333,0,0.0,0.0,0.0,0.0,14,315827.9800000001,22559.141428571435,13377.456086403698,14.036799111111108,5,108692.77,21738.554,18191.947350978673,4.8307897777777775,11,465529.55000000005,42320.86818181819,26061.405222351623,20.69020222222222,1,30101.9,30101.9,0.0,1.3378622222222223,0,0.0,0.0,0.0,0.0,0,0.0,0.0,0.0,0.0,0,0.0,0.0,0.0,0.0,0,0.0,0.0,0.0,0.0,32,232590.41999999998,7268.4506249999995,3739.5221935713257,10.337352000000001,0,0.0,0.0,0.0,0.0
349,0270-5.jpg,0270,Erythrophleum suaveolens (Guill. & Perr.) Brenan,2250000,48,947569.6899999998,42.114208444444444,0,0.0,0.0,0.0,0.0,0,0.0,0.0,0.0,0.0,3,7907.16,2635.72,741.7692806392024,0.3514293333333333,0,0.0,0.0,0.0,0.0,13,311408.73,23954.51769230769,11647.881471855126,13.840388,4,82561.60999999999,20640.402499999997,6862.826472284701,3.6694048888888884,7,383614.88999999996,54802.127142857134,39694.01707511293,17.04955066666667,0,0.0,0.0,0.0,0.0,0,0.0,0.0,0.0,0.0,0,0.0,0.0,0.0,0.0,0,0.0,0.0,0.0,0.0,0,0.0,0.0,0.0,0.0,21,162077.3,7717.966666666666,2878.65235160888,7.203435555555557,0,0.0,0.0,0.0,0.0
350,0270-6.jpg,0270,Erythrophleum suaveolens (Guill. & Perr.) Brenan,2250000,54,1148918.86,51.06306044444444,0,0.0,0.0,0.0,0.0,0,0.0,0.0,0.0,0.0,5,22210.84,4442.168,1868.454298697188,0.9871484444444445,0,0.0,0.0,0.0,0.0,12,259883.50999999998,21656.959166666664,14279.750058349608,11.550378222222223,0,0.0,0.0,0.0,0.0,10,692353.2400000001,69235.324,40670.2220867256,30.77125511111111,1,1849.65,1849.65,0.0,0.08220666666666668,0,0.0,0.0,0.0,0.0,0,0.0,0.0,0.0,0.0,0,0.0,0.0,0.0,0.0,0,0.0,0.0,0.0,0.0,26,172621.62000000002,6639.293076923077,3925.3894106809526,7.672072,0,0.0,0.0,0.0,0.0
351,0270-7.jpg,0270,Erythrophleum suaveolens (Guill. & Perr.) Brenan,2250000,60,1318234.93,58.58821911111112,0,0.0,0.0,0.0,0.0,0,0.0,0.0,0.0,0.0,4,24600.16,6150.04,3014.6817608165543,1.0933404444444446,0,0.0,0.0,0.0,0.0,10,241667.04,24166.704,12480.844153872322,10.740757333333333,0,0.0,0.0,0.0,0.0,16,811271.66,50704.478749999995,34207.03513948846,36.056518222222216,3,55019.61,18339.87,10179.166716588348,2.445316,0,0.0,0.0,0.0,0.0,0,0.0,0.0,0.0,0.0,0,0.0,0.0,0.0,0.0,0,0.0,0.0,0.0,0.0,27,185676.46000000002,6876.905925925926,3503.6280743782186,8.252287111111112,0,0.0,0.0,0.0,0.0
352,0270-9.jpg,0270,Erythrophleum suaveolens (Guill. & Perr.) Brenan,2250000,37,1279263.51,56.856155999999984,0,0.0,0.0,0.0,0.0,0,0.0,0.0,0.0,0.0,6,39660.229999999996,6610.038333333333,5095.65758968719,1.762676888888889,0,0.0,0.0,0.0,0.0,1,56119.32,56119.32,0.0,2.494192,2,44863.7,22431.85,12831.697052564794,1.9939422222222223,13,1040891.2899999998,80068.56076923077,48478.68584751833,46.26183511111112,0,0.0,0.0,0.0,0.0,0,0.0,0.0,0.0,0.0,0,0.0,0.0,0.0,0.0,0,0.0,0.0,0.0,0.0,0,0.0,0.0,0.0,0.0,15,97728.97000000002,6515.264666666668,4081.6716090782265,4.343509777777777,0,0.0,0.0,0.0,0.0
353,0214-3.jpg,0214,Daniellia thurifera Benn.,2250000,45,388414.99000000005,17.26288844444445,0,0.0,0.0,0.0,0.0,0,0.0,0.0,0.0,0.0,9,23345.94,2593.9933333333333,2203.264633163706,1.0375973333333333,12,130741.6,10895.133333333333,5957.986578251435,5.810737777777779,0,0.0,0.0,0.0,0.0,0,0.0,0.0,0.0,0.0,0,0.0,0.0,0.0,0.0,0,0.0,0.0,0.0,0.0,0,0.0,0.0,0.0,0.0,0,0.0,0.0,0.0,0.0,3,145745.88,48581.96,50097.26431388545,6.477594666666667,1,5710.96,5710.96,0.0,0.25382044444444446,20,82870.61,4143.530499999999,3610.379588679336,3.683138222222223,0,0.0,0.0,0.0,0.0
354,0214-4.jpg,0214,Daniellia thurifera Benn.,2250000,30,636244.66,28.27754044444445,0,0.0,0.0,0.0,0.0,0,0.0,0.0,0.0,0.0,2,7070.3,3535.15,3034.5770357333163,0.3142355555555556,8,130794.17000000001,16349.271250000002,6400.915306575721,5.813074222222221,0,0.0,0.0,0.0,0.0,0,0.0,0.0,0.0,0.0,0,0.0,0.0,0.0,0.0,0,0.0,0.0,0.0,0.0,0,0.0,0.0,0.0,0.0,0,0.0,0.0,0.0,0.0,3,411660.07999999996,137220.02666666664,17315.371366032934,18.296003555555558,1,13318.78,13318.78,0.0,0.5919457777777778,16,73401.33,4587.583125,3727.92854715094,3.262281333333333,0,0.0,0.0,0.0,0.0
355,0214-5.jpg,0214,Daniellia thurifera Benn.,2250000,37,354544.0399999999,15.757512888888888,0,0.0,0.0,0.0,0.0,0,0.0,0.0,0.0,0.0,6,25160.190000000002,4193.365000000001,2503.7905843320846,1.1182306666666668,14,216992.85,15499.489285714286,7119.327820429791,9.644126666666667,0,0.0,0.0,0.0,0.0,0,0.0,0.0,0.0,0.0,0,0.0,0.0,0.0,0.0,0,0.0,0.0,0.0,0.0,0,0.0,0.0,0.0,0.0,0,0.0,0.0,0.0,0.0,0,0.0,0.0,0.0,0.0,0,0.0,0.0,0.0,0.0,17,112391.00000000001,6611.235294117648,3679.6817040117708,4.995155555555556,0,0.0,0.0,0.0,0.0
356,0214-6.jpg,0214,Daniellia thurifera Benn.,2250000,47,343284.14999999985,15.257073333333334,0,0.0,0.0,0.0,0.0,0,0.0,0.0,0.0,0.0,15,35926.59,2395.1059999999998,1607.3607578387623,1.5967373333333335,14,215415.71,15386.83642857143,9298.944212370488,9.574031555555557,0,0.0,0.0,0.0,0.0,0,0.0,0.0,0.0,0.0,0,0.0,0.0,0.0,0.0,0,0.0,0.0,0.0,0.0,0,0.0,0.0,0.0,0.0,0,0.0,0.0,0.0,0.0,0,0.0,0.0,0.0,0.0,0,0.0,0.0,0.0,0.0,18,91941.84999999998,5107.8805555555555,3974.818370554769,4.086304444444445,0,0.0,0.0,0.0,0.0
357,0214-7.jpg,0214,Daniellia thurifera Benn.,2250000,48,626421.31,27.84094711111111,0,0.0,0.0,0.0,0.0,0,0.0,0.0,0.0,0.0,13,42403.57,3261.813076923077,2190.410056231423,1.8846031111111108,11,196368.81,17851.710000000003,6792.725251768983,8.727502666666666,0,0.0,0.0,0.0,0.0,0,0.0,0.0,0.0,0.0,0,0.0,0.0,0.0,0.0,0,0.0,0.0,0.0,0.0,0,0.0,0.0,0.0,0.0,0,0.0,0.0,0.0,0.0,4,293146.13,73286.5325,12937.502731025474,13.028716888888889,0,0.0,0.0,0.0,0.0,20,94502.79999999997,4725.139999999999,3850.145713442135,4.2001244444444445,0,0.0,0.0,0.0,0.0
358,0214-8.jpg,0214,Daniellia thurifera Benn.,2250000,34,344049.12999999995,15.291072444444444,0,0.0,0.0,0.0,0.0,0,0.0,0.0,0.0,0.0,7,29184.569999999996,4169.2242857142855,3361.162219559663,1.2970920000000004,12,208482.76,17373.563333333335,7422.813616223156,9.265900444444444,0,0.0,0.0,0.0,0.0,0,0.0,0.0,0.0,0.0,0,0.0,0.0,0.0,0.0,0,0.0,0.0,0.0,0.0,0,0.0,0.0,0.0,0.0,0,0.0,0.0,0.0,0.0,0,0.0,0.0,0.0,0.0,0,0.0,0.0,0.0,0.0,15,106381.79999999999,7092.12,4005.479903095258,4.728080000000001,0,0.0,0.0,0.0,0.0
359,0214-9.jpg,0214,Daniellia thurifera Benn.,2250000,39,401709.06000000006,17.853736,0,0.0,0.0,0.0,0.0,1,3025.53,3025.53,0.0,0.134468,6,11266.34,1877.7233333333334,942.4730502601477,0.5007262222222222,12,142962.81999999998,11913.56833333333,7471.894268799862,6.353903111111111,0,0.0,0.0,0.0,0.0,0,0.0,0.0,0.0,0.0,0,0.0,0.0,0.0,0.0,0,0.0,0.0,0.0,0.0,0,0.0,0.0,0.0,0.0,0,0.0,0.0,0.0,0.0,2,179658.65,89829.325,9164.40794009356,7.984828888888889,0,0.0,0.0,0.0,0.0,18,64795.72,3599.7622222222226,2952.6389700373134,2.879809777777778,0,0.0,0.0,0.0,0.0
360,0625-12.png,0625,Terminalia superba Engl.& Diels,2250000,53,376100.39999999997,16.715573333333342,0,0.0,0.0,0.0,0.0,0,0.0,0.0,0.0,0.0,4,6180.88,1545.22,852.373931049826,0.27470577777777777,18,143073.29999999996,7948.516666666666,7009.930226905425,6.358813333333334,0,0.0,0.0,0.0,0.0,0,0.0,0.0,0.0,0.0,5,59481.75,11896.35,8199.42914220862,2.6436333333333333,0,0.0,0.0,0.0,0.0,0,0.0,0.0,0.0,0.0,0,0.0,0.0,0.0,0.0,0,0.0,0.0,0.0,0.0,0,0.0,0.0,0.0,0.0,26,167364.47000000006,6437.095000000001,3661.8550092468163,7.43842088888889,0,0.0,0.0,0.0,0.0
361,0625-3.png,0625,Terminalia superba Engl.& Diels,2250000,58,430308.9999999998,19.124844444444445,0,0.0,0.0,0.0,0.0,0,0.0,0.0,0.0,0.0,3,8511.18,2837.06,1345.413733057605,0.3782746666666667,24,166711.13000000003,6946.297083333334,6285.1845997942755,7.409383555555557,1,11191.25,11191.25,0.0,0.4973888888888889,4,61159.729999999996,15289.932499999999,9545.641335741931,2.7182102222222224,1,9370.57,9370.57,0.0,0.4164697777777777,0,0.0,0.0,0.0,0.0,0,0.0,0.0,0.0,0.0,0,0.0,0.0,0.0,0.0,0,0.0,0.0,0.0,0.0,0,0.0,0.0,0.0,0.0,25,173365.13999999998,6934.605600000001,3303.6954515437205,7.705117333333334,0,0.0,0.0,0.0,0.0
362,0625-4.png,0625,Terminalia superba Engl.& Diels,2250000,58,420117.61,18.671893777777782,0,0.0,0.0,0.0,0.0,0,0.0,0.0,0.0,0.0,3,11828.529999999999,3942.843333333333,2805.4281222183063,0.5257124444444444,24,174892.89999999997,7287.204166666666,6291.3883016969885,7.773017777777779,0,0.0,0.0,0.0,0.0,3,26318.909999999996,8772.97,7531.972400659736,1.1697293333333332,3,32082.44,10694.146666666666,6973.434503057538,1.425886222222222,0,0.0,0.0,0.0,0.0,0,0.0,0.0,0.0,0.0,0,0.0,0.0,0.0,0.0,0,0.0,0.0,0.0,0.0,0,0.0,0.0,0.0,0.0,25,174994.83000000005,6999.793200000001,3152.234622702494,7.777548,0,0.0,0.0,0.0,0.0
363,0625-5.png,0625,Terminalia superba Engl.& Diels,2250000,49,354289.75999999995,15.746211555555554,0,0.0,0.0,0.0,0.0,0,0.0,0.0,0.0,0.0,5,11781.34,2356.268,591.1446897080275,0.5236151111111111,16,133447.42,8340.463749999999,6789.480936447572,5.930996444444444,0,0.0,0.0,0.0,0.0,1,5638.0,5638.0,0.0,0.2505777777777778,4,56553.84,14138.46,7518.063676639085,2.513504,0,0.0,0.0,0.0,0.0,0,0.0,0.0,0.0,0.0,0,0.0,0.0,0.0,0.0,0,0.0,0.0,0.0,0.0,0,0.0,0.0,0.0,0.0,23,146869.15999999997,6385.615652173913,3069.36863936932,6.527518222222222,0,0.0,0.0,0.0,0.0
364,0625-6.png,0625,Terminalia superba Engl.& Diels,2250000,47,391593.94,17.404175111111112,0,0.0,0.0,0.0,0.0,0,0.0,0.0,0.0,0.0,2,3381.73,1690.865,482.49431214264064,0.1502991111111111,18,155561.69,8642.316111111111,5059.962645471442,6.91385288888889,0,0.0,0.0,0.0,0.0,1,17204.76,17204.76,0.0,0.7646559999999999,4,89084.75,22271.1875,5741.790318111445,3.959322222222222,0,0.0,0.0,0.0,0.0,0,0.0,0.0,0.0,0.0,0,0.0,0.0,0.0,0.0,0,0.0,0.0,0.0,0.0,0,0.0,0.0,0.0,0.0,22,126361.01000000001,5743.682272727274,3296.7438723699593,5.616044888888889,0,0.0,0.0,0.0,0.0
365,0625-7.png,0625,Terminalia superba Engl.& Diels,2250000,62,411583.94999999995,18.292620000000007,0,0.0,0.0,0.0,0.0,0,0.0,0.0,0.0,0.0,4,13503.32,3375.83,4025.1147927729958,0.6001475555555554,25,171587.38000000003,6863.4952,5485.982696863373,7.626105777777778,0,0.0,0.0,0.0,0.0,1,15863.66,15863.66,0.0,0.7050515555555555,5,45166.24999999999,9033.249999999998,5516.964212485885,2.007388888888889,0,0.0,0.0,0.0,0.0,0,0.0,0.0,0.0,0.0,0,0.0,0.0,0.0,0.0,0,0.0,0.0,0.0,0.0,0,0.0,0.0,0.0,0.0,27,165463.34,6128.271851851851,2855.86055008891,7.353926222222222,0,0.0,0.0,0.0,0.0
366,0625-8.png,0625,Terminalia superba Engl.& Diels,2250000,66,407956.47,18.13139866666667,0,0.0,0.0,0.0,0.0,0,0.0,0.0,0.0,0.0,7,22037.02,3148.1457142857143,2389.1666840543458,0.9794231111111112,27,181329.11,6715.892962962964,7035.564306425777,8.059071555555553,0,0.0,0.0,0.0,0.0,0,0.0,0.0,0.0,0.0,4,29979.59,7494.8975,4011.4084752563326,1.3324262222222223,0,0.0,0.0,0.0,0.0,0,0.0,0.0,0.0,0.0,0,0.0,0.0,0.0,0.0,0,0.0,0.0,0.0,0.0,0,0.0,0.0,0.0,0.0,28,174610.75,6236.098214285716,3367.473436672767,7.760477777777777,0,0.0,0.0,0.0,0.0
367,0625-9.png,0625,Terminalia superba Engl.& Diels,2250000,62,473049.4,21.024417777777767,0,0.0,0.0,0.0,0.0,0,0.0,0.0,0.0,0.0,2,7032.75,3516.375,990.0272754070971,0.3125666666666667,27,209041.71,7742.285555555555,5291.9280656757965,9.290742666666668,0,0.0,0.0,0.0,0.0,0,0.0,0.0,0.0,0.0,4,42383.19,10595.7975,3352.457215311131,1.8836973333333336,0,0.0,0.0,0.0,0.0,0,0.0,0.0,0.0,0.0,0,0.0,0.0,0.0,0.0,0,0.0,0.0,0.0,0.0,0,0.0,0.0,0.0,0.0,29,214591.75000000003,7399.715517241379,2901.801327425267,9.537411111111112,0,0.0,0.0,0.0,0.0
368,0293-2.jpg,0293,Fraxinus americana L.,2250000,177,451050.9600000002,20.04670933333334,0,0.0,0.0,0.0,0.0,13,25263.19,1943.3223076923075,1210.731852896929,1.1228084444444444,1,705.96,705.96,0.0,0.031376,48,88077.28000000001,1834.9433333333334,918.7400368203932,3.9145457777777772,0,0.0,0.0,0.0,0.0,0,0.0,0.0,0.0,0.0,35,195715.41999999998,5591.869142857143,2185.7153790496027,8.698463111111113,0,0.0,0.0,0.0,0.0,0,0.0,0.0,0.0,0.0,0,0.0,0.0,0.0,0.0,0,0.0,0.0,0.0,0.0,0,0.0,0.0,0.0,0.0,80,141289.11000000004,1766.1138749999998,1967.1708542913605,6.279515999999998,0,0.0,0.0,0.0,0.0
369,0293-3.jpg,0293,Fraxinus americana L.,2250000,137,418983.5899999998,18.621492888888884,0,0.0,0.0,0.0,0.0,9,19899.84,2211.0933333333332,1284.0202408256655,0.8844373333333333,0,0.0,0.0,0.0,0.0,26,63255.07,2432.887307692308,735.9074299967773,2.811336444444444,0,0.0,0.0,0.0,0.0,0,0.0,0.0,0.0,0.0,21,125964.06999999999,5998.289047619047,2460.836566074441,5.598403111111111,0,0.0,0.0,0.0,0.0,0,0.0,0.0,0.0,0.0,0,0.0,0.0,0.0,0.0,0,0.0,0.0,0.0,0.0,0,0.0,0.0,0.0,0.0,81,209864.61,2590.9211111111113,2101.8019100155466,9.327315999999998,0,0.0,0.0,0.0,0.0
370,0293-4.jpg,0293,Fraxinus americana L.,2250000,164,428637.4000000001,19.050551111111105,0,0.0,0.0,0.0,0.0,14,38827.670000000006,2773.405,1857.8033926232097,1.7256742222222223,0,0.0,0.0,0.0,0.0,36,60511.69999999998,1680.8805555555555,915.1441631941134,2.6894088888888894,0,0.0,0.0,0.0,0.0,0,0.0,0.0,0.0,0.0,24,112417.81,4684.075416666667,1880.194391316746,4.9963471111111115,0,0.0,0.0,0.0,0.0,0,0.0,0.0,0.0,0.0,0,0.0,0.0,0.0,0.0,0,0.0,0.0,0.0,0.0,0,0.0,0.0,0.0,0.0,90,216880.2200000001,2409.780222222222,2071.2155523890738,9.639120888888886,0,0.0,0.0,0.0,0.0
371,0293-5.jpg,0293,Fraxinus americana L.,2250000,149,470938.98999999993,20.930621777777777,0,0.0,0.0,0.0,0.0,14,32604.899999999998,2328.9214285714284,1271.4311252337604,1.4491066666666665,0,0.0,0.0,0.0,0.0,35,71490.54,2042.586857142857,1064.77839621754,3.177357333333333,0,0.0,0.0,0.0,0.0,0,0.0,0.0,0.0,0.0,30,180250.87,6008.3623333333335,2717.6979961695565,8.011149777777778,0,0.0,0.0,0.0,0.0,0,0.0,0.0,0.0,0.0,0,0.0,0.0,0.0,0.0,0,0.0,0.0,0.0,0.0,0,0.0,0.0,0.0,0.0,70,186592.68,2665.6097142857143,2314.373157974647,8.293007999999999,0,0.0,0.0,0.0,0.0
372,0293-6.jpg,0293,Fraxinus americana L.,2250000,155,501933.56999999983,22.30815866666666,0,0.0,0.0,0.0,0.0,30,83643.08000000005,2788.1026666666676,1241.3596686557273,3.7174702222222225,0,0.0,0.0,0.0,0.0,29,68876.98000000003,2375.068275862069,810.6149628305526,3.061199111111111,0,0.0,0.0,0.0,0.0,0,0.0,0.0,0.0,0.0,14,88725.33000000002,6337.523571428573,2450.0512674937645,3.943348,0,0.0,0.0,0.0,0.0,0,0.0,0.0,0.0,0.0,0,0.0,0.0,0.0,0.0,0,0.0,0.0,0.0,0.0,0,0.0,0.0,0.0,0.0,82,260688.18,3179.1241463414635,2380.3545201523566,11.586141333333336,0,0.0,0.0,0.0,0.0
373,0293-7.jpg,0293,Fraxinus americana L.,2250000,189,548819.6499999998,24.391984444444454,0,0.0,0.0,0.0,0.0,37,122461.06999999999,3309.758648648649,1778.535883522927,5.442714222222222,0,0.0,0.0,0.0,0.0,50,106326.0,2126.52,974.9291826400855,4.725599999999999,0,0.0,0.0,0.0,0.0,0,0.0,0.0,0.0,0.0,23,120511.64000000001,5239.636521739129,2950.025008599093,5.356072888888887,0,0.0,0.0,0.0,0.0,0,0.0,0.0,0.0,0.0,0,0.0,0.0,0.0,0.0,0,0.0,0.0,0.0,0.0,0,0.0,0.0,0.0,0.0,79,199520.93999999994,2525.581518987342,2159.823664383506,8.86759733333333,0,0.0,0.0,0.0,0.0
374,0293-8.jpg,0293,Fraxinus americana L.,2250000,194,457671.74000000005,20.34096622222222,0,0.0,0.0,0.0,0.0,33,80912.61000000002,2451.8972727272726,949.3380563986174,3.596116,0,0.0,0.0,0.0,0.0,58,132722.1,2288.3120689655175,960.0769556650931,5.898760000000002,0,0.0,0.0,0.0,0.0,0,0.0,0.0,0.0,0.0,14,66531.65,4752.260714285715,1610.0650074523473,2.9569622222222227,0,0.0,0.0,0.0,0.0,0,0.0,0.0,0.0,0.0,0,0.0,0.0,0.0,0.0,0,0.0,0.0,0.0,0.0,0,0.0,0.0,0.0,0.0,89,177505.37999999998,1994.442471910112,1890.6654282675431,7.8891279999999995,0,0.0,0.0,0.0,0.0
375,0293-9.jpg,0293,Fraxinus americana L.,2250000,199,500808.12000000017,22.25813866666666,0,0.0,0.0,0.0,0.0,30,81620.66,2720.6886666666674,1228.4184947061372,3.6275848888888897,0,0.0,0.0,0.0,0.0,59,123307.58999999997,2089.959152542373,961.8660656770222,5.480337333333331,0,0.0,0.0,0.0,0.0,0,0.0,0.0,0.0,0.0,25,127009.03,5080.3612,2286.0821757035187,5.644845777777778,0,0.0,0.0,0.0,0.0,0,0.0,0.0,0.0,0.0,0,0.0,0.0,0.0,0.0,0,0.0,0.0,0.0,0.0,0,0.0,0.0,0.0,0.0,85,168870.84000000003,1986.7157647058823,2013.2846584377721,7.505370666666667,0,0.0,0.0,0.0,0.0
376,0297-1.jpg,0297,Fraxinus mandshurica Rupr.,2250000,149,454242.8500000002,20.188571111111123,0,0.0,0.0,0.0,0.0,8,15208.140000000001,1901.0175,763.3608738195661,0.6759173333333334,0,0.0,0.0,0.0,0.0,47,79017.84999999999,1681.23085106383,866.2522788798177,3.511904444444445,0,0.0,0.0,0.0,0.0,0,0.0,0.0,0.0,0.0,3,10934.83,3644.943333333333,1762.7330601181036,0.48599244444444445,0,0.0,0.0,0.0,0.0,0,0.0,0.0,0.0,0.0,0,0.0,0.0,0.0,0.0,0,0.0,0.0,0.0,0.0,0,0.0,0.0,0.0,0.0,91,349082.0300000001,3836.0662637362634,2959.166098513659,15.514756888888886,0,0.0,0.0,0.0,0.0
377,0297-10.jpg,0297,Fraxinus mandshurica Rupr.,2250000,173,483113.0299999999,21.47169022222223,0,0.0,0.0,0.0,0.0,3,7541.3099999999995,2513.77,391.1610732166483,0.3351693333333333,0,0.0,0.0,0.0,0.0,51,71016.28000000003,1392.4760784313728,770.6409639957596,3.1562791111111115,0,0.0,0.0,0.0,0.0,0,0.0,0.0,0.0,0.0,3,7270.92,2423.64,310.66914861311875,0.323152,0,0.0,0.0,0.0,0.0,0,0.0,0.0,0.0,0.0,0,0.0,0.0,0.0,0.0,0,0.0,0.0,0.0,0.0,0,0.0,0.0,0.0,0.0,116,397284.52,3424.8665517241384,3054.5417824180386,17.657089777777777,0,0.0,0.0,0.0,0.0
378,0297-2.jpg,0297,Fraxinus mandshurica Rupr.,2250000,149,470910.07,20.929336444444438,0,0.0,0.0,0.0,0.0,3,11141.9,3713.9666666666667,1589.0138743992557,0.4951955555555555,0,0.0,0.0,0.0,0.0,45,68180.65000000001,1515.1255555555554,780.0445345257118,3.030251111111111,0,0.0,0.0,0.0,0.0,0,0.0,0.0,0.0,0.0,4,12682.560000000001,3170.6400000000003,2889.955384880535,0.5636693333333334,0,0.0,0.0,0.0,0.0,0,0.0,0.0,0.0,0.0,0,0.0,0.0,0.0,0.0,0,0.0,0.0,0.0,0.0,0,0.0,0.0,0.0,0.0,97,378904.9600000002,3906.236701030928,3081.8930558268216,16.840220444444434,0,0.0,0.0,0.0,0.0
379,0297-5.jpg,0297,Fraxinus mandshurica Rupr.,2250000,165,461658.62999999983,20.51816133333333,0,0.0,0.0,0.0,0.0,12,27091.4,2257.616666666667,909.0544687184424,1.2040622222222224,0,0.0,0.0,0.0,0.0,49,79203.49999999999,1616.3979591836737,882.1443126150515,3.5201555555555553,0,0.0,0.0,0.0,0.0,0,0.0,0.0,0.0,0.0,4,12563.47,3140.8675,1082.6369240077672,0.5583764444444445,0,0.0,0.0,0.0,0.0,0,0.0,0.0,0.0,0.0,0,0.0,0.0,0.0,0.0,0,0.0,0.0,0.0,0.0,0,0.0,0.0,0.0,0.0,100,342800.25999999983,3428.0025999999993,2959.8208024240016,15.235567111111106,0,0.0,0.0,0.0,0.0
380,0297-6.jpg,0297,Fraxinus mandshurica Rupr.,2250000,159,442922.8700000002,19.685460888888898,0,0.0,0.0,0.0,0.0,7,16417.27,2345.324285714286,1259.521407597044,0.7296564444444444,0,0.0,0.0,0.0,0.0,56,77910.70000000001,1391.2625000000003,921.4045213442554,3.4626977777777785,0,0.0,0.0,0.0,0.0,0,0.0,0.0,0.0,0.0,3,9563.68,3187.8933333333334,539.6529940928091,0.42505244444444445,0,0.0,0.0,0.0,0.0,0,0.0,0.0,0.0,0.0,0,0.0,0.0,0.0,0.0,0,0.0,0.0,0.0,0.0,0,0.0,0.0,0.0,0.0,93,339031.2200000001,3645.4969892473114,3143.3987837456893,15.068054222222216,0,0.0,0.0,0.0,0.0
381,0297-7.jpg,0297,Fraxinus mandshurica Rupr.,2250000,167,509668.01,22.651911555555554,0,0.0,0.0,0.0,0.0,7,19214.27,2744.8957142857143,1424.8850947457381,0.8539675555555556,0,0.0,0.0,0.0,0.0,51,84650.53999999996,1659.8145098039217,1022.5669969978765,3.7622462222222213,0,0.0,0.0,0.0,0.0,0,0.0,0.0,0.0,0.0,2,4973.88,2486.94,810.2312341547937,0.22106133333333333,0,0.0,0.0,0.0,0.0,0,0.0,0.0,0.0,0.0,0,0.0,0.0,0.0,0.0,0,0.0,0.0,0.0,0.0,0,0.0,0.0,0.0,0.0,107,400829.31999999983,3746.068411214953,3126.1879762972612,17.814636444444446,0,0.0,0.0,0.0,0.0
382,0297-8.jpg,0297,Fraxinus mandshurica Rupr.,2250000,167,446584.5599999998,19.848202666666676,0,0.0,0.0,0.0,0.0,3,9232.16,3077.3866666666668,708.7719458565873,0.41031822222222225,0,0.0,0.0,0.0,0.0,60,93612.31000000003,1560.2051666666666,813.49513797364,4.160547111111111,0,0.0,0.0,0.0,0.0,0,0.0,0.0,0.0,0.0,5,15626.55,3125.31,1401.8197866523356,0.6945133333333334,0,0.0,0.0,0.0,0.0,0,0.0,0.0,0.0,0.0,0,0.0,0.0,0.0,0.0,0,0.0,0.0,0.0,0.0,0,0.0,0.0,0.0,0.0,99,328113.53999999986,3314.278181818181,3051.451592065506,14.582824,0,0.0,0.0,0.0,0.0
383,0297-9.jpg,0297,Fraxinus mandshurica Rupr.,2250000,149,516622.41999999975,22.960996444444444,0,0.0,0.0,0.0,0.0,2,7265.570000000001,3632.7850000000003,2301.7244966437665,0.3229142222222222,0,0.0,0.0,0.0,0.0,49,73835.84999999999,1506.8540816326529,900.6348852821325,3.281593333333333,0,0.0,0.0,0.0,0.0,0,0.0,0.0,0.0,0.0,4,14671.689999999999,3667.9224999999997,955.682593032331,0.6520751111111112,0,0.0,0.0,0.0,0.0,0,0.0,0.0,0.0,0.0,0,0.0,0.0,0.0,0.0,0,0.0,0.0,0.0,0.0,0,0.0,0.0,0.0,0.0,94,420849.3099999999,4477.120319148936,3391.438775367711,18.70441377777777,0,0.0,0.0,0.0,0.0
384,0295-3.jpg,0295,Fraxinus nigra Marshall,2250000,272,615571.2400000001,27.358721777777788,0,0.0,0.0,0.0,0.0,45,130103.23000000001,2891.182888888889,1299.6894140972543,5.782365777777776,0,0.0,0.0,0.0,0.0,40,36927.55999999999,923.189,636.1995971947556,1.6412248888888885,0,0.0,0.0,0.0,0.0,0,0.0,0.0,0.0,0.0,0,0.0,0.0,0.0,0.0,0,0.0,0.0,0.0,0.0,0,0.0,0.0,0.0,0.0,0,0.0,0.0,0.0,0.0,0,0.0,0.0,0.0,0.0,0,0.0,0.0,0.0,0.0,187,448540.44999999984,2398.6120320855616,1930.3335786541452,19.93513111111112,0,0.0,0.0,0.0,0.0
385,0295-4.jpg,0295,Fraxinus nigra Marshall,2250000,247,540439.3800000001,24.019528000000022,0,0.0,0.0,0.0,0.0,32,80910.44,2528.45125,1115.0935066961006,3.5960195555555554,0,0.0,0.0,0.0,0.0,27,26515.26,982.0466666666667,593.155369223327,1.1784559999999997,0,0.0,0.0,0.0,0.0,0,0.0,0.0,0.0,0.0,0,0.0,0.0,0.0,0.0,0,0.0,0.0,0.0,0.0,0,0.0,0.0,0.0,0.0,0,0.0,0.0,0.0,0.0,0,0.0,0.0,0.0,0.0,0,0.0,0.0,0.0,0.0,188,433013.6800000002,2303.264255319149,1914.6570628428722,19.24505244444446,0,0.0,0.0,0.0,0.0
386,0295-5.jpg,0295,Fraxinus nigra Marshall,2250000,244,524839.6699999998,23.326207555555534,0,0.0,0.0,0.0,0.0,35,81460.83,2327.452285714285,848.069693907307,3.620481333333334,0,0.0,0.0,0.0,0.0,31,31756.28,1024.3961290322582,580.7184548222855,1.4113902222222223,0,0.0,0.0,0.0,0.0,0,0.0,0.0,0.0,0.0,0,0.0,0.0,0.0,0.0,0,0.0,0.0,0.0,0.0,0,0.0,0.0,0.0,0.0,0,0.0,0.0,0.0,0.0,0,0.0,0.0,0.0,0.0,0,0.0,0.0,0.0,0.0,178,411622.55999999994,2312.4862921348313,1930.0190314692838,18.29433599999999,0,0.0,0.0,0.0,0.0
387,0295-6.jpg,0295,Fraxinus nigra Marshall,2250000,231,517553.68999999977,23.002386222222235,0,0.0,0.0,0.0,0.0,23,56178.33000000001,2442.536086956522,1268.6186319405526,2.4968146666666664,0,0.0,0.0,0.0,0.0,28,27122.52,968.6614285714286,660.9232453543569,1.2054453333333333,0,0.0,0.0,0.0,0.0,0,0.0,0.0,0.0,0.0,0,0.0,0.0,0.0,0.0,0,0.0,0.0,0.0,0.0,0,0.0,0.0,0.0,0.0,0,0.0,0.0,0.0,0.0,0,0.0,0.0,0.0,0.0,0,0.0,0.0,0.0,0.0,180,434252.83999999997,2412.515777777778,1992.9718987131469,19.300126222222225,0,0.0,0.0,0.0,0.0
388,0295-7.jpg,0295,Fraxinus nigra Marshall,2250000,280,701292.4800000003,31.16855466666666,0,0.0,0.0,0.0,0.0,48,106240.11999999998,2213.335833333333,1000.3421807132719,4.721783111111112,0,0.0,0.0,0.0,0.0,8,10150.55,1268.81875,903.4313981930624,0.45113555555555557,0,0.0,0.0,0.0,0.0,0,0.0,0.0,0.0,0.0,0,0.0,0.0,0.0,0.0,0,0.0,0.0,0.0,0.0,0,0.0,0.0,0.0,0.0,0,0.0,0.0,0.0,0.0,0,0.0,0.0,0.0,0.0,0,0.0,0.0,0.0,0.0,224,584901.8100000003,2611.1687946428574,1898.2352027717845,25.995635999999987,0,0.0,0.0,0.0,0.0
389,0295-8.jpg,0295,Fraxinus nigra Marshall,2250000,293,705585.1500000003,31.35933999999998,0,0.0,0.0,0.0,0.0,21,57506.55,2738.4071428571433,1485.278556224868,2.555846666666667,0,0.0,0.0,0.0,0.0,26,23956.440000000002,921.4015384615384,647.1161648464196,1.0647306666666667,0,0.0,0.0,0.0,0.0,0,0.0,0.0,0.0,0.0,0,0.0,0.0,0.0,0.0,0,0.0,0.0,0.0,0.0,0,0.0,0.0,0.0,0.0,0,0.0,0.0,0.0,0.0,0,0.0,0.0,0.0,0.0,0,0.0,0.0,0.0,0.0,246,624122.1600000003,2537.081951219512,1830.8363013679812,27.738762666666645,0,0.0,0.0,0.0,0.0
390,0295-9.jpg,0295,Fraxinus nigra Marshall,2250000,296,686307.5800000005,30.50255911111111,0,0.0,0.0,0.0,0.0,44,78087.68999999999,1774.7202272727272,740.6952249147926,3.4705639999999995,0,0.0,0.0,0.0,0.0,17,10779.25,634.0735294117646,525.1183929117934,0.47907777777777777,0,0.0,0.0,0.0,0.0,0,0.0,0.0,0.0,0.0,0,0.0,0.0,0.0,0.0,0,0.0,0.0,0.0,0.0,0,0.0,0.0,0.0,0.0,0,0.0,0.0,0.0,0.0,0,0.0,0.0,0.0,0.0,0,0.0,0.0,0.0,0.0,235,597440.6400000005,2542.300595744681,1818.598023576183,26.55291733333334,0,0.0,0.0,0.0,0.0
391,0296-10.jpg,0296,Fraxinus ornus L.,2250000,99,131531.22,5.845832000000001,0,0.0,0.0,0.0,0.0,0,0.0,0.0,0.0,0.0,0,0.0,0.0,0.0,0.0,31,71765.16,2315.0051612903226,872.8882480015066,3.189562666666666,0,0.0,0.0,0.0,0.0,0,0.0,0.0,0.0,0.0,4,17882.82,4470.705,892.5653359651978,0.7947919999999999,0,0.0,0.0,0.0,0.0,0,0.0,0.0,0.0,0.0,0,0.0,0.0,0.0,0.0,0,0.0,0.0,0.0,0.0,0,0.0,0.0,0.0,0.0,64,41883.23999999998,654.4256250000001,485.7251618264687,1.8614773333333325,0,0.0,0.0,0.0,0.0
392,0296-2.jpg,0296,Fraxinus ornus L.,2250000,117,161524.84999999998,7.178882222222223,0,0.0,0.0,0.0,0.0,7,5352.63,764.6614285714286,444.4655253758373,0.23789466666666664,0,0.0,0.0,0.0,0.0,30,74830.40999999999,2494.347,1334.326493422547,3.325796,0,0.0,0.0,0.0,0.0,0,0.0,0.0,0.0,0.0,4,16750.94,4187.735,565.2804079687648,0.7444862222222222,0,0.0,0.0,0.0,0.0,0,0.0,0.0,0.0,0.0,0,0.0,0.0,0.0,0.0,0,0.0,0.0,0.0,0.0,0,0.0,0.0,0.0,0.0,76,64590.86999999998,849.8798684210527,649.3520409813533,2.870705333333334,0,0.0,0.0,0.0,0.0
393,0296-3.jpg,0296,Fraxinus ornus L.,2250000,98,110900.77,4.928923111111111,0,0.0,0.0,0.0,0.0,1,629.78,629.78,0.0,0.027990222222222222,0,0.0,0.0,0.0,0.0,23,54880.14000000001,2386.0930434782613,842.2356997379318,2.439117333333333,0,0.0,0.0,0.0,0.0,0,0.0,0.0,0.0,0.0,2,9174.23,4587.115,442.28822056437343,0.4077435555555555,0,0.0,0.0,0.0,0.0,0,0.0,0.0,0.0,0.0,0,0.0,0.0,0.0,0.0,0,0.0,0.0,0.0,0.0,0,0.0,0.0,0.0,0.0,72,46216.62,641.8975,503.47774055653684,2.0540719999999992,0,0.0,0.0,0.0,0.0
394,0296-5.jpg,0296,Fraxinus ornus L.,2250000,113,128845.80999999998,5.7264804444444435,0,0.0,0.0,0.0,0.0,6,4486.8,747.8000000000001,279.8687031448854,0.19941333333333333,0,0.0,0.0,0.0,0.0,42,76859.22999999998,1829.9816666666673,699.1450214435839,3.4159657777777777,0,0.0,0.0,0.0,0.0,0,0.0,0.0,0.0,0.0,3,10455.25,3485.0833333333335,340.8242588686041,0.46467777777777775,0,0.0,0.0,0.0,0.0,0,0.0,0.0,0.0,0.0,0,0.0,0.0,0.0,0.0,0,0.0,0.0,0.0,0.0,0,0.0,0.0,0.0,0.0,62,37044.52999999999,597.4924193548388,529.4454661453997,1.6464235555555555,0,0.0,0.0,0.0,0.0
395,0296-6.jpg,0296,Fraxinus ornus L.,2250000,121,133003.26000000004,5.911255999999998,0,0.0,0.0,0.0,0.0,3,2354.98,784.9933333333333,277.9086048206017,0.10466577777777779,0,0.0,0.0,0.0,0.0,27,58745.76,2175.768888888889,858.9610778158485,2.6109226666666667,0,0.0,0.0,0.0,0.0,0,0.0,0.0,0.0,0.0,5,18924.59,3784.918,704.3281716430203,0.8410928888888889,0,0.0,0.0,0.0,0.0,0,0.0,0.0,0.0,0.0,0,0.0,0.0,0.0,0.0,0,0.0,0.0,0.0,0.0,0,0.0,0.0,0.0,0.0,86,52977.93000000002,616.0224418604652,509.4247623925176,2.3545746666666667,0,0.0,0.0,0.0,0.0
396,0296-7.jpg,0296,Fraxinus ornus L.,2250000,118,151604.88999999998,6.737995111111109,0,0.0,0.0,0.0,0.0,9,4376.29,486.25444444444446,150.38239143190194,0.19450177777777777,0,0.0,0.0,0.0,0.0,36,92617.75,2572.715277777778,1183.043381809297,4.116344444444445,0,0.0,0.0,0.0,0.0,0,0.0,0.0,0.0,0.0,2,12889.619999999999,6444.8099999999995,1298.7995935478266,0.572872,0,0.0,0.0,0.0,0.0,0,0.0,0.0,0.0,0.0,0,0.0,0.0,0.0,0.0,0,0.0,0.0,0.0,0.0,0,0.0,0.0,0.0,0.0,71,41721.229999999996,587.6229577464791,489.7866061967172,1.8542768888888888,0,0.0,0.0,0.0,0.0
397,0296-8.jpg,0296,Fraxinus ornus L.,2250000,136,151246.61999999997,6.722072000000002,0,0.0,0.0,0.0,0.0,7,6414.78,916.3971428571429,355.3019058356937,0.28510133333333326,0,0.0,0.0,0.0,0.0,53,98488.59999999999,1858.275471698113,663.0329941800844,4.377271111111111,0,0.0,0.0,0.0,0.0,0,0.0,0.0,0.0,0.0,1,3358.13,3358.13,0.0,0.14925022222222223,0,0.0,0.0,0.0,0.0,0,0.0,0.0,0.0,0.0,0,0.0,0.0,0.0,0.0,0,0.0,0.0,0.0,0.0,0,0.0,0.0,0.0,0.0,75,42985.109999999986,573.1348,444.6976276119265,1.9104493333333337,0,0.0,0.0,0.0,0.0
398,0296-9.jpg,0296,Fraxinus ornus L.,2250000,112,136011.64,6.0449617777777735,0,0.0,0.0,0.0,0.0,6,3869.89,644.9816666666667,226.99304274947875,0.1719951111111111,0,0.0,0.0,0.0,0.0,27,70432.68000000001,2608.617777777778,1049.3348165764287,3.130341333333334,0,0.0,0.0,0.0,0.0,0,0.0,0.0,0.0,0.0,0,0.0,0.0,0.0,0.0,0,0.0,0.0,0.0,0.0,0,0.0,0.0,0.0,0.0,0,0.0,0.0,0.0,0.0,0,0.0,0.0,0.0,0.0,0,0.0,0.0,0.0,0.0,79,61709.07,781.1274683544304,559.8184267619516,2.742625333333334,0,0.0,0.0,0.0,0.0
399,0678-1.jpg,0678,Albizia ferruginea (Guill. & Perr.) Benth.,2250000,29,666682.3799999999,29.630328000000002,0,0.0,0.0,0.0,0.0,0,0.0,0.0,0.0,0.0,0,0.0,0.0,0.0,0.0,13,449988.85,34614.526923076926,24647.024741317626,19.99950444444445,7,150793.79,21541.97,16237.06344974464,6.701946222222222,0,0.0,0.0,0.0,0.0,0,0.0,0.0,0.0,0.0,0,0.0,0.0,0.0,0.0,0,0.0,0.0,0.0,0.0,0,0.0,0.0,0.0,0.0,0,0.0,0.0,0.0,0.0,0,0.0,0.0,0.0,0.0,9,65899.74,7322.193333333334,4657.895698783948,2.9288773333333333,0,0.0,0.0,0.0,0.0
400,0678-3.jpg,0678,Albizia ferruginea (Guill. & Perr.) Benth.,2250000,28,670417.07,29.796314222222218,0,0.0,0.0,0.0,0.0,0,0.0,0.0,0.0,0.0,1,880.84,880.84,0.0,0.039148444444444444,14,517848.73000000004,36989.19500000001,19723.992175536157,23.01549911111111,2,57932.5,28966.25,20566.0593094545,2.5747777777777774,0,0.0,0.0,0.0,0.0,0,0.0,0.0,0.0,0.0,0,0.0,0.0,0.0,0.0,0,0.0,0.0,0.0,0.0,0,0.0,0.0,0.0,0.0,0,0.0,0.0,0.0,0.0,0,0.0,0.0,0.0,0.0,11,93755.00000000001,8523.18181818182,4738.496432770248,4.166888888888889,0,0.0,0.0,0.0,0.0
401,0678-4.jpg,0678,Albizia ferruginea (Guill. & Perr.) Benth.,2250000,29,681537.5199999998,30.290556444444444,0,0.0,0.0,0.0,0.0,0,0.0,0.0,0.0,0.0,2,6116.51,3058.255,633.4616099259686,0.27184488888888886,12,491603.86000000004,40966.988333333335,25187.833187712902,21.849060444444447,3,75404.41,25134.803333333333,16606.445951618705,3.351307111111111,0,0.0,0.0,0.0,0.0,0,0.0,0.0,0.0,0.0,0,0.0,0.0,0.0,0.0,0,0.0,0.0,0.0,0.0,0,0.0,0.0,0.0,0.0,0,0.0,0.0,0.0,0.0,0,0.0,0.0,0.0,0.0,12,108412.74,9034.394999999999,4012.9705840131132,4.818343999999999,0,0.0,0.0,0.0,0.0
402,0678-5.jpg,0678,Albizia ferruginea (Guill. & Perr.) Benth.,2250000,24,832939.6199999999,37.01953866666667,0,0.0,0.0,0.0,0.0,0,0.0,0.0,0.0,0.0,3,12921.81,4307.2699999999995,2010.525981503348,0.5743026666666666,8,414652.3499999999,51831.54375,18711.053895823137,18.428993333333334,8,362704.3900000001,45338.04875,16354.168618274527,16.12019511111111,0,0.0,0.0,0.0,0.0,0,0.0,0.0,0.0,0.0,0,0.0,0.0,0.0,0.0,0,0.0,0.0,0.0,0.0,0,0.0,0.0,0.0,0.0,0,0.0,0.0,0.0,0.0,0,0.0,0.0,0.0,0.0,5,42661.07,8532.214,4353.560779468917,1.8960475555555558,0,0.0,0.0,0.0,0.0
403,0678-6.jpg,0678,Albizia ferruginea (Guill. & Perr.) Benth.,2250000,25,734106.6500000001,32.626962222222225,0,0.0,0.0,0.0,0.0,0,0.0,0.0,0.0,0.0,1,8592.72,8592.72,0.0,0.3818986666666666,11,557437.06,50676.09636363637,17086.467627303355,24.774980444444445,2,72934.63,36467.315,10866.80994220705,3.241539111111111,0,0.0,0.0,0.0,0.0,0,0.0,0.0,0.0,0.0,0,0.0,0.0,0.0,0.0,0,0.0,0.0,0.0,0.0,0,0.0,0.0,0.0,0.0,0,0.0,0.0,0.0,0.0,0,0.0,0.0,0.0,0.0,11,95142.24000000002,8649.294545454546,4759.267657281662,4.2285439999999985,0,0.0,0.0,0.0,0.0
404,0678-7.jpg,0678,Albizia ferruginea (Guill. & Perr.) Benth.,2250000,29,573210.6200000001,25.47602755555556,0,0.0,0.0,0.0,0.0,0,0.0,0.0,0.0,0.0,1,2689.72,2689.72,0.0,0.1195431111111111,11,412020.57000000007,37456.41545454546,18796.929055462417,18.312025333333327,4,78227.16,19556.79,9823.907445675575,3.4767626666666667,0,0.0,0.0,0.0,0.0,0,0.0,0.0,0.0,0.0,0,0.0,0.0,0.0,0.0,0,0.0,0.0,0.0,0.0,0,0.0,0.0,0.0,0.0,0,0.0,0.0,0.0,0.0,0,0.0,0.0,0.0,0.0,13,80273.17000000001,6174.8592307692315,3699.8963796829535,3.5676964444444446,0,0.0,0.0,0.0,0.0
405,0678-8.jpg,0678,Albizia ferruginea (Guill. & Perr.) Benth.,2250000,28,643131.4799999997,28.583621333333337,0,0.0,0.0,0.0,0.0,0,0.0,0.0,0.0,0.0,0,0.0,0.0,0.0,0.0,13,493454.55999999994,37958.04307692307,18081.271373275253,21.93131377777778,3,45652.27,15217.423333333332,15868.951809336158,2.0289897777777774,0,0.0,0.0,0.0,0.0,0,0.0,0.0,0.0,0.0,0,0.0,0.0,0.0,0.0,0,0.0,0.0,0.0,0.0,0,0.0,0.0,0.0,0.0,0,0.0,0.0,0.0,0.0,0,0.0,0.0,0.0,0.0,12,104024.65,8668.720833333335,3485.6307477921105,4.623317777777778,0,0.0,0.0,0.0,0.0
406,0244-2.jpg,0244,Dryobalanops C.F.Gaertn.,2250000,169,1100564.06,48.913958222222234,0,0.0,0.0,0.0,0.0,20,51326.76000000002,2566.338,1931.365334307368,2.2811893333333333,0,0.0,0.0,0.0,0.0,0,0.0,0.0,0.0,0.0,33,220500.13000000003,6681.822121212122,3177.442136772279,9.800005777777777,0,0.0,0.0,0.0,0.0,3,33649.92,11216.64,5766.471241964188,1.495552,0,0.0,0.0,0.0,0.0,0,0.0,0.0,0.0,0.0,0,0.0,0.0,0.0,0.0,0,0.0,0.0,0.0,0.0,0,0.0,0.0,0.0,0.0,80,264846.68999999994,3310.5836249999993,1928.990041001809,11.770964000000001,33,530240.56,16067.89575757576,11433.853308850004,23.566247111111107
407,0244-3.jpg,0244,Dryobalanops C.F.Gaertn.,2250000,145,1131206.6400000001,50.27585066666668,0,0.0,0.0,0.0,0.0,15,44800.42,2986.6946666666668,1914.9947283324184,1.9911297777777779,0,0.0,0.0,0.0,0.0,0,0.0,0.0,0.0,0.0,29,220122.44000000006,7590.428965517242,4033.6135303572446,9.783219555555558,0,0.0,0.0,0.0,0.0,5,67295.56,13459.112,6559.3621400499,2.9909137777777772,0,0.0,0.0,0.0,0.0,0,0.0,0.0,0.0,0.0,0,0.0,0.0,0.0,0.0,0,0.0,0.0,0.0,0.0,0,0.0,0.0,0.0,0.0,70,246814.71999999997,3525.9245714285717,2036.1033101815885,10.969543111111113,26,552173.5,21237.442307692312,12414.809828071411,24.541044444444445
408,0244-4.jpg,0244,Dryobalanops C.F.Gaertn.,2250000,164,1068853.8600000003,47.504616,0,0.0,0.0,0.0,0.0,17,32825.93,1930.9370588235295,1056.0111007747782,1.458930222222222,0,0.0,0.0,0.0,0.0,0,0.0,0.0,0.0,0.0,35,191247.93,5464.226571428572,3218.2213093085907,8.499908,0,0.0,0.0,0.0,0.0,5,66005.95,13201.189999999999,3040.6245565672853,2.9335977777777775,0,0.0,0.0,0.0,0.0,0,0.0,0.0,0.0,0.0,0,0.0,0.0,0.0,0.0,0,0.0,0.0,0.0,0.0,0,0.0,0.0,0.0,0.0,79,300952.44999999995,3809.524683544304,2306.7040862194763,13.375664444444437,28,477821.5999999999,17065.057142857142,10845.6988514802,21.236515555555556
409,0244-5.jpg,0244,Dryobalanops C.F.Gaertn.,2250000,199,1236902.7800000003,54.973456888888876,0,0.0,0.0,0.0,0.0,19,54317.94000000001,2858.838947368421,1384.925118223985,2.4141306666666673,0,0.0,0.0,0.0,0.0,0,0.0,0.0,0.0,0.0,40,184534.88000000006,4613.372,3062.1756050243353,8.201550222222224,0,0.0,0.0,0.0,0.0,13,114237.43000000002,8787.494615384616,5412.452311068762,5.077219111111113,0,0.0,0.0,0.0,0.0,0,0.0,0.0,0.0,0.0,0,0.0,0.0,0.0,0.0,0,0.0,0.0,0.0,0.0,0,0.0,0.0,0.0,0.0,101,462451.45999999996,4578.727326732673,2309.7208500889847,20.553398222222224,26,421361.07,16206.195,7824.294979379676,18.727158666666668
410,0244-6.jpg,0244,Dryobalanops C.F.Gaertn.,2250000,197,1342376.9700000004,59.66119866666666,0,0.0,0.0,0.0,0.0,11,38425.33999999999,3493.212727272727,2466.001130438066,1.7077928888888891,0,0.0,0.0,0.0,0.0,0,0.0,0.0,0.0,0.0,35,122185.36999999997,3491.0105714285714,3021.0843983819323,5.430460888888889,0,0.0,0.0,0.0,0.0,11,71236.26,6476.023636363636,6206.916564237468,3.1660559999999998,0,0.0,0.0,0.0,0.0,0,0.0,0.0,0.0,0.0,0,0.0,0.0,0.0,0.0,0,0.0,0.0,0.0,0.0,0,0.0,0.0,0.0,0.0,110,518445.2500000002,4713.138636363637,2365.1886288654946,23.0420111111111,30,592084.75,19736.15833333333,6809.325281352231,26.314877777777777
411,0244-7.jpg,0244,Dryobalanops C.F.Gaertn.,2250000,218,1219114.5,54.182866666666655,0,0.0,0.0,0.0,0.0,17,62108.15,3653.420588235294,2531.1914369903716,2.760362222222222,0,0.0,0.0,0.0,0.0,0,0.0,0.0,0.0,0.0,47,144790.99,3080.6593617021276,2723.650055167661,6.435155111111113,0,0.0,0.0,0.0,0.0,14,83747.16,5981.94,5381.3503514409695,3.7220959999999996,0,0.0,0.0,0.0,0.0,0,0.0,0.0,0.0,0.0,0,0.0,0.0,0.0,0.0,0,0.0,0.0,0.0,0.0,0,0.0,0.0,0.0,0.0,111,558150.59,5028.383693693694,2506.728292833991,24.806692888888882,29,370317.61,12769.572758620689,6966.006216277268,16.458560444444444
412,0244-8.jpg,0244,Dryobalanops C.F.Gaertn.,2250000,207,1183681.36,52.60806044444446,0,0.0,0.0,0.0,0.0,21,79988.83,3808.991904761905,1929.4887138763447,3.5550591111111114,0,0.0,0.0,0.0,0.0,0,0.0,0.0,0.0,0.0,39,132323.03,3392.898205128205,2590.380399210725,5.881023555555555,0,0.0,0.0,0.0,0.0,15,123288.28,8219.218666666666,5085.868715647121,5.47947911111111,0,0.0,0.0,0.0,0.0,0,0.0,0.0,0.0,0.0,0,0.0,0.0,0.0,0.0,0,0.0,0.0,0.0,0.0,0,0.0,0.0,0.0,0.0,110,563687.6799999998,5124.433454545455,2535.7910406066553,25.052785777777782,22,284393.54000000004,12926.979090909093,6191.387393616817,12.639712888888889
413,0244-9.jpg,0244,Dryobalanops C.F.Gaertn.,2250000,224,1238969.2200000007,55.06529866666666,0,0.0,0.0,0.0,0.0,23,79725.98,3466.346956521739,2235.108767704066,3.5433768888888895,0,0.0,0.0,0.0,0.0,0,0.0,0.0,0.0,0.0,47,171195.72999999998,3642.4623404255317,2969.144286913255,7.60869911111111,0,0.0,0.0,0.0,0.0,15,80249.56,5349.970666666666,4077.421400276802,3.566647111111111,0,0.0,0.0,0.0,0.0,0,0.0,0.0,0.0,0.0,0,0.0,0.0,0.0,0.0,0,0.0,0.0,0.0,0.0,0,0.0,0.0,0.0,0.0,123,676307.23,5498.43276422764,2398.2466791863512,30.058099111111108,16,231490.72000000006,14468.169999999998,8959.378941301678,10.288476444444445
414,0245-2.jpg,0245,Dryobalanops aromatica C.F.Gaertn.,2250000,276,835730.2100000007,37.14356488888887,0,0.0,0.0,0.0,0.0,91,265463.6500000001,2917.1829670329666,1801.1096057014374,11.798384444444439,0,0.0,0.0,0.0,0.0,0,0.0,0.0,0.0,0.0,27,38016.54,1408.0199999999998,1282.6339472591308,1.689624,0,0.0,0.0,0.0,0.0,19,124006.02999999998,6526.633157894736,4562.426162629377,5.51137911111111,2,2015.95,1007.975,791.2595592155585,0.08959777777777778,0,0.0,0.0,0.0,0.0,0,0.0,0.0,0.0,0.0,0,0.0,0.0,0.0,0.0,0,0.0,0.0,0.0,0.0,137,406228.03999999986,2965.168175182482,1920.8281831865784,18.054579555555563,0,0.0,0.0,0.0,0.0
415,0245-3.jpg,0245,Dryobalanops aromatica C.F.Gaertn.,2250000,260,854269.5299999998,37.967534666666644,0,0.0,0.0,0.0,0.0,81,261090.46999999986,3223.339135802469,1581.8473944917992,11.604020888888888,0,0.0,0.0,0.0,0.0,0,0.0,0.0,0.0,0.0,39,83275.07000000002,2135.258205128205,1875.8784715263853,3.7011142222222224,0,0.0,0.0,0.0,0.0,14,85495.94,6106.852857142857,5796.828690997848,3.7998195555555556,2,4109.14,2054.57,814.785001825635,0.18262844444444443,0,0.0,0.0,0.0,0.0,0,0.0,0.0,0.0,0.0,0,0.0,0.0,0.0,0.0,0,0.0,0.0,0.0,0.0,124,420298.91000000003,3389.507338709677,1999.8724318637508,18.679951555555558,0,0.0,0.0,0.0,0.0
416,0245-4.jpg,0245,Dryobalanops aromatica C.F.Gaertn.,2250000,263,943153.7300000011,41.91794355555555,0,0.0,0.0,0.0,0.0,79,248435.85999999993,3144.7577215189867,1969.325062764053,11.041593777777775,0,0.0,0.0,0.0,0.0,0,0.0,0.0,0.0,0.0,36,116309.14,3230.8094444444446,3168.805075393512,5.1692951111111105,0,0.0,0.0,0.0,0.0,22,121201.51999999999,5509.16,3833.264606844369,5.386734222222222,0,0.0,0.0,0.0,0.0,0,0.0,0.0,0.0,0.0,0,0.0,0.0,0.0,0.0,0,0.0,0.0,0.0,0.0,0,0.0,0.0,0.0,0.0,126,457207.20999999985,3628.6286507936506,2063.4207631784084,20.320320444444437,0,0.0,0.0,0.0,0.0
417,0245-5.jpg,0245,Dryobalanops aromatica C.F.Gaertn.,2250000,260,858926.9599999991,38.17453155555555,0,0.0,0.0,0.0,0.0,87,367199.7799999998,4220.687126436781,1914.3147107971051,16.319990222222224,0,0.0,0.0,0.0,0.0,0,0.0,0.0,0.0,0.0,44,103047.24,2341.9827272727275,2170.1853849816002,4.579877333333333,0,0.0,0.0,0.0,0.0,15,83482.12999999999,5565.475333333333,4500.9928420006345,3.710316888888889,5,4521.129999999999,904.2259999999999,1032.9558072008695,0.20093911111111112,0,0.0,0.0,0.0,0.0,0,0.0,0.0,0.0,0.0,0,0.0,0.0,0.0,0.0,0,0.0,0.0,0.0,0.0,109,300676.68,2758.5016513761466,1974.771499344462,13.363407999999996,0,0.0,0.0,0.0,0.0
418,0245-6.jpg,0245,Dryobalanops aromatica C.F.Gaertn.,2250000,248,783906.7100000003,34.840298222222216,0,0.0,0.0,0.0,0.0,51,152853.72000000003,2997.1317647058822,1813.5901680960953,6.793498666666666,0,0.0,0.0,0.0,0.0,0,0.0,0.0,0.0,0.0,54,153347.26999999996,2839.7642592592597,2467.1059983221207,6.815434222222223,0,0.0,0.0,0.0,0.0,15,81042.43000000001,5402.828666666667,4096.941983512767,3.601885777777778,7,26554.960000000003,3793.565714285715,2889.47398678293,1.1802204444444444,0,0.0,0.0,0.0,0.0,0,0.0,0.0,0.0,0.0,0,0.0,0.0,0.0,0.0,0,0.0,0.0,0.0,0.0,121,370108.3300000001,3058.74652892562,1886.7643124887604,16.449259111111115,0,0.0,0.0,0.0,0.0
419,0245-7.jpg,0245,Dryobalanops aromatica C.F.Gaertn.,2250000,262,725287.4999999997,32.234999999999964,0,0.0,0.0,0.0,0.0,67,204962.58999999997,3059.143134328358,1724.6697283847402,9.109448444444446,0,0.0,0.0,0.0,0.0,0,0.0,0.0,0.0,0.0,55,113864.06000000003,2070.255636363636,2091.9389596264105,5.060624888888887,0,0.0,0.0,0.0,0.0,14,68998.23,4928.445,4415.926216244927,3.0665880000000003,3,7844.93,2614.976666666667,419.915796837096,0.34866355555555556,0,0.0,0.0,0.0,0.0,0,0.0,0.0,0.0,0.0,0,0.0,0.0,0.0,0.0,0,0.0,0.0,0.0,0.0,123,329617.69,2679.818617886179,1794.2086793718618,14.64967511111111,0,0.0,0.0,0.0,0.0
420,0245-8.jpg,0245,Dryobalanops aromatica C.F.Gaertn.,2250000,255,772347.4900000005,34.326555111111105,0,0.0,0.0,0.0,0.0,68,212697.02000000002,3127.8973529411774,1749.2883586357511,9.453200888888892,0,0.0,0.0,0.0,0.0,0,0.0,0.0,0.0,0.0,48,127730.01,2661.0418750000003,2620.640253983468,5.676889333333333,0,0.0,0.0,0.0,0.0,14,83352.33,5953.737857142858,4684.458823502993,3.7045479999999995,2,8727.91,4363.955,2322.202309026929,0.38790711111111115,0,0.0,0.0,0.0,0.0,0,0.0,0.0,0.0,0.0,0,0.0,0.0,0.0,0.0,0,0.0,0.0,0.0,0.0,123,339840.2200000001,2762.9286178861785,1756.2744153917263,15.104009777777783,0,0.0,0.0,0.0,0.0
421,0245-9.jpg,0245,Dryobalanops aromatica C.F.Gaertn.,2250000,258,822820.2299999994,36.56978800000003,0,0.0,0.0,0.0,0.0,86,279250.16,3247.09488372093,1671.3364173553516,12.411118222222221,0,0.0,0.0,0.0,0.0,0,0.0,0.0,0.0,0.0,36,79867.59000000003,2218.5441666666666,1695.1490016959317,3.5496706666666675,0,0.0,0.0,0.0,0.0,16,73032.26,4564.51625,3442.6965842855902,3.245878222222222,1,4691.72,4691.72,0.0,0.2085208888888889,0,0.0,0.0,0.0,0.0,0,0.0,0.0,0.0,0.0,0,0.0,0.0,0.0,0.0,0,0.0,0.0,0.0,0.0,119,385978.4999999999,3243.516806722689,1818.4712940977413,17.1546,0,0.0,0.0,0.0,0.0
422,0375-2.png,0375,Koompassia malaccensis Maing.,2250000,66,823621.6399999999,36.60540622222222,0,0.0,0.0,0.0,0.0,0,0.0,0.0,0.0,0.0,14,44456.00000000001,3175.428571428572,2152.4044101739487,1.9758222222222224,0,0.0,0.0,0.0,0.0,25,395268.57,15810.7428,9322.222634017473,17.567491999999998,2,40624.729999999996,20312.364999999998,1267.6939662434286,1.8055435555555557,5,230406.05000000002,46081.21000000001,20339.96783814198,10.24026888888889,0,0.0,0.0,0.0,0.0,0,0.0,0.0,0.0,0.0,0,0.0,0.0,0.0,0.0,0,0.0,0.0,0.0,0.0,0,0.0,0.0,0.0,0.0,20,112866.29,5643.3145,2992.932802693134,5.016279555555555,0,0.0,0.0,0.0,0.0
423,0375-3.png,0375,Koompassia malaccensis Maing.,2250000,60,796516.29,35.40072399999999,0,0.0,0.0,0.0,0.0,0,0.0,0.0,0.0,0.0,14,46582.45999999999,3327.318571428571,1946.6946142859977,2.0703315555555557,0,0.0,0.0,0.0,0.0,20,387558.8,19377.94,12380.687313850423,17.224835555555554,1,8660.32,8660.32,0.0,0.3849031111111111,5,226293.68000000002,45258.736000000004,21531.640148449675,10.057496888888892,0,0.0,0.0,0.0,0.0,0,0.0,0.0,0.0,0.0,0,0.0,0.0,0.0,0.0,0,0.0,0.0,0.0,0.0,0,0.0,0.0,0.0,0.0,20,127421.02999999998,6371.0515,3043.963901071093,5.6631568888888895,0,0.0,0.0,0.0,0.0
424,0375-4.png,0375,Koompassia malaccensis Maing.,2250000,86,1012736.67,45.01051866666667,0,0.0,0.0,0.0,0.0,0,0.0,0.0,0.0,0.0,23,88041.90999999997,3827.9091304347817,1657.8120505377865,3.9129737777777773,0,0.0,0.0,0.0,0.0,28,517399.17000000004,18478.541785714286,10847.680781335861,22.995518666666662,3,21384.72,7128.240000000001,3051.2188580467314,0.950432,6,273291.36,45548.56,15760.522611494838,12.146282666666666,0,0.0,0.0,0.0,0.0,0,0.0,0.0,0.0,0.0,0,0.0,0.0,0.0,0.0,0,0.0,0.0,0.0,0.0,0,0.0,0.0,0.0,0.0,26,112619.51000000001,4331.5196153846155,2856.881575188556,5.005311555555556,0,0.0,0.0,0.0,0.0
425,0375-5.png,0375,Koompassia malaccensis Maing.,2250000,84,971502.5600000004,43.17789155555556,0,0.0,0.0,0.0,0.0,0,0.0,0.0,0.0,0.0,18,85285.66999999998,4738.092777777778,1307.191962017216,3.7904742222222225,0,0.0,0.0,0.0,0.0,26,456123.56999999995,17543.21423076923,9378.47103561862,20.272158666666673,2,20783.9,10391.95,836.0264895324786,0.9237288888888889,7,251081.6,35868.8,9064.911408719521,11.159182222222222,0,0.0,0.0,0.0,0.0,0,0.0,0.0,0.0,0.0,0,0.0,0.0,0.0,0.0,0,0.0,0.0,0.0,0.0,0,0.0,0.0,0.0,0.0,31,158227.82,5104.123225806452,3047.100900680719,7.032347555555557,0,0.0,0.0,0.0,0.0
426,0375-6.png,0375,Koompassia malaccensis Maing.,2250000,93,1138782.2499999998,50.612544444444445,0,0.0,0.0,0.0,0.0,0,0.0,0.0,0.0,0.0,16,53747.170000000006,3359.198125,2022.7321959442834,2.3887631111111114,0,0.0,0.0,0.0,0.0,28,500980.86,17892.17357142857,9021.084789824836,22.265815999999997,1,6099.34,6099.34,0.0,0.2710817777777778,13,426184.78,32783.444615384615,21157.11636668642,18.941545777777776,0,0.0,0.0,0.0,0.0,0,0.0,0.0,0.0,0.0,0,0.0,0.0,0.0,0.0,0,0.0,0.0,0.0,0.0,0,0.0,0.0,0.0,0.0,35,151770.1,4336.288571428571,2716.8936659507294,6.745337777777777,0,0.0,0.0,0.0,0.0
427,0375-7.png,0375,Koompassia malaccensis Maing.,2250000,84,940985.4399999996,41.8215751111111,0,0.0,0.0,0.0,0.0,0,0.0,0.0,0.0,0.0,22,82820.17,3764.5531818181817,1519.21852873799,3.6808964444444445,0,0.0,0.0,0.0,0.0,28,569232.3599999999,20329.727142857137,12820.424239923042,25.299215999999998,4,43276.9,10819.225,7504.420322301162,1.9234177777777777,5,134360.43,26872.086,29778.86040346289,5.971574666666667,1,3566.27,3566.27,0.0,0.15850088888888889,0,0.0,0.0,0.0,0.0,0,0.0,0.0,0.0,0.0,0,0.0,0.0,0.0,0.0,0,0.0,0.0,0.0,0.0,24,107729.30999999998,4488.72125,2534.7259727104924,4.787969333333335,0,0.0,0.0,0.0,0.0
428,0375-8.png,0375,Koompassia malaccensis Maing.,2250000,94,958607.5399999997,42.604779555555574,0,0.0,0.0,0.0,0.0,0,0.0,0.0,0.0,0.0,23,69581.89,3025.2995652173913,1723.6833780031493,3.092528444444445,0,0.0,0.0,0.0,0.0,26,457893.8199999999,17611.30076923077,10019.842168377672,20.350836444444443,2,19467.47,9733.735,562.1569621111173,0.8652208888888888,10,269194.0,26919.4,7553.98327471746,11.964177777777778,0,0.0,0.0,0.0,0.0,0,0.0,0.0,0.0,0.0,0,0.0,0.0,0.0,0.0,0,0.0,0.0,0.0,0.0,0,0.0,0.0,0.0,0.0,33,142470.36,4317.283636363637,2574.4272712341017,6.332015999999998,0,0.0,0.0,0.0,0.0
429,0375-9.png,0375,Koompassia malaccensis Maing.,2250000,77,871331.6999999997,38.72585333333333,0,0.0,0.0,0.0,0.0,0,0.0,0.0,0.0,0.0,24,63093.05000000002,2628.8770833333333,1892.897547300984,2.804135555555556,0,0.0,0.0,0.0,0.0,27,379114.15999999986,14041.265185185186,10008.387776896618,16.84951822222222,1,7723.69,7723.69,0.0,0.3432751111111111,7,325607.3,46515.32857142857,26620.828940984302,14.471435555555555,0,0.0,0.0,0.0,0.0,0,0.0,0.0,0.0,0.0,0,0.0,0.0,0.0,0.0,0,0.0,0.0,0.0,0.0,0,0.0,0.0,0.0,0.0,18,95793.50000000001,5321.861111111112,3572.5881357059516,4.257488888888889,0,0.0,0.0,0.0,0.0
430,0236-3.jpg,0236,Dipterocarpus C.F.Gaertn.,2250000,209,781696.5500000003,34.74206888888888,0,0.0,0.0,0.0,0.0,17,45900.10999999999,2700.0064705882355,1434.758563208202,2.040004888888889,0,0.0,0.0,0.0,0.0,40,268544.8900000001,6713.62225,4565.117707010854,11.935328444444446,0,0.0,0.0,0.0,0.0,0,0.0,0.0,0.0,0.0,0,0.0,0.0,0.0,0.0,0,0.0,0.0,0.0,0.0,0,0.0,0.0,0.0,0.0,0,0.0,0.0,0.0,0.0,0,0.0,0.0,0.0,0.0,0,0.0,0.0,0.0,0.0,152,467251.5499999999,3074.023355263158,2392.483301083936,20.76673555555555,0,0.0,0.0,0.0,0.0
431,0236-4.jpg,0236,Dipterocarpus C.F.Gaertn.,2250000,197,703409.26,31.26263377777777,0,0.0,0.0,0.0,0.0,25,71676.14,2867.0455999999995,1668.021180491223,3.185606222222223,0,0.0,0.0,0.0,0.0,38,218505.59000000003,5750.14710526316,3961.703859983771,9.711359555555552,0,0.0,0.0,0.0,0.0,0,0.0,0.0,0.0,0.0,0,0.0,0.0,0.0,0.0,0,0.0,0.0,0.0,0.0,0,0.0,0.0,0.0,0.0,0,0.0,0.0,0.0,0.0,0,0.0,0.0,0.0,0.0,0,0.0,0.0,0.0,0.0,134,413227.5300000001,3083.7875373134325,2185.90683423506,18.36566799999999,0,0.0,0.0,0.0,0.0
432,0236-5.jpg,0236,Dipterocarpus C.F.Gaertn.,2250000,193,653321.7199999996,29.036520888888887,0,0.0,0.0,0.0,0.0,20,66896.42,3344.821,1686.687408158682,2.9731742222222217,0,0.0,0.0,0.0,0.0,35,180115.71,5146.163142857144,3623.2735245588683,8.005142666666668,0,0.0,0.0,0.0,0.0,0,0.0,0.0,0.0,0.0,0,0.0,0.0,0.0,0.0,0,0.0,0.0,0.0,0.0,0,0.0,0.0,0.0,0.0,0,0.0,0.0,0.0,0.0,0,0.0,0.0,0.0,0.0,0,0.0,0.0,0.0,0.0,138,406309.5899999997,2944.2723913043474,2224.226625776031,18.05820399999999,0,0.0,0.0,0.0,0.0
433,0236-6.jpg,0236,Dipterocarpus C.F.Gaertn.,2250000,190,651550.3899999998,28.9577951111111,0,0.0,0.0,0.0,0.0,8,22227.999999999996,2778.5,1663.9034532001633,0.9879111111111111,0,0.0,0.0,0.0,0.0,37,198548.92000000007,5366.187027027028,3895.6369610992474,8.82439644444444,0,0.0,0.0,0.0,0.0,0,0.0,0.0,0.0,0.0,0,0.0,0.0,0.0,0.0,0,0.0,0.0,0.0,0.0,0,0.0,0.0,0.0,0.0,0,0.0,0.0,0.0,0.0,0,0.0,0.0,0.0,0.0,0,0.0,0.0,0.0,0.0,145,430773.4699999998,2970.8515172413795,1901.3121501819805,19.145487555555547,0,0.0,0.0,0.0,0.0
434,0236-7.jpg,0236,Dipterocarpus C.F.Gaertn.,2250000,179,663296.3300000001,29.479836888888876,0,0.0,0.0,0.0,0.0,8,13803.720000000001,1725.4650000000001,720.6751731932653,0.6134986666666666,0,0.0,0.0,0.0,0.0,39,201577.68,5168.658461538462,4138.3955999857935,8.959008000000003,0,0.0,0.0,0.0,0.0,0,0.0,0.0,0.0,0.0,0,0.0,0.0,0.0,0.0,0,0.0,0.0,0.0,0.0,0,0.0,0.0,0.0,0.0,0,0.0,0.0,0.0,0.0,0,0.0,0.0,0.0,0.0,0,0.0,0.0,0.0,0.0,132,447914.93000000005,3393.294924242424,2222.105327482292,19.90733022222222,0,0.0,0.0,0.0,0.0
435,0236-8.jpg,0236,Dipterocarpus C.F.Gaertn.,2250000,201,708421.86,31.48541599999999,0,0.0,0.0,0.0,0.0,8,18472.91,2309.11375,1230.6599324513136,0.8210182222222222,0,0.0,0.0,0.0,0.0,53,233892.9300000001,4413.0741509433965,3329.2525298084984,10.395241333333333,0,0.0,0.0,0.0,0.0,0,0.0,0.0,0.0,0.0,0,0.0,0.0,0.0,0.0,0,0.0,0.0,0.0,0.0,0,0.0,0.0,0.0,0.0,0,0.0,0.0,0.0,0.0,0,0.0,0.0,0.0,0.0,0,0.0,0.0,0.0,0.0,140,456056.01999999996,3257.543,2315.6914666612893,20.269156444444448,0,0.0,0.0,0.0,0.0
436,0236-9.jpg,0236,Dipterocarpus C.F.Gaertn.,2250000,199,720236.4299999995,32.01050800000002,0,0.0,0.0,0.0,0.0,9,25057.199999999997,2784.133333333333,1703.1736654478311,1.1136533333333334,0,0.0,0.0,0.0,0.0,58,250606.3,4320.798275862069,3530.8060453744997,11.138057777777776,0,0.0,0.0,0.0,0.0,0,0.0,0.0,0.0,0.0,0,0.0,0.0,0.0,0.0,0,0.0,0.0,0.0,0.0,0,0.0,0.0,0.0,0.0,0,0.0,0.0,0.0,0.0,0,0.0,0.0,0.0,0.0,0,0.0,0.0,0.0,0.0,132,444572.9299999998,3367.9767424242423,2497.8322800745523,19.7587968888889,0,0.0,0.0,0.0,0.0
437,0238-2.jpg,0238,Dipterocarpus kerrii King,2250000,166,960354.23,42.68241022222221,0,0.0,0.0,0.0,0.0,6,31643.63,5273.9383333333335,2980.0103658975195,1.4063835555555557,0,0.0,0.0,0.0,0.0,52,268500.95999999996,5163.480000000001,5332.256476897533,11.933376,0,0.0,0.0,0.0,0.0,0,0.0,0.0,0.0,0.0,0,0.0,0.0,0.0,0.0,0,0.0,0.0,0.0,0.0,0,0.0,0.0,0.0,0.0,0,0.0,0.0,0.0,0.0,0,0.0,0.0,0.0,0.0,0,0.0,0.0,0.0,0.0,108,660209.6399999997,6113.052222222223,3473.5709149377612,29.34265066666667,0,0.0,0.0,0.0,0.0
438,0238-3.jpg,0238,Dipterocarpus kerrii King,2250000,166,885545.2500000003,39.35756666666668,0,0.0,0.0,0.0,0.0,8,25696.64,3212.08,2490.2441043342374,1.1420728888888887,0,0.0,0.0,0.0,0.0,50,228289.27000000002,4565.785400000001,4450.310287904131,10.146189777777778,0,0.0,0.0,0.0,0.0,0,0.0,0.0,0.0,0.0,0,0.0,0.0,0.0,0.0,0,0.0,0.0,0.0,0.0,0,0.0,0.0,0.0,0.0,0,0.0,0.0,0.0,0.0,0,0.0,0.0,0.0,0.0,0,0.0,0.0,0.0,0.0,108,631559.3400000002,5847.771666666667,2877.487802178,28.06930400000001,0,0.0,0.0,0.0,0.0
439,0238-4.jpg,0238,Dipterocarpus kerrii King,2250000,181,876663.9500000002,38.962842222222214,0,0.0,0.0,0.0,0.0,16,44714.579999999994,2794.66125,1889.8106835866743,1.9873146666666666,0,0.0,0.0,0.0,0.0,60,210863.47,3514.3911666666663,3297.401698428161,9.371709777777777,0,0.0,0.0,0.0,0.0,0,0.0,0.0,0.0,0.0,0,0.0,0.0,0.0,0.0,0,0.0,0.0,0.0,0.0,0,0.0,0.0,0.0,0.0,0,0.0,0.0,0.0,0.0,0,0.0,0.0,0.0,0.0,0,0.0,0.0,0.0,0.0,105,621085.9000000003,5915.103809523811,2988.148169953573,27.603817777777778,0,0.0,0.0,0.0,0.0
440,0238-5.jpg,0238,Dipterocarpus kerrii King,2250000,184,928793.2200000002,41.27969866666666,0,0.0,0.0,0.0,0.0,14,51178.71,3655.622142857143,1819.0774942776247,2.274609333333333,0,0.0,0.0,0.0,0.0,63,248686.92,3947.4114285714286,3998.919478963261,11.052751999999998,0,0.0,0.0,0.0,0.0,0,0.0,0.0,0.0,0.0,0,0.0,0.0,0.0,0.0,0,0.0,0.0,0.0,0.0,0,0.0,0.0,0.0,0.0,0,0.0,0.0,0.0,0.0,0,0.0,0.0,0.0,0.0,0,0.0,0.0,0.0,0.0,107,628927.59,5877.827943925234,3044.133641639257,27.952337333333332,0,0.0,0.0,0.0,0.0
441,0238-6.jpg,0238,Dipterocarpus kerrii King,2250000,187,822792.3399999999,36.568548444444446,0,0.0,0.0,0.0,0.0,18,65598.25000000001,3644.347222222222,2555.028873652451,2.915477777777777,0,0.0,0.0,0.0,0.0,49,142839.44000000003,2915.090612244898,2528.5686023250782,6.348419555555555,0,0.0,0.0,0.0,0.0,0,0.0,0.0,0.0,0.0,0,0.0,0.0,0.0,0.0,0,0.0,0.0,0.0,0.0,0,0.0,0.0,0.0,0.0,0,0.0,0.0,0.0,0.0,0,0.0,0.0,0.0,0.0,0,0.0,0.0,0.0,0.0,120,614354.6499999999,5119.622083333333,3261.058675339686,27.304651111111102,0,0.0,0.0,0.0,0.0
442,0238-7.jpg,0238,Dipterocarpus kerrii King,2250000,195,864125.2099999996,38.405564888888904,0,0.0,0.0,0.0,0.0,25,69373.76000000001,2774.9503999999997,1959.4160210686925,3.0832782222222224,0,0.0,0.0,0.0,0.0,54,204159.02,3780.7225925925927,3629.7593424348606,9.07373422222222,0,0.0,0.0,0.0,0.0,0,0.0,0.0,0.0,0.0,0,0.0,0.0,0.0,0.0,0,0.0,0.0,0.0,0.0,0,0.0,0.0,0.0,0.0,0,0.0,0.0,0.0,0.0,0,0.0,0.0,0.0,0.0,0,0.0,0.0,0.0,0.0,116,590592.4299999998,5091.314051724138,3169.12246094856,26.24855244444446,0,0.0,0.0,0.0,0.0
443,0238-8.jpg,0238,Dipterocarpus kerrii King,2250000,180,898915.5300000003,39.95180133333331,0,0.0,0.0,0.0,0.0,15,44335.84,2955.7226666666666,1708.4750238839426,1.9704817777777777,0,0.0,0.0,0.0,0.0,61,245061.63999999998,4017.403934426229,3960.809027142594,10.891628444444443,0,0.0,0.0,0.0,0.0,0,0.0,0.0,0.0,0.0,0,0.0,0.0,0.0,0.0,0,0.0,0.0,0.0,0.0,0,0.0,0.0,0.0,0.0,0,0.0,0.0,0.0,0.0,0,0.0,0.0,0.0,0.0,0,0.0,0.0,0.0,0.0,104,609518.0499999999,5860.750480769231,3325.7920829332834,27.089691111111115,0,0.0,0.0,0.0,0.0
444,0238-9.jpg,0238,Dipterocarpus kerrii King,2250000,204,970923.2200000003,43.152143111111045,0,0.0,0.0,0.0,0.0,19,65437.330000000016,3444.07,1950.734462694614,2.9083257777777773,0,0.0,0.0,0.0,0.0,72,271561.86,3771.6924999999997,3526.0832681346333,12.069416000000002,0,0.0,0.0,0.0,0.0,0,0.0,0.0,0.0,0.0,0,0.0,0.0,0.0,0.0,0,0.0,0.0,0.0,0.0,0,0.0,0.0,0.0,0.0,0,0.0,0.0,0.0,0.0,0,0.0,0.0,0.0,0.0,0,0.0,0.0,0.0,0.0,113,633924.0299999999,5609.9471681415935,2619.7904484865185,28.174401333333332,0,0.0,0.0,0.0,0.0
445,0302-2.jpg,0302,Gilbertiodendron preussii (Harms) J.Léonard,2250000,61,1034427.1999999997,45.97454222222222,0,0.0,0.0,0.0,0.0,0,0.0,0.0,0.0,0.0,4,21052.13,5263.0325,4647.139272594664,0.9356502222222223,0,0.0,0.0,0.0,0.0,35,841171.88,24033.482285714283,14597.259069111951,37.38541688888889,0,0.0,0.0,0.0,0.0,3,29515.030000000002,9838.343333333334,15136.031138519547,1.3117791111111112,0,0.0,0.0,0.0,0.0,0,0.0,0.0,0.0,0.0,0,0.0,0.0,0.0,0.0,0,0.0,0.0,0.0,0.0,0,0.0,0.0,0.0,0.0,19,142688.16000000003,7509.903157894737,3039.260429861648,6.3416960000000016,0,0.0,0.0,0.0,0.0
446,0302-3.jpg,0302,Gilbertiodendron preussii (Harms) J.Léonard,2250000,39,1002285.7200000002,44.54603199999998,0,0.0,0.0,0.0,0.0,0,0.0,0.0,0.0,0.0,2,14478.560000000001,7239.280000000001,3470.7912090472973,0.6434915555555556,0,0.0,0.0,0.0,0.0,20,625756.1399999998,31287.80699999999,19433.15918797426,27.811384,0,0.0,0.0,0.0,0.0,5,283558.85,56711.77,47042.18022295257,12.602615555555557,0,0.0,0.0,0.0,0.0,0,0.0,0.0,0.0,0.0,0,0.0,0.0,0.0,0.0,0,0.0,0.0,0.0,0.0,0,0.0,0.0,0.0,0.0,12,78492.17,6541.014166666668,2014.5380516519883,3.4885408888888882,0,0.0,0.0,0.0,0.0
447,0302-4.jpg,0302,Gilbertiodendron preussii (Harms) J.Léonard,2250000,44,985865.2500000001,43.81623333333333,0,0.0,0.0,0.0,0.0,0,0.0,0.0,0.0,0.0,4,22967.219999999998,5741.804999999999,3196.9699167962153,1.0207653333333333,0,0.0,0.0,0.0,0.0,25,755011.8000000002,30200.472,17631.062365724498,33.556079999999994,0,0.0,0.0,0.0,0.0,3,125834.23000000001,41944.74333333334,4502.086247600475,5.592632444444444,0,0.0,0.0,0.0,0.0,0,0.0,0.0,0.0,0.0,0,0.0,0.0,0.0,0.0,0,0.0,0.0,0.0,0.0,0,0.0,0.0,0.0,0.0,12,82052.0,6837.666666666667,2505.5739505145266,3.646755555555555,0,0.0,0.0,0.0,0.0
448,0302-5.jpg,0302,Gilbertiodendron preussii (Harms) J.Léonard,2250000,54,1073547.69,47.71323066666666,0,0.0,0.0,0.0,0.0,0,0.0,0.0,0.0,0.0,5,38901.69000000001,7780.338000000002,2052.5684159657135,1.728964,0,0.0,0.0,0.0,0.0,25,660691.3599999999,26427.654400000003,13608.11711274288,29.364060444444448,0,0.0,0.0,0.0,0.0,7,276443.48000000004,39491.92571428572,33351.763491588594,12.28637688888889,0,0.0,0.0,0.0,0.0,0,0.0,0.0,0.0,0.0,0,0.0,0.0,0.0,0.0,0,0.0,0.0,0.0,0.0,0,0.0,0.0,0.0,0.0,17,97511.16,5735.950588235294,2207.543369110986,4.333829333333334,0,0.0,0.0,0.0,0.0
449,0302-6.jpg,0302,Gilbertiodendron preussii (Harms) J.Léonard,2250000,53,1044605.6100000002,46.426916000000006,0,0.0,0.0,0.0,0.0,0,0.0,0.0,0.0,0.0,4,19282.940000000002,4820.735000000001,4733.600739891357,0.8570195555555556,0,0.0,0.0,0.0,0.0,23,541506.8800000001,23543.77739130435,13505.298600515422,24.06697244444445,0,0.0,0.0,0.0,0.0,6,367073.19,61178.865,16493.211265822978,16.314364,0,0.0,0.0,0.0,0.0,0,0.0,0.0,0.0,0.0,0,0.0,0.0,0.0,0.0,0,0.0,0.0,0.0,0.0,0,0.0,0.0,0.0,0.0,20,116742.59999999999,5837.13,2126.873412544685,5.188560000000001,0,0.0,0.0,0.0,0.0
450,0302-7.jpg,0302,Gilbertiodendron preussii (Harms) J.Léonard,2250000,42,905330.27,40.23690088888888,0,0.0,0.0,0.0,0.0,0,0.0,0.0,0.0,0.0,5,36333.189999999995,7266.637999999999,4008.35056433067,1.6148084444444446,0,0.0,0.0,0.0,0.0,23,606919.5200000001,26387.80521739131,16930.565025211024,26.97420088888889,0,0.0,0.0,0.0,0.0,5,202628.00999999998,40525.602,30092.902662178836,9.005689333333333,0,0.0,0.0,0.0,0.0,0,0.0,0.0,0.0,0.0,0,0.0,0.0,0.0,0.0,0,0.0,0.0,0.0,0.0,0,0.0,0.0,0.0,0.0,9,59449.55,6605.5055555555555,1847.9718318409991,2.6422022222222226,0,0.0,0.0,0.0,0.0
451,0302-8.jpg,0302,Gilbertiodendron preussii (Harms) J.Léonard,2250000,49,909619.7,40.42754222222222,0,0.0,0.0,0.0,0.0,0,0.0,0.0,0.0,0.0,6,36320.340000000004,6053.39,1944.9442149532206,1.6142373333333333,0,0.0,0.0,0.0,0.0,25,697167.27,27886.6908,14368.498110941033,30.985211999999997,0,0.0,0.0,0.0,0.0,1,60205.94,60205.94,0.0,2.6758195555555555,0,0.0,0.0,0.0,0.0,0,0.0,0.0,0.0,0.0,0,0.0,0.0,0.0,0.0,0,0.0,0.0,0.0,0.0,0,0.0,0.0,0.0,0.0,17,115926.15000000001,6819.185294117647,2884.8709808003496,5.1522733333333335,0,0.0,0.0,0.0,0.0
452,0302-9.jpg,0302,Gilbertiodendron preussii (Harms) J.Léonard,2250000,49,801165.0899999999,35.60733733333332,0,0.0,0.0,0.0,0.0,0,0.0,0.0,0.0,0.0,7,33514.74,4787.82,2206.861711125854,1.4895439999999998,0,0.0,0.0,0.0,0.0,25,612016.8,24480.672000000006,16480.02275623277,27.20074666666667,0,0.0,0.0,0.0,0.0,4,87527.99,21881.9975,20639.41188056219,3.890132888888889,0,0.0,0.0,0.0,0.0,0,0.0,0.0,0.0,0.0,0,0.0,0.0,0.0,0.0,1,254.27,254.27,0.0,0.01130088888888889,0,0.0,0.0,0.0,0.0,12,67851.29000000001,5654.274166666667,2703.072564126906,3.015612888888889,0,0.0,0.0,0.0,0.0
453,0418-2.png,0418,Mansonia altissima (A. Chev.) A. Chev.,2250000,147,217540.00000000012,9.668444444444445,0,0.0,0.0,0.0,0.0,0,0.0,0.0,0.0,0.0,0,0.0,0.0,0.0,0.0,0,0.0,0.0,0.0,0.0,0,0.0,0.0,0.0,0.0,0,0.0,0.0,0.0,0.0,0,0.0,0.0,0.0,0.0,0,0.0,0.0,0.0,0.0,0,0.0,0.0,0.0,0.0,0,0.0,0.0,0.0,0.0,0,0.0,0.0,0.0,0.0,0,0.0,0.0,0.0,0.0,147,217540.00000000012,1479.8639455782313,526.5162221733752,9.668444444444445,0,0.0,0.0,0.0,0.0
454,0418-3.png,0418,Mansonia altissima (A. Chev.) A. Chev.,2250000,151,225514.74999999994,10.022877777777776,0,0.0,0.0,0.0,0.0,0,0.0,0.0,0.0,0.0,0,0.0,0.0,0.0,0.0,0,0.0,0.0,0.0,0.0,0,0.0,0.0,0.0,0.0,0,0.0,0.0,0.0,0.0,0,0.0,0.0,0.0,0.0,0,0.0,0.0,0.0,0.0,0,0.0,0.0,0.0,0.0,0,0.0,0.0,0.0,0.0,0,0.0,0.0,0.0,0.0,0,0.0,0.0,0.0,0.0,151,225514.74999999994,1493.4751655629138,557.2040054185472,10.022877777777776,0,0.0,0.0,0.0,0.0
455,0418-4.png,0418,Mansonia altissima (A. Chev.) A. Chev.,2250000,142,200063.74000000002,8.891721777777775,0,0.0,0.0,0.0,0.0,0,0.0,0.0,0.0,0.0,0,0.0,0.0,0.0,0.0,0,0.0,0.0,0.0,0.0,0,0.0,0.0,0.0,0.0,0,0.0,0.0,0.0,0.0,0,0.0,0.0,0.0,0.0,0,0.0,0.0,0.0,0.0,0,0.0,0.0,0.0,0.0,0,0.0,0.0,0.0,0.0,0,0.0,0.0,0.0,0.0,0,0.0,0.0,0.0,0.0,142,200063.74000000002,1408.8995774647888,489.3804397614363,8.891721777777775,0,0.0,0.0,0.0,0.0
456,0418-5.png,0418,Mansonia altissima (A. Chev.) A. Chev.,2250000,109,161029.09,7.156848444444445,0,0.0,0.0,0.0,0.0,0,0.0,0.0,0.0,0.0,0,0.0,0.0,0.0,0.0,0,0.0,0.0,0.0,0.0,0,0.0,0.0,0.0,0.0,0,0.0,0.0,0.0,0.0,0,0.0,0.0,0.0,0.0,0,0.0,0.0,0.0,0.0,0,0.0,0.0,0.0,0.0,0,0.0,0.0,0.0,0.0,0,0.0,0.0,0.0,0.0,0,0.0,0.0,0.0,0.0,109,161029.09,1477.3311009174315,523.1755717010329,7.156848444444445,0,0.0,0.0,0.0,0.0
457,0418-6.png,0418,Mansonia altissima (A. Chev.) A. Chev.,2250000,141,194217.6200000001,8.631894222222218,0,0.0,0.0,0.0,0.0,0,0.0,0.0,0.0,0.0,0,0.0,0.0,0.0,0.0,0,0.0,0.0,0.0,0.0,0,0.0,0.0,0.0,0.0,0,0.0,0.0,0.0,0.0,0,0.0,0.0,0.0,0.0,0,0.0,0.0,0.0,0.0,0,0.0,0.0,0.0,0.0,0,0.0,0.0,0.0,0.0,0,0.0,0.0,0.0,0.0,0,0.0,0.0,0.0,0.0,141,194217.6200000001,1377.429929078014,484.38968990221747,8.631894222222218,0,0.0,0.0,0.0,0.0
458,0418-7.png,0418,Mansonia altissima (A. Chev.) A. Chev.,2250000,159,247832.87999999998,11.014794666666669,0,0.0,0.0,0.0,0.0,0,0.0,0.0,0.0,0.0,0,0.0,0.0,0.0,0.0,0,0.0,0.0,0.0,0.0,0,0.0,0.0,0.0,0.0,0,0.0,0.0,0.0,0.0,0,0.0,0.0,0.0,0.0,0,0.0,0.0,0.0,0.0,0,0.0,0.0,0.0,0.0,0,0.0,0.0,0.0,0.0,0,0.0,0.0,0.0,0.0,0,0.0,0.0,0.0,0.0,159,247832.87999999998,1558.697358490566,571.6995091081479,11.014794666666669,0,0.0,0.0,0.0,0.0
459,0418-8.png,0418,Mansonia altissima (A. Chev.) A. Chev.,2250000,162,243193.7599999999,10.80861155555555,0,0.0,0.0,0.0,0.0,0,0.0,0.0,0.0,0.0,0,0.0,0.0,0.0,0.0,0,0.0,0.0,0.0,0.0,0,0.0,0.0,0.0,0.0,0,0.0,0.0,0.0,0.0,0,0.0,0.0,0.0,0.0,0,0.0,0.0,0.0,0.0,0,0.0,0.0,0.0,0.0,0,0.0,0.0,0.0,0.0,0,0.0,0.0,0.0,0.0,0,0.0,0.0,0.0,0.0,162,243193.7599999999,1501.196049382716,594.7453210710014,10.80861155555555,0,0.0,0.0,0.0,0.0
460,0418-9.png,0418,Mansonia altissima (A. Chev.) A. Chev.,2250000,154,288049.9200000001,12.802218666666665,0,0.0,0.0,0.0,0.0,0,0.0,0.0,0.0,0.0,0,0.0,0.0,0.0,0.0,0,0.0,0.0,0.0,0.0,0,0.0,0.0,0.0,0.0,0,0.0,0.0,0.0,0.0,0,0.0,0.0,0.0,0.0,0,0.0,0.0,0.0,0.0,0,0.0,0.0,0.0,0.0,0,0.0,0.0,0.0,0.0,0,0.0,0.0,0.0,0.0,0,0.0,0.0,0.0,0.0,154,288049.9200000001,1870.4540259740259,595.81912499447,12.802218666666665,0,0.0,0.0,0.0,0.0
461,0353-11.png,0353,Intsia Thouars,2250000,93,1177064.9100000004,52.31399600000002,0,0.0,0.0,0.0,0.0,0,0.0,0.0,0.0,0.0,0,0.0,0.0,0.0,0.0,0,0.0,0.0,0.0,0.0,38,548550.3799999999,14435.536315789474,7810.147606203661,24.380016888888893,0,0.0,0.0,0.0,0.0,4,83137.75,20784.4375,18550.404029095745,3.6950111111111106,0,0.0,0.0,0.0,0.0,0,0.0,0.0,0.0,0.0,0,0.0,0.0,0.0,0.0,9,129813.57,14423.730000000001,13700.442992668157,5.769492,0,0.0,0.0,0.0,0.0,7,28347.72,4049.674285714286,2054.9114841914497,1.2598986666666665,35,387215.4900000001,11063.299714285713,5083.562327500207,17.209577333333336
462,0353-12.png,0353,Intsia Thouars,2250000,122,1171019.2199999997,52.04529866666667,0,0.0,0.0,0.0,0.0,0,0.0,0.0,0.0,0.0,1,4528.64,4528.64,0.0,0.20127288888888892,0,0.0,0.0,0.0,0.0,31,377260.22,12169.684516129031,5557.238048553039,16.76712088888889,0,0.0,0.0,0.0,0.0,7,146701.81,20957.40142857143,7238.232790671188,6.520080444444445,0,0.0,0.0,0.0,0.0,0,0.0,0.0,0.0,0.0,0,0.0,0.0,0.0,0.0,11,175842.40000000002,15985.67272727273,9916.004071027897,7.815217777777778,0,0.0,0.0,0.0,0.0,39,125542.38,3219.0353846153844,1978.1305961448686,5.579661333333336,33,341143.77,10337.69,5392.533947976707,15.161945333333339
463,0353-13.png,0353,Intsia Thouars,2250000,106,973613.9699999997,43.27173200000001,0,0.0,0.0,0.0,0.0,0,0.0,0.0,0.0,0.0,0,0.0,0.0,0.0,0.0,0,0.0,0.0,0.0,0.0,28,363024.1000000001,12965.14642857143,6318.253703378874,16.134404444444442,0,0.0,0.0,0.0,0.0,6,209205.86000000002,34867.64333333333,21303.37998230578,9.298038222222221,0,0.0,0.0,0.0,0.0,0,0.0,0.0,0.0,0.0,0,0.0,0.0,0.0,0.0,6,52774.07,8795.678333333333,9628.223476208716,2.3455142222222225,0,0.0,0.0,0.0,0.0,38,133127.71,3503.360789473684,1775.6357813856978,5.916787111111111,28,215482.23,7695.793928571428,4793.310195139904,9.576988
464,0353-14.png,0353,Intsia Thouars,2250000,96,985212.93,43.7872413333333,0,0.0,0.0,0.0,0.0,0,0.0,0.0,0.0,0.0,0,0.0,0.0,0.0,0.0,0,0.0,0.0,0.0,0.0,27,349922.04,12960.075555555555,6740.515670339116,15.552090666666663,0,0.0,0.0,0.0,0.0,8,282711.26,35338.9075,7220.019039709264,12.564944888888888,0,0.0,0.0,0.0,0.0,0,0.0,0.0,0.0,0.0,0,0.0,0.0,0.0,0.0,6,42949.68,7158.28,3207.3520597838965,1.9088746666666667,0,0.0,0.0,0.0,0.0,33,121236.94000000002,3673.8466666666673,1458.4172062133548,5.3883084444444425,22,188393.01000000004,8563.318636363636,5382.056926186082,8.373022666666666
465,0353-2.png,0353,Intsia Thouars,2250000,45,723652.47,32.162332000000006,0,0.0,0.0,0.0,0.0,0,0.0,0.0,0.0,0.0,0,0.0,0.0,0.0,0.0,0,0.0,0.0,0.0,0.0,26,366024.95999999996,14077.883076923075,7601.907161516651,16.267776,0,0.0,0.0,0.0,0.0,8,308637.49999999994,38579.6875,17951.461384717997,13.71722222222222,0,0.0,0.0,0.0,0.0,0,0.0,0.0,0.0,0.0,0,0.0,0.0,0.0,0.0,5,31577.110000000008,6315.422000000001,4848.854878455325,1.403427111111111,0,0.0,0.0,0.0,0.0,6,17412.9,2902.15,596.6139615865523,0.7739066666666666,0,0.0,0.0,0.0,0.0
466,0353-3.png,0353,Intsia Thouars,2250000,83,924711.9700000001,41.09830977777775,0,0.0,0.0,0.0,0.0,0,0.0,0.0,0.0,0.0,3,11116.15,3705.383333333333,755.9807580443653,0.4940511111111111,0,0.0,0.0,0.0,0.0,44,527824.41,11996.00931818182,6850.023431022019,23.45886266666666,0,0.0,0.0,0.0,0.0,5,163899.06,32779.812,10859.524955672327,7.284402666666666,0,0.0,0.0,0.0,0.0,0,0.0,0.0,0.0,0.0,0,0.0,0.0,0.0,0.0,9,139483.45,15498.161111111109,12491.854274056397,6.199264444444443,0,0.0,0.0,0.0,0.0,20,64229.27,3211.4635,2371.530341353614,2.8546342222222227,2,18159.63,9079.815,6673.030333667756,0.8070946666666667
467,0353-4.png,0353,Intsia Thouars,2250000,50,750110.8699999998,33.3382608888889,0,0.0,0.0,0.0,0.0,0,0.0,0.0,0.0,0.0,0,0.0,0.0,0.0,0.0,0,0.0,0.0,0.0,0.0,33,438158.16000000003,13277.519999999999,5532.290925040684,19.473695999999997,0,0.0,0.0,0.0,0.0,9,219445.47000000003,24382.83,13813.979848262412,9.753131999999999,0,0.0,0.0,0.0,0.0,0,0.0,0.0,0.0,0.0,0,0.0,0.0,0.0,0.0,6,79015.73,13169.288333333332,10855.545378377665,3.511810222222222,0,0.0,0.0,0.0,0.0,0,0.0,0.0,0.0,0.0,2,13491.51,6745.755,8810.119158447858,0.5996226666666666
468,0353-5.png,0353,Intsia Thouars,2250000,53,972880.1300000002,43.23911688888888,0,0.0,0.0,0.0,0.0,0,0.0,0.0,0.0,0.0,0,0.0,0.0,0.0,0.0,0,0.0,0.0,0.0,0.0,28,323975.45,11570.551785714286,7113.812056723567,14.398908888888888,0,0.0,0.0,0.0,0.0,12,422753.6900000001,35229.474166666674,18316.751728503736,18.78905288888889,0,0.0,0.0,0.0,0.0,0,0.0,0.0,0.0,0.0,0,0.0,0.0,0.0,0.0,11,211301.21,19209.20090909091,13529.784784523703,9.39116488888889,0,0.0,0.0,0.0,0.0,0,0.0,0.0,0.0,0.0,2,14849.779999999999,7424.889999999999,1445.2131236603127,0.6599902222222223
469,0353-7.png,0353,Intsia Thouars,2250000,54,867605.5599999997,38.560247111111124,0,0.0,0.0,0.0,0.0,0,0.0,0.0,0.0,0.0,0,0.0,0.0,0.0,0.0,0,0.0,0.0,0.0,0.0,24,306786.77,12782.782083333334,7016.337813825782,13.634967555555553,0,0.0,0.0,0.0,0.0,11,332781.67,30252.87909090909,6742.298095524188,14.790296444444447,0,0.0,0.0,0.0,0.0,0,0.0,0.0,0.0,0.0,0,0.0,0.0,0.0,0.0,8,152794.72000000003,19099.34,10958.398917863347,6.790876444444445,0,0.0,0.0,0.0,0.0,0,0.0,0.0,0.0,0.0,11,75242.40000000001,6840.2181818181825,2869.682939430132,3.344106666666666
470,0353-8.png,0353,Intsia Thouars,2250000,47,865872.9099999999,38.48324044444445,0,0.0,0.0,0.0,0.0,0,0.0,0.0,0.0,0.0,0,0.0,0.0,0.0,0.0,0,0.0,0.0,0.0,0.0,32,399611.62000000005,12487.863125,5725.618862072374,17.760516444444445,0,0.0,0.0,0.0,0.0,8,317632.56999999995,39704.07125,18365.272757974835,14.11700311111111,0,0.0,0.0,0.0,0.0,0,0.0,0.0,0.0,0.0,0,0.0,0.0,0.0,0.0,5,135727.29,27145.458000000002,7111.7302150405,6.032323999999999,0,0.0,0.0,0.0,0.0,0,0.0,0.0,0.0,0.0,2,12901.43,6450.715,5529.751805574098,0.5733968888888888
471,0353-9.png,0353,Intsia Thouars,2250000,48,845558.8800000001,37.58039466666666,0,0.0,0.0,0.0,0.0,0,0.0,0.0,0.0,0.0,0,0.0,0.0,0.0,0.0,0,0.0,0.0,0.0,0.0,29,435893.29999999993,15030.803448275861,7549.018974068407,19.37303555555556,0,0.0,0.0,0.0,0.0,7,180739.04,25819.86285714286,14154.969210119243,8.032846222222222,0,0.0,0.0,0.0,0.0,0,0.0,0.0,0.0,0.0,0,0.0,0.0,0.0,0.0,7,203694.47,29099.21,17339.864383366246,9.053087555555555,0,0.0,0.0,0.0,0.0,0,0.0,0.0,0.0,0.0,5,25232.07,5046.414,5797.108400485539,1.1214253333333333
472,0354-10.png,0354,Intsia bijuga (Colebr.) Kuntze,2250000,96,828356.2799999999,36.81583466666667,0,0.0,0.0,0.0,0.0,0,0.0,0.0,0.0,0.0,31,75001.02,2419.3877419354844,1219.3969739143188,3.3333786666666674,0,0.0,0.0,0.0,0.0,37,609717.61,16478.854324324326,8267.597294635494,27.09856044444445,0,0.0,0.0,0.0,0.0,2,52898.53,26449.265,29393.629863262035,2.3510457777777773,0,0.0,0.0,0.0,0.0,0,0.0,0.0,0.0,0.0,0,0.0,0.0,0.0,0.0,0,0.0,0.0,0.0,0.0,0,0.0,0.0,0.0,0.0,26,90739.12000000001,3489.966153846154,1466.2140850587323,4.032849777777779,0,0.0,0.0,0.0,0.0
473,0354-3.png,0354,Intsia bijuga (Colebr.) Kuntze,2250000,76,735529.2500000001,32.69018888888888,0,0.0,0.0,0.0,0.0,0,0.0,0.0,0.0,0.0,15,43461.42,2897.428,1308.760456398125,1.9316186666666668,0,0.0,0.0,0.0,0.0,28,461459.0300000001,16480.679642857143,6893.938208807998,20.509290222222226,0,0.0,0.0,0.0,0.0,4,123010.39,30752.5975,5714.4209434691065,5.467128444444445,0,0.0,0.0,0.0,0.0,0,0.0,0.0,0.0,0.0,0,0.0,0.0,0.0,0.0,0,0.0,0.0,0.0,0.0,0,0.0,0.0,0.0,0.0,29,107598.41000000002,3710.2900000000004,1477.0206771669011,4.782151555555555,0,0.0,0.0,0.0,0.0
474,0354-4.png,0354,Intsia bijuga (Colebr.) Kuntze,2250000,86,815731.6499999998,36.25473999999999,0,0.0,0.0,0.0,0.0,0,0.0,0.0,0.0,0.0,15,40517.44,2701.1626666666666,1073.8014547422938,1.8007751111111112,0,0.0,0.0,0.0,0.0,34,492267.97000000003,14478.469705882353,8378.493032621185,21.878576444444448,1,28959.27,28959.27,0.0,1.2870786666666667,5,153180.97,30636.194,10480.136263648008,6.808043111111111,0,0.0,0.0,0.0,0.0,0,0.0,0.0,0.0,0.0,0,0.0,0.0,0.0,0.0,0,0.0,0.0,0.0,0.0,0,0.0,0.0,0.0,0.0,31,100805.99999999999,3251.8064516129034,1507.7765776280173,4.480266666666667,0,0.0,0.0,0.0,0.0
475,0354-5.png,0354,Intsia bijuga (Colebr.) Kuntze,2250000,87,844361.5599999997,37.52718044444446,0,0.0,0.0,0.0,0.0,0,0.0,0.0,0.0,0.0,21,49819.38,2372.3514285714286,982.2895233803815,2.2141946666666663,1,14722.11,14722.11,0.0,0.654316,33,532405.6100000001,16133.503333333332,7898.055888152027,23.66247155555556,2,35252.81,17626.405,1093.957830105896,1.5667915555555556,4,115241.64,28810.41,11255.974963073317,5.121850666666667,0,0.0,0.0,0.0,0.0,0,0.0,0.0,0.0,0.0,0,0.0,0.0,0.0,0.0,0,0.0,0.0,0.0,0.0,0,0.0,0.0,0.0,0.0,26,96920.01,3727.692692307692,1931.5840225298152,4.307556,0,0.0,0.0,0.0,0.0
476,0354-7.png,0354,Intsia bijuga (Colebr.) Kuntze,2250000,85,717482.3100000004,31.888102666666665,0,0.0,0.0,0.0,0.0,0,0.0,0.0,0.0,0.0,16,31418.32,1963.645,968.5069758619879,1.3963697777777777,0,0.0,0.0,0.0,0.0,34,495383.6199999999,14570.106470588236,8465.403128670383,22.01704977777777,0,0.0,0.0,0.0,0.0,5,86221.22,17244.244,18768.125056075263,3.8320542222222223,0,0.0,0.0,0.0,0.0,0,0.0,0.0,0.0,0.0,0,0.0,0.0,0.0,0.0,0,0.0,0.0,0.0,0.0,0,0.0,0.0,0.0,0.0,30,104459.14999999997,3481.971666666666,1571.8602565663996,4.642628888888889,0,0.0,0.0,0.0,0.0
477,0354-8.png,0354,Intsia bijuga (Colebr.) Kuntze,2250000,92,841597.7699999997,37.40434533333333,0,0.0,0.0,0.0,0.0,0,0.0,0.0,0.0,0.0,15,25742.770000000004,1716.1846666666665,992.8374792472812,1.144123111111111,0,0.0,0.0,0.0,0.0,37,569589.6000000001,15394.313513513516,8999.303972303826,25.315093333333323,0,0.0,0.0,0.0,0.0,4,121573.79999999999,30393.449999999997,6455.037277966203,5.40328,0,0.0,0.0,0.0,0.0,0,0.0,0.0,0.0,0.0,0,0.0,0.0,0.0,0.0,0,0.0,0.0,0.0,0.0,0,0.0,0.0,0.0,0.0,36,124691.59999999995,3463.655555555555,1594.9049865089494,5.541848888888888,0,0.0,0.0,0.0,0.0
478,0354-9.png,0354,Intsia bijuga (Colebr.) Kuntze,2250000,83,758629.5800000003,33.71687022222222,0,0.0,0.0,0.0,0.0,0,0.0,0.0,0.0,0.0,20,46719.79000000001,2335.9895000000006,1156.59450995027,2.076435111111111,0,0.0,0.0,0.0,0.0,35,536917.0900000002,15340.488285714287,8948.366978668917,23.86298177777778,1,39221.41,39221.41,0.0,1.7431737777777778,2,59921.63,29960.815,14111.524971173383,2.6631835555555554,0,0.0,0.0,0.0,0.0,0,0.0,0.0,0.0,0.0,0,0.0,0.0,0.0,0.0,0,0.0,0.0,0.0,0.0,0,0.0,0.0,0.0,0.0,25,75849.66000000002,3033.9864000000002,1428.0364032733899,3.3710959999999996,0,0.0,0.0,0.0,0.0
479,0326-2.jpg,0326,Guibourtia ehie (A. Chev.) J. Léonard,2250000,103,908992.1000000001,40.39964888888888,0,0.0,0.0,0.0,0.0,0,0.0,0.0,0.0,0.0,0,0.0,0.0,0.0,0.0,0,0.0,0.0,0.0,0.0,41,460036.39999999997,11220.400000000001,3542.2499390380403,20.446062222222224,0,0.0,0.0,0.0,0.0,4,88181.38,22045.345,4687.922809237228,3.9191724444444445,0,0.0,0.0,0.0,0.0,0,0.0,0.0,0.0,0.0,0,0.0,0.0,0.0,0.0,5,68058.38,13611.676000000001,5133.9529620244875,3.0248168888888887,0,0.0,0.0,0.0,0.0,40,161185.75999999998,4029.6440000000002,1230.3737665041215,7.163811555555555,13,131530.18,10117.706153846153,9173.154583758285,5.845785777777778
480,0326-3.jpg,0326,Guibourtia ehie (A. Chev.) J. Léonard,2250000,118,990513.0000000002,44.02280000000002,0,0.0,0.0,0.0,0.0,0,0.0,0.0,0.0,0.0,0,0.0,0.0,0.0,0.0,0,0.0,0.0,0.0,0.0,43,416286.36000000004,9681.078139534884,4830.900807820055,18.501616000000002,0,0.0,0.0,0.0,0.0,9,189794.18000000005,21088.242222222227,5162.017604807684,8.435296888888889,0,0.0,0.0,0.0,0.0,0,0.0,0.0,0.0,0.0,0,0.0,0.0,0.0,0.0,2,34483.55,17241.775,430.1542681992111,1.5326022222222222,0,0.0,0.0,0.0,0.0,43,145231.97,3377.4876744186045,1103.0211346372143,6.454754222222222,21,204716.94000000006,9748.425714285715,8685.578362997809,9.098530666666667
481,0326-4.jpg,0326,Guibourtia ehie (A. Chev.) J. Léonard,2250000,102,958991.66,42.62185155555553,0,0.0,0.0,0.0,0.0,0,0.0,0.0,0.0,0.0,2,4377.370000000001,2188.6850000000004,2734.1485776105883,0.1945497777777778,0,0.0,0.0,0.0,0.0,42,494640.12,11777.145714285714,4837.070195833446,21.984005333333343,0,0.0,0.0,0.0,0.0,5,118247.87000000001,23649.574,3335.1601985107104,5.255460888888889,0,0.0,0.0,0.0,0.0,0,0.0,0.0,0.0,0.0,0,0.0,0.0,0.0,0.0,0,0.0,0.0,0.0,0.0,0,0.0,0.0,0.0,0.0,32,111913.54999999999,3497.2984375,983.0847931207267,4.9739355555555544,21,229812.75000000003,10943.464285714286,9090.02585377433,10.2139
482,0326-6.jpg,0326,Guibourtia ehie (A. Chev.) J. Léonard,2250000,106,1169726.4100000001,51.987840444444444,0,0.0,0.0,0.0,0.0,0,0.0,0.0,0.0,0.0,0,0.0,0.0,0.0,0.0,0,0.0,0.0,0.0,0.0,39,462190.76,11851.045128205129,4550.160376986653,20.541811555555554,0,0.0,0.0,0.0,0.0,1,26840.33,26840.33,0.0,1.1929035555555556,0,0.0,0.0,0.0,0.0,0,0.0,0.0,0.0,0.0,0,0.0,0.0,0.0,0.0,2,16587.85,8293.925,7145.660506212845,0.7372377777777778,0,0.0,0.0,0.0,0.0,36,120283.15,3341.1986111111114,1192.441993553332,5.345917777777777,28,543824.3200000001,19422.297142857144,10011.482321179778,24.169969777777784
483,0326-7.jpg,0326,Guibourtia ehie (A. Chev.) J. Léonard,2250000,124,1177734.4000000004,52.34375111111113,0,0.0,0.0,0.0,0.0,0,0.0,0.0,0.0,0.0,6,19974.94,3329.1566666666663,1277.51388186065,0.8877751111111112,0,0.0,0.0,0.0,0.0,40,404918.0900000001,10122.952249999998,5049.55546396095,17.99635955555555,0,0.0,0.0,0.0,0.0,3,89271.43,29757.14333333333,4655.798080945235,3.9676191111111114,0,0.0,0.0,0.0,0.0,0,0.0,0.0,0.0,0.0,0,0.0,0.0,0.0,0.0,0,0.0,0.0,0.0,0.0,0,0.0,0.0,0.0,0.0,40,133015.04,3325.376,1333.209857223901,5.911779555555555,35,530554.8999999999,15158.711428571425,8656.651047878851,23.580217777777783
484,0326-8.jpg,0326,Guibourtia ehie (A. Chev.) J. Léonard,2250000,96,1011335.4399999997,44.948241777777774,0,0.0,0.0,0.0,0.0,0,0.0,0.0,0.0,0.0,4,7998.34,1999.585,1412.5676665443914,0.35548177777777773,0,0.0,0.0,0.0,0.0,33,425546.39000000013,12895.345151515152,5612.582297985773,18.913172888888887,0,0.0,0.0,0.0,0.0,4,126029.48999999999,31507.372499999998,5923.540811718248,5.6013106666666665,0,0.0,0.0,0.0,0.0,0,0.0,0.0,0.0,0.0,0,0.0,0.0,0.0,0.0,2,5747.4400000000005,2873.7200000000003,730.568584186317,0.25544177777777777,0,0.0,0.0,0.0,0.0,32,117612.68999999997,3675.3965625,1414.73041433663,5.227230666666666,21,328401.09,15638.147142857144,9892.604933122591,14.595604000000003
485,0326-9.jpg,0326,Guibourtia ehie (A. Chev.) J. Léonard,2250000,122,998254.9199999999,44.36688533333334,0,0.0,0.0,0.0,0.0,0,0.0,0.0,0.0,0.0,10,36792.4,3679.2400000000007,702.2274194621315,1.6352177777777777,0,0.0,0.0,0.0,0.0,40,373089.9,9327.2475,5337.43783565685,16.581773333333327,0,0.0,0.0,0.0,0.0,4,104788.54000000001,26197.135000000002,5843.467158439985,4.657268444444444,0,0.0,0.0,0.0,0.0,0,0.0,0.0,0.0,0.0,0,0.0,0.0,0.0,0.0,0,0.0,0.0,0.0,0.0,0,0.0,0.0,0.0,0.0,34,112889.90000000001,3320.291176470588,1567.0079501369844,5.017328888888889,34,370694.17999999993,10902.77,7551.813450337006,16.47529688888889
486,0091-10.jpg,0091,Brachystegia Benth.,2250000,53,919447.2799999998,40.864323555555565,0,0.0,0.0,0.0,0.0,0,0.0,0.0,0.0,0.0,6,23060.55,3843.4249999999997,1361.5661913656643,1.0249133333333333,0,0.0,0.0,0.0,0.0,21,498426.32,23734.586666666666,8036.234601132132,22.152280888888892,2,72094.56,36047.28,4921.321775702133,3.2042026666666663,3,107981.44,35993.81333333333,11978.507919788395,4.7991751111111105,0,0.0,0.0,0.0,0.0,0,0.0,0.0,0.0,0.0,0,0.0,0.0,0.0,0.0,2,125088.57,62544.285,46234.00011118712,5.5594920000000005,0,0.0,0.0,0.0,0.0,19,92795.84,4883.991578947369,1508.9610484011218,4.124259555555556,0,0.0,0.0,0.0,0.0
487,0091-12.jpg,0091,Brachystegia Benth.,2250000,60,1088085.2899999998,48.35934622222222,0,0.0,0.0,0.0,0.0,0,0.0,0.0,0.0,0.0,4,12592.429999999998,3148.1074999999996,965.2648294077987,0.5596635555555556,0,0.0,0.0,0.0,0.0,25,529743.7899999999,21189.751600000003,11871.307263750372,23.544168444444445,4,152449.25000000003,38112.31250000001,14218.296575413844,6.775522222222223,3,99837.18,33279.06,29182.619560054918,4.437208,0,0.0,0.0,0.0,0.0,0,0.0,0.0,0.0,0.0,0,0.0,0.0,0.0,0.0,3,201326.61,67108.87,6845.763035652052,8.947849333333334,0,0.0,0.0,0.0,0.0,21,92136.03000000001,4387.43,1717.5833603612957,4.094934666666667,0,0.0,0.0,0.0,0.0
488,0091-2.jpg,0091,Brachystegia Benth.,2250000,38,788741.13,35.05516133333333,0,0.0,0.0,0.0,0.0,0,0.0,0.0,0.0,0.0,1,2865.67,2865.67,0.0,0.12736311111111112,0,0.0,0.0,0.0,0.0,17,382670.78,22510.045882352944,12478.042340657878,17.007590222222223,3,163080.45,54360.15,21525.420646832896,7.24802,1,55059.31,55059.31,0.0,2.447080444444444,0,0.0,0.0,0.0,0.0,0,0.0,0.0,0.0,0.0,0,0.0,0.0,0.0,0.0,2,117856.26000000001,58928.130000000005,3961.63645227575,5.238056,0,0.0,0.0,0.0,0.0,14,67208.66000000002,4800.618571428573,1638.427837911684,2.9870515555555555,0,0.0,0.0,0.0,0.0
489,0091-5.jpg,0091,Brachystegia Benth.,2250000,55,992794.9999999999,44.12422222222222,0,0.0,0.0,0.0,0.0,0,0.0,0.0,0.0,0.0,3,9256.85,3085.616666666667,1030.538355682763,0.41141555555555553,0,0.0,0.0,0.0,0.0,22,507409.56999999995,23064.071363636358,9521.902340059543,22.55153644444444,1,55186.99,55186.99,0.0,2.452755111111111,3,129617.20999999999,43205.736666666664,2544.4518994536606,5.760764888888889,0,0.0,0.0,0.0,0.0,0,0.0,0.0,0.0,0.0,0,0.0,0.0,0.0,0.0,3,197373.03,65791.01,5854.635617363392,8.772134666666666,0,0.0,0.0,0.0,0.0,23,93951.34999999998,4084.841304347826,1774.648255694387,4.175615555555556,0,0.0,0.0,0.0,0.0
490,0091-6.jpg,0091,Brachystegia Benth.,2250000,56,1081145.9100000004,48.05092933333334,0,0.0,0.0,0.0,0.0,0,0.0,0.0,0.0,0.0,2,4953.51,2476.755,794.3001183746607,0.22015599999999996,0,0.0,0.0,0.0,0.0,25,583013.5500000002,23320.542,13043.039288119991,25.911713333333335,2,74970.95999999999,37485.479999999996,24253.819163241074,3.3320426666666667,3,41192.29,13730.763333333334,19661.58177559815,1.8307684444444448,0,0.0,0.0,0.0,0.0,0,0.0,0.0,0.0,0.0,0,0.0,0.0,0.0,0.0,4,279798.38,69949.595,11622.94415236375,12.435483555555557,0,0.0,0.0,0.0,0.0,20,97217.21999999999,4860.860999999999,1827.169854132773,4.320765333333334,0,0.0,0.0,0.0,0.0
491,0091-7.jpg,0091,Brachystegia Benth.,2250000,39,669100.6699999998,29.737807555555566,0,0.0,0.0,0.0,0.0,0,0.0,0.0,0.0,0.0,1,3868.82,3868.82,0.0,0.17194755555555555,0,0.0,0.0,0.0,0.0,18,481426.48,26745.915555555555,10403.993450139978,21.39673244444445,0,0.0,0.0,0.0,0.0,3,104881.89,34960.63,12605.824469946421,4.6614173333333335,0,0.0,0.0,0.0,0.0,0,0.0,0.0,0.0,0.0,0,0.0,0.0,0.0,0.0,0,0.0,0.0,0.0,0.0,0,0.0,0.0,0.0,0.0,17,78923.47999999998,4642.557647058823,2035.661384082362,3.507710222222222,0,0.0,0.0,0.0,0.0
492,0091-8.jpg,0091,Brachystegia Benth.,2250000,51,765590.4,34.026239999999994,0,0.0,0.0,0.0,0.0,0,0.0,0.0,0.0,0.0,2,12222.29,6111.145,547.7461259105354,0.5432128888888889,0,0.0,0.0,0.0,0.0,26,522191.76,20084.298461538463,8336.26366872291,23.20852266666667,0,0.0,0.0,0.0,0.0,3,54374.81,18124.936666666665,18575.774604323593,2.4166582222222224,0,0.0,0.0,0.0,0.0,0,0.0,0.0,0.0,0.0,0,0.0,0.0,0.0,0.0,2,95383.64,47691.82,4815.8638703559745,4.239272888888889,0,0.0,0.0,0.0,0.0,18,81417.9,4523.216666666667,1773.4037543993322,3.618573333333333,0,0.0,0.0,0.0,0.0
493,0091-9.jpg,0091,Brachystegia Benth.,2250000,59,906149.9999999999,40.273333333333326,0,0.0,0.0,0.0,0.0,0,0.0,0.0,0.0,0.0,4,16514.899999999998,4128.724999999999,2540.7389527392743,0.7339955555555555,0,0.0,0.0,0.0,0.0,30,606669.5599999999,20222.318666666662,10969.328232055534,26.963091555555557,2,70249.20000000001,35124.600000000006,349.7350139748654,3.122186666666667,0,0.0,0.0,0.0,0.0,0,0.0,0.0,0.0,0.0,0,0.0,0.0,0.0,0.0,0,0.0,0.0,0.0,0.0,3,125245.20999999999,41748.40333333333,16919.873786483553,5.566453777777777,0,0.0,0.0,0.0,0.0,20,87471.12999999999,4373.556500000001,1922.998358231434,3.8876057777777775,0,0.0,0.0,0.0,0.0
494,0092-12.jpg,0092,Brachystegia cynometroides Harms,2250000,90,1284947.6599999997,57.108784888888884,0,0.0,0.0,0.0,0.0,0,0.0,0.0,0.0,0.0,8,57288.76,7161.095,3941.3989294882895,2.5461671111111115,0,0.0,0.0,0.0,0.0,36,722531.34,20070.315000000002,8912.955859082089,32.112504,0,0.0,0.0,0.0,0.0,6,135197.29,22532.881666666668,18734.2176814015,6.008768444444445,0,0.0,0.0,0.0,0.0,0,0.0,0.0,0.0,0.0,0,0.0,0.0,0.0,0.0,6,173325.41,28887.568333333333,14400.955603749937,7.703351555555555,0,0.0,0.0,0.0,0.0,34,196604.86000000002,5782.495882352941,2328.1264997016024,8.737993777777776,0,0.0,0.0,0.0,0.0
495,0092-2.jpg,0092,Brachystegia cynometroides Harms,2250000,89,1351218.5799999998,60.054159111111105,0,0.0,0.0,0.0,0.0,0,0.0,0.0,0.0,0.0,7,34084.439999999995,4869.205714285714,3373.2318208154484,1.514864,0,0.0,0.0,0.0,0.0,31,519930.12000000005,16771.93935483871,8106.499239729784,23.108005333333338,0,0.0,0.0,0.0,0.0,7,237308.97999999998,33901.282857142854,16521.693409895684,10.547065777777778,0,0.0,0.0,0.0,0.0,0,0.0,0.0,0.0,0.0,0,0.0,0.0,0.0,0.0,6,363460.79,60576.79833333333,16378.638002813808,16.15381288888889,0,0.0,0.0,0.0,0.0,38,196434.25000000003,5169.322368421052,2059.1128429803625,8.730411111111113,0,0.0,0.0,0.0,0.0
496,0092-3.jpg,0092,Brachystegia cynometroides Harms,2250000,87,1345340.28,59.792901333333326,0,0.0,0.0,0.0,0.0,0,0.0,0.0,0.0,0.0,1,32.19,32.19,0.0,0.0014306666666666667,0,0.0,0.0,0.0,0.0,37,610366.72,16496.39783783784,9115.235660839475,27.127409777777782,0,0.0,0.0,0.0,0.0,6,203817.84,33969.64,13434.237214191211,9.058570666666666,0,0.0,0.0,0.0,0.0,0,0.0,0.0,0.0,0.0,0,0.0,0.0,0.0,0.0,4,318666.82,79666.705,7932.924499201624,14.162969777777779,0,0.0,0.0,0.0,0.0,39,212456.71000000002,5447.60794871795,2536.009531335006,9.44252044444444,0,0.0,0.0,0.0,0.0
497,0092-4.jpg,0092,Brachystegia cynometroides Harms,2250000,85,1113472.8799999997,49.48768355555556,0,0.0,0.0,0.0,0.0,0,0.0,0.0,0.0,0.0,9,27477.609999999997,3053.0677777777773,2226.7973880260065,1.221227111111111,0,0.0,0.0,0.0,0.0,27,520155.4100000001,19265.015185185188,8810.73442487688,23.118018222222222,0,0.0,0.0,0.0,0.0,6,219972.25,36662.041666666664,12652.473267573288,9.776544444444445,0,0.0,0.0,0.0,0.0,0,0.0,0.0,0.0,0.0,0,0.0,0.0,0.0,0.0,3,133543.96,44514.65333333333,12762.824290972329,5.935287111111111,0,0.0,0.0,0.0,0.0,40,212323.64999999994,5308.0912499999995,2249.241495503155,9.436606666666668,0,0.0,0.0,0.0,0.0
498,0092-5.jpg,0092,Brachystegia cynometroides Harms,2250000,101,1266094.9200000002,56.27088533333333,0,0.0,0.0,0.0,0.0,0,0.0,0.0,0.0,0.0,16,53429.62,3339.35125,1472.5146976148208,2.374649777777778,0,0.0,0.0,0.0,0.0,30,551870.95,18395.69833333333,9703.026739066272,24.52759777777778,0,0.0,0.0,0.0,0.0,6,179433.33000000002,29905.555000000004,14678.935523091244,7.974814666666666,0,0.0,0.0,0.0,0.0,0,0.0,0.0,0.0,0.0,0,0.0,0.0,0.0,0.0,5,254197.24,50839.448,30057.266814838138,11.29765511111111,0,0.0,0.0,0.0,0.0,44,227163.77999999997,5162.813181818182,2498.618587819866,10.096167999999997,0,0.0,0.0,0.0,0.0
499,0092-6.jpg,0092,Brachystegia cynometroides Harms,2250000,98,1286946.4799999997,57.197621333333345,0,0.0,0.0,0.0,0.0,0,0.0,0.0,0.0,0.0,11,36956.54,3359.685454545455,1679.113466716074,1.642512888888889,0,0.0,0.0,0.0,0.0,32,591600.93,18487.529062499998,7141.914898103811,26.293374666666658,0,0.0,0.0,0.0,0.0,6,193831.45,32305.24166666667,10852.896896429851,8.614731111111112,0,0.0,0.0,0.0,0.0,0,0.0,0.0,0.0,0.0,0,0.0,0.0,0.0,0.0,5,230819.11,46163.822,22361.753492118412,10.258627111111112,0,0.0,0.0,0.0,0.0,44,233738.45000000004,5312.237499999999,2098.584649846814,10.388375555555553,0,0.0,0.0,0.0,0.0
500,0092-7.jpg,0092,Brachystegia cynometroides Harms,2250000,98,1244407.6999999995,55.30700888888887,0,0.0,0.0,0.0,0.0,0,0.0,0.0,0.0,0.0,21,107114.57000000002,5100.69380952381,3170.6611288916956,4.760647555555557,0,0.0,0.0,0.0,0.0,27,366690.17999999993,13581.117777777776,9325.161895653127,16.297341333333332,0,0.0,0.0,0.0,0.0,6,235242.61000000002,39207.10166666667,5182.103218992908,10.45522711111111,0,0.0,0.0,0.0,0.0,0,0.0,0.0,0.0,0.0,0,0.0,0.0,0.0,0.0,6,354333.75999999995,59055.626666666656,22752.056822945626,15.748167111111112,0,0.0,0.0,0.0,0.0,38,181026.58,4763.857368421053,2660.0039233863404,8.045625777777778,0,0.0,0.0,0.0,0.0
501,0092-8.jpg,0092,Brachystegia cynometroides Harms,2250000,82,1146209.8699999996,50.94266088888885,0,0.0,0.0,0.0,0.0,0,0.0,0.0,0.0,0.0,14,87831.61000000002,6273.68642857143,3249.8201732536318,3.9036271111111116,0,0.0,0.0,0.0,0.0,28,546362.77,19512.956071428573,10666.006594880051,24.282789777777783,0,0.0,0.0,0.0,0.0,6,190064.55999999997,31677.426666666663,18722.93112340978,8.447313777777778,0,0.0,0.0,0.0,0.0,0,0.0,0.0,0.0,0.0,0,0.0,0.0,0.0,0.0,3,168251.76,56083.920000000006,33795.588031103995,7.477855999999999,0,0.0,0.0,0.0,0.0,31,153699.16999999998,4958.037741935484,2610.1539847190493,6.831074222222221,0,0.0,0.0,0.0,0.0
502,0092-9.jpg,0092,Brachystegia cynometroides Harms,2250000,91,1271696.4200000004,56.51984088888888,0,0.0,0.0,0.0,0.0,0,0.0,0.0,0.0,0.0,10,23375.99,2337.5989999999997,1537.004713022847,1.038932888888889,0,0.0,0.0,0.0,0.0,27,505136.13,18708.745555555557,7931.987841916926,22.450494666666668,0,0.0,0.0,0.0,0.0,5,211845.16,42369.032,25455.152109392708,9.415340444444446,0,0.0,0.0,0.0,0.0,0,0.0,0.0,0.0,0.0,0,0.0,0.0,0.0,0.0,5,277055.01999999996,55411.00399999999,29418.848259419163,12.313556444444446,0,0.0,0.0,0.0,0.0,44,254284.1199999999,5779.1845454545455,2946.277818757048,11.301516444444443,0,0.0,0.0,0.0,0.0
503,0093-10.jpg,0093,Brachystegia laurentii (De Wild.) Louis ex J.Léonard,2250000,36,860635.0700000001,38.25044755555555,0,0.0,0.0,0.0,0.0,0,0.0,0.0,0.0,0.0,2,6124.02,3062.01,958.9216481027012,0.2721786666666667,0,0.0,0.0,0.0,0.0,15,323066.71,21537.78066666667,8624.773729886207,14.358520444444446,0,0.0,0.0,0.0,0.0,4,105158.69,26289.6725,11972.02891128421,4.6737195555555555,0,0.0,0.0,0.0,0.0,0,0.0,0.0,0.0,0.0,0,0.0,0.0,0.0,0.0,3,384601.95999999996,128200.65333333332,11156.08030068059,17.093420444444448,0,0.0,0.0,0.0,0.0,12,41683.689999999995,3473.640833333333,1865.8306220626016,1.8526084444444444,0,0.0,0.0,0.0,0.0
504,0093-11.jpg,0093,Brachystegia laurentii (De Wild.) Louis ex J.Léonard,2250000,46,610469.7000000001,27.131986666666666,0,0.0,0.0,0.0,0.0,0,0.0,0.0,0.0,0.0,5,14847.64,2969.528,1841.900410016785,0.6598951111111111,0,0.0,0.0,0.0,0.0,18,315940.61,17552.256111111114,9673.554233938763,14.04180488888889,0,0.0,0.0,0.0,0.0,1,38195.73,38195.73,0.0,1.6975880000000003,0,0.0,0.0,0.0,0.0,0,0.0,0.0,0.0,0.0,0,0.0,0.0,0.0,0.0,3,155426.5,51808.833333333336,39181.784051782706,6.907844444444445,0,0.0,0.0,0.0,0.0,19,86059.21999999999,4529.432631578947,2259.207004614284,3.8248542222222226,0,0.0,0.0,0.0,0.0
505,0093-12.jpg,0093,Brachystegia laurentii (De Wild.) Louis ex J.Léonard,2250000,54,952253.9300000002,42.32239688888888,0,0.0,0.0,0.0,0.0,0,0.0,0.0,0.0,0.0,7,20560.74,2937.2485714285717,937.0585105429396,0.9138106666666667,0,0.0,0.0,0.0,0.0,18,306459.52999999997,17025.529444444444,7066.920250493074,13.620423555555558,0,0.0,0.0,0.0,0.0,1,28380.99,28380.99,0.0,1.2613773333333336,0,0.0,0.0,0.0,0.0,0,0.0,0.0,0.0,0.0,0,0.0,0.0,0.0,0.0,7,498386.6299999999,71198.08999999998,27961.520849611643,22.15051688888889,0,0.0,0.0,0.0,0.0,21,98466.03999999998,4688.859047619047,1976.2492203108006,4.376268444444444,0,0.0,0.0,0.0,0.0
506,0093-4.jpg,0093,Brachystegia laurentii (De Wild.) Louis ex J.Léonard,2250000,45,710711.3599999999,31.58717155555556,0,0.0,0.0,0.0,0.0,0,0.0,0.0,0.0,0.0,8,18037.31,2254.6637499999997,1148.0005666989332,0.8016582222222222,0,0.0,0.0,0.0,0.0,18,467830.9,25990.605555555554,10068.683972531291,20.79248444444445,0,0.0,0.0,0.0,0.0,3,131813.41,43937.80333333334,11787.292322451893,5.858373777777778,0,0.0,0.0,0.0,0.0,0,0.0,0.0,0.0,0.0,0,0.0,0.0,0.0,0.0,0,0.0,0.0,0.0,0.0,0,0.0,0.0,0.0,0.0,16,93029.74000000002,5814.358749999999,2091.7986761409425,4.134655111111111,0,0.0,0.0,0.0,0.0
507,0093-5.jpg,0093,Brachystegia laurentii (De Wild.) Louis ex J.Léonard,2250000,40,714345.2100000001,31.748675999999993,0,0.0,0.0,0.0,0.0,0,0.0,0.0,0.0,0.0,5,9269.71,1853.9419999999998,1464.9663725048433,0.4119871111111111,0,0.0,0.0,0.0,0.0,18,362040.29,20113.349444444448,10381.257660607562,16.090679555555557,0,0.0,0.0,0.0,0.0,2,50596.11,25298.055,25692.97238178662,2.2487160000000004,0,0.0,0.0,0.0,0.0,0,0.0,0.0,0.0,0.0,0,0.0,0.0,0.0,0.0,2,240052.34999999998,120026.17499999999,5035.116469998482,10.668993333333333,0,0.0,0.0,0.0,0.0,13,52386.75,4029.75,2025.8000245499718,2.3283,0,0.0,0.0,0.0,0.0
508,0093-7.jpg,0093,Brachystegia laurentii (De Wild.) Louis ex J.Léonard,2250000,50,877203.6100000001,38.98682711111112,0,0.0,0.0,0.0,0.0,0,0.0,0.0,0.0,0.0,5,12832.76,2566.552,1371.0645647889817,0.5703448888888889,0,0.0,0.0,0.0,0.0,14,208990.22000000003,14927.87285714286,7884.728890648173,9.288454222222223,0,0.0,0.0,0.0,0.0,1,21645.43,21645.43,0.0,0.9620191111111112,0,0.0,0.0,0.0,0.0,0,0.0,0.0,0.0,0.0,0,0.0,0.0,0.0,0.0,7,534895.79,76413.68428571429,21026.995298514765,23.773146222222223,0,0.0,0.0,0.0,0.0,23,98839.41,4297.365652173913,1433.4767497712623,4.392862666666667,0,0.0,0.0,0.0,0.0
509,0093-8.jpg,0093,Brachystegia laurentii (De Wild.) Louis ex J.Léonard,2250000,53,862970.6900000002,38.3542528888889,0,0.0,0.0,0.0,0.0,0,0.0,0.0,0.0,0.0,9,22082.090000000004,2453.565555555556,1163.737649366376,0.9814262222222223,0,0.0,0.0,0.0,0.0,13,216309.42,16639.186153846156,7651.542299467625,9.613752,0,0.0,0.0,0.0,0.0,2,72279.1,36139.55,254.14831929407282,3.212404444444444,0,0.0,0.0,0.0,0.0,0,0.0,0.0,0.0,0.0,0,0.0,0.0,0.0,0.0,6,451230.16000000003,75205.02666666667,27740.856529359484,20.054673777777776,0,0.0,0.0,0.0,0.0,23,101069.91999999998,4394.344347826088,2112.1115495438685,4.491996444444445,0,0.0,0.0,0.0,0.0
510,0093-9.jpg,0093,Brachystegia laurentii (De Wild.) Louis ex J.Léonard,2250000,52,871366.0199999999,38.72737866666668,0,0.0,0.0,0.0,0.0,0,0.0,0.0,0.0,0.0,6,10939.11,1823.1850000000002,758.327397441237,0.4861826666666666,0,0.0,0.0,0.0,0.0,16,301519.98000000004,18844.99875,6544.366634561235,13.400888,0,0.0,0.0,0.0,0.0,0,0.0,0.0,0.0,0.0,0,0.0,0.0,0.0,0.0,0,0.0,0.0,0.0,0.0,0,0.0,0.0,0.0,0.0,7,441220.17,63031.45285714285,25238.427493397652,19.609785333333335,0,0.0,0.0,0.0,0.0,23,117686.76,5116.815652173913,1650.4833706215943,5.230522666666667,0,0.0,0.0,0.0,0.0
511,0331-10.jpg,0331,Heritiera utilis (Sprague) Sprague,2250000,54,1439255.0999999999,63.96689333333333,0,0.0,0.0,0.0,0.0,0,0.0,0.0,0.0,0.0,4,13723.249999999998,3430.8124999999995,1099.0865650583062,0.6099222222222221,12,140902.87000000002,11741.905833333336,11064.491491435323,6.262349777777777,0,0.0,0.0,0.0,0.0,0,0.0,0.0,0.0,0.0,0,0.0,0.0,0.0,0.0,0,0.0,0.0,0.0,0.0,0,0.0,0.0,0.0,0.0,0,0.0,0.0,0.0,0.0,0,0.0,0.0,0.0,0.0,0,0.0,0.0,0.0,0.0,6,62693.94,10448.99,3214.457896579141,2.7863973333333334,32,1221935.0399999996,38185.47,9401.91683727965,54.30822399999999
512,0331-2.jpg,0331,Heritiera utilis (Sprague) Sprague,2250000,57,1212794.05,53.90195777777778,0,0.0,0.0,0.0,0.0,0,0.0,0.0,0.0,0.0,10,42702.91,4270.291,1736.9197590719164,1.897907111111111,17,172616.22999999998,10153.895882352941,6703.980670491655,7.671832444444444,0,0.0,0.0,0.0,0.0,0,0.0,0.0,0.0,0.0,0,0.0,0.0,0.0,0.0,0,0.0,0.0,0.0,0.0,0,0.0,0.0,0.0,0.0,0,0.0,0.0,0.0,0.0,0,0.0,0.0,0.0,0.0,0,0.0,0.0,0.0,0.0,7,41120.4,5874.342857142858,3731.2082433831642,1.8275733333333333,23,956354.5099999999,41580.63086956521,9311.203789302781,42.50464488888889
513,0331-4.jpg,0331,Heritiera utilis (Sprague) Sprague,2250000,44,1252810.47,55.68046533333335,0,0.0,0.0,0.0,0.0,0,0.0,0.0,0.0,0.0,6,19236.81,3206.135,692.283771548922,0.8549693333333335,11,115449.76999999999,10495.433636363636,8135.230323481041,5.13110088888889,0,0.0,0.0,0.0,0.0,0,0.0,0.0,0.0,0.0,0,0.0,0.0,0.0,0.0,0,0.0,0.0,0.0,0.0,0,0.0,0.0,0.0,0.0,0,0.0,0.0,0.0,0.0,0,0.0,0.0,0.0,0.0,0,0.0,0.0,0.0,0.0,4,32568.449999999997,8142.112499999999,2402.4535084835666,1.4474866666666664,23,1085555.4400000002,47198.06260869566,8146.172218739645,48.24690844444445
514,0331-5.jpg,0331,Heritiera utilis (Sprague) Sprague,2250000,46,1234473.83,54.865503555555556,0,0.0,0.0,0.0,0.0,0,0.0,0.0,0.0,0.0,6,16122.230000000001,2687.0383333333334,1197.7751775924673,0.7165435555555555,11,127901.65999999999,11627.423636363636,7128.7131379924,5.684518222222222,0,0.0,0.0,0.0,0.0,0,0.0,0.0,0.0,0.0,0,0.0,0.0,0.0,0.0,0,0.0,0.0,0.0,0.0,0,0.0,0.0,0.0,0.0,0,0.0,0.0,0.0,0.0,0,0.0,0.0,0.0,0.0,0,0.0,0.0,0.0,0.0,5,55427.310000000005,11085.462000000001,2732.005303118938,2.463436,24,1035022.6299999999,43125.94291666667,8183.097915166081,46.001005777777785
515,0331-6.jpg,0331,Heritiera utilis (Sprague) Sprague,2250000,53,999667.86,44.42968266666666,0,0.0,0.0,0.0,0.0,0,0.0,0.0,0.0,0.0,4,11930.460000000001,2982.6150000000002,1546.6398971210676,0.5302426666666666,19,209440.82000000004,11023.201052631579,7838.301988578546,9.308480888888887,0,0.0,0.0,0.0,0.0,0,0.0,0.0,0.0,0.0,0,0.0,0.0,0.0,0.0,0,0.0,0.0,0.0,0.0,0,0.0,0.0,0.0,0.0,0,0.0,0.0,0.0,0.0,0,0.0,0.0,0.0,0.0,0,0.0,0.0,0.0,0.0,11,74592.22,6781.110909090909,3055.4999898591213,3.315209777777778,19,703704.36,37037.07157894737,13397.231454041068,31.275749333333337
516,0331-7.jpg,0331,Heritiera utilis (Sprague) Sprague,2250000,45,943694.4799999999,41.94197688888889,0,0.0,0.0,0.0,0.0,0,0.0,0.0,0.0,0.0,1,6478.07,6478.07,0.0,0.28791422222222224,18,153713.10000000003,8539.616666666669,7413.150304595048,6.831693333333333,0,0.0,0.0,0.0,0.0,0,0.0,0.0,0.0,0.0,0,0.0,0.0,0.0,0.0,0,0.0,0.0,0.0,0.0,0,0.0,0.0,0.0,0.0,0,0.0,0.0,0.0,0.0,0,0.0,0.0,0.0,0.0,0,0.0,0.0,0.0,0.0,10,69913.39,6991.339,3275.5368428276165,3.1072617777777776,16,713589.9199999999,44599.369999999995,13569.141433165181,31.715107555555555
517,0331-9.jpg,0331,Heritiera utilis (Sprague) Sprague,2250000,51,999935.0299999998,44.44155688888889,0,0.0,0.0,0.0,0.0,0,0.0,0.0,0.0,0.0,4,10145.19,2536.2975,1180.166480583001,0.45089733333333337,15,142586.22999999998,9505.748666666665,5384.492376413513,6.337165777777777,1,1266.0,1266.0,0.0,0.05626666666666667,0,0.0,0.0,0.0,0.0,0,0.0,0.0,0.0,0.0,0,0.0,0.0,0.0,0.0,0,0.0,0.0,0.0,0.0,0,0.0,0.0,0.0,0.0,0,0.0,0.0,0.0,0.0,0,0.0,0.0,0.0,0.0,12,83670.97,6972.580833333333,3067.018872712062,3.7187097777777773,19,762266.6399999999,40119.29684210525,14047.614589672847,33.87851733333333
518,0367-3.png,0367,Juglans nigra L.,2250000,127,308578.5400000001,13.714601777777771,0,0.0,0.0,0.0,0.0,38,105640.41000000005,2780.0107894736843,1032.6392676636801,4.695129333333333,0,0.0,0.0,0.0,0.0,0,0.0,0.0,0.0,0.0,0,0.0,0.0,0.0,0.0,0,0.0,0.0,0.0,0.0,0,0.0,0.0,0.0,0.0,0,0.0,0.0,0.0,0.0,0,0.0,0.0,0.0,0.0,0,0.0,0.0,0.0,0.0,0,0.0,0.0,0.0,0.0,0,0.0,0.0,0.0,0.0,89,202938.13000000003,2280.2037078651683,1687.9916904984389,9.019472444444439,0,0.0,0.0,0.0,0.0
519,0367-4.png,0367,Juglans nigra L.,2250000,154,363535.91,16.15715155555555,0,0.0,0.0,0.0,0.0,52,150455.87000000002,2893.382115384615,995.3408273518558,6.686927555555556,0,0.0,0.0,0.0,0.0,0,0.0,0.0,0.0,0.0,0,0.0,0.0,0.0,0.0,0,0.0,0.0,0.0,0.0,0,0.0,0.0,0.0,0.0,0,0.0,0.0,0.0,0.0,0,0.0,0.0,0.0,0.0,0,0.0,0.0,0.0,0.0,0,0.0,0.0,0.0,0.0,0,0.0,0.0,0.0,0.0,102,213080.03999999995,2089.0199999999995,1512.430965377813,9.470223999999998,0,0.0,0.0,0.0,0.0
520,0367-5.png,0367,Juglans nigra L.,2250000,156,405348.29999999993,18.015480000000014,0,0.0,0.0,0.0,0.0,51,158209.54,3102.147843137255,1182.0272575728761,7.031535111111113,0,0.0,0.0,0.0,0.0,0,0.0,0.0,0.0,0.0,0,0.0,0.0,0.0,0.0,0,0.0,0.0,0.0,0.0,0,0.0,0.0,0.0,0.0,0,0.0,0.0,0.0,0.0,0,0.0,0.0,0.0,0.0,0,0.0,0.0,0.0,0.0,0,0.0,0.0,0.0,0.0,0,0.0,0.0,0.0,0.0,105,247138.76,2353.702476190477,1355.730255310045,10.983944888888889,0,0.0,0.0,0.0,0.0
521,0367-6.png,0367,Juglans nigra L.,2250000,143,407131.3699999998,18.094727555555554,0,0.0,0.0,0.0,0.0,39,128933.77,3305.994102564103,1313.588040087787,5.730389777777775,0,0.0,0.0,0.0,0.0,0,0.0,0.0,0.0,0.0,0,0.0,0.0,0.0,0.0,0,0.0,0.0,0.0,0.0,0,0.0,0.0,0.0,0.0,0,0.0,0.0,0.0,0.0,0,0.0,0.0,0.0,0.0,0,0.0,0.0,0.0,0.0,0,0.0,0.0,0.0,0.0,0,0.0,0.0,0.0,0.0,104,278197.60000000003,2674.976923076923,2009.556683241683,12.364337777777777,0,0.0,0.0,0.0,0.0
522,0367-7.png,0367,Juglans nigra L.,2250000,131,446395.70999999996,19.839809333333346,0,0.0,0.0,0.0,0.0,29,109544.62000000001,3777.4006896551723,1514.2869878331967,4.868649777777777,0,0.0,0.0,0.0,0.0,0,0.0,0.0,0.0,0.0,0,0.0,0.0,0.0,0.0,0,0.0,0.0,0.0,0.0,0,0.0,0.0,0.0,0.0,0,0.0,0.0,0.0,0.0,0,0.0,0.0,0.0,0.0,0,0.0,0.0,0.0,0.0,0,0.0,0.0,0.0,0.0,0,0.0,0.0,0.0,0.0,102,336851.0899999999,3302.4616666666657,2646.635566820744,14.971159555555555,0,0.0,0.0,0.0,0.0
523,0367-8.png,0367,Juglans nigra L.,2250000,144,373511.52999999997,16.600512444444444,0,0.0,0.0,0.0,0.0,28,93989.95000000001,3356.783928571429,1177.0902293126273,4.177331111111111,0,0.0,0.0,0.0,0.0,0,0.0,0.0,0.0,0.0,0,0.0,0.0,0.0,0.0,0,0.0,0.0,0.0,0.0,0,0.0,0.0,0.0,0.0,0,0.0,0.0,0.0,0.0,0,0.0,0.0,0.0,0.0,0,0.0,0.0,0.0,0.0,0,0.0,0.0,0.0,0.0,0,0.0,0.0,0.0,0.0,116,279521.58,2409.6687931034485,1673.7955207476966,12.423181333333332,0,0.0,0.0,0.0,0.0
524,0367-9.png,0367,Juglans nigra L.,2250000,141,436274.14,19.389961777777778,0,0.0,0.0,0.0,0.0,34,113554.0,3339.823529411765,1062.7267201498696,5.046844444444445,0,0.0,0.0,0.0,0.0,0,0.0,0.0,0.0,0.0,0,0.0,0.0,0.0,0.0,0,0.0,0.0,0.0,0.0,0,0.0,0.0,0.0,0.0,0,0.0,0.0,0.0,0.0,0,0.0,0.0,0.0,0.0,0,0.0,0.0,0.0,0.0,0,0.0,0.0,0.0,0.0,0,0.0,0.0,0.0,0.0,107,322720.13999999984,3016.076074766355,2123.8251685115974,14.343117333333332,0,0.0,0.0,0.0,0.0
525,0366-2.png,0366,Juglans regia L.,2250000,70,186225.80000000005,8.27670222222222,0,0.0,0.0,0.0,0.0,0,0.0,0.0,0.0,0.0,0,0.0,0.0,0.0,0.0,0,0.0,0.0,0.0,0.0,0,0.0,0.0,0.0,0.0,0,0.0,0.0,0.0,0.0,0,0.0,0.0,0.0,0.0,0,0.0,0.0,0.0,0.0,0,0.0,0.0,0.0,0.0,0,0.0,0.0,0.0,0.0,0,0.0,0.0,0.0,0.0,0,0.0,0.0,0.0,0.0,70,186225.80000000005,2660.368571428572,1238.8994492802535,8.27670222222222,0,0.0,0.0,0.0,0.0
526,0366-3.png,0366,Juglans regia L.,2250000,61,181105.96999999997,8.04915422222222,0,0.0,0.0,0.0,0.0,0,0.0,0.0,0.0,0.0,0,0.0,0.0,0.0,0.0,0,0.0,0.0,0.0,0.0,0,0.0,0.0,0.0,0.0,0,0.0,0.0,0.0,0.0,0,0.0,0.0,0.0,0.0,0,0.0,0.0,0.0,0.0,0,0.0,0.0,0.0,0.0,0,0.0,0.0,0.0,0.0,0,0.0,0.0,0.0,0.0,0,0.0,0.0,0.0,0.0,61,181105.96999999997,2968.9503278688526,1511.1009168946628,8.04915422222222,0,0.0,0.0,0.0,0.0
527,0366-4.png,0366,Juglans regia L.,2250000,67,163863.63,7.282827999999999,0,0.0,0.0,0.0,0.0,0,0.0,0.0,0.0,0.0,0,0.0,0.0,0.0,0.0,0,0.0,0.0,0.0,0.0,0,0.0,0.0,0.0,0.0,0,0.0,0.0,0.0,0.0,0,0.0,0.0,0.0,0.0,0,0.0,0.0,0.0,0.0,0,0.0,0.0,0.0,0.0,0,0.0,0.0,0.0,0.0,0,0.0,0.0,0.0,0.0,0,0.0,0.0,0.0,0.0,67,163863.63,2445.7258208955222,1101.4377505528291,7.282827999999999,0,0.0,0.0,0.0,0.0
528,0366-5.png,0366,Juglans regia L.,2250000,68,184427.61,8.196782666666664,0,0.0,0.0,0.0,0.0,0,0.0,0.0,0.0,0.0,0,0.0,0.0,0.0,0.0,0,0.0,0.0,0.0,0.0,0,0.0,0.0,0.0,0.0,0,0.0,0.0,0.0,0.0,0,0.0,0.0,0.0,0.0,0,0.0,0.0,0.0,0.0,0,0.0,0.0,0.0,0.0,0,0.0,0.0,0.0,0.0,0,0.0,0.0,0.0,0.0,0,0.0,0.0,0.0,0.0,68,184427.61,2712.170735294117,1214.9409884856286,8.196782666666664,0,0.0,0.0,0.0,0.0
529,0366-6.png,0366,Juglans regia L.,2250000,91,219103.23000000007,9.737921333333338,0,0.0,0.0,0.0,0.0,0,0.0,0.0,0.0,0.0,0,0.0,0.0,0.0,0.0,0,0.0,0.0,0.0,0.0,0,0.0,0.0,0.0,0.0,0,0.0,0.0,0.0,0.0,0,0.0,0.0,0.0,0.0,0,0.0,0.0,0.0,0.0,0,0.0,0.0,0.0,0.0,0,0.0,0.0,0.0,0.0,0,0.0,0.0,0.0,0.0,0,0.0,0.0,0.0,0.0,91,219103.23000000007,2407.727802197802,1021.6233980830075,9.737921333333338,0,0.0,0.0,0.0,0.0
530,0366-7.png,0366,Juglans regia L.,2250000,68,171737.56000000006,7.632780444444444,0,0.0,0.0,0.0,0.0,0,0.0,0.0,0.0,0.0,0,0.0,0.0,0.0,0.0,0,0.0,0.0,0.0,0.0,0,0.0,0.0,0.0,0.0,0,0.0,0.0,0.0,0.0,0,0.0,0.0,0.0,0.0,0,0.0,0.0,0.0,0.0,0,0.0,0.0,0.0,0.0,0,0.0,0.0,0.0,0.0,0,0.0,0.0,0.0,0.0,0,0.0,0.0,0.0,0.0,68,171737.56000000006,2525.5523529411767,1116.7135230935696,7.632780444444444,0,0.0,0.0,0.0,0.0
531,0366-8.png,0366,Juglans regia L.,2250000,69,194669.34000000003,8.651970666666667,0,0.0,0.0,0.0,0.0,0,0.0,0.0,0.0,0.0,0,0.0,0.0,0.0,0.0,0,0.0,0.0,0.0,0.0,0,0.0,0.0,0.0,0.0,0,0.0,0.0,0.0,0.0,0,0.0,0.0,0.0,0.0,0,0.0,0.0,0.0,0.0,0,0.0,0.0,0.0,0.0,0,0.0,0.0,0.0,0.0,0,0.0,0.0,0.0,0.0,0,0.0,0.0,0.0,0.0,69,194669.34000000003,2821.294782608696,1291.1151233237567,8.651970666666667,0,0.0,0.0,0.0,0.0
532,0366-9.png,0366,Juglans regia L.,2250000,69,193073.95999999996,8.58106488888889,0,0.0,0.0,0.0,0.0,0,0.0,0.0,0.0,0.0,0,0.0,0.0,0.0,0.0,0,0.0,0.0,0.0,0.0,0,0.0,0.0,0.0,0.0,0,0.0,0.0,0.0,0.0,0,0.0,0.0,0.0,0.0,0,0.0,0.0,0.0,0.0,0,0.0,0.0,0.0,0.0,0,0.0,0.0,0.0,0.0,0,0.0,0.0,0.0,0.0,0,0.0,0.0,0.0,0.0,69,193073.95999999996,2798.173333333333,1168.591185114979,8.58106488888889,0,0.0,0.0,0.0,0.0
533,0399-11.png,0399,Lovoa trichilioides Harms,2250000,204,577384.1900000002,25.66151955555555,0,0.0,0.0,0.0,0.0,0,0.0,0.0,0.0,0.0,30,66964.04,2232.1346666666664,888.4778793075552,2.9761795555555555,47,128109.81999999996,2725.7408510638293,2710.6689402833117,5.693769777777775,23,65349.36,2841.2765217391307,1041.5546768461459,2.904416,0,0.0,0.0,0.0,0.0,10,51638.97,5163.896999999999,2314.13048276141,2.295065333333333,1,2567.41,2567.41,0.0,0.1141071111111111,0,0.0,0.0,0.0,0.0,0,0.0,0.0,0.0,0.0,0,0.0,0.0,0.0,0.0,0,0.0,0.0,0.0,0.0,93,262754.59,2825.3181720430102,1524.8265035819552,11.677981777777779,0,0.0,0.0,0.0,0.0
534,0399-14.png,0399,Lovoa trichilioides Harms,2250000,246,718706.4799999995,31.942510222222214,0,0.0,0.0,0.0,0.0,0,0.0,0.0,0.0,0.0,30,62754.05999999998,2091.802,935.3875393889625,2.789069333333333,44,122771.12,2790.2527272727275,2547.553985857317,5.456494222222222,43,127530.45000000001,2965.824418604651,1634.8001761949852,5.66802,2,9044.41,4522.205,330.76333903563165,0.40197377777777776,12,62747.590000000004,5228.965833333334,3073.2892218405123,2.788781777777778,1,3051.28,3051.28,0.0,0.13561244444444445,0,0.0,0.0,0.0,0.0,0,0.0,0.0,0.0,0.0,0,0.0,0.0,0.0,0.0,0,0.0,0.0,0.0,0.0,114,330807.56999999995,2901.8207894736843,1435.1528893343934,14.702558666666665,0,0.0,0.0,0.0,0.0
535,0399-15.png,0399,Lovoa trichilioides Harms,2250000,255,777738.6700000004,34.566163111111116,0,0.0,0.0,0.0,0.0,0,0.0,0.0,0.0,0.0,31,70636.5,2278.5967741935483,1006.5228892061591,3.1394000000000006,55,173489.55000000008,3154.355454545455,2554.7971908569257,7.710646666666668,44,138097.3,3138.575,1768.0763736891215,6.137657777777777,0,0.0,0.0,0.0,0.0,12,91828.11999999998,7652.343333333334,5173.180875999414,4.081249777777777,0,0.0,0.0,0.0,0.0,0,0.0,0.0,0.0,0.0,0,0.0,0.0,0.0,0.0,0,0.0,0.0,0.0,0.0,0,0.0,0.0,0.0,0.0,113,303687.20000000007,2687.497345132744,1379.1696065852825,13.497208888888887,0,0.0,0.0,0.0,0.0
536,0399-17.png,0399,Lovoa trichilioides Harms,2250000,234,668490.1799999997,29.710674666666662,0,0.0,0.0,0.0,0.0,0,0.0,0.0,0.0,0.0,37,82530.48999999999,2230.5537837837833,999.6578060748569,3.668021777777778,57,164919.39,2893.3226315789475,2812.399551759599,7.3297506666666665,30,92167.15999999997,3072.238666666666,2113.5140471780287,4.096318222222222,0,0.0,0.0,0.0,0.0,12,71900.35999999999,5991.696666666667,3777.9821681958824,3.1955715555555555,0,0.0,0.0,0.0,0.0,0,0.0,0.0,0.0,0.0,0,0.0,0.0,0.0,0.0,0,0.0,0.0,0.0,0.0,0,0.0,0.0,0.0,0.0,98,256972.77999999988,2622.1712244897963,1347.0680146684558,11.421012444444441,0,0.0,0.0,0.0,0.0
537,0399-19.png,0399,Lovoa trichilioides Harms,2250000,218,799400.2199999996,35.528898666666684,0,0.0,0.0,0.0,0.0,0,0.0,0.0,0.0,0.0,27,59285.4,2195.7555555555555,1050.3544130813596,2.6349066666666676,34,124011.40000000004,3647.394117647059,3426.0099476523465,5.511617777777777,31,118172.76999999999,3812.0248387096776,2020.9685664384965,5.252123111111111,0,0.0,0.0,0.0,0.0,23,225197.2,9791.182608695653,5814.041013184624,10.008764444444445,0,0.0,0.0,0.0,0.0,0,0.0,0.0,0.0,0.0,0,0.0,0.0,0.0,0.0,0,0.0,0.0,0.0,0.0,0,0.0,0.0,0.0,0.0,103,272733.45000000007,2647.897572815534,1183.4941771284691,12.12148666666666,0,0.0,0.0,0.0,0.0
538,0399-2.png,0399,Lovoa trichilioides Harms,2250000,227,728095.3200000004,32.35979200000001,0,0.0,0.0,0.0,0.0,0,0.0,0.0,0.0,0.0,27,71337.12,2642.1155555555556,1197.4991002095007,3.170538666666667,55,172520.77000000002,3136.7412727272726,2639.2108001053634,7.667589777777778,27,88476.44,3276.9051851851855,1580.480429001478,3.9322862222222215,0,0.0,0.0,0.0,0.0,17,111631.39999999998,6566.55294117647,4713.755134096601,4.961395555555556,0,0.0,0.0,0.0,0.0,0,0.0,0.0,0.0,0.0,0,0.0,0.0,0.0,0.0,0,0.0,0.0,0.0,0.0,0,0.0,0.0,0.0,0.0,101,284129.58999999997,2813.1642574257435,1372.7730221616,12.627981777777778,0,0.0,0.0,0.0,0.0
539,0399-20.png,0399,Lovoa trichilioides Harms,2250000,216,810379.0100000005,36.01684488888889,0,0.0,0.0,0.0,0.0,0,0.0,0.0,0.0,0.0,23,52129.24999999999,2266.4891304347825,1031.5452372044617,2.3168555555555557,46,174081.83000000002,3784.3876086956525,3528.321776645652,7.736970222222223,23,80754.87000000001,3511.0813043478265,1900.0958634292506,3.589105333333334,0,0.0,0.0,0.0,0.0,21,216678.48999999996,10318.023333333333,8936.386963163768,9.63015511111111,1,1759.53,1759.53,0.0,0.07820133333333333,0,0.0,0.0,0.0,0.0,0,0.0,0.0,0.0,0.0,0,0.0,0.0,0.0,0.0,0,0.0,0.0,0.0,0.0,102,284975.04000000015,2793.8729411764716,1254.9823033469581,12.665557333333329,0,0.0,0.0,0.0,0.0
540,0399-3.png,0399,Lovoa trichilioides Harms,2250000,246,845486.9600000005,37.57719822222221,0,0.0,0.0,0.0,0.0,0,0.0,0.0,0.0,0.0,33,73439.95999999998,2225.453333333333,777.8255043576077,3.263998222222222,50,159383.3,3187.6659999999997,2641.769190766997,7.083702222222222,26,109455.56999999999,4209.829615384615,2657.841196853538,4.864692000000001,0,0.0,0.0,0.0,0.0,21,189763.07,9036.336666666666,4943.327199185113,8.433914222222223,0,0.0,0.0,0.0,0.0,0,0.0,0.0,0.0,0.0,0,0.0,0.0,0.0,0.0,0,0.0,0.0,0.0,0.0,0,0.0,0.0,0.0,0.0,116,313445.06000000006,2702.1125862068966,1396.7559192936856,13.930891555555554,0,0.0,0.0,0.0,0.0
541,0399-4.png,0399,Lovoa trichilioides Harms,2250000,237,785914.0800000001,34.92951466666666,0,0.0,0.0,0.0,0.0,0,0.0,0.0,0.0,0.0,47,108263.59,2303.4806382978727,898.5571595508094,4.811715111111111,46,154841.74999999997,3366.1249999999995,2478.4402989539385,6.881855555555554,19,75322.89,3964.3626315789475,2708.7629660025873,3.3476840000000005,0,0.0,0.0,0.0,0.0,22,177527.9,8069.45,5386.193933831021,7.8901288888888885,2,3379.58,1689.79,1694.8076752835407,0.15020355555555556,0,0.0,0.0,0.0,0.0,0,0.0,0.0,0.0,0.0,0,0.0,0.0,0.0,0.0,0,0.0,0.0,0.0,0.0,101,266578.3700000001,2639.3898019801986,1382.1347772840247,11.84792755555555,0,0.0,0.0,0.0,0.0
542,0399-5.png,0399,Lovoa trichilioides Harms,2250000,218,759552.2499999992,33.757877777777786,0,0.0,0.0,0.0,0.0,0,0.0,0.0,0.0,0.0,35,76364.63000000002,2181.8465714285717,1242.886247594078,3.3939835555555558,49,181742.20000000004,3709.024489795918,2826.454558182581,8.07743111111111,23,87990.41999999998,3825.670434782608,2624.327725384642,3.910685333333333,0,0.0,0.0,0.0,0.0,14,139688.36999999997,9977.740714285712,5047.875508766747,6.208372,6,12122.5,2020.4166666666667,513.5134722542989,0.5387777777777778,0,0.0,0.0,0.0,0.0,0,0.0,0.0,0.0,0.0,0,0.0,0.0,0.0,0.0,0,0.0,0.0,0.0,0.0,91,261644.13000000003,2875.2102197802196,1336.5049182517296,11.628627999999996,0,0.0,0.0,0.0,0.0
543,0399-6.png,0399,Lovoa trichilioides Harms,2250000,225,695832.6199999996,30.925894222222215,0,0.0,0.0,0.0,0.0,0,0.0,0.0,0.0,0.0,25,51417.950000000004,2056.718,1013.2070147021618,2.285242222222222,60,170323.5,2838.725,2294.4018209867813,7.569933333333332,21,57898.14,2757.0542857142855,914.5266021695127,2.573250666666666,0,0.0,0.0,0.0,0.0,16,120347.48,7521.717500000001,4368.16762323746,5.348776888888888,2,4685.29,2342.645,15.931115780132735,0.2082351111111111,0,0.0,0.0,0.0,0.0,0,0.0,0.0,0.0,0.0,0,0.0,0.0,0.0,0.0,0,0.0,0.0,0.0,0.0,101,291160.26,2882.7748514851487,1349.2979936919894,12.940455999999996,0,0.0,0.0,0.0,0.0
544,0399-7.png,0399,Lovoa trichilioides Harms,2250000,221,788158.5399999992,35.02926844444446,0,0.0,0.0,0.0,0.0,0,0.0,0.0,0.0,0.0,31,71259.85999999999,2298.7051612903224,802.6427047359283,3.167104888888889,44,148305.75,3370.5852272727275,2672.982996150415,6.591366666666665,18,63024.41,3501.3561111111107,1879.212237708816,2.8010848888888886,0,0.0,0.0,0.0,0.0,24,214485.54,8936.897500000001,5991.063596587003,9.532690666666664,0,0.0,0.0,0.0,0.0,0,0.0,0.0,0.0,0.0,0,0.0,0.0,0.0,0.0,0,0.0,0.0,0.0,0.0,0,0.0,0.0,0.0,0.0,104,291082.9799999999,2798.8748076923075,1417.4814482181703,12.937021333333332,0,0.0,0.0,0.0,0.0
545,0399-8.png,0399,Lovoa trichilioides Harms,2250000,228,743867.719999999,33.06078755555558,0,0.0,0.0,0.0,0.0,0,0.0,0.0,0.0,0.0,26,46215.530000000006,1777.5203846153845,878.309716045454,2.0540235555555553,52,179170.49,3445.5863461538465,3301.7650619630876,7.963132888888887,22,66618.57,3028.1168181818184,2208.3584086059996,2.9608253333333336,0,0.0,0.0,0.0,0.0,20,143828.62999999998,7191.431500000001,4773.883717397657,6.392383555555555,0,0.0,0.0,0.0,0.0,0,0.0,0.0,0.0,0.0,0,0.0,0.0,0.0,0.0,0,0.0,0.0,0.0,0.0,0,0.0,0.0,0.0,0.0,108,308034.49999999994,2852.171296296296,1270.9681489623604,13.690422222222224,0,0.0,0.0,0.0,0.0
546,0399-9.png,0399,Lovoa trichilioides Harms,2250000,222,663248.0700000004,29.477691999999994,0,0.0,0.0,0.0,0.0,0,0.0,0.0,0.0,0.0,37,82932.82,2241.427567567568,863.7145242542861,3.6859031111111102,50,164358.25000000003,3287.1649999999995,3078.2438336448345,7.304811111111111,15,50767.78,3384.5186666666664,2069.6448143405346,2.2563457777777782,0,0.0,0.0,0.0,0.0,18,105381.87999999999,5854.548888888889,4300.187901224083,4.683639111111111,1,1255.27,1255.27,0.0,0.05578977777777777,0,0.0,0.0,0.0,0.0,0,0.0,0.0,0.0,0.0,0,0.0,0.0,0.0,0.0,0,0.0,0.0,0.0,0.0,101,258552.07000000007,2559.921485148515,1429.6040005227926,11.491203111111114,0,0.0,0.0,0.0,0.0
547,0066-2.jpg,0066,Aucoumea klaineana Pierre,2250000,72,267616.87000000005,11.894083111111108,0,0.0,0.0,0.0,0.0,30,117788.66000000003,3926.2886666666673,1239.9730306625927,5.235051555555555,0,0.0,0.0,0.0,0.0,0,0.0,0.0,0.0,0.0,0,0.0,0.0,0.0,0.0,0,0.0,0.0,0.0,0.0,0,0.0,0.0,0.0,0.0,0,0.0,0.0,0.0,0.0,0,0.0,0.0,0.0,0.0,0,0.0,0.0,0.0,0.0,0,0.0,0.0,0.0,0.0,0,0.0,0.0,0.0,0.0,42,149828.21,3567.3383333333322,1707.1563083648307,6.659031555555556,0,0.0,0.0,0.0,0.0
548,0066-3.jpg,0066,Aucoumea klaineana Pierre,2250000,83,266776.7800000001,11.856745777777778,0,0.0,0.0,0.0,0.0,42,139295.70999999993,3316.5645238095235,979.0618348448517,6.190920444444443,0,0.0,0.0,0.0,0.0,0,0.0,0.0,0.0,0.0,0,0.0,0.0,0.0,0.0,0,0.0,0.0,0.0,0.0,0,0.0,0.0,0.0,0.0,0,0.0,0.0,0.0,0.0,0,0.0,0.0,0.0,0.0,0,0.0,0.0,0.0,0.0,0,0.0,0.0,0.0,0.0,0,0.0,0.0,0.0,0.0,41,127481.07000000002,3109.2943902439024,1543.7120232058323,5.665825333333334,0,0.0,0.0,0.0,0.0
549,0066-5.jpg,0066,Aucoumea klaineana Pierre,2250000,54,210623.13,9.361028000000005,0,0.0,0.0,0.0,0.0,8,26070.0,3258.75,1530.3787486016097,1.1586666666666667,0,0.0,0.0,0.0,0.0,0,0.0,0.0,0.0,0.0,0,0.0,0.0,0.0,0.0,0,0.0,0.0,0.0,0.0,0,0.0,0.0,0.0,0.0,0,0.0,0.0,0.0,0.0,0,0.0,0.0,0.0,0.0,0,0.0,0.0,0.0,0.0,0,0.0,0.0,0.0,0.0,0,0.0,0.0,0.0,0.0,46,184553.12999999998,4012.024565217392,1596.0423231490888,8.202361333333336,0,0.0,0.0,0.0,0.0
550,0066-6.jpg,0066,Aucoumea klaineana Pierre,2250000,56,238579.25000000006,10.603522222222228,0,0.0,0.0,0.0,0.0,3,9669.9,3223.2999999999997,1023.091542531752,0.4297733333333333,0,0.0,0.0,0.0,0.0,0,0.0,0.0,0.0,0.0,0,0.0,0.0,0.0,0.0,0,0.0,0.0,0.0,0.0,0,0.0,0.0,0.0,0.0,0,0.0,0.0,0.0,0.0,0,0.0,0.0,0.0,0.0,0,0.0,0.0,0.0,0.0,0,0.0,0.0,0.0,0.0,0,0.0,0.0,0.0,0.0,53,228909.35000000006,4319.044339622642,1807.596574310665,10.173748888888895,0,0.0,0.0,0.0,0.0
551,0066-7.jpg,0066,Aucoumea klaineana Pierre,2250000,53,217713.89000000004,9.67617288888889,0,0.0,0.0,0.0,0.0,3,9125.95,3041.9833333333336,2065.5843062517038,0.4055977777777778,0,0.0,0.0,0.0,0.0,0,0.0,0.0,0.0,0.0,0,0.0,0.0,0.0,0.0,0,0.0,0.0,0.0,0.0,0,0.0,0.0,0.0,0.0,0,0.0,0.0,0.0,0.0,0,0.0,0.0,0.0,0.0,0,0.0,0.0,0.0,0.0,0,0.0,0.0,0.0,0.0,0,0.0,0.0,0.0,0.0,50,208587.94000000003,4171.7588,1870.6506434803994,9.270575111111112,0,0.0,0.0,0.0,0.0
552,0066-8.jpg,0066,Aucoumea klaineana Pierre,2250000,40,180912.85999999996,8.040571555555557,0,0.0,0.0,0.0,0.0,1,2504.11,2504.11,0.0,0.11129377777777778,0,0.0,0.0,0.0,0.0,0,0.0,0.0,0.0,0.0,0,0.0,0.0,0.0,0.0,0,0.0,0.0,0.0,0.0,0,0.0,0.0,0.0,0.0,0,0.0,0.0,0.0,0.0,0,0.0,0.0,0.0,0.0,0,0.0,0.0,0.0,0.0,0,0.0,0.0,0.0,0.0,0,0.0,0.0,0.0,0.0,39,178408.74999999997,4574.583333333333,1449.2729079317367,7.929277777777779,0,0.0,0.0,0.0,0.0
553,0066-9.jpg,0066,Aucoumea klaineana Pierre,2250000,49,213179.86000000004,9.474660444444446,0,0.0,0.0,0.0,0.0,2,3842.0,1921.0,1298.0359182241452,0.17075555555555555,0,0.0,0.0,0.0,0.0,0,0.0,0.0,0.0,0.0,0,0.0,0.0,0.0,0.0,0,0.0,0.0,0.0,0.0,0,0.0,0.0,0.0,0.0,0,0.0,0.0,0.0,0.0,0,0.0,0.0,0.0,0.0,0,0.0,0.0,0.0,0.0,0,0.0,0.0,0.0,0.0,0,0.0,0.0,0.0,0.0,47,209337.86000000004,4453.997021276596,1502.2643085499662,9.30390488888889,0,0.0,0.0,0.0,0.0
554,0552-2.png,0552,Quercus alba L.,2250000,41,999903.9399999998,44.440175111111095,8,500420.81000000006,62552.60125000001,22847.538051379026,22.240924888888888,12,89189.89,7432.490833333333,3517.9823177845415,3.9639951111111102,0,0.0,0.0,0.0,0.0,0,0.0,0.0,0.0,0.0,0,0.0,0.0,0.0,0.0,0,0.0,0.0,0.0,0.0,0,0.0,0.0,0.0,0.0,0,0.0,0.0,0.0,0.0,0,0.0,0.0,0.0,0.0,11,34760.37,3160.0336363636366,1357.9272034926817,1.5449053333333331,0,0.0,0.0,0.0,0.0,0,0.0,0.0,0.0,0.0,8,28024.8,3503.1,2715.244847786028,1.2455466666666666,2,347508.07,173754.035,21210.905338557568,15.44480311111111
555,0552-3.png,0552,Quercus alba L.,2250000,51,886705.0400000004,39.409112888888885,11,496318.11000000004,45119.828181818186,27335.030345692987,22.058582666666666,17,123743.16,7279.009411764706,4000.0146982190436,5.499696,0,0.0,0.0,0.0,0.0,0,0.0,0.0,0.0,0.0,0,0.0,0.0,0.0,0.0,0,0.0,0.0,0.0,0.0,0,0.0,0.0,0.0,0.0,0,0.0,0.0,0.0,0.0,0,0.0,0.0,0.0,0.0,10,47129.62999999999,4712.963,2771.553301458107,2.094650222222222,0,0.0,0.0,0.0,0.0,0,0.0,0.0,0.0,0.0,11,33048.04,3004.367272727273,2555.8859956347465,1.4688017777777778,2,186466.1,93233.05,3273.5508435031215,8.287382222222222
556,0552-4.png,0552,Quercus alba L.,2250000,62,918697.35,40.83099333333333,12,341394.78,28449.565000000002,19166.661826569638,15.17310133333333,20,116756.56000000003,5837.8279999999995,3530.999636452455,5.189180444444444,0,0.0,0.0,0.0,0.0,0,0.0,0.0,0.0,0.0,0,0.0,0.0,0.0,0.0,0,0.0,0.0,0.0,0.0,0,0.0,0.0,0.0,0.0,0,0.0,0.0,0.0,0.0,0,0.0,0.0,0.0,0.0,13,80326.79,6178.983846153846,3813.6927612956674,3.570079555555555,0,0.0,0.0,0.0,0.0,0,0.0,0.0,0.0,0.0,13,40017.479999999996,3078.267692307692,3622.6923415860056,1.778554666666667,4,340201.74,85050.435,40989.55401688297,15.120077333333334
557,0552-5.png,0552,Quercus alba L.,2250000,53,836226.9299999998,37.165641333333326,11,405340.79,36849.16272727273,22373.617253641438,18.01514622222222,19,109725.94000000003,5775.049473684211,3350.6915282345885,4.876708444444445,0,0.0,0.0,0.0,0.0,0,0.0,0.0,0.0,0.0,0,0.0,0.0,0.0,0.0,0,0.0,0.0,0.0,0.0,0,0.0,0.0,0.0,0.0,0,0.0,0.0,0.0,0.0,0,0.0,0.0,0.0,0.0,5,30133.010000000002,6026.602000000001,3585.341790662363,1.3392448888888888,0,0.0,0.0,0.0,0.0,0,0.0,0.0,0.0,0.0,15,28246.880000000005,1883.1253333333334,1456.1850624288631,1.2554168888888888,3,262780.31,87593.43666666666,20489.054976333908,11.67912488888889
558,0552-6.png,0552,Quercus alba L.,2250000,57,1051612.6300000001,46.73833911111111,8,519910.82999999996,64988.85375,15507.726123176644,23.107148000000002,22,136972.90000000002,6226.04090909091,3919.919099988707,6.087684444444443,0,0.0,0.0,0.0,0.0,0,0.0,0.0,0.0,0.0,0,0.0,0.0,0.0,0.0,0,0.0,0.0,0.0,0.0,0,0.0,0.0,0.0,0.0,0,0.0,0.0,0.0,0.0,0,0.0,0.0,0.0,0.0,11,77828.06,7075.278181818183,3787.271648313118,3.459024888888889,0,0.0,0.0,0.0,0.0,0,0.0,0.0,0.0,0.0,12,20070.43,1672.5358333333334,1593.5915621151792,0.8920191111111111,4,296830.41,74207.6025,6564.645158277155,13.192462666666666
559,0552-7.png,0552,Quercus alba L.,2250000,66,1284964.7900000003,57.10954622222221,9,348799.82,38755.53555555556,15743.450982440374,15.502214222222225,26,151144.62,5813.254615384615,2886.0381650147747,6.717538666666664,0,0.0,0.0,0.0,0.0,0,0.0,0.0,0.0,0.0,0,0.0,0.0,0.0,0.0,0,0.0,0.0,0.0,0.0,0,0.0,0.0,0.0,0.0,0,0.0,0.0,0.0,0.0,0,0.0,0.0,0.0,0.0,6,25205.25,4200.875,885.6919026106085,1.1202333333333332,0,0.0,0.0,0.0,0.0,0,0.0,0.0,0.0,0.0,19,63272.25000000001,3330.1184210526317,2833.1526067523027,2.8120999999999996,6,696542.8499999999,116090.47499999998,29661.146771659893,30.95746
560,0552-8.png,0552,Quercus alba L.,2250000,77,1217479.3499999996,54.11019333333332,15,365669.83999999997,24377.98933333333,18301.079937310675,16.25199288888889,25,180567.41,7222.6964,3566.5118761927597,8.025218222222223,0,0.0,0.0,0.0,0.0,0,0.0,0.0,0.0,0.0,0,0.0,0.0,0.0,0.0,0,0.0,0.0,0.0,0.0,0,0.0,0.0,0.0,0.0,0,0.0,0.0,0.0,0.0,0,0.0,0.0,0.0,0.0,9,42533.39,4725.932222222222,1626.6998354627212,1.890372888888889,0,0.0,0.0,0.0,0.0,0,0.0,0.0,0.0,0.0,24,71508.76000000001,2979.531666666667,3179.529284445934,3.17816711111111,4,557199.95,139299.9875,46456.277361552464,24.764442222222222
561,0552-9.png,0552,Quercus alba L.,2250000,72,1005024.8400000003,44.66777066666666,15,305575.50000000006,20371.700000000004,12573.137341841135,13.581133333333332,17,125527.38000000003,7383.963529411765,3148.973368462611,5.5789946666666665,0,0.0,0.0,0.0,0.0,0,0.0,0.0,0.0,0.0,0,0.0,0.0,0.0,0.0,0,0.0,0.0,0.0,0.0,0,0.0,0.0,0.0,0.0,0,0.0,0.0,0.0,0.0,0,0.0,0.0,0.0,0.0,13,55500.27999999999,4269.252307692308,3035.3983080812577,2.4666791111111106,0,0.0,0.0,0.0,0.0,0,0.0,0.0,0.0,0.0,23,99313.65,4317.984782608694,3473.4760843672925,4.413940000000001,4,419108.02999999997,104777.00749999999,3645.474964174768,18.627023555555553
562,0553-10.png,0553,Quercus petraea (Matt.) Liebl.,2250000,168,1044251.5499999996,46.411179999999995,13,228744.15,17595.703846153847,11765.714087050801,10.166406666666667,59,226398.8000000001,3837.267796610169,1885.0509937116653,10.062168888888886,0,0.0,0.0,0.0,0.0,0,0.0,0.0,0.0,0.0,0,0.0,0.0,0.0,0.0,0,0.0,0.0,0.0,0.0,0,0.0,0.0,0.0,0.0,0,0.0,0.0,0.0,0.0,0,0.0,0.0,0.0,0.0,2,9560.470000000001,4780.235000000001,448.3551967469546,0.4249097777777778,0,0.0,0.0,0.0,0.0,0,0.0,0.0,0.0,0.0,91,211855.89999999994,2328.0868131868133,2027.4031561049164,9.415817777777779,3,367692.23,122564.07666666666,16306.449889750165,16.341876888888887
563,0553-11.png,0553,Quercus petraea (Matt.) Liebl.,2250000,150,1003203.0399999999,44.58680177777777,15,262145.17,17476.34466666666,5671.49474743383,11.650896444444445,56,208876.4800000001,3729.937142857143,2331.70791354532,9.283399111111109,0,0.0,0.0,0.0,0.0,0,0.0,0.0,0.0,0.0,0,0.0,0.0,0.0,0.0,0,0.0,0.0,0.0,0.0,0,0.0,0.0,0.0,0.0,0,0.0,0.0,0.0,0.0,0,0.0,0.0,0.0,0.0,4,21502.729999999996,5375.682499999999,3516.717807912894,0.9556768888888889,0,0.0,0.0,0.0,0.0,0,0.0,0.0,0.0,0.0,73,198647.62999999998,2721.2004109589043,2237.4538884220847,8.828783555555558,2,312031.03,156015.515,1848.0589279701137,13.868045777777777
564,0553-2.png,0553,Quercus petraea (Matt.) Liebl.,2250000,150,1034396.06,45.973158222222224,17,326991.31000000006,19234.78294117647,9172.116752615482,14.532947111111113,56,253772.39000000004,4531.649821428572,2588.3098171751817,11.27877288888889,0,0.0,0.0,0.0,0.0,0,0.0,0.0,0.0,0.0,0,0.0,0.0,0.0,0.0,0,0.0,0.0,0.0,0.0,0,0.0,0.0,0.0,0.0,0,0.0,0.0,0.0,0.0,0,0.0,0.0,0.0,0.0,0,0.0,0.0,0.0,0.0,0,0.0,0.0,0.0,0.0,0,0.0,0.0,0.0,0.0,75,280052.66000000003,3734.0354666666663,2817.6881544686994,12.446784888888885,2,173579.7,86789.85,74.3452069739532,7.714653333333334
565,0553-3.png,0553,Quercus petraea (Matt.) Liebl.,2250000,152,1094787.5700000003,48.65722533333334,20,411094.64999999997,20554.732500000002,10072.397027528606,18.270873333333334,59,251036.5,4254.85593220339,2437.4482141329113,11.157177777777775,0,0.0,0.0,0.0,0.0,0,0.0,0.0,0.0,0.0,0,0.0,0.0,0.0,0.0,0,0.0,0.0,0.0,0.0,0,0.0,0.0,0.0,0.0,0,0.0,0.0,0.0,0.0,0,0.0,0.0,0.0,0.0,1,3270.15,3270.15,0.0,0.14534,0,0.0,0.0,0.0,0.0,0,0.0,0.0,0.0,0.0,70,223851.81000000008,3197.8830000000003,2430.376471667075,9.948969333333338,2,205534.46,102767.23,4557.925458714746,9.134864888888888
566,0553-4.png,0553,Quercus petraea (Matt.) Liebl.,2250000,143,941329.8300000001,41.83688133333332,18,292932.63,16274.035000000003,12517.228609591168,13.019227999999998,54,266212.44,4929.86,2962.2787807992654,11.831663999999998,0,0.0,0.0,0.0,0.0,0,0.0,0.0,0.0,0.0,0,0.0,0.0,0.0,0.0,0,0.0,0.0,0.0,0.0,0,0.0,0.0,0.0,0.0,0,0.0,0.0,0.0,0.0,0,0.0,0.0,0.0,0.0,1,3001.93,3001.93,0.0,0.1334191111111111,0,0.0,0.0,0.0,0.0,0,0.0,0.0,0.0,0.0,68,225586.66000000006,3317.450882352942,2616.6873569861477,10.026073777777778,2,153596.16999999998,76798.08499999999,917.9589522685554,6.826496444444444
567,0553-6.png,0553,Quercus petraea (Matt.) Liebl.,2250000,116,813892.7399999998,36.17301066666668,15,360950.21,24063.34733333333,15413.80492535389,16.042231555555556,39,175606.38000000006,4502.727692307692,2764.380347803732,7.8047280000000026,0,0.0,0.0,0.0,0.0,0,0.0,0.0,0.0,0.0,0,0.0,0.0,0.0,0.0,0,0.0,0.0,0.0,0.0,0,0.0,0.0,0.0,0.0,0,0.0,0.0,0.0,0.0,0,0.0,0.0,0.0,0.0,5,33178.93,6635.786,2912.2215898485474,1.474619111111111,0,0.0,0.0,0.0,0.0,0,0.0,0.0,0.0,0.0,55,190965.8,3472.1054545454544,2464.3911599019807,8.487368888888888,2,53191.42,26595.71,6899.099442680907,2.3640631111111112
568,0553-7.png,0553,Quercus petraea (Matt.) Liebl.,2250000,107,870113.9700000001,38.671731999999984,9,272046.82,30227.424444444445,13789.930975798166,12.09096977777778,41,244784.81000000003,5970.361219512196,2437.432168431765,10.879324888888886,0,0.0,0.0,0.0,0.0,0,0.0,0.0,0.0,0.0,0,0.0,0.0,0.0,0.0,0,0.0,0.0,0.0,0.0,0,0.0,0.0,0.0,0.0,0,0.0,0.0,0.0,0.0,0,0.0,0.0,0.0,0.0,1,18568.4,18568.4,0.0,0.8252622222222222,0,0.0,0.0,0.0,0.0,0,0.0,0.0,0.0,0.0,52,139611.13000000003,2684.8294230769234,1966.70107925301,6.204939111111109,4,195102.81,48775.7025,10846.914435255696,8.671236
569,0553-8.png,0553,Quercus petraea (Matt.) Liebl.,2250000,95,894089.6699999999,39.737318666666674,16,401965.48999999993,25122.843125,19091.397098386737,17.865132888888887,35,145352.11000000002,4152.917428571428,2585.346220835858,6.46009377777778,0,0.0,0.0,0.0,0.0,0,0.0,0.0,0.0,0.0,0,0.0,0.0,0.0,0.0,0,0.0,0.0,0.0,0.0,0,0.0,0.0,0.0,0.0,0,0.0,0.0,0.0,0.0,0,0.0,0.0,0.0,0.0,4,40555.00000000001,10138.750000000002,4434.313888589005,1.8024444444444443,0,0.0,0.0,0.0,0.0,0,0.0,0.0,0.0,0.0,38,109360.09000000003,2877.897105263158,1959.2982311089165,4.860448444444444,2,196856.97999999998,98428.48999999999,4245.3701192946655,8.74919911111111
570,0554-12.png,0554,Quercus robur L.,2250000,159,1081962.4,48.08721777777777,14,386218.76999999996,27587.054999999997,15301.26778876471,17.16527866666667,50,96052.07,1921.0413999999998,1022.294815167527,4.26898088888889,0,0.0,0.0,0.0,0.0,0,0.0,0.0,0.0,0.0,0,0.0,0.0,0.0,0.0,0,0.0,0.0,0.0,0.0,0,0.0,0.0,0.0,0.0,0,0.0,0.0,0.0,0.0,0,0.0,0.0,0.0,0.0,11,32624.239999999998,2965.8399999999997,967.430948833042,1.449966222222222,0,0.0,0.0,0.0,0.0,0,0.0,0.0,0.0,0.0,79,124650.87999999996,1577.859240506329,1239.422764544532,5.5400391111111125,5,442416.44,88483.288,6478.933201605803,19.66295288888889
571,0554-13.png,0554,Quercus robur L.,2250000,126,799712.39,35.542772888888884,9,231650.58,25738.95333333333,14717.574798382206,10.295581333333333,39,93501.78999999998,2397.481794871794,1233.5000799882034,4.155635111111112,0,0.0,0.0,0.0,0.0,0,0.0,0.0,0.0,0.0,0,0.0,0.0,0.0,0.0,0,0.0,0.0,0.0,0.0,0,0.0,0.0,0.0,0.0,0,0.0,0.0,0.0,0.0,0,0.0,0.0,0.0,0.0,12,80444.81,6703.734166666666,1464.769326508806,3.575324888888889,0,0.0,0.0,0.0,0.0,0,0.0,0.0,0.0,0.0,64,166613.46,2603.3353125,2084.3739676238133,7.405042666666668,2,227501.75,113750.875,11081.5017031109,10.11118888888889
572,0554-2.png,0554,Quercus robur L.,2250000,126,891784.0599999999,39.634847111111114,13,326447.36999999994,25111.336153846154,15595.501838065646,14.508771999999999,36,98452.08000000002,2734.78,1809.0263479641667,4.375648,0,0.0,0.0,0.0,0.0,0,0.0,0.0,0.0,0.0,0,0.0,0.0,0.0,0.0,0,0.0,0.0,0.0,0.0,0,0.0,0.0,0.0,0.0,0,0.0,0.0,0.0,0.0,0,0.0,0.0,0.0,0.0,12,69159.14000000001,5763.261666666666,2453.291085389484,3.0737395555555556,0,0.0,0.0,0.0,0.0,0,0.0,0.0,0.0,0.0,63,199982.30000000002,3174.3222222222225,2398.1802423843633,8.888102222222217,2,197743.16999999998,98871.58499999999,1649.2912117785606,8.788585333333334
573,0554-3.png,0554,Quercus robur L.,2250000,115,1091351.15,48.50449555555554,16,441910.01,27619.375625,17715.357016825816,19.640444888888887,32,89478.49999999997,2796.203125,1586.6018288873327,3.9768222222222227,0,0.0,0.0,0.0,0.0,0,0.0,0.0,0.0,0.0,0,0.0,0.0,0.0,0.0,0,0.0,0.0,0.0,0.0,0,0.0,0.0,0.0,0.0,0,0.0,0.0,0.0,0.0,0,0.0,0.0,0.0,0.0,11,55224.53,5020.4118181818185,1942.5390874770999,2.454423555555555,0,0.0,0.0,0.0,0.0,0,0.0,0.0,0.0,0.0,53,152940.64999999997,2885.672641509434,1799.3703380094585,6.797362222222223,3,351797.46,117265.82,14293.787580739405,15.635442666666664
574,0554-4.png,0554,Quercus robur L.,2250000,72,1058442.5999999999,47.041893333333334,11,566617.73,51510.70272727273,30225.3060852525,25.183010222222222,17,38723.6,2277.858823529412,1596.4990783895023,1.7210488888888889,0,0.0,0.0,0.0,0.0,0,0.0,0.0,0.0,0.0,0,0.0,0.0,0.0,0.0,0,0.0,0.0,0.0,0.0,0,0.0,0.0,0.0,0.0,0,0.0,0.0,0.0,0.0,0,0.0,0.0,0.0,0.0,6,58062.32,9677.053333333333,3491.1601247359977,2.5805475555555555,0,0.0,0.0,0.0,0.0,0,0.0,0.0,0.0,0.0,35,115401.48999999999,3297.185428571428,2219.454110430738,5.12895511111111,3,279637.46,93212.48666666668,25687.0523673043,12.428331555555555
575,0554-5.png,0554,Quercus robur L.,2250000,111,974949.78,43.331101333333336,14,406278.50000000006,29019.892857142862,19969.728980960706,18.056822222222223,26,62310.97,2396.5757692307693,1289.620708742452,2.7693764444444438,0,0.0,0.0,0.0,0.0,0,0.0,0.0,0.0,0.0,0,0.0,0.0,0.0,0.0,0,0.0,0.0,0.0,0.0,0,0.0,0.0,0.0,0.0,0,0.0,0.0,0.0,0.0,0,0.0,0.0,0.0,0.0,7,34340.850000000006,4905.835714285715,1861.6820641636348,1.5262600000000002,0,0.0,0.0,0.0,0.0,0,0.0,0.0,0.0,0.0,62,204259.9,3294.5145161290316,1880.3666095464741,9.078217777777779,2,267759.56,133879.78,7622.851517496593,11.900424888888889
576,0554-6.png,0554,Quercus robur L.,2250000,80,656890.1300000001,29.195116888888887,9,266442.06,29604.673333333332,26493.520336538426,11.841869333333333,16,40059.33,2503.708125,1225.038345877215,1.780414666666667,0,0.0,0.0,0.0,0.0,0,0.0,0.0,0.0,0.0,0,0.0,0.0,0.0,0.0,0,0.0,0.0,0.0,0.0,0,0.0,0.0,0.0,0.0,0,0.0,0.0,0.0,0.0,0,0.0,0.0,0.0,0.0,8,74532.15,9316.51875,4803.953693720674,3.3125400000000003,0,0.0,0.0,0.0,0.0,0,0.0,0.0,0.0,0.0,45,148390.51,3297.566888888889,2218.619268337878,6.595133777777778,2,127466.08,63733.04,2384.4206347035342,5.665159111111111
577,0554-8.png,0554,Quercus robur L.,2250000,147,916811.2200000001,40.74716533333333,23,420009.26,18261.272173913043,14719.486498461501,18.667078222222223,44,105623.25999999995,2400.528636363636,1179.5746023108086,4.694367111111111,0,0.0,0.0,0.0,0.0,0,0.0,0.0,0.0,0.0,0,0.0,0.0,0.0,0.0,0,0.0,0.0,0.0,0.0,0,0.0,0.0,0.0,0.0,0,0.0,0.0,0.0,0.0,0,0.0,0.0,0.0,0.0,23,55649.4,2419.5391304347827,1186.4546047972774,2.4733066666666668,0,0.0,0.0,0.0,0.0,0,0.0,0.0,0.0,0.0,54,97560.50000000003,1806.6759259259265,1372.2652190784852,4.336022222222223,3,237968.8,79322.93333333333,6189.733306858494,10.57639111111111
578,0554-9.png,0554,Quercus robur L.,2250000,179,991878.7800000001,44.08350133333331,19,298660.78,15718.988421052632,5623.659907127765,13.273812444444447,59,122490.05999999992,2076.102711864407,1010.1551213702032,5.444002666666666,0,0.0,0.0,0.0,0.0,0,0.0,0.0,0.0,0.0,0,0.0,0.0,0.0,0.0,0,0.0,0.0,0.0,0.0,0,0.0,0.0,0.0,0.0,0,0.0,0.0,0.0,0.0,0,0.0,0.0,0.0,0.0,14,30007.48,2143.3914285714286,828.6322434809448,1.3336657777777776,0,0.0,0.0,0.0,0.0,0,0.0,0.0,0.0,0.0,83,136259.43000000002,1641.6798795180723,1258.5113473634904,6.055974666666665,4,404461.03,101115.2575,11932.28318439064,17.976045777777777
579,0648-1.png,0648,Triplochiton scleroxylon K. Schum.,2250000,60,170245.19999999995,7.5664533333333335,0,0.0,0.0,0.0,0.0,35,74005.39999999998,2114.4399999999996,1167.2953024809608,3.289128888888889,0,0.0,0.0,0.0,0.0,0,0.0,0.0,0.0,0.0,0,0.0,0.0,0.0,0.0,0,0.0,0.0,0.0,0.0,0,0.0,0.0,0.0,0.0,0,0.0,0.0,0.0,0.0,0,0.0,0.0,0.0,0.0,0,0.0,0.0,0.0,0.0,0,0.0,0.0,0.0,0.0,0,0.0,0.0,0.0,0.0,25,96239.79999999997,3849.592,2564.844548939565,4.277324444444444,0,0.0,0.0,0.0,0.0
580,0648-2.png,0648,Triplochiton scleroxylon K. Schum.,2250000,87,263172.93000000005,11.696574666666667,0,0.0,0.0,0.0,0.0,50,90712.28000000003,1814.2456,812.4178551383468,4.031656888888889,0,0.0,0.0,0.0,0.0,0,0.0,0.0,0.0,0.0,0,0.0,0.0,0.0,0.0,0,0.0,0.0,0.0,0.0,0,0.0,0.0,0.0,0.0,0,0.0,0.0,0.0,0.0,0,0.0,0.0,0.0,0.0,0,0.0,0.0,0.0,0.0,0,0.0,0.0,0.0,0.0,0,0.0,0.0,0.0,0.0,37,172460.65000000002,4661.09864864865,2103.494295910659,7.664917777777779,0,0.0,0.0,0.0,0.0
581,0648-3.png,0648,Triplochiton scleroxylon K. Schum.,2250000,54,167736.7799999999,7.454967999999999,0,0.0,0.0,0.0,0.0,24,42169.700000000004,1757.0708333333332,1190.1151946908576,1.8742088888888893,0,0.0,0.0,0.0,0.0,0,0.0,0.0,0.0,0.0,0,0.0,0.0,0.0,0.0,0,0.0,0.0,0.0,0.0,0,0.0,0.0,0.0,0.0,0,0.0,0.0,0.0,0.0,0,0.0,0.0,0.0,0.0,0,0.0,0.0,0.0,0.0,0,0.0,0.0,0.0,0.0,0,0.0,0.0,0.0,0.0,30,125567.08,4185.569333333333,2504.9336867056268,5.580759111111109,0,0.0,0.0,0.0,0.0
582,0648-4.png,0648,Triplochiton scleroxylon K. Schum.,2250000,54,188603.29,8.382368444444444,0,0.0,0.0,0.0,0.0,22,41621.439999999995,1891.8836363636362,1407.7016100842416,1.8498417777777783,0,0.0,0.0,0.0,0.0,0,0.0,0.0,0.0,0.0,0,0.0,0.0,0.0,0.0,0,0.0,0.0,0.0,0.0,0,0.0,0.0,0.0,0.0,0,0.0,0.0,0.0,0.0,0,0.0,0.0,0.0,0.0,0,0.0,0.0,0.0,0.0,0,0.0,0.0,0.0,0.0,0,0.0,0.0,0.0,0.0,32,146981.84999999998,4593.182812499999,2468.6067599908415,6.5325266666666675,0,0.0,0.0,0.0,0.0
583,0648-7.png,0648,Triplochiton scleroxylon K. Schum.,2250000,94,266031.17000000016,11.823607555555565,0,0.0,0.0,0.0,0.0,57,124202.39000000001,2178.989298245614,1113.704688701279,5.520106222222223,0,0.0,0.0,0.0,0.0,0,0.0,0.0,0.0,0.0,0,0.0,0.0,0.0,0.0,0,0.0,0.0,0.0,0.0,0,0.0,0.0,0.0,0.0,0,0.0,0.0,0.0,0.0,0,0.0,0.0,0.0,0.0,0,0.0,0.0,0.0,0.0,0,0.0,0.0,0.0,0.0,0,0.0,0.0,0.0,0.0,37,141828.78,3833.2102702702696,2530.4896165482005,6.303501333333336,0,0.0,0.0,0.0,0.0
584,0256-10.jpg,0256,Entandrophragma angolense (Welw.) Panshin,2250000,106,1371159.24,60.94041066666666,0,0.0,0.0,0.0,0.0,0,0.0,0.0,0.0,0.0,4,6888.99,1722.2475,646.7213031064206,0.30617733333333336,22,57095.65999999999,2595.2572727272723,1785.2761384091707,2.5375848888888894,1,5498.53,5498.53,0.0,0.2443791111111111,0,0.0,0.0,0.0,0.0,0,0.0,0.0,0.0,0.0,0,0.0,0.0,0.0,0.0,0,0.0,0.0,0.0,0.0,0,0.0,0.0,0.0,0.0,2,84018.59,42009.295,4670.970619823036,3.7341595555555553,0,0.0,0.0,0.0,0.0,54,154392.24999999997,2859.1157407407404,1332.6398134297656,6.861877777777779,23,1063265.22,46228.92260869565,13636.99549467491,47.25623199999999
585,0256-4.jpg,0256,Entandrophragma angolense (Welw.) Panshin,2250000,82,1305250.8600000003,58.01114933333332,0,0.0,0.0,0.0,0.0,0,0.0,0.0,0.0,0.0,0,0.0,0.0,0.0,0.0,25,135678.99,5427.1596,3353.297299982611,6.0301773333333335,4,41731.95,10432.9875,1741.1351507254305,1.8547533333333335,0,0.0,0.0,0.0,0.0,0,0.0,0.0,0.0,0.0,0,0.0,0.0,0.0,0.0,0,0.0,0.0,0.0,0.0,0,0.0,0.0,0.0,0.0,2,108966.35,54483.175,9012.676966986555,4.842948888888889,0,0.0,0.0,0.0,0.0,32,104051.45,3251.6078125,1223.4654970199554,4.624508888888888,19,914822.12,48148.53263157895,10143.717113307046,40.658760888888885
586,0256-5.jpg,0256,Entandrophragma angolense (Welw.) Panshin,2250000,73,792315.9700000002,35.2140431111111,0,0.0,0.0,0.0,0.0,0,0.0,0.0,0.0,0.0,0,0.0,0.0,0.0,0.0,21,102283.37000000001,4870.636666666666,3563.075886229949,4.545927555555555,5,32338.850000000002,6467.77,2995.577114689255,1.4372822222222223,0,0.0,0.0,0.0,0.0,0,0.0,0.0,0.0,0.0,0,0.0,0.0,0.0,0.0,0,0.0,0.0,0.0,0.0,0,0.0,0.0,0.0,0.0,0,0.0,0.0,0.0,0.0,0,0.0,0.0,0.0,0.0,35,119047.17000000001,3401.3477142857146,1717.9744638913749,5.290985333333332,12,538646.58,44887.215,16033.596003847388,23.939848
587,0256-6.jpg,0256,Entandrophragma angolense (Welw.) Panshin,2250000,87,1051565.35,46.73623777777777,0,0.0,0.0,0.0,0.0,0,0.0,0.0,0.0,0.0,2,5840.780000000001,2920.3900000000003,647.8795171943625,0.2595902222222222,16,94426.59999999998,5901.662499999999,4668.302345179312,4.196737777777778,0,0.0,0.0,0.0,0.0,0,0.0,0.0,0.0,0.0,1,6493.09,6493.09,0.0,0.28858177777777777,0,0.0,0.0,0.0,0.0,0,0.0,0.0,0.0,0.0,0,0.0,0.0,0.0,0.0,3,135734.79,45244.93,24108.18768199717,6.032657333333334,0,0.0,0.0,0.0,0.0,53,166977.16999999998,3150.5126415094337,1521.8652894963002,7.421207555555555,12,642092.92,53507.74333333334,4485.507312014252,28.53746311111111
588,0256-7.jpg,0256,Entandrophragma angolense (Welw.) Panshin,2250000,94,1073278.45,47.70126444444445,0,0.0,0.0,0.0,0.0,0,0.0,0.0,0.0,0.0,2,5392.3099999999995,2696.1549999999997,802.643978392662,0.23965822222222222,27,138934.17,5145.71,4257.1821403798585,6.1748520000000005,3,20310.760000000002,6770.253333333334,3880.513453917321,0.9027004444444444,0,0.0,0.0,0.0,0.0,0,0.0,0.0,0.0,0.0,0,0.0,0.0,0.0,0.0,0,0.0,0.0,0.0,0.0,0,0.0,0.0,0.0,0.0,2,12488.369999999999,6244.1849999999995,2979.9530368866554,0.5550386666666667,0,0.0,0.0,0.0,0.0,45,167915.93000000002,3731.4651111111116,1309.6724140039098,7.462930222222221,15,728236.9099999999,48549.12733333333,5918.099047899547,32.366084888888885
589,0256-8.jpg,0256,Entandrophragma angolense (Welw.) Panshin,2250000,93,948581.47,42.159176444444434,0,0.0,0.0,0.0,0.0,0,0.0,0.0,0.0,0.0,3,9673.119999999999,3224.373333333333,664.2355288098743,0.42991644444444443,33,165656.47999999998,5019.893333333333,3704.254173666126,7.362510222222222,2,14462.470000000001,7231.235000000001,987.7503915716766,0.6427764444444445,0,0.0,0.0,0.0,0.0,0,0.0,0.0,0.0,0.0,0,0.0,0.0,0.0,0.0,0,0.0,0.0,0.0,0.0,0,0.0,0.0,0.0,0.0,0,0.0,0.0,0.0,0.0,0,0.0,0.0,0.0,0.0,43,149259.55000000002,3471.152325581396,1339.1836751469818,6.633757777777778,12,609529.8499999999,50794.15416666667,6525.741452822129,27.090215555555556
590,0256-9.jpg,0256,Entandrophragma angolense (Welw.) Panshin,2250000,96,853031.51,37.91251155555555,0,0.0,0.0,0.0,0.0,0,0.0,0.0,0.0,0.0,2,3377.4399999999996,1688.7199999999998,520.4305909532989,0.15010844444444443,22,81390.00000000001,3699.5454545454545,2927.933258487855,3.6173333333333333,2,15549.3,7774.65,6904.4168856754295,0.6910799999999999,0,0.0,0.0,0.0,0.0,0,0.0,0.0,0.0,0.0,0,0.0,0.0,0.0,0.0,0,0.0,0.0,0.0,0.0,0,0.0,0.0,0.0,0.0,5,162466.77000000002,32493.354000000003,8978.367694530001,7.220745333333334,0,0.0,0.0,0.0,0.0,55,195624.22999999995,3556.8041818181814,1641.9921682874658,8.694410222222222,10,394623.77,39462.377,8302.638687596786,17.53883422222222
591,0072-1.jpg,0072,Baillonella toxisperma Pierre,2250000,167,385732.7699999998,17.143678666666656,0,0.0,0.0,0.0,0.0,47,105020.31,2234.4746808510636,1131.7842369209911,4.6675693333333355,0,0.0,0.0,0.0,0.0,0,0.0,0.0,0.0,0.0,0,0.0,0.0,0.0,0.0,0,0.0,0.0,0.0,0.0,0,0.0,0.0,0.0,0.0,0,0.0,0.0,0.0,0.0,0,0.0,0.0,0.0,0.0,1,3407.48,3407.48,0.0,0.15144355555555555,0,0.0,0.0,0.0,0.0,0,0.0,0.0,0.0,0.0,119,277304.97999999975,2330.2939495798314,1377.4364292521375,12.324665777777781,0,0.0,0.0,0.0,0.0
592,0072-10.jpg,0072,Baillonella toxisperma Pierre,2250000,146,348631.3899999999,15.494728444444442,0,0.0,0.0,0.0,0.0,34,58556.90000000001,1722.2617647058823,1037.7302746961918,2.6025288888888896,0,0.0,0.0,0.0,0.0,0,0.0,0.0,0.0,0.0,0,0.0,0.0,0.0,0.0,0,0.0,0.0,0.0,0.0,0,0.0,0.0,0.0,0.0,0,0.0,0.0,0.0,0.0,0,0.0,0.0,0.0,0.0,0,0.0,0.0,0.0,0.0,0,0.0,0.0,0.0,0.0,0,0.0,0.0,0.0,0.0,112,290074.48999999993,2589.9508035714284,1154.7356090825,12.892199555555555,0,0.0,0.0,0.0,0.0
593,0072-2.jpg,0072,Baillonella toxisperma Pierre,2250000,167,363085.29,16.137124000000007,0,0.0,0.0,0.0,0.0,53,95119.72,1794.7116981132078,1334.6676066919547,4.227543111111112,0,0.0,0.0,0.0,0.0,0,0.0,0.0,0.0,0.0,0,0.0,0.0,0.0,0.0,0,0.0,0.0,0.0,0.0,0,0.0,0.0,0.0,0.0,0,0.0,0.0,0.0,0.0,0,0.0,0.0,0.0,0.0,0,0.0,0.0,0.0,0.0,0,0.0,0.0,0.0,0.0,0,0.0,0.0,0.0,0.0,114,267965.56999999995,2350.5751754385965,1320.9846220191328,11.90958088888889,0,0.0,0.0,0.0,0.0
594,0072-6.jpg,0072,Baillonella toxisperma Pierre,2250000,120,284769.06999999995,12.65640311111112,0,0.0,0.0,0.0,0.0,60,127795.46000000002,2129.9243333333334,895.2616586215747,5.679798222222219,0,0.0,0.0,0.0,0.0,0,0.0,0.0,0.0,0.0,0,0.0,0.0,0.0,0.0,0,0.0,0.0,0.0,0.0,0,0.0,0.0,0.0,0.0,0,0.0,0.0,0.0,0.0,0,0.0,0.0,0.0,0.0,0,0.0,0.0,0.0,0.0,0,0.0,0.0,0.0,0.0,7,41214.83,5887.832857142857,2972.452354531043,1.8317702222222223,53,115758.78000000001,2184.1279245283017,933.5339401381401,5.144834666666668,0,0.0,0.0,0.0,0.0
595,0072-7.jpg,0072,Baillonella toxisperma Pierre,2250000,99,231017.55999999994,10.267447111111112,0,0.0,0.0,0.0,0.0,51,110152.94,2159.861568627451,683.1277960451398,4.8956862222222215,0,0.0,0.0,0.0,0.0,0,0.0,0.0,0.0,0.0,0,0.0,0.0,0.0,0.0,0,0.0,0.0,0.0,0.0,0,0.0,0.0,0.0,0.0,0,0.0,0.0,0.0,0.0,0,0.0,0.0,0.0,0.0,0,0.0,0.0,0.0,0.0,0,0.0,0.0,0.0,0.0,2,12974.380000000001,6487.1900000000005,1813.9127415066025,0.5766391111111111,46,107890.24,2345.4399999999996,906.9880151309119,4.795121777777778,0,0.0,0.0,0.0,0.0
596,0072-8.jpg,0072,Baillonella toxisperma Pierre,2250000,147,371216.7700000001,16.498523111111112,0,0.0,0.0,0.0,0.0,57,136937.53,2402.412807017544,993.9815163195124,6.086112444444448,0,0.0,0.0,0.0,0.0,0,0.0,0.0,0.0,0.0,0,0.0,0.0,0.0,0.0,0,0.0,0.0,0.0,0.0,0,0.0,0.0,0.0,0.0,0,0.0,0.0,0.0,0.0,0,0.0,0.0,0.0,0.0,0,0.0,0.0,0.0,0.0,0,0.0,0.0,0.0,0.0,5,19867.670000000002,3973.5340000000006,1944.5065806085613,0.8830075555555555,85,214411.56999999995,2522.48905882353,1072.8384244728068,9.529403111111106,0,0.0,0.0,0.0,0.0
597,0072-9.jpg,0072,Baillonella toxisperma Pierre,2250000,163,443645.99999999994,19.717600000000008,0,0.0,0.0,0.0,0.0,52,135396.85,2603.785576923077,1208.6682040056198,6.01763777777778,0,0.0,0.0,0.0,0.0,0,0.0,0.0,0.0,0.0,1,796.08,796.08,0.0,0.035381333333333334,0,0.0,0.0,0.0,0.0,0,0.0,0.0,0.0,0.0,0,0.0,0.0,0.0,0.0,0,0.0,0.0,0.0,0.0,0,0.0,0.0,0.0,0.0,0,0.0,0.0,0.0,0.0,1,6507.04,6507.04,0.0,0.2892017777777778,109,300946.03,2760.9727522935777,1187.272946672231,13.37537911111111,0,0.0,0.0,0.0,0.0
598,0073-10.jpg,0073,Balfourodendron riedelianum (Engl.) Engl.,2250000,117,125277.46000000002,5.56788711111111,0,0.0,0.0,0.0,0.0,0,0.0,0.0,0.0,0.0,23,21844.990000000005,949.7821739130435,371.27993557858883,0.9708884444444443,0,0.0,0.0,0.0,0.0,0,0.0,0.0,0.0,0.0,0,0.0,0.0,0.0,0.0,0,0.0,0.0,0.0,0.0,0,0.0,0.0,0.0,0.0,0,0.0,0.0,0.0,0.0,0,0.0,0.0,0.0,0.0,3,20362.26,6787.419999999999,5556.008846384246,0.9049893333333334,0,0.0,0.0,0.0,0.0,90,63641.35999999999,707.1262222222222,171.20167652215036,2.8285048888888893,1,19428.85,19428.85,0.0,0.8635044444444444
599,0073-2.jpg,0073,Balfourodendron riedelianum (Engl.) Engl.,2250000,159,177789.69,7.901764000000001,0,0.0,0.0,0.0,0.0,0,0.0,0.0,0.0,0.0,17,16856.08,991.5341176470587,307.68256533842685,0.7491591111111113,0,0.0,0.0,0.0,0.0,0,0.0,0.0,0.0,0.0,0,0.0,0.0,0.0,0.0,0,0.0,0.0,0.0,0.0,0,0.0,0.0,0.0,0.0,0,0.0,0.0,0.0,0.0,0,0.0,0.0,0.0,0.0,7,57088.12999999999,8155.447142857141,5183.331796289314,2.537250222222222,1,3604.89,3604.89,0.0,0.16021733333333332,134,100240.58999999998,748.0641044776119,222.86403804326844,4.455137333333333,0,0.0,0.0,0.0,0.0
600,0073-3.jpg,0073,Balfourodendron riedelianum (Engl.) Engl.,2250000,168,137384.82999999996,6.105992444444446,0,0.0,0.0,0.0,0.0,0,0.0,0.0,0.0,0.0,5,4627.34,925.4680000000001,269.2175517495099,0.2056595555555556,0,0.0,0.0,0.0,0.0,0,0.0,0.0,0.0,0.0,0,0.0,0.0,0.0,0.0,0,0.0,0.0,0.0,0.0,0,0.0,0.0,0.0,0.0,0,0.0,0.0,0.0,0.0,0,0.0,0.0,0.0,0.0,3,10733.130000000001,3577.7100000000005,3201.9331522847256,0.477028,0,0.0,0.0,0.0,0.0,160,122024.36000000003,762.6522499999999,240.02807218409913,5.4233048888888895,0,0.0,0.0,0.0,0.0
601,0073-4.jpg,0073,Balfourodendron riedelianum (Engl.) Engl.,2250000,152,288110.0099999997,12.804889333333332,0,0.0,0.0,0.0,0.0,0,0.0,0.0,0.0,0.0,10,14007.57,1400.757,735.9379592518501,0.6225586666666667,0,0.0,0.0,0.0,0.0,0,0.0,0.0,0.0,0.0,0,0.0,0.0,0.0,0.0,0,0.0,0.0,0.0,0.0,0,0.0,0.0,0.0,0.0,0,0.0,0.0,0.0,0.0,0,0.0,0.0,0.0,0.0,7,177421.68999999997,25345.955714285712,21460.95395647396,7.885408444444444,0,0.0,0.0,0.0,0.0,135,96680.75000000003,716.1537037037039,211.98297300582698,4.296922222222224,0,0.0,0.0,0.0,0.0
602,0073-5.jpg,0073,Balfourodendron riedelianum (Engl.) Engl.,2250000,154,286531.7800000001,12.734745777777777,0,0.0,0.0,0.0,0.0,0,0.0,0.0,0.0,0.0,17,17033.100000000002,1001.9470588235293,394.7195830865994,0.7570266666666668,0,0.0,0.0,0.0,0.0,0,0.0,0.0,0.0,0.0,0,0.0,0.0,0.0,0.0,0,0.0,0.0,0.0,0.0,0,0.0,0.0,0.0,0.0,0,0.0,0.0,0.0,0.0,0,0.0,0.0,0.0,0.0,7,170781.61000000002,24397.37285714286,15354.970463806081,7.590293777777778,1,3258.35,3258.35,0.0,0.14481555555555556,129,95458.72,739.9900775193798,203.0679954261631,4.242609777777778,0,0.0,0.0,0.0,0.0
603,0073-6.jpg,0073,Balfourodendron riedelianum (Engl.) Engl.,2250000,171,204708.34000000005,9.098148444444439,0,0.0,0.0,0.0,0.0,0,0.0,0.0,0.0,0.0,15,14604.089999999998,973.6059999999999,295.1966440430611,0.6490706666666667,0,0.0,0.0,0.0,0.0,0,0.0,0.0,0.0,0.0,0,0.0,0.0,0.0,0.0,0,0.0,0.0,0.0,0.0,0,0.0,0.0,0.0,0.0,0,0.0,0.0,0.0,0.0,0,0.0,0.0,0.0,0.0,6,53016.55,8836.091666666667,7919.489997406188,2.3562911111111107,0,0.0,0.0,0.0,0.0,149,115764.13999999998,776.9405369127517,231.65721256814973,5.145072888888891,1,21323.56,21323.56,0.0,0.9477137777777778
604,0073-7.jpg,0073,Balfourodendron riedelianum (Engl.) Engl.,2250000,178,166275.47000000012,7.3900208888888805,0,0.0,0.0,0.0,0.0,0,0.0,0.0,0.0,0.0,12,12406.83,1033.9025000000001,252.6811865186139,0.5514146666666666,0,0.0,0.0,0.0,0.0,0,0.0,0.0,0.0,0.0,0,0.0,0.0,0.0,0.0,0,0.0,0.0,0.0,0.0,0,0.0,0.0,0.0,0.0,0,0.0,0.0,0.0,0.0,0,0.0,0.0,0.0,0.0,5,24562.6,4912.5199999999995,3758.490116462993,1.0916711111111113,0,0.0,0.0,0.0,0.0,161,129306.04000000002,803.1431055900622,220.24602781104824,5.746935111111103,0,0.0,0.0,0.0,0.0
605,0073-9.jpg,0073,Balfourodendron riedelianum (Engl.) Engl.,2250000,156,143088.30999999994,6.3594804444444435,0,0.0,0.0,0.0,0.0,0,0.0,0.0,0.0,0.0,16,15663.009999999998,978.938125,212.352631887583,0.696133777777778,0,0.0,0.0,0.0,0.0,0,0.0,0.0,0.0,0.0,0,0.0,0.0,0.0,0.0,0,0.0,0.0,0.0,0.0,0,0.0,0.0,0.0,0.0,0,0.0,0.0,0.0,0.0,0,0.0,0.0,0.0,0.0,2,23970.36,11985.18,10048.991452290125,1.0653493333333333,0,0.0,0.0,0.0,0.0,138,103454.93999999999,749.6734782608696,223.49260066672653,4.597997333333332,0,0.0,0.0,0.0,0.0
606,0679-1.jpg,0679,Aningeria Aubrév. & Pellegr.,2250000,56,117476.47000000004,5.2211764444444455,0,0.0,0.0,0.0,0.0,0,0.0,0.0,0.0,0.0,0,0.0,0.0,0.0,0.0,0,0.0,0.0,0.0,0.0,0,0.0,0.0,0.0,0.0,0,0.0,0.0,0.0,0.0,0,0.0,0.0,0.0,0.0,0,0.0,0.0,0.0,0.0,0,0.0,0.0,0.0,0.0,10,34358.02,3435.8020000000006,2115.252389494507,1.5270231111111112,0,0.0,0.0,0.0,0.0,1,6352.54,6352.54,0.0,0.2823351111111111,45,76765.91,1705.9091111111115,506.88662194644945,3.4118182222222213,0,0.0,0.0,0.0,0.0
607,0679-2.jpg,0679,Aningeria Aubrév. & Pellegr.,2250000,41,107838.76,4.792833777777778,0,0.0,0.0,0.0,0.0,0,0.0,0.0,0.0,0.0,0,0.0,0.0,0.0,0.0,0,0.0,0.0,0.0,0.0,0,0.0,0.0,0.0,0.0,0,0.0,0.0,0.0,0.0,0,0.0,0.0,0.0,0.0,0,0.0,0.0,0.0,0.0,0,0.0,0.0,0.0,0.0,11,50160.53,4560.0481818181825,2533.976719612152,2.2293568888888893,0,0.0,0.0,0.0,0.0,1,6502.75,6502.75,0.0,0.2890111111111111,29,51175.48000000002,1764.671724137931,513.6798099780291,2.2744657777777775,0,0.0,0.0,0.0,0.0
608,0679-4.jpg,0679,Aningeria Aubrév. & Pellegr.,2250000,59,115233.08000000003,5.121470222222223,0,0.0,0.0,0.0,0.0,0,0.0,0.0,0.0,0.0,0,0.0,0.0,0.0,0.0,0,0.0,0.0,0.0,0.0,0,0.0,0.0,0.0,0.0,0,0.0,0.0,0.0,0.0,0,0.0,0.0,0.0,0.0,0,0.0,0.0,0.0,0.0,0,0.0,0.0,0.0,0.0,7,34942.75,4991.821428571428,1796.1203643448525,1.553011111111111,0,0.0,0.0,0.0,0.0,0,0.0,0.0,0.0,0.0,52,80290.33000000003,1544.0448076923078,475.91782310703877,3.5684591111111112,0,0.0,0.0,0.0,0.0
609,0679-5.jpg,0679,Aningeria Aubrév. & Pellegr.,2250000,49,98113.03000000001,4.360579111111111,0,0.0,0.0,0.0,0.0,0,0.0,0.0,0.0,0.0,0,0.0,0.0,0.0,0.0,0,0.0,0.0,0.0,0.0,0,0.0,0.0,0.0,0.0,0,0.0,0.0,0.0,0.0,0,0.0,0.0,0.0,0.0,0,0.0,0.0,0.0,0.0,0,0.0,0.0,0.0,0.0,6,21308.53,3551.4216666666666,1687.7239142397273,0.9470457777777779,0,0.0,0.0,0.0,0.0,1,4481.43,4481.43,0.0,0.19917466666666667,42,72323.06999999999,1721.9778571428574,431.2644993534863,3.2143586666666666,0,0.0,0.0,0.0,0.0
610,0679-6.jpg,0679,Aningeria Aubrév. & Pellegr.,2250000,42,78014.74,3.4673217777777765,0,0.0,0.0,0.0,0.0,0,0.0,0.0,0.0,0.0,0,0.0,0.0,0.0,0.0,0,0.0,0.0,0.0,0.0,0,0.0,0.0,0.0,0.0,0,0.0,0.0,0.0,0.0,0,0.0,0.0,0.0,0.0,0,0.0,0.0,0.0,0.0,0,0.0,0.0,0.0,0.0,4,14417.41,3604.3525,1886.3616861456694,0.6407737777777778,0,0.0,0.0,0.0,0.0,0,0.0,0.0,0.0,0.0,38,63597.33000000002,1673.6139473684213,471.8708272772841,2.826547999999999,0,0.0,0.0,0.0,0.0
611,0679-7.jpg,0679,Aningeria Aubrév. & Pellegr.,2250000,68,137051.28,6.0911680000000015,0,0.0,0.0,0.0,0.0,0,0.0,0.0,0.0,0.0,0,0.0,0.0,0.0,0.0,0,0.0,0.0,0.0,0.0,0,0.0,0.0,0.0,0.0,0,0.0,0.0,0.0,0.0,0,0.0,0.0,0.0,0.0,0,0.0,0.0,0.0,0.0,0,0.0,0.0,0.0,0.0,8,37972.57000000001,4746.57125,2547.614921341346,1.6876697777777778,0,0.0,0.0,0.0,0.0,1,4640.22,4640.22,0.0,0.20623200000000003,59,94438.48999999999,1600.652372881356,518.266529404677,4.197266222222223,0,0.0,0.0,0.0,0.0
612,0679-8.jpg,0679,Aningeria Aubrév. & Pellegr.,2250000,70,123282.89999999997,5.4792400000000026,0,0.0,0.0,0.0,0.0,0,0.0,0.0,0.0,0.0,0,0.0,0.0,0.0,0.0,0,0.0,0.0,0.0,0.0,0,0.0,0.0,0.0,0.0,0,0.0,0.0,0.0,0.0,0,0.0,0.0,0.0,0.0,0,0.0,0.0,0.0,0.0,0,0.0,0.0,0.0,0.0,2,11740.57,5870.285,3487.486000151111,0.5218031111111111,0,0.0,0.0,0.0,0.0,1,6434.08,6434.08,0.0,0.2859591111111111,67,105108.24999999997,1568.7798507462687,440.59888937635145,4.671477777777779,0,0.0,0.0,0.0,0.0
613,0679-9.jpg,0679,Aningeria Aubrév. & Pellegr.,2250000,78,121184.31999999999,5.38596977777778,0,0.0,0.0,0.0,0.0,0,0.0,0.0,0.0,0.0,0,0.0,0.0,0.0,0.0,0,0.0,0.0,0.0,0.0,0,0.0,0.0,0.0,0.0,0,0.0,0.0,0.0,0.0,0,0.0,0.0,0.0,0.0,0,0.0,0.0,0.0,0.0,0,0.0,0.0,0.0,0.0,1,4075.88,4075.88,0.0,0.1811502222222222,0,0.0,0.0,0.0,0.0,1,4413.84,4413.84,0.0,0.1961706666666667,76,112694.59999999999,1482.8236842105264,527.1150259967732,5.008648888888891,0,0.0,0.0,0.0,0.0
614,0009-1.png,0009,Leptolobium Vogel,2250000,216,430157.6,19.11811555555556,0,0.0,0.0,0.0,0.0,0,0.0,0.0,0.0,0.0,2,2950.43,1475.215,44.00325499323887,0.1311302222222222,0,0.0,0.0,0.0,0.0,81,225819.44999999992,2787.8944444444446,1780.0831841546058,10.036419999999998,0,0.0,0.0,0.0,0.0,0,0.0,0.0,0.0,0.0,0,0.0,0.0,0.0,0.0,0,0.0,0.0,0.0,0.0,0,0.0,0.0,0.0,0.0,0,0.0,0.0,0.0,0.0,0,0.0,0.0,0.0,0.0,133,201387.72,1514.1933834586464,507.8919582344488,8.950565333333335,0,0.0,0.0,0.0,0.0
615,0009-4.png,0009,Leptolobium Vogel,2250000,203,411422.98999999993,18.285466222222226,0,0.0,0.0,0.0,0.0,0,0.0,0.0,0.0,0.0,3,4586.58,1528.86,871.1863756395643,0.20384800000000003,0,0.0,0.0,0.0,0.0,35,147952.80999999997,4227.223142857143,1858.035777613761,6.575680444444444,0,0.0,0.0,0.0,0.0,0,0.0,0.0,0.0,0.0,0,0.0,0.0,0.0,0.0,0,0.0,0.0,0.0,0.0,0,0.0,0.0,0.0,0.0,0,0.0,0.0,0.0,0.0,0,0.0,0.0,0.0,0.0,165,258883.60000000003,1568.9915151515152,549.1640040459348,11.505937777777776,0,0.0,0.0,0.0,0.0
616,0009-5.png,0009,Leptolobium Vogel,2250000,177,347934.04,15.463735111111115,0,0.0,0.0,0.0,0.0,0,0.0,0.0,0.0,0.0,29,47040.57000000001,1622.0886206896553,614.4136079322424,2.0906919999999998,0,0.0,0.0,0.0,0.0,34,131898.2,3879.358823529412,1725.559086493532,5.8621422222222215,0,0.0,0.0,0.0,0.0,1,4330.16,4330.16,0.0,0.19245155555555554,0,0.0,0.0,0.0,0.0,0,0.0,0.0,0.0,0.0,0,0.0,0.0,0.0,0.0,0,0.0,0.0,0.0,0.0,0,0.0,0.0,0.0,0.0,113,164665.11000000007,1457.2133628318586,574.2976583395624,7.318449333333336,0,0.0,0.0,0.0,0.0
617,0009-6.png,0009,Leptolobium Vogel,2250000,155,336458.38,14.953705777777778,0,0.0,0.0,0.0,0.0,0,0.0,0.0,0.0,0.0,68,106263.71999999999,1562.7017647058826,742.8813483713488,4.722831999999999,0,0.0,0.0,0.0,0.0,37,156883.46999999997,4240.093783783784,1519.0978761721842,6.972598666666666,0,0.0,0.0,0.0,0.0,0,0.0,0.0,0.0,0.0,0,0.0,0.0,0.0,0.0,0,0.0,0.0,0.0,0.0,0,0.0,0.0,0.0,0.0,0,0.0,0.0,0.0,0.0,0,0.0,0.0,0.0,0.0,50,73311.19,1466.2238,479.0614010618118,3.258275111111112,0,0.0,0.0,0.0,0.0
618,0009-7.png,0009,Leptolobium Vogel,2250000,162,318719.44000000006,14.165308444444447,0,0.0,0.0,0.0,0.0,0,0.0,0.0,0.0,0.0,59,89166.31999999998,1511.2935593220338,694.8238358297107,3.962947555555556,0,0.0,0.0,0.0,0.0,35,138140.2,3946.8628571428567,2313.440302507948,6.139564444444445,0,0.0,0.0,0.0,0.0,0,0.0,0.0,0.0,0.0,0,0.0,0.0,0.0,0.0,0,0.0,0.0,0.0,0.0,0,0.0,0.0,0.0,0.0,0,0.0,0.0,0.0,0.0,0,0.0,0.0,0.0,0.0,68,91412.91999999997,1344.3076470588235,378.75147226596334,4.062796444444445,0,0.0,0.0,0.0,0.0
619,0009-8.png,0009,Leptolobium Vogel,2250000,198,435975.94999999984,19.376708888888896,0,0.0,0.0,0.0,0.0,0,0.0,0.0,0.0,0.0,22,37704.36,1713.8345454545458,663.2351272414079,1.6757493333333335,0,0.0,0.0,0.0,0.0,53,226015.80000000002,4264.449056603774,1758.826780289223,10.045146666666664,0,0.0,0.0,0.0,0.0,3,19584.42,6528.139999999999,2027.8016400279394,0.8704186666666667,0,0.0,0.0,0.0,0.0,0,0.0,0.0,0.0,0.0,0,0.0,0.0,0.0,0.0,0,0.0,0.0,0.0,0.0,0,0.0,0.0,0.0,0.0,120,152671.37,1272.2614166666667,381.3284598826366,6.785394222222225,0,0.0,0.0,0.0,0.0
620,0009-9.png,0009,Leptolobium Vogel,2250000,162,350958.48000000004,15.59815466666666,0,0.0,0.0,0.0,0.0,0,0.0,0.0,0.0,0.0,41,54887.66,1338.7234146341464,555.412842013082,2.439451555555556,0,0.0,0.0,0.0,0.0,52,207539.67999999996,3991.147692307691,1320.7328755309666,9.223985777777777,0,0.0,0.0,0.0,0.0,1,6461.98,6461.98,0.0,0.28719911111111107,0,0.0,0.0,0.0,0.0,0,0.0,0.0,0.0,0.0,0,0.0,0.0,0.0,0.0,0,0.0,0.0,0.0,0.0,0,0.0,0.0,0.0,0.0,68,82069.15999999997,1206.8994117647062,344.39977576778784,3.6475182222222213,0,0.0,0.0,0.0,0.0
621,0041-3.png,0041,Aniba rosodora Ducke,2250000,6,12047.400000000001,0.53544,0,0.0,0.0,0.0,0.0,0,0.0,0.0,0.0,0.0,0,0.0,0.0,0.0,0.0,0,0.0,0.0,0.0,0.0,0,0.0,0.0,0.0,0.0,0,0.0,0.0,0.0,0.0,0,0.0,0.0,0.0,0.0,0,0.0,0.0,0.0,0.0,0,0.0,0.0,0.0,0.0,0,0.0,0.0,0.0,0.0,0,0.0,0.0,0.0,0.0,0,0.0,0.0,0.0,0.0,6,12047.400000000001,2007.9000000000003,514.2632529356925,0.53544,0,0.0,0.0,0.0,0.0
622,0041-4.png,0041,Aniba rosodora Ducke,2250000,10,15137.32,0.6727697777777777,0,0.0,0.0,0.0,0.0,0,0.0,0.0,0.0,0.0,0,0.0,0.0,0.0,0.0,0,0.0,0.0,0.0,0.0,0,0.0,0.0,0.0,0.0,0,0.0,0.0,0.0,0.0,0,0.0,0.0,0.0,0.0,0,0.0,0.0,0.0,0.0,0,0.0,0.0,0.0,0.0,0,0.0,0.0,0.0,0.0,0,0.0,0.0,0.0,0.0,0,0.0,0.0,0.0,0.0,10,15137.32,1513.7320000000002,348.1492051086398,0.6727697777777777,0,0.0,0.0,0.0,0.0
623,0041-5.png,0041,Aniba rosodora Ducke,2250000,2,4273.3,0.18992444444444445,0,0.0,0.0,0.0,0.0,0,0.0,0.0,0.0,0.0,0,0.0,0.0,0.0,0.0,0,0.0,0.0,0.0,0.0,0,0.0,0.0,0.0,0.0,0,0.0,0.0,0.0,0.0,0,0.0,0.0,0.0,0.0,0,0.0,0.0,0.0,0.0,0,0.0,0.0,0.0,0.0,0,0.0,0.0,0.0,0.0,0,0.0,0.0,0.0,0.0,0,0.0,0.0,0.0,0.0,2,4273.3,2136.65,496.9122194110344,0.18992444444444445,0,0.0,0.0,0.0,0.0
624,0041-6.png,0041,Aniba rosodora Ducke,2250000,3,5903.0,0.26235555555555556,0,0.0,0.0,0.0,0.0,0,0.0,0.0,0.0,0.0,0,0.0,0.0,0.0,0.0,0,0.0,0.0,0.0,0.0,0,0.0,0.0,0.0,0.0,0,0.0,0.0,0.0,0.0,0,0.0,0.0,0.0,0.0,0,0.0,0.0,0.0,0.0,0,0.0,0.0,0.0,0.0,0,0.0,0.0,0.0,0.0,0,0.0,0.0,0.0,0.0,0,0.0,0.0,0.0,0.0,3,5903.0,1967.6666666666667,725.6407853982116,0.26235555555555556,0,0.0,0.0,0.0,0.0
625,0041-7.png,0041,Aniba rosodora Ducke,2250000,2,4701.38,0.20895022222222223,0,0.0,0.0,0.0,0.0,0,0.0,0.0,0.0,0.0,0,0.0,0.0,0.0,0.0,0,0.0,0.0,0.0,0.0,0,0.0,0.0,0.0,0.0,0,0.0,0.0,0.0,0.0,0,0.0,0.0,0.0,0.0,0,0.0,0.0,0.0,0.0,0,0.0,0.0,0.0,0.0,0,0.0,0.0,0.0,0.0,0,0.0,0.0,0.0,0.0,0,0.0,0.0,0.0,0.0,2,4701.38,2350.69,720.7115156565767,0.20895022222222223,0,0.0,0.0,0.0,0.0
626,0045-2.jpg,0045,Anopyxis klaineana (Pierre) Engl.,2250000,45,301120.88999999996,13.383150666666666,0,0.0,0.0,0.0,0.0,0,0.0,0.0,0.0,0.0,0,0.0,0.0,0.0,0.0,5,27295.23,5459.046,6379.664899274099,1.2131213333333335,7,73854.09000000001,10550.584285714287,6277.377523506817,3.282404,0,0.0,0.0,0.0,0.0,0,0.0,0.0,0.0,0.0,0,0.0,0.0,0.0,0.0,0,0.0,0.0,0.0,0.0,0,0.0,0.0,0.0,0.0,0,0.0,0.0,0.0,0.0,0,0.0,0.0,0.0,0.0,33,199971.56999999998,6059.744545454546,2670.678459566842,8.887625333333332,0,0.0,0.0,0.0,0.0
627,0045-3.jpg,0045,Anopyxis klaineana (Pierre) Engl.,2250000,59,414524.64999999997,18.42331777777778,0,0.0,0.0,0.0,0.0,1,4363.42,4363.42,0.0,0.19392977777777778,0,0.0,0.0,0.0,0.0,10,64281.83,6428.183,4492.036346417341,2.8569702222222224,7,95870.73,13695.81857142857,7271.079337169571,4.260921333333334,0,0.0,0.0,0.0,0.0,0,0.0,0.0,0.0,0.0,0,0.0,0.0,0.0,0.0,0,0.0,0.0,0.0,0.0,0,0.0,0.0,0.0,0.0,0,0.0,0.0,0.0,0.0,0,0.0,0.0,0.0,0.0,41,250008.67,6097.772439024391,2489.68119034223,11.111496444444443,0,0.0,0.0,0.0,0.0
628,0045-4.jpg,0045,Anopyxis klaineana (Pierre) Engl.,2250000,56,338937.86,15.063904888888892,0,0.0,0.0,0.0,0.0,0,0.0,0.0,0.0,0.0,0,0.0,0.0,0.0,0.0,8,45741.31,5717.66375,5156.512289771997,2.032947111111111,9,120190.85,13354.53888888889,5217.2408521325815,5.341815555555555,0,0.0,0.0,0.0,0.0,0,0.0,0.0,0.0,0.0,0,0.0,0.0,0.0,0.0,0,0.0,0.0,0.0,0.0,0,0.0,0.0,0.0,0.0,0,0.0,0.0,0.0,0.0,0,0.0,0.0,0.0,0.0,39,173005.7,4436.043589743589,2793.789648447246,7.689142222222222,0,0.0,0.0,0.0,0.0
629,0045-6.jpg,0045,Anopyxis klaineana (Pierre) Engl.,2250000,28,204494.83999999997,9.088659555555555,0,0.0,0.0,0.0,0.0,0,0.0,0.0,0.0,0.0,0,0.0,0.0,0.0,0.0,2,13213.64,6606.82,1773.7066499283362,0.587272888888889,4,57957.17,14489.2925,1423.4103881962499,2.575874222222222,0,0.0,0.0,0.0,0.0,0,0.0,0.0,0.0,0.0,0,0.0,0.0,0.0,0.0,0,0.0,0.0,0.0,0.0,0,0.0,0.0,0.0,0.0,0,0.0,0.0,0.0,0.0,0,0.0,0.0,0.0,0.0,22,133324.03000000003,6060.183181818183,2761.4333329448527,5.925512444444445,0,0.0,0.0,0.0,0.0
630,0045-7.jpg,0045,Anopyxis klaineana (Pierre) Engl.,2250000,33,240401.04,10.684490666666665,0,0.0,0.0,0.0,0.0,0,0.0,0.0,0.0,0.0,0,0.0,0.0,0.0,0.0,3,37827.740000000005,12609.246666666668,834.0558759659527,1.6812328888888888,3,42698.62,14232.873333333335,2970.6481434921457,1.8977164444444448,0,0.0,0.0,0.0,0.0,0,0.0,0.0,0.0,0.0,0,0.0,0.0,0.0,0.0,0,0.0,0.0,0.0,0.0,0,0.0,0.0,0.0,0.0,0,0.0,0.0,0.0,0.0,0,0.0,0.0,0.0,0.0,27,159874.68000000002,5921.284444444445,2315.747420676917,7.105541333333334,0,0.0,0.0,0.0,0.0
631,0045-8.jpg,0045,Anopyxis klaineana (Pierre) Engl.,2250000,32,186778.28999999998,8.301257333333334,0,0.0,0.0,0.0,0.0,1,4834.41,4834.41,0.0,0.21486266666666665,0,0.0,0.0,0.0,0.0,3,23491.86,7830.62,5778.096238528742,1.0440826666666667,3,25196.67,8398.89,6028.787908684464,1.1198519999999998,0,0.0,0.0,0.0,0.0,0,0.0,0.0,0.0,0.0,0,0.0,0.0,0.0,0.0,0,0.0,0.0,0.0,0.0,0,0.0,0.0,0.0,0.0,0,0.0,0.0,0.0,0.0,0,0.0,0.0,0.0,0.0,25,133255.35,5330.213999999999,1843.9253054692863,5.922459999999999,0,0.0,0.0,0.0,0.0
632,0045-9.jpg,0045,Anopyxis klaineana (Pierre) Engl.,2250000,42,267138.35000000003,11.872815555555553,0,0.0,0.0,0.0,0.0,1,6082.18,6082.18,0.0,0.2703191111111111,0,0.0,0.0,0.0,0.0,5,14908.79,2981.7580000000003,1242.4835451505987,0.6626128888888888,1,14007.57,14007.57,0.0,0.6225586666666666,0,0.0,0.0,0.0,0.0,0,0.0,0.0,0.0,0.0,0,0.0,0.0,0.0,0.0,0,0.0,0.0,0.0,0.0,0,0.0,0.0,0.0,0.0,0,0.0,0.0,0.0,0.0,0,0.0,0.0,0.0,0.0,35,232139.81,6632.566,2932.0784805795433,10.317324888888889,0,0.0,0.0,0.0,0.0
633,0071-3.jpg,0071,Baikiaea plurijuga Harms,2250000,12,13786.57,0.6127364444444445,0,0.0,0.0,0.0,0.0,11,12536.66,1139.6963636363637,209.76469914038094,0.557184888888889,1,1249.91,1249.91,0.0,0.055551555555555555,0,0.0,0.0,0.0,0.0,0,0.0,0.0,0.0,0.0,0,0.0,0.0,0.0,0.0,0,0.0,0.0,0.0,0.0,0,0.0,0.0,0.0,0.0,0,0.0,0.0,0.0,0.0,0,0.0,0.0,0.0,0.0,0,0.0,0.0,0.0,0.0,0,0.0,0.0,0.0,0.0,0,0.0,0.0,0.0,0.0,0,0.0,0.0,0.0,0.0
634,0085-12.jpg,0085,Bobgunnia fistuloides (Harms) J.H. Kirkbr. & Wiersema,2250000,49,154930.82,6.885814222222223,0,0.0,0.0,0.0,0.0,0,0.0,0.0,0.0,0.0,21,50011.38,2381.4942857142855,1459.9463454852423,2.2227280000000005,0,0.0,0.0,0.0,0.0,0,0.0,0.0,0.0,0.0,0,0.0,0.0,0.0,0.0,1,17490.15,17490.15,0.0,0.77734,0,0.0,0.0,0.0,0.0,0,0.0,0.0,0.0,0.0,0,0.0,0.0,0.0,0.0,0,0.0,0.0,0.0,0.0,0,0.0,0.0,0.0,0.0,27,87429.29000000001,3238.121851851852,1785.9241470649072,3.8857462222222234,0,0.0,0.0,0.0,0.0
635,0085-2.jpg,0085,Bobgunnia fistuloides (Harms) J.H. Kirkbr. & Wiersema,2250000,60,159802.78999999995,7.102346222222224,0,0.0,0.0,0.0,0.0,0,0.0,0.0,0.0,0.0,15,29847.609999999997,1989.8406666666665,1252.7212260256622,1.3265604444444448,0,0.0,0.0,0.0,0.0,0,0.0,0.0,0.0,0.0,2,9588.36,4794.18,328.4935262680228,0.42614933333333327,0,0.0,0.0,0.0,0.0,2,3098.49,1549.245,1109.132341630159,0.13771066666666668,0,0.0,0.0,0.0,0.0,0,0.0,0.0,0.0,0.0,0,0.0,0.0,0.0,0.0,0,0.0,0.0,0.0,0.0,41,117268.33,2860.2031707317074,1477.2261185164564,5.211925777777777,0,0.0,0.0,0.0,0.0
636,0085-3.jpg,0085,Bobgunnia fistuloides (Harms) J.H. Kirkbr. & Wiersema,2250000,59,155214.11,6.898404888888887,0,0.0,0.0,0.0,0.0,0,0.0,0.0,0.0,0.0,11,23583.06,2143.9145454545455,1208.5988666250157,1.048136,0,0.0,0.0,0.0,0.0,0,0.0,0.0,0.0,0.0,0,0.0,0.0,0.0,0.0,0,0.0,0.0,0.0,0.0,1,1704.81,1704.81,0.0,0.07576933333333333,0,0.0,0.0,0.0,0.0,0,0.0,0.0,0.0,0.0,0,0.0,0.0,0.0,0.0,0,0.0,0.0,0.0,0.0,47,129926.23999999998,2764.388085106383,1744.8969768998052,5.774499555555555,0,0.0,0.0,0.0,0.0
637,0085-4.jpg,0085,Bobgunnia fistuloides (Harms) J.H. Kirkbr. & Wiersema,2250000,35,117966.78,5.242968000000001,0,0.0,0.0,0.0,0.0,0,0.0,0.0,0.0,0.0,4,12884.26,3221.065,1779.0270719600271,0.5726337777777778,0,0.0,0.0,0.0,0.0,0,0.0,0.0,0.0,0.0,1,2002.0,2002.0,0.0,0.08897777777777778,0,0.0,0.0,0.0,0.0,1,1583.58,1583.58,0.0,0.07038133333333334,0,0.0,0.0,0.0,0.0,0,0.0,0.0,0.0,0.0,0,0.0,0.0,0.0,0.0,0,0.0,0.0,0.0,0.0,29,101496.93999999999,3499.89448275862,1620.0882412400217,4.510975111111112,0,0.0,0.0,0.0,0.0
638,0085-5.jpg,0085,Bobgunnia fistuloides (Harms) J.H. Kirkbr. & Wiersema,2250000,62,205279.12,9.12351644444444,0,0.0,0.0,0.0,0.0,0,0.0,0.0,0.0,0.0,11,24317.99,2210.7263636363637,1425.4161591287836,1.0807995555555554,0,0.0,0.0,0.0,0.0,0,0.0,0.0,0.0,0.0,1,15812.16,15812.16,0.0,0.7027626666666666,0,0.0,0.0,0.0,0.0,3,5929.83,1976.61,630.2949695975688,0.263548,0,0.0,0.0,0.0,0.0,0,0.0,0.0,0.0,0.0,0,0.0,0.0,0.0,0.0,0,0.0,0.0,0.0,0.0,47,159219.13999999996,3387.641276595745,1610.4678962306696,7.076406222222225,0,0.0,0.0,0.0,0.0
639,0085-6.jpg,0085,Bobgunnia fistuloides (Harms) J.H. Kirkbr. & Wiersema,2250000,64,153135.91,6.806040444444444,0,0.0,0.0,0.0,0.0,0,0.0,0.0,0.0,0.0,13,24986.389999999996,1922.03,948.2357999288294,1.1105062222222224,0,0.0,0.0,0.0,0.0,0,0.0,0.0,0.0,0.0,1,5648.73,5648.73,0.0,0.25105466666666665,0,0.0,0.0,0.0,0.0,4,4191.75,1047.9375,1109.342342843272,0.18630000000000002,0,0.0,0.0,0.0,0.0,0,0.0,0.0,0.0,0.0,0,0.0,0.0,0.0,0.0,0,0.0,0.0,0.0,0.0,46,118309.04000000001,2571.9356521739132,1684.4550222861758,5.258179555555555,0,0.0,0.0,0.0,0.0
640,0085-7.jpg,0085,Bobgunnia fistuloides (Harms) J.H. Kirkbr. & Wiersema,2250000,54,123719.57,5.4986475555555545,0,0.0,0.0,0.0,0.0,0,0.0,0.0,0.0,0.0,11,23826.600000000002,2166.054545454546,1293.19446390219,1.05896,0,0.0,0.0,0.0,0.0,0,0.0,0.0,0.0,0.0,2,15565.39,7782.695,1449.0102870752846,0.6917951111111111,0,0.0,0.0,0.0,0.0,3,7667.9,2555.9666666666667,2966.281008760521,0.3407955555555555,0,0.0,0.0,0.0,0.0,0,0.0,0.0,0.0,0.0,0,0.0,0.0,0.0,0.0,0,0.0,0.0,0.0,0.0,38,76659.68000000001,2017.3600000000006,1533.9817324240894,3.4070968888888893,0,0.0,0.0,0.0,0.0
641,0085-8.jpg,0085,Bobgunnia fistuloides (Harms) J.H. Kirkbr. & Wiersema,2250000,49,115825.26999999999,5.147789777777778,0,0.0,0.0,0.0,0.0,0,0.0,0.0,0.0,0.0,25,66603.54000000001,2664.1416,1204.5195279400828,2.9601573333333335,0,0.0,0.0,0.0,0.0,0,0.0,0.0,0.0,0.0,0,0.0,0.0,0.0,0.0,0,0.0,0.0,0.0,0.0,0,0.0,0.0,0.0,0.0,0,0.0,0.0,0.0,0.0,0,0.0,0.0,0.0,0.0,0,0.0,0.0,0.0,0.0,0,0.0,0.0,0.0,0.0,24,49221.729999999996,2050.9054166666665,1592.4798422612812,2.1876324444444446,0,0.0,0.0,0.0,0.0
642,0095-1.jpg,0095,Brosimum alicastrum Swartz,2250000,50,117096.63999999998,5.2042951111111115,0,0.0,0.0,0.0,0.0,9,17112.5,1901.388888888889,410.1770204571572,0.7605555555555555,0,0.0,0.0,0.0,0.0,9,34020.07,3780.007777777778,1724.8194410921524,1.512003111111111,2,9177.44,4588.72,174.48566932559262,0.40788622222222226,0,0.0,0.0,0.0,0.0,0,0.0,0.0,0.0,0.0,0,0.0,0.0,0.0,0.0,0,0.0,0.0,0.0,0.0,0,0.0,0.0,0.0,0.0,0,0.0,0.0,0.0,0.0,0,0.0,0.0,0.0,0.0,30,56786.63000000002,1892.8876666666667,624.4823071107521,2.523850222222222,0,0.0,0.0,0.0,0.0
643,0095-2.jpg,0095,Brosimum alicastrum Swartz,2250000,48,124643.31000000003,5.539702666666667,0,0.0,0.0,0.0,0.0,16,31510.58,1969.41125,674.9621544044772,1.400470222222222,0,0.0,0.0,0.0,0.0,3,17140.39,5713.463333333333,1926.7458358676508,0.7617951111111111,6,32258.39,5376.3983333333335,1774.44414441725,1.4337062222222223,0,0.0,0.0,0.0,0.0,0,0.0,0.0,0.0,0.0,0,0.0,0.0,0.0,0.0,0,0.0,0.0,0.0,0.0,0,0.0,0.0,0.0,0.0,0,0.0,0.0,0.0,0.0,0,0.0,0.0,0.0,0.0,23,43733.95,1901.4760869565216,602.4976922229595,1.9437311111111113,0,0.0,0.0,0.0,0.0
644,0095-4.jpg,0095,Brosimum alicastrum Swartz,2250000,51,85388.67,3.7950519999999996,0,0.0,0.0,0.0,0.0,3,4864.45,1621.4833333333333,197.92357674954573,0.21619777777777777,0,0.0,0.0,0.0,0.0,5,23149.600000000002,4629.92,1639.3833417324945,1.028871111111111,1,2555.61,2555.61,0.0,0.11358266666666667,0,0.0,0.0,0.0,0.0,0,0.0,0.0,0.0,0.0,0,0.0,0.0,0.0,0.0,0,0.0,0.0,0.0,0.0,0,0.0,0.0,0.0,0.0,0,0.0,0.0,0.0,0.0,0,0.0,0.0,0.0,0.0,42,54819.01000000001,1305.2145238095236,359.9123694985494,2.4364004444444443,0,0.0,0.0,0.0,0.0
645,0095-5.jpg,0095,Brosimum alicastrum Swartz,2250000,73,120748.71999999997,5.366609777777779,0,0.0,0.0,0.0,0.0,3,5311.85,1770.6166666666668,725.9735270885112,0.23608222222222222,0,0.0,0.0,0.0,0.0,16,50124.04000000001,3132.7525,1241.3798305299902,2.227735111111111,2,4910.58,2455.29,1307.143453565828,0.218248,0,0.0,0.0,0.0,0.0,0,0.0,0.0,0.0,0.0,0,0.0,0.0,0.0,0.0,0,0.0,0.0,0.0,0.0,0,0.0,0.0,0.0,0.0,0,0.0,0.0,0.0,0.0,0,0.0,0.0,0.0,0.0,52,60402.24999999998,1161.5817307692307,371.18486918600547,2.6845444444444446,0,0.0,0.0,0.0,0.0
646,0095-6.jpg,0095,Brosimum alicastrum Swartz,2250000,34,52260.159999999996,2.3226737777777773,0,0.0,0.0,0.0,0.0,5,7783.76,1556.752,334.0814409242153,0.3459448888888889,0,0.0,0.0,0.0,0.0,3,9389.88,3129.9599999999996,1868.6705200221895,0.41732800000000003,1,4776.48,4776.48,0.0,0.21228799999999998,0,0.0,0.0,0.0,0.0,0,0.0,0.0,0.0,0.0,0,0.0,0.0,0.0,0.0,0,0.0,0.0,0.0,0.0,0,0.0,0.0,0.0,0.0,0,0.0,0.0,0.0,0.0,0,0.0,0.0,0.0,0.0,25,30310.04,1212.4016,299.8388333988778,1.3471128888888888,0,0.0,0.0,0.0,0.0
647,0095-7.jpg,0095,Brosimum alicastrum Swartz,2250000,94,154045.73000000004,6.846476888888888,0,0.0,0.0,0.0,0.0,71,122166.09000000001,1720.6491549295772,498.9416647944398,5.4296039999999985,0,0.0,0.0,0.0,0.0,1,71.88,71.88,0.0,0.0031946666666666664,0,0.0,0.0,0.0,0.0,0,0.0,0.0,0.0,0.0,0,0.0,0.0,0.0,0.0,0,0.0,0.0,0.0,0.0,0,0.0,0.0,0.0,0.0,0,0.0,0.0,0.0,0.0,0,0.0,0.0,0.0,0.0,0,0.0,0.0,0.0,0.0,22,31807.76,1445.8072727272727,592.8104187936502,1.4136782222222222,0,0.0,0.0,0.0,0.0
648,0095-8.jpg,0095,Brosimum alicastrum Swartz,2250000,46,73249.0,3.2555111111111104,0,0.0,0.0,0.0,0.0,8,14289.740000000002,1786.2175,186.37585326047852,0.6350995555555556,0,0.0,0.0,0.0,0.0,3,8829.84,2943.28,2094.111327293752,0.39243733333333336,0,0.0,0.0,0.0,0.0,0,0.0,0.0,0.0,0.0,0,0.0,0.0,0.0,0.0,0,0.0,0.0,0.0,0.0,0,0.0,0.0,0.0,0.0,0,0.0,0.0,0.0,0.0,0,0.0,0.0,0.0,0.0,0,0.0,0.0,0.0,0.0,35,50129.419999999984,1432.2691428571427,382.8987787482362,2.227974222222222,0,0.0,0.0,0.0,0.0
649,0095-9.jpg,0095,Brosimum alicastrum Swartz,2250000,67,122249.69,5.4333195555555545,0,0.0,0.0,0.0,0.0,2,3272.3,1636.15,430.91087245508197,0.14543555555555554,0,0.0,0.0,0.0,0.0,17,59785.37000000002,3516.7864705882353,1115.1886669749047,2.657127555555556,0,0.0,0.0,0.0,0.0,0,0.0,0.0,0.0,0.0,0,0.0,0.0,0.0,0.0,0,0.0,0.0,0.0,0.0,0,0.0,0.0,0.0,0.0,0,0.0,0.0,0.0,0.0,0,0.0,0.0,0.0,0.0,0,0.0,0.0,0.0,0.0,48,59192.01999999999,1233.1670833333335,361.6364435066841,2.630756444444444,0,0.0,0.0,0.0,0.0
650,0096-1.jpg,0096,Brosimum guianense (Aubl.) Huber ex Ducke,2250000,24,185553.06000000003,8.246802666666666,0,0.0,0.0,0.0,0.0,0,0.0,0.0,0.0,0.0,0,0.0,0.0,0.0,0.0,0,0.0,0.0,0.0,0.0,16,147725.33000000002,9232.833125000001,6650.636405564727,6.565570222222222,0,0.0,0.0,0.0,0.0,0,0.0,0.0,0.0,0.0,0,0.0,0.0,0.0,0.0,0,0.0,0.0,0.0,0.0,0,0.0,0.0,0.0,0.0,0,0.0,0.0,0.0,0.0,0,0.0,0.0,0.0,0.0,8,37827.73,4728.4662499999995,1776.6318021866746,1.6812324444444446,0,0.0,0.0,0.0,0.0
651,0096-12.jpg,0096,Brosimum guianense (Aubl.) Huber ex Ducke,2250000,26,235388.52999999997,10.461712444444444,0,0.0,0.0,0.0,0.0,0,0.0,0.0,0.0,0.0,0,0.0,0.0,0.0,0.0,0,0.0,0.0,0.0,0.0,18,197134.86,10951.936666666666,5802.979767793744,8.761549333333335,0,0.0,0.0,0.0,0.0,0,0.0,0.0,0.0,0.0,0,0.0,0.0,0.0,0.0,0,0.0,0.0,0.0,0.0,0,0.0,0.0,0.0,0.0,0,0.0,0.0,0.0,0.0,0,0.0,0.0,0.0,0.0,8,38253.67,4781.70875,1470.2996457519175,1.700163111111111,0,0.0,0.0,0.0,0.0
652,0096-13.jpg,0096,Brosimum guianense (Aubl.) Huber ex Ducke,2250000,30,207823.97999999998,9.236621333333332,0,0.0,0.0,0.0,0.0,0,0.0,0.0,0.0,0.0,0,0.0,0.0,0.0,0.0,0,0.0,0.0,0.0,0.0,18,168566.09999999998,9364.783333333333,5820.719400840213,7.491826666666666,0,0.0,0.0,0.0,0.0,0,0.0,0.0,0.0,0.0,0,0.0,0.0,0.0,0.0,0,0.0,0.0,0.0,0.0,0,0.0,0.0,0.0,0.0,0,0.0,0.0,0.0,0.0,0,0.0,0.0,0.0,0.0,12,39257.880000000005,3271.4900000000002,2353.2604243049686,1.7447946666666665,0,0.0,0.0,0.0,0.0
653,0096-2.jpg,0096,Brosimum guianense (Aubl.) Huber ex Ducke,2250000,28,254058.84999999998,11.291504444444445,0,0.0,0.0,0.0,0.0,0,0.0,0.0,0.0,0.0,0,0.0,0.0,0.0,0.0,0,0.0,0.0,0.0,0.0,20,210339.90999999997,10516.995499999999,6624.7886789935255,9.348440444444444,0,0.0,0.0,0.0,0.0,0,0.0,0.0,0.0,0.0,0,0.0,0.0,0.0,0.0,0,0.0,0.0,0.0,0.0,0,0.0,0.0,0.0,0.0,0,0.0,0.0,0.0,0.0,0,0.0,0.0,0.0,0.0,8,43718.94,5464.8675,1637.7209129130815,1.9430640000000001,0,0.0,0.0,0.0,0.0
654,0096-4.jpg,0096,Brosimum guianense (Aubl.) Huber ex Ducke,2250000,16,152719.6,6.787537777777778,0,0.0,0.0,0.0,0.0,0,0.0,0.0,0.0,0.0,2,11744.849999999999,5872.424999999999,553.0494267694345,0.5219933333333333,0,0.0,0.0,0.0,0.0,11,127460.70999999998,11587.337272727273,5952.344963407431,5.664920444444444,0,0.0,0.0,0.0,0.0,0,0.0,0.0,0.0,0.0,0,0.0,0.0,0.0,0.0,0,0.0,0.0,0.0,0.0,0,0.0,0.0,0.0,0.0,0,0.0,0.0,0.0,0.0,0,0.0,0.0,0.0,0.0,3,13514.039999999999,4504.679999999999,3823.636251488888,0.6006239999999999,0,0.0,0.0,0.0,0.0
655,0096-5.jpg,0096,Brosimum guianense (Aubl.) Huber ex Ducke,2250000,23,269138.23,11.96169911111111,0,0.0,0.0,0.0,0.0,0,0.0,0.0,0.0,0.0,2,10862.939999999999,5431.469999999999,682.0186325900485,0.4827973333333333,0,0.0,0.0,0.0,0.0,15,231963.89,15464.259333333333,8511.603795612087,10.309506222222224,0,0.0,0.0,0.0,0.0,0,0.0,0.0,0.0,0.0,0,0.0,0.0,0.0,0.0,0,0.0,0.0,0.0,0.0,0,0.0,0.0,0.0,0.0,0,0.0,0.0,0.0,0.0,0,0.0,0.0,0.0,0.0,6,26311.4,4385.233333333334,3059.505632560049,1.1693955555555555,0,0.0,0.0,0.0,0.0
656,0096-6.jpg,0096,Brosimum guianense (Aubl.) Huber ex Ducke,2250000,26,270443.8999999999,12.01972888888889,0,0.0,0.0,0.0,0.0,0,0.0,0.0,0.0,0.0,1,7147.55,7147.55,0.0,0.3176688888888889,1,626.56,626.56,0.0,0.02784711111111111,19,245193.59,12904.925789473682,7744.075818919271,10.897492888888891,0,0.0,0.0,0.0,0.0,0,0.0,0.0,0.0,0.0,0,0.0,0.0,0.0,0.0,0,0.0,0.0,0.0,0.0,0,0.0,0.0,0.0,0.0,0,0.0,0.0,0.0,0.0,0,0.0,0.0,0.0,0.0,5,17476.199999999997,3495.2399999999993,3831.6343678187773,0.7767200000000001,0,0.0,0.0,0.0,0.0
657,0096-7.jpg,0096,Brosimum guianense (Aubl.) Huber ex Ducke,2250000,26,226413.85000000006,10.06283777777778,0,0.0,0.0,0.0,0.0,0,0.0,0.0,0.0,0.0,0,0.0,0.0,0.0,0.0,0,0.0,0.0,0.0,0.0,16,175185.80000000002,10949.1125,8016.053167694186,7.786035555555557,0,0.0,0.0,0.0,0.0,0,0.0,0.0,0.0,0.0,0,0.0,0.0,0.0,0.0,0,0.0,0.0,0.0,0.0,0,0.0,0.0,0.0,0.0,0,0.0,0.0,0.0,0.0,0,0.0,0.0,0.0,0.0,10,51228.049999999996,5122.804999999999,2370.2743211669263,2.2768022222222224,0,0.0,0.0,0.0,0.0
658,0096-8.jpg,0096,Brosimum guianense (Aubl.) Huber ex Ducke,2250000,29,312377.57,13.883447555555556,0,0.0,0.0,0.0,0.0,0,0.0,0.0,0.0,0.0,1,7156.13,7156.13,0.0,0.31805022222222223,1,4257.2,4257.2,0.0,0.18920888888888887,21,240996.47999999998,11476.02285714286,6488.434996936582,10.710954666666668,1,42450.79,42450.79,0.0,1.886701777777778,0,0.0,0.0,0.0,0.0,0,0.0,0.0,0.0,0.0,0,0.0,0.0,0.0,0.0,0,0.0,0.0,0.0,0.0,0,0.0,0.0,0.0,0.0,0,0.0,0.0,0.0,0.0,5,17516.97,3503.3940000000002,2165.7934178794617,0.778532,0,0.0,0.0,0.0,0.0
659,0096-9.jpg,0096,Brosimum guianense (Aubl.) Huber ex Ducke,2250000,27,319290.1599999999,14.190673777777778,0,0.0,0.0,0.0,0.0,0,0.0,0.0,0.0,0.0,2,13621.33,6810.665,1872.3268327004241,0.6053924444444445,0,0.0,0.0,0.0,0.0,23,300076.95999999996,13046.824347826085,7526.236340612283,13.336753777777778,0,0.0,0.0,0.0,0.0,0,0.0,0.0,0.0,0.0,0,0.0,0.0,0.0,0.0,0,0.0,0.0,0.0,0.0,0,0.0,0.0,0.0,0.0,0,0.0,0.0,0.0,0.0,0,0.0,0.0,0.0,0.0,2,5591.87,2795.935,1376.1782886130707,0.24852755555555556,0,0.0,0.0,0.0,0.0
660,0157-4.jpg,0157,Ceriops tagal (Perr.) C.B. Robinson,2250000,15,10399.46,0.46219822222222223,0,0.0,0.0,0.0,0.0,0,0.0,0.0,0.0,0.0,0,0.0,0.0,0.0,0.0,0,0.0,0.0,0.0,0.0,0,0.0,0.0,0.0,0.0,0,0.0,0.0,0.0,0.0,0,0.0,0.0,0.0,0.0,0,0.0,0.0,0.0,0.0,0,0.0,0.0,0.0,0.0,0,0.0,0.0,0.0,0.0,0,0.0,0.0,0.0,0.0,0,0.0,0.0,0.0,0.0,15,10399.46,693.2973333333333,223.6409179104073,0.46219822222222223,0,0.0,0.0,0.0,0.0
661,0157-5.jpg,0157,Ceriops tagal (Perr.) C.B. Robinson,2250000,35,31807.78,1.413679111111111,0,0.0,0.0,0.0,0.0,0,0.0,0.0,0.0,0.0,0,0.0,0.0,0.0,0.0,7,12582.779999999999,1797.5399999999997,836.1262548004737,0.5592346666666665,0,0.0,0.0,0.0,0.0,0,0.0,0.0,0.0,0.0,0,0.0,0.0,0.0,0.0,0,0.0,0.0,0.0,0.0,0,0.0,0.0,0.0,0.0,0,0.0,0.0,0.0,0.0,0,0.0,0.0,0.0,0.0,0,0.0,0.0,0.0,0.0,28,19225.0,686.6071428571429,204.52462602531182,0.8544444444444443,0,0.0,0.0,0.0,0.0
662,0158-10.jpg,0158,"Chlorocardium rodiei (R.H.Schomb.) Rohwer, H.G.Richt. & van der Werff",2250000,174,585529.5,26.023533333333354,0,0.0,0.0,0.0,0.0,0,0.0,0.0,0.0,0.0,0,0.0,0.0,0.0,0.0,62,287681.95999999996,4640.031612903225,3398.020084491919,12.785864888888891,52,114250.33000000005,2197.121730769231,2786.794979982167,5.077792444444445,0,0.0,0.0,0.0,0.0,4,58182.48,14545.62,1947.1505085979697,2.585888,0,0.0,0.0,0.0,0.0,0,0.0,0.0,0.0,0.0,0,0.0,0.0,0.0,0.0,0,0.0,0.0,0.0,0.0,0,0.0,0.0,0.0,0.0,56,125414.73,2239.54875,918.8608548930423,5.573987999999999,0,0.0,0.0,0.0,0.0
663,0158-2.jpg,0158,"Chlorocardium rodiei (R.H.Schomb.) Rohwer, H.G.Richt. & van der Werff",2250000,209,766846.7000000002,34.08207555555557,0,0.0,0.0,0.0,0.0,0,0.0,0.0,0.0,0.0,0,0.0,0.0,0.0,0.0,78,407192.54,5220.417179487178,3292.3096794842536,18.097446222222217,62,185706.47999999998,2995.2658064516127,3073.609884747606,8.253621333333331,0,0.0,0.0,0.0,0.0,1,8612.04,8612.04,0.0,0.3827573333333334,0,0.0,0.0,0.0,0.0,0,0.0,0.0,0.0,0.0,0,0.0,0.0,0.0,0.0,0,0.0,0.0,0.0,0.0,0,0.0,0.0,0.0,0.0,68,165335.64,2431.406470588235,992.1180960228545,7.348250666666664,0,0.0,0.0,0.0,0.0
664,0158-3.jpg,0158,"Chlorocardium rodiei (R.H.Schomb.) Rohwer, H.G.Richt. & van der Werff",2250000,194,716471.6999999997,31.843186666666657,0,0.0,0.0,0.0,0.0,0,0.0,0.0,0.0,0.0,0,0.0,0.0,0.0,0.0,72,395381.2399999999,5491.406111111111,3268.5523941106767,17.572499555555556,54,161590.22000000006,2992.411481481481,2782.751298116232,7.181787555555555,0,0.0,0.0,0.0,0.0,1,4196.05,4196.05,0.0,0.1864911111111111,0,0.0,0.0,0.0,0.0,0,0.0,0.0,0.0,0.0,0,0.0,0.0,0.0,0.0,0,0.0,0.0,0.0,0.0,0,0.0,0.0,0.0,0.0,67,155304.18999999997,2317.9729850746266,777.5220547179176,6.902408444444443,0,0.0,0.0,0.0,0.0
665,0158-4.jpg,0158,"Chlorocardium rodiei (R.H.Schomb.) Rohwer, H.G.Richt. & van der Werff",2250000,171,627052.1800000002,27.868985777777766,0,0.0,0.0,0.0,0.0,0,0.0,0.0,0.0,0.0,0,0.0,0.0,0.0,0.0,64,351418.7200000001,5490.9175,3580.818572433643,15.618609777777777,55,153215.28,2785.7323636363635,3444.4476210696625,6.809567999999998,0,0.0,0.0,0.0,0.0,2,13875.61,6937.805,810.9878384106631,0.6166937777777778,0,0.0,0.0,0.0,0.0,0,0.0,0.0,0.0,0.0,0,0.0,0.0,0.0,0.0,0,0.0,0.0,0.0,0.0,0,0.0,0.0,0.0,0.0,50,108542.56999999996,2170.8514,885.7913078308075,4.824114222222222,0,0.0,0.0,0.0,0.0
666,0158-5.jpg,0158,"Chlorocardium rodiei (R.H.Schomb.) Rohwer, H.G.Richt. & van der Werff",2250000,173,607215.6399999999,26.987361777777785,0,0.0,0.0,0.0,0.0,0,0.0,0.0,0.0,0.0,0,0.0,0.0,0.0,0.0,66,339495.78,5143.875454545454,3316.064065138383,15.088701333333336,52,111554.15999999999,2145.2723076923075,2533.005475184019,4.957962666666666,0,0.0,0.0,0.0,0.0,3,39006.83,13002.276666666667,6228.810289150997,1.7336368888888891,0,0.0,0.0,0.0,0.0,0,0.0,0.0,0.0,0.0,0,0.0,0.0,0.0,0.0,0,0.0,0.0,0.0,0.0,0,0.0,0.0,0.0,0.0,52,117158.87000000002,2253.0551923076923,926.6341852153773,5.207060888888888,0,0.0,0.0,0.0,0.0
667,0158-6.jpg,0158,"Chlorocardium rodiei (R.H.Schomb.) Rohwer, H.G.Richt. & van der Werff",2250000,159,601445.7299999999,26.730921333333324,0,0.0,0.0,0.0,0.0,0,0.0,0.0,0.0,0.0,0,0.0,0.0,0.0,0.0,56,279063.4699999999,4983.27625,3288.8894083524538,12.402820888888888,43,139312.88999999998,3239.834651162791,4102.978717558135,6.191684,0,0.0,0.0,0.0,0.0,5,64993.149999999994,12998.63,5619.086972867567,2.8885844444444446,0,0.0,0.0,0.0,0.0,0,0.0,0.0,0.0,0.0,0,0.0,0.0,0.0,0.0,0,0.0,0.0,0.0,0.0,0,0.0,0.0,0.0,0.0,55,118076.22000000002,2146.840363636364,973.2767330041712,5.247832000000001,0,0.0,0.0,0.0,0.0
668,0158-8.jpg,0158,"Chlorocardium rodiei (R.H.Schomb.) Rohwer, H.G.Richt. & van der Werff",2250000,190,617648.3500000001,27.45103777777776,0,0.0,0.0,0.0,0.0,0,0.0,0.0,0.0,0.0,0,0.0,0.0,0.0,0.0,73,320105.5300000001,4385.007260273973,2876.697291974514,14.226912444444451,50,121830.20999999999,2436.6041999999998,2613.2945659775355,5.414676,0,0.0,0.0,0.0,0.0,3,35209.9,11736.633333333333,1158.2776576164001,1.5648844444444445,0,0.0,0.0,0.0,0.0,0,0.0,0.0,0.0,0.0,0,0.0,0.0,0.0,0.0,0,0.0,0.0,0.0,0.0,0,0.0,0.0,0.0,0.0,64,140502.71000000002,2195.35484375,869.5719665462715,6.244564888888889,0,0.0,0.0,0.0,0.0
669,0158-9.jpg,0158,"Chlorocardium rodiei (R.H.Schomb.) Rohwer, H.G.Richt. & van der Werff",2250000,232,784943.12,34.886360888888895,0,0.0,0.0,0.0,0.0,0,0.0,0.0,0.0,0.0,0,0.0,0.0,0.0,0.0,80,396550.6700000002,4956.883375,2438.1757276888384,17.624474222222222,65,157047.63,2416.1173846153847,2429.097218508656,6.979894666666669,0,0.0,0.0,0.0,0.0,2,21921.16,10960.58,6987.105952667384,0.9742737777777778,0,0.0,0.0,0.0,0.0,0,0.0,0.0,0.0,0.0,0,0.0,0.0,0.0,0.0,0,0.0,0.0,0.0,0.0,0,0.0,0.0,0.0,0.0,85,209423.65999999992,2463.8077647058826,824.3714849831217,9.30771822222222,0,0.0,0.0,0.0,0.0
670,0181-10.jpg,0181,Cotylelobium Pierre,2250000,67,125205.53999999998,5.564690666666667,0,0.0,0.0,0.0,0.0,0,0.0,0.0,0.0,0.0,0,0.0,0.0,0.0,0.0,23,57539.84,2501.7321739130434,1242.1294167054652,2.557326222222222,0,0.0,0.0,0.0,0.0,0,0.0,0.0,0.0,0.0,0,0.0,0.0,0.0,0.0,0,0.0,0.0,0.0,0.0,0,0.0,0.0,0.0,0.0,0,0.0,0.0,0.0,0.0,0,0.0,0.0,0.0,0.0,0,0.0,0.0,0.0,0.0,44,67665.70000000001,1537.8568181818182,436.99810032992843,3.0073644444444443,0,0.0,0.0,0.0,0.0
671,0181-3.jpg,0181,Cotylelobium Pierre,2250000,65,118118.04999999999,5.249691111111108,0,0.0,0.0,0.0,0.0,0,0.0,0.0,0.0,0.0,0,0.0,0.0,0.0,0.0,22,48659.56,2211.7981818181815,1032.2753508016779,2.162647111111111,0,0.0,0.0,0.0,0.0,0,0.0,0.0,0.0,0.0,0,0.0,0.0,0.0,0.0,0,0.0,0.0,0.0,0.0,0,0.0,0.0,0.0,0.0,0,0.0,0.0,0.0,0.0,0,0.0,0.0,0.0,0.0,0,0.0,0.0,0.0,0.0,43,69458.49,1615.3137209302326,619.2677681247475,3.087044,0,0.0,0.0,0.0,0.0
672,0181-4.jpg,0181,Cotylelobium Pierre,2250000,78,138853.66999999995,6.171274222222222,0,0.0,0.0,0.0,0.0,0,0.0,0.0,0.0,0.0,0,0.0,0.0,0.0,0.0,31,67083.12,2163.971612903226,1027.2329268998885,2.981472,0,0.0,0.0,0.0,0.0,0,0.0,0.0,0.0,0.0,0,0.0,0.0,0.0,0.0,0,0.0,0.0,0.0,0.0,0,0.0,0.0,0.0,0.0,0,0.0,0.0,0.0,0.0,0,0.0,0.0,0.0,0.0,0,0.0,0.0,0.0,0.0,47,71770.54999999997,1527.032978723404,584.7250828005856,3.189802222222223,0,0.0,0.0,0.0,0.0
673,0181-5.jpg,0181,Cotylelobium Pierre,2250000,95,186445.66999999995,8.286474222222223,0,0.0,0.0,0.0,0.0,0,0.0,0.0,0.0,0.0,0,0.0,0.0,0.0,0.0,43,107785.08999999997,2506.63,962.7068048625041,4.790448444444444,0,0.0,0.0,0.0,0.0,0,0.0,0.0,0.0,0.0,0,0.0,0.0,0.0,0.0,0,0.0,0.0,0.0,0.0,0,0.0,0.0,0.0,0.0,0,0.0,0.0,0.0,0.0,0,0.0,0.0,0.0,0.0,0,0.0,0.0,0.0,0.0,52,78660.58,1512.7034615384616,410.4662253110676,3.496025777777778,0,0.0,0.0,0.0,0.0
674,0181-6.jpg,0181,Cotylelobium Pierre,2250000,131,253593.17999999993,11.270807999999999,0,0.0,0.0,0.0,0.0,0,0.0,0.0,0.0,0.0,0,0.0,0.0,0.0,0.0,51,118240.36,2318.4384313725486,998.6010438956542,5.2551271111111095,0,0.0,0.0,0.0,0.0,0,0.0,0.0,0.0,0.0,0,0.0,0.0,0.0,0.0,0,0.0,0.0,0.0,0.0,0,0.0,0.0,0.0,0.0,0,0.0,0.0,0.0,0.0,0,0.0,0.0,0.0,0.0,0,0.0,0.0,0.0,0.0,80,135352.81999999998,1691.9102499999997,409.2017287198069,6.01568088888889,0,0.0,0.0,0.0,0.0
675,0181-7.jpg,0181,Cotylelobium Pierre,2250000,90,186687.09999999998,8.297204444444441,0,0.0,0.0,0.0,0.0,0,0.0,0.0,0.0,0.0,0,0.0,0.0,0.0,0.0,39,102474.34,2627.5471794871796,1008.2239859745783,4.554415111111112,0,0.0,0.0,0.0,0.0,0,0.0,0.0,0.0,0.0,0,0.0,0.0,0.0,0.0,0,0.0,0.0,0.0,0.0,0,0.0,0.0,0.0,0.0,0,0.0,0.0,0.0,0.0,0,0.0,0.0,0.0,0.0,0,0.0,0.0,0.0,0.0,51,84212.76000000004,1651.2305882352944,382.17514703293705,3.7427893333333335,0,0.0,0.0,0.0,0.0
676,0181-8.jpg,0181,Cotylelobium Pierre,2250000,48,91587.78,4.070568,0,0.0,0.0,0.0,0.0,0,0.0,0.0,0.0,0.0,0,0.0,0.0,0.0,0.0,18,45853.97,2547.4427777777773,1142.145978342861,2.037954222222222,0,0.0,0.0,0.0,0.0,0,0.0,0.0,0.0,0.0,0,0.0,0.0,0.0,0.0,0,0.0,0.0,0.0,0.0,0,0.0,0.0,0.0,0.0,0,0.0,0.0,0.0,0.0,0,0.0,0.0,0.0,0.0,0,0.0,0.0,0.0,0.0,30,45733.81000000001,1524.4603333333337,253.96896149595392,2.0326137777777777,0,0.0,0.0,0.0,0.0
677,0181-9.jpg,0181,Cotylelobium Pierre,2250000,32,60445.19000000001,2.6864528888888883,0,0.0,0.0,0.0,0.0,0,0.0,0.0,0.0,0.0,0,0.0,0.0,0.0,0.0,12,28074.15,2339.5125000000003,1010.548067365832,1.2477400000000003,0,0.0,0.0,0.0,0.0,0,0.0,0.0,0.0,0.0,0,0.0,0.0,0.0,0.0,0,0.0,0.0,0.0,0.0,0,0.0,0.0,0.0,0.0,0,0.0,0.0,0.0,0.0,0,0.0,0.0,0.0,0.0,0,0.0,0.0,0.0,0.0,20,32371.039999999997,1618.5520000000001,315.2397907792199,1.438712888888889,0,0.0,0.0,0.0,0.0
678,0195-11.jpg,0195,Ctenolophon parvifolius Oliv.,2250000,149,362387.92000000004,16.106129777777788,0,0.0,0.0,0.0,0.0,27,68320.15,2530.375925925926,1085.2144401746286,3.0364511111111105,0,0.0,0.0,0.0,0.0,14,17942.92,1281.6371428571426,1515.4832902331268,0.797463111111111,0,0.0,0.0,0.0,0.0,0,0.0,0.0,0.0,0.0,0,0.0,0.0,0.0,0.0,0,0.0,0.0,0.0,0.0,0,0.0,0.0,0.0,0.0,0,0.0,0.0,0.0,0.0,0,0.0,0.0,0.0,0.0,0,0.0,0.0,0.0,0.0,108,276124.8499999999,2556.711574074074,1050.073878279601,12.272215555555556,0,0.0,0.0,0.0,0.0
679,0195-12.jpg,0195,Ctenolophon parvifolius Oliv.,2250000,77,173364.08000000005,7.70507022222222,0,0.0,0.0,0.0,0.0,27,59907.7,2218.8037037037034,1003.7284592693849,2.662564444444444,0,0.0,0.0,0.0,0.0,6,8710.75,1451.7916666666667,1270.0742297742547,0.38714444444444446,0,0.0,0.0,0.0,0.0,0,0.0,0.0,0.0,0.0,0,0.0,0.0,0.0,0.0,0,0.0,0.0,0.0,0.0,0,0.0,0.0,0.0,0.0,0,0.0,0.0,0.0,0.0,0,0.0,0.0,0.0,0.0,0,0.0,0.0,0.0,0.0,44,104745.63,2380.5825,629.1532046501167,4.655361333333333,0,0.0,0.0,0.0,0.0
680,0195-2.jpg,0195,Ctenolophon parvifolius Oliv.,2250000,155,297862.4699999999,13.238331999999998,0,0.0,0.0,0.0,0.0,38,73700.66,1939.4910526315791,1204.8559937205225,3.275584888888889,0,0.0,0.0,0.0,0.0,19,16115.779999999999,848.198947368421,653.6760169813546,0.7162568888888889,0,0.0,0.0,0.0,0.0,0,0.0,0.0,0.0,0.0,0,0.0,0.0,0.0,0.0,0,0.0,0.0,0.0,0.0,0,0.0,0.0,0.0,0.0,0,0.0,0.0,0.0,0.0,0,0.0,0.0,0.0,0.0,0,0.0,0.0,0.0,0.0,98,208046.03,2122.9186734693876,1101.326232639668,9.24649022222222,0,0.0,0.0,0.0,0.0
681,0195-5.jpg,0195,Ctenolophon parvifolius Oliv.,2250000,82,204790.91000000003,9.101818222222219,0,0.0,0.0,0.0,0.0,28,66913.57999999999,2389.7707142857143,850.8677867000932,2.973936888888889,1,3986.84,3986.84,0.0,0.1771928888888889,11,35050.04,3186.367272727273,1292.9720472236893,1.5577795555555556,0,0.0,0.0,0.0,0.0,0,0.0,0.0,0.0,0.0,0,0.0,0.0,0.0,0.0,0,0.0,0.0,0.0,0.0,0,0.0,0.0,0.0,0.0,0,0.0,0.0,0.0,0.0,0,0.0,0.0,0.0,0.0,0,0.0,0.0,0.0,0.0,42,98840.44999999998,2353.3440476190476,644.093113966317,4.392908888888889,0,0.0,0.0,0.0,0.0
682,0195-6.jpg,0195,Ctenolophon parvifolius Oliv.,2250000,64,161218.99000000008,7.165288444444444,0,0.0,0.0,0.0,0.0,40,106468.67999999998,2661.7169999999996,873.3610693859523,4.7319413333333324,0,0.0,0.0,0.0,0.0,3,5730.27,1910.0900000000001,1630.9405903649588,0.25467866666666666,0,0.0,0.0,0.0,0.0,0,0.0,0.0,0.0,0.0,0,0.0,0.0,0.0,0.0,0,0.0,0.0,0.0,0.0,0,0.0,0.0,0.0,0.0,0,0.0,0.0,0.0,0.0,0,0.0,0.0,0.0,0.0,0,0.0,0.0,0.0,0.0,21,49020.04,2334.2876190476186,658.2585494234372,2.178668444444445,0,0.0,0.0,0.0,0.0
683,0195-7.jpg,0195,Ctenolophon parvifolius Oliv.,2250000,65,155839.58000000005,6.926203555555557,0,0.0,0.0,0.0,0.0,32,80774.20999999999,2524.1940625,859.9869970542104,3.5899648888888884,0,0.0,0.0,0.0,0.0,5,8595.95,1719.19,1015.3440726916172,0.3820422222222222,0,0.0,0.0,0.0,0.0,0,0.0,0.0,0.0,0.0,0,0.0,0.0,0.0,0.0,0,0.0,0.0,0.0,0.0,0,0.0,0.0,0.0,0.0,0,0.0,0.0,0.0,0.0,0,0.0,0.0,0.0,0.0,0,0.0,0.0,0.0,0.0,28,66469.42000000001,2373.9078571428577,840.6734671385756,2.954196444444444,0,0.0,0.0,0.0,0.0
684,0195-8.jpg,0195,Ctenolophon parvifolius Oliv.,2250000,68,187954.19000000003,8.353519555555557,0,0.0,0.0,0.0,0.0,21,63288.320000000014,3013.729523809524,919.6666081329483,2.812814222222222,2,4777.55,2388.775,3341.822003226683,0.21233555555555558,6,13060.21,2176.7016666666664,2471.5507860079806,0.5804537777777777,0,0.0,0.0,0.0,0.0,0,0.0,0.0,0.0,0.0,0,0.0,0.0,0.0,0.0,0,0.0,0.0,0.0,0.0,0,0.0,0.0,0.0,0.0,0,0.0,0.0,0.0,0.0,0,0.0,0.0,0.0,0.0,0,0.0,0.0,0.0,0.0,39,106828.11,2739.182307692308,648.9163373918151,4.747916,0,0.0,0.0,0.0,0.0
685,0195-9.jpg,0195,Ctenolophon parvifolius Oliv.,2250000,102,243849.2400000001,10.837743999999997,0,0.0,0.0,0.0,0.0,30,72088.11999999998,2402.9373333333333,1174.8180897158836,3.203916444444445,0,0.0,0.0,0.0,0.0,15,17606.0,1173.7333333333333,1303.1850540155544,0.7824888888888889,0,0.0,0.0,0.0,0.0,0,0.0,0.0,0.0,0.0,0,0.0,0.0,0.0,0.0,0,0.0,0.0,0.0,0.0,0,0.0,0.0,0.0,0.0,0,0.0,0.0,0.0,0.0,0,0.0,0.0,0.0,0.0,0,0.0,0.0,0.0,0.0,57,154155.12,2704.4757894736836,945.2280252687091,6.851338666666667,0,0.0,0.0,0.0,0.0
686,0207-10.png,0207,Dalbergia nigra (Vell.) Allemão ex Benth.,2250000,40,306103.33000000013,13.604592444444446,0,0.0,0.0,0.0,0.0,0,0.0,0.0,0.0,0.0,7,33515.8,4787.971428571429,2194.627229329456,1.4895911111111113,9,82568.05,9174.227777777778,5344.718973236053,3.6696911111111112,8,88589.07,11073.633749999999,5928.843651922444,3.9372920000000002,0,0.0,0.0,0.0,0.0,2,59923.770000000004,29961.885000000002,345.18831737183825,2.663278666666667,0,0.0,0.0,0.0,0.0,0,0.0,0.0,0.0,0.0,0,0.0,0.0,0.0,0.0,0,0.0,0.0,0.0,0.0,0,0.0,0.0,0.0,0.0,14,41506.64,2964.7599999999998,2311.0060278455485,1.8447395555555552,0,0.0,0.0,0.0,0.0
687,0207-2.png,0207,Dalbergia nigra (Vell.) Allemão ex Benth.,2250000,46,217894.08,9.684181333333337,0,0.0,0.0,0.0,0.0,0,0.0,0.0,0.0,0.0,13,61154.350000000006,4704.180769230769,3588.2919652774017,2.717971111111111,14,77729.36,5552.097142857144,4284.456646718063,3.454638222222222,6,28282.289999999997,4713.714999999999,5102.562271764059,1.2569906666666666,0,0.0,0.0,0.0,0.0,0,0.0,0.0,0.0,0.0,0,0.0,0.0,0.0,0.0,0,0.0,0.0,0.0,0.0,0,0.0,0.0,0.0,0.0,0,0.0,0.0,0.0,0.0,0,0.0,0.0,0.0,0.0,13,50728.08000000001,3902.1600000000003,3163.0304762969536,2.2545813333333338,0,0.0,0.0,0.0,0.0
688,0207-3.png,0207,Dalbergia nigra (Vell.) Allemão ex Benth.,2250000,49,261728.8900000001,11.63239511111111,0,0.0,0.0,0.0,0.0,0,0.0,0.0,0.0,0.0,11,47472.96,4315.723636363637,2376.2408225147246,2.1099093333333334,17,117326.26999999999,6901.545294117648,5255.988060627989,5.21450088888889,3,19221.78,6407.259999999999,2939.9461403910104,0.8543013333333334,0,0.0,0.0,0.0,0.0,2,19771.1,9885.55,7603.123238301481,0.8787155555555555,0,0.0,0.0,0.0,0.0,0,0.0,0.0,0.0,0.0,0,0.0,0.0,0.0,0.0,0,0.0,0.0,0.0,0.0,0,0.0,0.0,0.0,0.0,16,57936.78,3621.04875,2392.236918765572,2.574968,0,0.0,0.0,0.0,0.0
689,0207-4.png,0207,Dalbergia nigra (Vell.) Allemão ex Benth.,2250000,45,228585.37999999998,10.159350222222223,0,0.0,0.0,0.0,0.0,0,0.0,0.0,0.0,0.0,10,27461.55,2746.155,2662.0751681316838,1.2205133333333333,15,96494.07999999999,6432.938666666666,4644.075326113088,4.288625777777779,6,51563.86,8593.976666666667,5139.518671127352,2.2917271111111113,0,0.0,0.0,0.0,0.0,0,0.0,0.0,0.0,0.0,0,0.0,0.0,0.0,0.0,0,0.0,0.0,0.0,0.0,0,0.0,0.0,0.0,0.0,0,0.0,0.0,0.0,0.0,0,0.0,0.0,0.0,0.0,14,53065.890000000014,3790.420714285715,3211.5947947792693,2.3584840000000002,0,0.0,0.0,0.0,0.0
690,0207-5.png,0207,Dalbergia nigra (Vell.) Allemão ex Benth.,2250000,53,304030.53000000014,13.512468,0,0.0,0.0,0.0,0.0,0,0.0,0.0,0.0,0.0,14,60420.509999999995,4315.750714285715,2724.3105002959055,2.685356,14,123172.41,8798.029285714285,5282.837716087333,5.474329333333333,5,40919.79,8183.9580000000005,3601.000462797804,1.8186573333333336,0,0.0,0.0,0.0,0.0,1,23709.65,23709.65,0.0,1.0537622222222223,0,0.0,0.0,0.0,0.0,0,0.0,0.0,0.0,0.0,0,0.0,0.0,0.0,0.0,0,0.0,0.0,0.0,0.0,0,0.0,0.0,0.0,0.0,19,55808.16999999999,2937.2721052631578,2375.5933625320713,2.4803631111111106,0,0.0,0.0,0.0,0.0
691,0207-6.png,0207,Dalbergia nigra (Vell.) Allemão ex Benth.,2250000,53,442440.05000000005,19.664002222222226,0,0.0,0.0,0.0,0.0,0,0.0,0.0,0.0,0.0,12,68432.81,5702.734166666666,4326.982478775077,3.0414582222222224,15,205648.19999999998,13709.88,6824.1723271837145,9.139920000000002,8,79692.73,9961.59125,5199.25781413748,3.5418991111111104,0,0.0,0.0,0.0,0.0,1,25066.85,25066.85,0.0,1.1140822222222222,0,0.0,0.0,0.0,0.0,0,0.0,0.0,0.0,0.0,0,0.0,0.0,0.0,0.0,0,0.0,0.0,0.0,0.0,0,0.0,0.0,0.0,0.0,17,63599.45999999999,3741.1447058823524,2968.088010881579,2.826642666666667,0,0.0,0.0,0.0,0.0
692,0207-7.png,0207,Dalbergia nigra (Vell.) Allemão ex Benth.,2250000,56,450880.3799999999,20.039128000000005,0,0.0,0.0,0.0,0.0,0,0.0,0.0,0.0,0.0,13,69945.57,5380.428461538462,4546.75848431577,3.1086919999999996,18,214133.6,11896.31111111111,7202.466590272177,9.517048888888889,6,68321.23000000001,11386.871666666668,3726.539900494381,3.0364991111111115,0,0.0,0.0,0.0,0.0,1,25237.44,25237.44,0.0,1.121664,0,0.0,0.0,0.0,0.0,0,0.0,0.0,0.0,0.0,0,0.0,0.0,0.0,0.0,0,0.0,0.0,0.0,0.0,0,0.0,0.0,0.0,0.0,18,73242.54000000001,4069.0300000000007,2796.6039246515534,3.2552239999999992,0,0.0,0.0,0.0,0.0
693,0207-8.png,0207,Dalbergia nigra (Vell.) Allemão ex Benth.,2250000,54,374079.14,16.62573955555555,0,0.0,0.0,0.0,0.0,0,0.0,0.0,0.0,0.0,13,61627.530000000006,4740.579230769231,2289.5780217741053,2.739001333333333,13,152013.66000000003,11693.358461538464,8820.639814720402,6.756162666666667,9,100208.4,11134.266666666666,5351.595062343563,4.453706666666667,0,0.0,0.0,0.0,0.0,0,0.0,0.0,0.0,0.0,0,0.0,0.0,0.0,0.0,0,0.0,0.0,0.0,0.0,0,0.0,0.0,0.0,0.0,0,0.0,0.0,0.0,0.0,0,0.0,0.0,0.0,0.0,19,60229.549999999996,3169.976315789474,3517.8902792207255,2.676868888888889,0,0.0,0.0,0.0,0.0
694,0239-1.jpg,0239,Dipteryx odorata (Aubl.) Forsyth f.,2250000,34,143908.01000000004,6.395911555555555,0,0.0,0.0,0.0,0.0,20,109073.62000000001,5453.681,3375.6252364919083,4.847716444444444,0,0.0,0.0,0.0,0.0,0,0.0,0.0,0.0,0.0,0,0.0,0.0,0.0,0.0,0,0.0,0.0,0.0,0.0,0,0.0,0.0,0.0,0.0,0,0.0,0.0,0.0,0.0,0,0.0,0.0,0.0,0.0,0,0.0,0.0,0.0,0.0,0,0.0,0.0,0.0,0.0,0,0.0,0.0,0.0,0.0,14,34834.39,2488.1707142857144,814.255902606926,1.548195111111111,0,0.0,0.0,0.0,0.0
695,0239-2.jpg,0239,Dipteryx odorata (Aubl.) Forsyth f.,2250000,53,148063.3,6.580591111111111,0,0.0,0.0,0.0,0.0,5,13409.96,2681.9919999999997,951.6673889652834,0.5959982222222222,0,0.0,0.0,0.0,0.0,1,3286.24,3286.24,0.0,0.1460551111111111,7,33067.36,4723.908571428571,1128.7987472002935,1.469660444444444,0,0.0,0.0,0.0,0.0,0,0.0,0.0,0.0,0.0,0,0.0,0.0,0.0,0.0,0,0.0,0.0,0.0,0.0,0,0.0,0.0,0.0,0.0,0,0.0,0.0,0.0,0.0,0,0.0,0.0,0.0,0.0,40,98299.73999999999,2457.4935,1140.8469050251153,4.368877333333334,0,0.0,0.0,0.0,0.0
696,0239-4.jpg,0239,Dipteryx odorata (Aubl.) Forsyth f.,2250000,67,209539.55000000005,9.312868888888886,0,0.0,0.0,0.0,0.0,2,7205.49,3602.745,958.9287191705131,0.320244,0,0.0,0.0,0.0,0.0,1,10497.09,10497.09,0.0,0.46653733333333336,2,7048.85,3524.425,582.6347744942794,0.31328222222222224,0,0.0,0.0,0.0,0.0,0,0.0,0.0,0.0,0.0,0,0.0,0.0,0.0,0.0,0,0.0,0.0,0.0,0.0,0,0.0,0.0,0.0,0.0,0,0.0,0.0,0.0,0.0,0,0.0,0.0,0.0,0.0,62,184788.12000000005,2980.453548387097,1173.509447797149,8.212805333333332,0,0.0,0.0,0.0,0.0
697,0239-5.jpg,0239,Dipteryx odorata (Aubl.) Forsyth f.,2250000,63,220713.61,9.809493777777773,0,0.0,0.0,0.0,0.0,1,4550.1,4550.1,0.0,0.20222666666666667,0,0.0,0.0,0.0,0.0,1,10752.44,10752.44,0.0,0.47788622222222227,8,35761.35999999999,4470.17,2290.042176305306,1.589393777777778,0,0.0,0.0,0.0,0.0,0,0.0,0.0,0.0,0.0,0,0.0,0.0,0.0,0.0,0,0.0,0.0,0.0,0.0,0,0.0,0.0,0.0,0.0,0,0.0,0.0,0.0,0.0,0,0.0,0.0,0.0,0.0,53,169649.71000000002,3200.9379245283017,1327.8661595732608,7.539987111111107,0,0.0,0.0,0.0,0.0
698,0239-6.jpg,0239,Dipteryx odorata (Aubl.) Forsyth f.,2250000,54,163981.67000000004,7.288074222222221,0,0.0,0.0,0.0,0.0,2,6011.37,3005.685,2258.4778459063973,0.267172,0,0.0,0.0,0.0,0.0,0,0.0,0.0,0.0,0.0,5,25805.000000000004,5161.000000000001,3615.1762824722673,1.146888888888889,0,0.0,0.0,0.0,0.0,0,0.0,0.0,0.0,0.0,0,0.0,0.0,0.0,0.0,0,0.0,0.0,0.0,0.0,0,0.0,0.0,0.0,0.0,0,0.0,0.0,0.0,0.0,0,0.0,0.0,0.0,0.0,47,132165.3,2812.0276595744685,1223.190128355062,5.874013333333332,0,0.0,0.0,0.0,0.0
699,0239-8.jpg,0239,Dipteryx odorata (Aubl.) Forsyth f.,2250000,65,215173.24999999997,9.563255555555559,0,0.0,0.0,0.0,0.0,4,15074.02,3768.505,1130.7442966029055,0.6699564444444444,0,0.0,0.0,0.0,0.0,0,0.0,0.0,0.0,0.0,4,23639.92,5909.98,2980.6021386514053,1.050663111111111,0,0.0,0.0,0.0,0.0,0,0.0,0.0,0.0,0.0,0,0.0,0.0,0.0,0.0,0,0.0,0.0,0.0,0.0,0,0.0,0.0,0.0,0.0,0,0.0,0.0,0.0,0.0,0,0.0,0.0,0.0,0.0,57,176459.31,3095.7773684210524,1318.0208323596491,7.842636000000001,0,0.0,0.0,0.0,0.0
700,0243-11.jpg,0243,Dracontomelon dao (Blanco) Merr. & Rolfe,2250000,30,297860.37000000005,13.238238666666666,0,0.0,0.0,0.0,0.0,0,0.0,0.0,0.0,0.0,0,0.0,0.0,0.0,0.0,10,126239.76999999999,12623.976999999999,11826.92649840472,5.6106564444444444,6,55552.84,9258.806666666665,8271.318796154981,2.469015111111111,0,0.0,0.0,0.0,0.0,0,0.0,0.0,0.0,0.0,0,0.0,0.0,0.0,0.0,0,0.0,0.0,0.0,0.0,0,0.0,0.0,0.0,0.0,0,0.0,0.0,0.0,0.0,0,0.0,0.0,0.0,0.0,14,116067.76,8290.554285714285,4874.402947114832,5.158567111111111,0,0.0,0.0,0.0,0.0
701,0243-3.jpg,0243,Dracontomelon dao (Blanco) Merr. & Rolfe,2250000,39,440241.7299999999,19.566299111111114,0,0.0,0.0,0.0,0.0,1,16532.06,16532.06,0.0,0.7347582222222222,0,0.0,0.0,0.0,0.0,12,180696.14,15058.011666666667,10771.958793617667,8.030939555555555,6,44061.2,7343.533333333333,6918.477094137602,1.9582755555555555,0,0.0,0.0,0.0,0.0,0,0.0,0.0,0.0,0.0,0,0.0,0.0,0.0,0.0,0,0.0,0.0,0.0,0.0,0,0.0,0.0,0.0,0.0,0,0.0,0.0,0.0,0.0,0,0.0,0.0,0.0,0.0,20,198952.33,9947.6165,6124.154339366525,8.842325777777777,0,0.0,0.0,0.0,0.0
702,0243-4.jpg,0243,Dracontomelon dao (Blanco) Merr. & Rolfe,2250000,40,395653.72999999986,17.58461022222222,0,0.0,0.0,0.0,0.0,4,30335.78,7583.945,3588.480556934926,1.3482568888888888,0,0.0,0.0,0.0,0.0,10,140101.44,14010.143999999997,11055.507259449372,6.226730666666667,5,33590.91,6718.182000000001,3151.345745529995,1.492929333333333,0,0.0,0.0,0.0,0.0,0,0.0,0.0,0.0,0.0,0,0.0,0.0,0.0,0.0,0,0.0,0.0,0.0,0.0,0,0.0,0.0,0.0,0.0,0,0.0,0.0,0.0,0.0,0,0.0,0.0,0.0,0.0,21,191625.6,9125.028571428571,5175.199464392928,8.516693333333333,0,0.0,0.0,0.0,0.0
703,0243-5.jpg,0243,Dracontomelon dao (Blanco) Merr. & Rolfe,2250000,40,332163.7,14.762831111111108,0,0.0,0.0,0.0,0.0,0,0.0,0.0,0.0,0.0,0,0.0,0.0,0.0,0.0,12,122145.66000000002,10178.805,8374.839696737214,5.428696,2,18940.68,9470.34,8266.177267020106,0.841808,0,0.0,0.0,0.0,0.0,0,0.0,0.0,0.0,0.0,0,0.0,0.0,0.0,0.0,0,0.0,0.0,0.0,0.0,0,0.0,0.0,0.0,0.0,0,0.0,0.0,0.0,0.0,0,0.0,0.0,0.0,0.0,26,191077.36000000002,7349.129230769231,4419.207091575522,8.492327111111113,0,0.0,0.0,0.0,0.0
704,0243-6.jpg,0243,Dracontomelon dao (Blanco) Merr. & Rolfe,2250000,25,192836.85,8.570526666666668,0,0.0,0.0,0.0,0.0,2,24493.93,12246.965,12.141023432973073,1.088619111111111,0,0.0,0.0,0.0,0.0,6,45779.94,7629.990000000001,7937.292884859421,2.034664,0,0.0,0.0,0.0,0.0,0,0.0,0.0,0.0,0.0,0,0.0,0.0,0.0,0.0,0,0.0,0.0,0.0,0.0,0,0.0,0.0,0.0,0.0,0,0.0,0.0,0.0,0.0,0,0.0,0.0,0.0,0.0,0,0.0,0.0,0.0,0.0,17,122562.98000000003,7209.58705882353,4692.505791718275,5.447243555555556,0,0.0,0.0,0.0,0.0
705,0243-7.jpg,0243,Dracontomelon dao (Blanco) Merr. & Rolfe,2250000,24,257435.19999999998,11.441564444444445,0,0.0,0.0,0.0,0.0,1,6390.09,6390.09,0.0,0.28400400000000003,0,0.0,0.0,0.0,0.0,7,87137.46,12448.208571428573,8587.494204289997,3.8727759999999996,0,0.0,0.0,0.0,0.0,0,0.0,0.0,0.0,0.0,0,0.0,0.0,0.0,0.0,0,0.0,0.0,0.0,0.0,0,0.0,0.0,0.0,0.0,0,0.0,0.0,0.0,0.0,0,0.0,0.0,0.0,0.0,0,0.0,0.0,0.0,0.0,16,163907.65,10244.228125,4508.363436669259,7.284784444444445,0,0.0,0.0,0.0,0.0
706,0243-8.jpg,0243,Dracontomelon dao (Blanco) Merr. & Rolfe,2250000,22,332375.0599999999,14.772224888888887,0,0.0,0.0,0.0,0.0,0,0.0,0.0,0.0,0.0,0,0.0,0.0,0.0,0.0,14,253891.48000000004,18135.105714285717,13547.42123084101,11.284065777777778,0,0.0,0.0,0.0,0.0,0,0.0,0.0,0.0,0.0,0,0.0,0.0,0.0,0.0,0,0.0,0.0,0.0,0.0,0,0.0,0.0,0.0,0.0,0,0.0,0.0,0.0,0.0,0,0.0,0.0,0.0,0.0,0,0.0,0.0,0.0,0.0,8,78483.58,9810.4475,5089.19542552862,3.488159111111111,0,0.0,0.0,0.0,0.0
707,0243-9.jpg,0243,Dracontomelon dao (Blanco) Merr. & Rolfe,2250000,34,355918.3900000001,15.818595111111113,0,0.0,0.0,0.0,0.0,0,0.0,0.0,0.0,0.0,0,0.0,0.0,0.0,0.0,9,136118.89,15124.321111111109,13298.847737454029,6.049728444444445,9,89554.67,9950.518888888888,8631.041762673329,3.9802075555555554,0,0.0,0.0,0.0,0.0,0,0.0,0.0,0.0,0.0,0,0.0,0.0,0.0,0.0,0,0.0,0.0,0.0,0.0,0,0.0,0.0,0.0,0.0,0,0.0,0.0,0.0,0.0,0,0.0,0.0,0.0,0.0,16,130244.82999999999,8140.301875,4032.071209905597,5.788659111111111,0,0.0,0.0,0.0,0.0
708,0313-10.jpg,0313,Grevillea robusta A.Cunn. ex R.Br.,2250000,41,99694.48000000001,4.430865777777778,0,0.0,0.0,0.0,0.0,0,0.0,0.0,0.0,0.0,0,0.0,0.0,0.0,0.0,0,0.0,0.0,0.0,0.0,0,0.0,0.0,0.0,0.0,0,0.0,0.0,0.0,0.0,0,0.0,0.0,0.0,0.0,0,0.0,0.0,0.0,0.0,0,0.0,0.0,0.0,0.0,0,0.0,0.0,0.0,0.0,0,0.0,0.0,0.0,0.0,0,0.0,0.0,0.0,0.0,41,99694.48000000001,2431.5726829268287,1019.2316355594158,4.430865777777778,0,0.0,0.0,0.0,0.0
709,0313-2.jpg,0313,Grevillea robusta A.Cunn. ex R.Br.,2250000,45,116464.7,5.176208888888889,0,0.0,0.0,0.0,0.0,0,0.0,0.0,0.0,0.0,0,0.0,0.0,0.0,0.0,0,0.0,0.0,0.0,0.0,0,0.0,0.0,0.0,0.0,0,0.0,0.0,0.0,0.0,0,0.0,0.0,0.0,0.0,0,0.0,0.0,0.0,0.0,0,0.0,0.0,0.0,0.0,0,0.0,0.0,0.0,0.0,0,0.0,0.0,0.0,0.0,0,0.0,0.0,0.0,0.0,45,116464.7,2588.1044444444447,1392.4883726127182,5.176208888888889,0,0.0,0.0,0.0,0.0
710,0313-3.jpg,0313,Grevillea robusta A.Cunn. ex R.Br.,2250000,52,117639.50000000001,5.228422222222222,0,0.0,0.0,0.0,0.0,0,0.0,0.0,0.0,0.0,0,0.0,0.0,0.0,0.0,0,0.0,0.0,0.0,0.0,0,0.0,0.0,0.0,0.0,0,0.0,0.0,0.0,0.0,0,0.0,0.0,0.0,0.0,0,0.0,0.0,0.0,0.0,0,0.0,0.0,0.0,0.0,0,0.0,0.0,0.0,0.0,0,0.0,0.0,0.0,0.0,0,0.0,0.0,0.0,0.0,52,117639.50000000001,2262.298076923077,1336.037708744924,5.228422222222222,0,0.0,0.0,0.0,0.0
711,0313-4.jpg,0313,Grevillea robusta A.Cunn. ex R.Br.,2250000,52,140161.53,6.229401333333333,0,0.0,0.0,0.0,0.0,0,0.0,0.0,0.0,0.0,0,0.0,0.0,0.0,0.0,0,0.0,0.0,0.0,0.0,0,0.0,0.0,0.0,0.0,0,0.0,0.0,0.0,0.0,0,0.0,0.0,0.0,0.0,0,0.0,0.0,0.0,0.0,0,0.0,0.0,0.0,0.0,0,0.0,0.0,0.0,0.0,0,0.0,0.0,0.0,0.0,0,0.0,0.0,0.0,0.0,52,140161.53,2695.414038461539,1721.6547192075552,6.229401333333333,0,0.0,0.0,0.0,0.0
712,0313-5.jpg,0313,Grevillea robusta A.Cunn. ex R.Br.,2250000,31,77436.43000000001,3.441619111111112,0,0.0,0.0,0.0,0.0,0,0.0,0.0,0.0,0.0,0,0.0,0.0,0.0,0.0,0,0.0,0.0,0.0,0.0,0,0.0,0.0,0.0,0.0,0,0.0,0.0,0.0,0.0,0,0.0,0.0,0.0,0.0,0,0.0,0.0,0.0,0.0,0,0.0,0.0,0.0,0.0,0,0.0,0.0,0.0,0.0,0,0.0,0.0,0.0,0.0,0,0.0,0.0,0.0,0.0,31,77436.43000000001,2497.94935483871,1279.2910044915125,3.441619111111112,0,0.0,0.0,0.0,0.0
713,0313-6.jpg,0313,Grevillea robusta A.Cunn. ex R.Br.,2250000,36,105095.37000000001,4.670905333333333,0,0.0,0.0,0.0,0.0,0,0.0,0.0,0.0,0.0,0,0.0,0.0,0.0,0.0,0,0.0,0.0,0.0,0.0,0,0.0,0.0,0.0,0.0,0,0.0,0.0,0.0,0.0,0,0.0,0.0,0.0,0.0,0,0.0,0.0,0.0,0.0,0,0.0,0.0,0.0,0.0,0,0.0,0.0,0.0,0.0,0,0.0,0.0,0.0,0.0,0,0.0,0.0,0.0,0.0,36,105095.37000000001,2919.3158333333336,1794.3220882922806,4.670905333333333,0,0.0,0.0,0.0,0.0
714,0313-7.jpg,0313,Grevillea robusta A.Cunn. ex R.Br.,2250000,41,102293.02999999998,4.546356888888889,0,0.0,0.0,0.0,0.0,0,0.0,0.0,0.0,0.0,0,0.0,0.0,0.0,0.0,0,0.0,0.0,0.0,0.0,0,0.0,0.0,0.0,0.0,0,0.0,0.0,0.0,0.0,0,0.0,0.0,0.0,0.0,0,0.0,0.0,0.0,0.0,0,0.0,0.0,0.0,0.0,0,0.0,0.0,0.0,0.0,0,0.0,0.0,0.0,0.0,0,0.0,0.0,0.0,0.0,41,102293.02999999998,2494.951951219512,1302.1905176398334,4.546356888888889,0,0.0,0.0,0.0,0.0
715,0313-8.jpg,0313,Grevillea robusta A.Cunn. ex R.Br.,2250000,55,119705.88,5.320261333333335,0,0.0,0.0,0.0,0.0,0,0.0,0.0,0.0,0.0,1,1875.4,1875.4,0.0,0.08335111111111113,0,0.0,0.0,0.0,0.0,0,0.0,0.0,0.0,0.0,0,0.0,0.0,0.0,0.0,0,0.0,0.0,0.0,0.0,0,0.0,0.0,0.0,0.0,0,0.0,0.0,0.0,0.0,0,0.0,0.0,0.0,0.0,0,0.0,0.0,0.0,0.0,0,0.0,0.0,0.0,0.0,54,117830.48000000001,2182.045925925926,1247.2801521250049,5.236910222222224,0,0.0,0.0,0.0,0.0
716,0380-1.png,0380,Libidibia paraguariensis (D.Parodi) G.P.Lewis,2250000,87,210419.27000000002,9.351967555555555,0,0.0,0.0,0.0,0.0,0,0.0,0.0,0.0,0.0,0,0.0,0.0,0.0,0.0,0,0.0,0.0,0.0,0.0,4,23400.66,5850.165,1398.9750899021283,1.0400293333333333,0,0.0,0.0,0.0,0.0,2,84975.6,42487.8,8902.672365037364,3.7766933333333337,0,0.0,0.0,0.0,0.0,0,0.0,0.0,0.0,0.0,0,0.0,0.0,0.0,0.0,0,0.0,0.0,0.0,0.0,0,0.0,0.0,0.0,0.0,81,102043.00999999995,1259.7902469135802,553.0797283890797,4.535244888888891,0,0.0,0.0,0.0,0.0
717,0380-11.png,0380,Libidibia paraguariensis (D.Parodi) G.P.Lewis,2250000,124,179931.14999999997,7.996940000000002,0,0.0,0.0,0.0,0.0,0,0.0,0.0,0.0,0.0,0,0.0,0.0,0.0,0.0,0,0.0,0.0,0.0,0.0,1,2469.78,2469.78,0.0,0.10976800000000002,0,0.0,0.0,0.0,0.0,3,35581.11,11860.37,1280.8223544660673,1.5813826666666666,0,0.0,0.0,0.0,0.0,0,0.0,0.0,0.0,0.0,0,0.0,0.0,0.0,0.0,0,0.0,0.0,0.0,0.0,0,0.0,0.0,0.0,0.0,120,141880.26000000004,1182.3355000000001,520.9016355633,6.305789333333334,0,0.0,0.0,0.0,0.0
718,0380-13.png,0380,Libidibia paraguariensis (D.Parodi) G.P.Lewis,2250000,123,286976.9899999999,12.754532888888887,0,0.0,0.0,0.0,0.0,0,0.0,0.0,0.0,0.0,0,0.0,0.0,0.0,0.0,0,0.0,0.0,0.0,0.0,9,51062.81999999999,5673.646666666666,2338.6060387172956,2.2694586666666665,0,0.0,0.0,0.0,0.0,10,94434.14,9443.414,4521.044588352465,4.197072888888888,0,0.0,0.0,0.0,0.0,0,0.0,0.0,0.0,0.0,0,0.0,0.0,0.0,0.0,0,0.0,0.0,0.0,0.0,0,0.0,0.0,0.0,0.0,104,141480.03,1360.3849038461537,549.1645773106694,6.288001333333332,0,0.0,0.0,0.0,0.0
719,0380-14.png,0380,Libidibia paraguariensis (D.Parodi) G.P.Lewis,2250000,119,379777.2399999999,16.878988444444445,0,0.0,0.0,0.0,0.0,0,0.0,0.0,0.0,0.0,0,0.0,0.0,0.0,0.0,0,0.0,0.0,0.0,0.0,4,29551.510000000002,7387.8775000000005,3188.5169835559914,1.3134004444444445,0,0.0,0.0,0.0,0.0,15,205941.07000000004,13729.404666666667,6998.369249930266,9.152936444444444,0,0.0,0.0,0.0,0.0,1,20391.23,20391.23,0.0,0.9062768888888888,0,0.0,0.0,0.0,0.0,0,0.0,0.0,0.0,0.0,0,0.0,0.0,0.0,0.0,99,123893.4300000001,1251.448787878788,440.39866180651,5.50637466666667,0,0.0,0.0,0.0,0.0
720,0380-15.png,0380,Libidibia paraguariensis (D.Parodi) G.P.Lewis,2250000,127,178141.53000000012,7.917401333333331,0,0.0,0.0,0.0,0.0,0,0.0,0.0,0.0,0.0,0,0.0,0.0,0.0,0.0,0,0.0,0.0,0.0,0.0,2,16419.41,8209.705,2423.1064467022493,0.7297515555555556,0,0.0,0.0,0.0,0.0,2,20706.65,10353.325,2987.5332215809754,0.9202955555555556,0,0.0,0.0,0.0,0.0,0,0.0,0.0,0.0,0.0,0,0.0,0.0,0.0,0.0,0,0.0,0.0,0.0,0.0,0,0.0,0.0,0.0,0.0,123,141015.47000000012,1146.4672357723575,516.8213542181699,6.267354222222222,0,0.0,0.0,0.0,0.0
721,0380-17.png,0380,Libidibia paraguariensis (D.Parodi) G.P.Lewis,2250000,117,459451.71,20.420076000000005,0,0.0,0.0,0.0,0.0,0,0.0,0.0,0.0,0.0,0,0.0,0.0,0.0,0.0,0,0.0,0.0,0.0,0.0,8,57635.32,7204.414999999999,3440.077864226747,2.5615697777777777,0,0.0,0.0,0.0,0.0,17,296373.3700000001,17433.727647058822,8287.754533944591,13.172149777777777,0,0.0,0.0,0.0,0.0,0,0.0,0.0,0.0,0.0,0,0.0,0.0,0.0,0.0,0,0.0,0.0,0.0,0.0,0,0.0,0.0,0.0,0.0,92,105443.02,1146.1197826086955,461.03630507082505,4.686356444444444,0,0.0,0.0,0.0,0.0
722,0380-18.png,0380,Libidibia paraguariensis (D.Parodi) G.P.Lewis,2250000,127,321574.33000000013,14.292192444444446,0,0.0,0.0,0.0,0.0,0,0.0,0.0,0.0,0.0,0,0.0,0.0,0.0,0.0,0,0.0,0.0,0.0,0.0,3,15202.77,5067.59,3525.3522053973556,0.6756786666666668,0,0.0,0.0,0.0,0.0,15,224435.44,14962.362666666666,5112.9999280272505,9.974908444444443,0,0.0,0.0,0.0,0.0,0,0.0,0.0,0.0,0.0,0,0.0,0.0,0.0,0.0,0,0.0,0.0,0.0,0.0,0,0.0,0.0,0.0,0.0,109,81936.12000000002,751.7075229357799,369.5082509457069,3.6416053333333323,0,0.0,0.0,0.0,0.0
723,0380-19.png,0380,Libidibia paraguariensis (D.Parodi) G.P.Lewis,2250000,131,145723.35,6.476593333333332,0,0.0,0.0,0.0,0.0,0,0.0,0.0,0.0,0.0,0,0.0,0.0,0.0,0.0,0,0.0,0.0,0.0,0.0,2,12154.7,6077.35,7015.17809188049,0.5402088888888888,0,0.0,0.0,0.0,0.0,2,15135.169999999998,7567.584999999999,3482.93223248027,0.6726742222222222,0,0.0,0.0,0.0,0.0,0,0.0,0.0,0.0,0.0,0,0.0,0.0,0.0,0.0,0,0.0,0.0,0.0,0.0,0,0.0,0.0,0.0,0.0,127,118433.48000000001,932.5470866141734,462.43605460494496,5.263710222222223,0,0.0,0.0,0.0,0.0
724,0380-2.png,0380,Libidibia paraguariensis (D.Parodi) G.P.Lewis,2250000,84,230337.39,10.237217333333332,0,0.0,0.0,0.0,0.0,5,5690.57,1138.114,748.6737798801291,0.2529142222222222,0,0.0,0.0,0.0,0.0,0,0.0,0.0,0.0,0.0,0,0.0,0.0,0.0,0.0,0,0.0,0.0,0.0,0.0,1,28304.82,28304.82,0.0,1.257992,0,0.0,0.0,0.0,0.0,2,103387.35,51693.675,16802.43396911442,4.594993333333333,0,0.0,0.0,0.0,0.0,0,0.0,0.0,0.0,0.0,0,0.0,0.0,0.0,0.0,76,92954.65000000001,1223.0875000000003,593.5073512538268,4.131317777777776,0,0.0,0.0,0.0,0.0
725,0380-20.png,0380,Libidibia paraguariensis (D.Parodi) G.P.Lewis,2250000,144,278689.0099999999,12.38617822222222,0,0.0,0.0,0.0,0.0,0,0.0,0.0,0.0,0.0,0,0.0,0.0,0.0,0.0,0,0.0,0.0,0.0,0.0,7,13239.39,1891.3414285714284,1555.9937551441583,0.5884173333333332,0,0.0,0.0,0.0,0.0,9,155752.66,17305.85111111111,8124.725249276809,6.922340444444444,0,0.0,0.0,0.0,0.0,0,0.0,0.0,0.0,0.0,0,0.0,0.0,0.0,0.0,0,0.0,0.0,0.0,0.0,0,0.0,0.0,0.0,0.0,128,109696.95999999999,857.0074999999999,471.2077796020353,4.8754204444444476,0,0.0,0.0,0.0,0.0
726,0380-22.png,0380,Libidibia paraguariensis (D.Parodi) G.P.Lewis,2250000,186,381169.83,16.940881333333323,0,0.0,0.0,0.0,0.0,0,0.0,0.0,0.0,0.0,5,6972.67,1394.534,394.05066993979335,0.3098964444444444,0,0.0,0.0,0.0,0.0,10,31333.549999999996,3133.3549999999996,2786.0993199184413,1.392602222222222,0,0.0,0.0,0.0,0.0,24,207488.18999999997,8645.34125,7584.446857469345,9.221697333333333,0,0.0,0.0,0.0,0.0,0,0.0,0.0,0.0,0.0,0,0.0,0.0,0.0,0.0,0,0.0,0.0,0.0,0.0,0,0.0,0.0,0.0,0.0,147,135375.41999999998,920.921224489796,466.54523633745885,6.016685333333331,0,0.0,0.0,0.0,0.0
727,0380-23.png,0380,Libidibia paraguariensis (D.Parodi) G.P.Lewis,2250000,160,356688.7099999998,15.852831555555555,0,0.0,0.0,0.0,0.0,0,0.0,0.0,0.0,0.0,1,1425.86,1425.86,0.0,0.06337155555555556,0,0.0,0.0,0.0,0.0,15,53527.25000000001,3568.483333333334,2969.377281801852,2.378988888888889,0,0.0,0.0,0.0,0.0,30,212339.76000000004,7077.991999999999,6893.159230957442,9.437322666666665,0,0.0,0.0,0.0,0.0,0,0.0,0.0,0.0,0.0,0,0.0,0.0,0.0,0.0,0,0.0,0.0,0.0,0.0,0,0.0,0.0,0.0,0.0,114,89395.84000000001,784.1740350877193,378.7771976033958,3.9731484444444454,0,0.0,0.0,0.0,0.0
728,0380-3.png,0380,Libidibia paraguariensis (D.Parodi) G.P.Lewis,2250000,76,152607.00999999995,6.782533777777778,0,0.0,0.0,0.0,0.0,2,3315.21,1657.605,110.76827727287274,0.14734266666666668,0,0.0,0.0,0.0,0.0,0,0.0,0.0,0.0,0.0,0,0.0,0.0,0.0,0.0,0,0.0,0.0,0.0,0.0,0,0.0,0.0,0.0,0.0,0,0.0,0.0,0.0,0.0,1,49765.71,49765.71,0.0,2.211809333333333,0,0.0,0.0,0.0,0.0,0,0.0,0.0,0.0,0.0,0,0.0,0.0,0.0,0.0,73,99526.08999999997,1363.371095890411,584.4539704016278,4.423381777777778,0,0.0,0.0,0.0,0.0
729,0380-4.png,0380,Libidibia paraguariensis (D.Parodi) G.P.Lewis,2250000,119,162328.32999999993,7.214592444444446,0,0.0,0.0,0.0,0.0,1,1112.58,1112.58,0.0,0.04944799999999999,0,0.0,0.0,0.0,0.0,0,0.0,0.0,0.0,0.0,0,0.0,0.0,0.0,0.0,0,0.0,0.0,0.0,0.0,0,0.0,0.0,0.0,0.0,0,0.0,0.0,0.0,0.0,0,0.0,0.0,0.0,0.0,0,0.0,0.0,0.0,0.0,0,0.0,0.0,0.0,0.0,0,0.0,0.0,0.0,0.0,118,161215.74999999994,1366.2351694915258,637.5855415385695,7.165144444444446,0,0.0,0.0,0.0,0.0
730,0380-6.png,0380,Libidibia paraguariensis (D.Parodi) G.P.Lewis,2250000,117,190994.74000000002,8.488655111111111,0,0.0,0.0,0.0,0.0,1,783.21,783.21,0.0,0.03480933333333333,0,0.0,0.0,0.0,0.0,0,0.0,0.0,0.0,0.0,1,7491.95,7491.95,0.0,0.3329755555555555,0,0.0,0.0,0.0,0.0,1,48734.66,48734.66,0.0,2.165984888888889,0,0.0,0.0,0.0,0.0,1,2901.08,2901.08,0.0,0.12893688888888888,0,0.0,0.0,0.0,0.0,0,0.0,0.0,0.0,0.0,0,0.0,0.0,0.0,0.0,113,131083.83999999997,1160.0339823008849,556.9735347017008,5.825948444444444,0,0.0,0.0,0.0,0.0
731,0380-8.png,0380,Libidibia paraguariensis (D.Parodi) G.P.Lewis,2250000,121,155440.43999999997,6.908464,0,0.0,0.0,0.0,0.0,0,0.0,0.0,0.0,0.0,0,0.0,0.0,0.0,0.0,0,0.0,0.0,0.0,0.0,1,4840.85,4840.85,0.0,0.21514888888888892,0,0.0,0.0,0.0,0.0,0,0.0,0.0,0.0,0.0,1,4625.2,4625.2,0.0,0.20556444444444444,0,0.0,0.0,0.0,0.0,0,0.0,0.0,0.0,0.0,0,0.0,0.0,0.0,0.0,0,0.0,0.0,0.0,0.0,119,145974.38999999996,1226.6755462184872,518.9843765074334,6.487750666666667,0,0.0,0.0,0.0,0.0
732,0425-13.png,0425,Mezilaurus ita-uba (Meisn.) Taub. ex Mez,2250000,29,63002.96000000001,2.8001315555555557,0,0.0,0.0,0.0,0.0,4,6604.67,1651.1675,483.00480973278104,0.2935408888888889,15,33834.47,2255.6313333333333,676.3257871434728,1.5037542222222222,0,0.0,0.0,0.0,0.0,0,0.0,0.0,0.0,0.0,0,0.0,0.0,0.0,0.0,0,0.0,0.0,0.0,0.0,0,0.0,0.0,0.0,0.0,0,0.0,0.0,0.0,0.0,0,0.0,0.0,0.0,0.0,0,0.0,0.0,0.0,0.0,0,0.0,0.0,0.0,0.0,10,22563.820000000003,2256.3820000000005,394.46393697438725,1.0028364444444444,0,0.0,0.0,0.0,0.0
733,0425-14.png,0425,Mezilaurus ita-uba (Meisn.) Taub. ex Mez,2250000,19,42522.67999999999,1.8898968888888887,0,0.0,0.0,0.0,0.0,2,5174.52,2587.26,496.9122194110346,0.22997866666666666,5,14429.21,2885.8419999999996,653.9312715951119,0.6412982222222222,0,0.0,0.0,0.0,0.0,0,0.0,0.0,0.0,0.0,0,0.0,0.0,0.0,0.0,0,0.0,0.0,0.0,0.0,0,0.0,0.0,0.0,0.0,0,0.0,0.0,0.0,0.0,0,0.0,0.0,0.0,0.0,0,0.0,0.0,0.0,0.0,0,0.0,0.0,0.0,0.0,12,22918.950000000004,1909.9125000000004,629.8862203189774,1.01862,0,0.0,0.0,0.0,0.0
734,0425-15.png,0425,Mezilaurus ita-uba (Meisn.) Taub. ex Mez,2250000,14,27064.55,1.2028688888888888,0,0.0,0.0,0.0,0.0,1,1908.66,1908.66,0.0,0.08482933333333334,4,7973.67,1993.4175,1227.0690968693111,0.35438533333333333,0,0.0,0.0,0.0,0.0,0,0.0,0.0,0.0,0.0,0,0.0,0.0,0.0,0.0,0,0.0,0.0,0.0,0.0,0,0.0,0.0,0.0,0.0,0,0.0,0.0,0.0,0.0,0,0.0,0.0,0.0,0.0,0,0.0,0.0,0.0,0.0,0,0.0,0.0,0.0,0.0,9,17182.22,1909.1355555555556,682.2958454935642,0.7636542222222222,0,0.0,0.0,0.0,0.0
735,0425-16.png,0425,Mezilaurus ita-uba (Meisn.) Taub. ex Mez,2250000,18,42372.46000000001,1.8832204444444445,0,0.0,0.0,0.0,0.0,0,0.0,0.0,0.0,0.0,16,39405.94000000001,2462.87125,730.4621845185873,1.751375111111111,0,0.0,0.0,0.0,0.0,0,0.0,0.0,0.0,0.0,0,0.0,0.0,0.0,0.0,0,0.0,0.0,0.0,0.0,0,0.0,0.0,0.0,0.0,0,0.0,0.0,0.0,0.0,0,0.0,0.0,0.0,0.0,0,0.0,0.0,0.0,0.0,0,0.0,0.0,0.0,0.0,2,2966.5200000000004,1483.2600000000002,23.518371542264564,0.13184533333333334,0,0.0,0.0,0.0,0.0
736,0425-2.png,0425,Mezilaurus ita-uba (Meisn.) Taub. ex Mez,2250000,31,62663.91,2.785062666666667,0,0.0,0.0,0.0,0.0,5,10806.08,2161.216,890.2792110793108,0.4802702222222222,17,35006.060000000005,2059.18,786.1012300588264,1.5558248888888888,0,0.0,0.0,0.0,0.0,0,0.0,0.0,0.0,0.0,0,0.0,0.0,0.0,0.0,0,0.0,0.0,0.0,0.0,0,0.0,0.0,0.0,0.0,0,0.0,0.0,0.0,0.0,0,0.0,0.0,0.0,0.0,0,0.0,0.0,0.0,0.0,0,0.0,0.0,0.0,0.0,9,16851.769999999997,1872.4188888888884,574.3565060449051,0.7489675555555555,0,0.0,0.0,0.0,0.0
737,0425-3.png,0425,Mezilaurus ita-uba (Meisn.) Taub. ex Mez,2250000,26,46057.84,2.047015111111111,0,0.0,0.0,0.0,0.0,11,17081.4,1552.8545454545456,392.8168392613443,0.7591733333333334,9,17182.23,1909.1366666666665,885.6685040408743,0.7636546666666667,0,0.0,0.0,0.0,0.0,0,0.0,0.0,0.0,0.0,0,0.0,0.0,0.0,0.0,0,0.0,0.0,0.0,0.0,0,0.0,0.0,0.0,0.0,0,0.0,0.0,0.0,0.0,0,0.0,0.0,0.0,0.0,0,0.0,0.0,0.0,0.0,0,0.0,0.0,0.0,0.0,6,11794.210000000001,1965.7016666666668,506.96053907248705,0.5241871111111112,0,0.0,0.0,0.0,0.0
738,0425-4.png,0425,Mezilaurus ita-uba (Meisn.) Taub. ex Mez,2250000,51,111910.30000000002,4.973791111111111,0,0.0,0.0,0.0,0.0,20,34729.23,1736.4615,594.7918180628192,1.5435213333333333,21,54895.150000000016,2614.054761904762,1101.164201450533,2.439784444444444,0,0.0,0.0,0.0,0.0,0,0.0,0.0,0.0,0.0,0,0.0,0.0,0.0,0.0,0,0.0,0.0,0.0,0.0,0,0.0,0.0,0.0,0.0,0,0.0,0.0,0.0,0.0,0,0.0,0.0,0.0,0.0,0,0.0,0.0,0.0,0.0,0,0.0,0.0,0.0,0.0,10,22285.92,2228.5919999999996,526.5957098782919,0.9904853333333333,0,0.0,0.0,0.0,0.0
739,0425-5.png,0425,Mezilaurus ita-uba (Meisn.) Taub. ex Mez,2250000,54,124177.68000000002,5.519008000000001,0,0.0,0.0,0.0,0.0,10,18164.989999999998,1816.4989999999998,590.8012958582418,0.8073328888888888,31,74689.85000000002,2409.3500000000004,860.9888315458375,3.3195488888888884,0,0.0,0.0,0.0,0.0,0,0.0,0.0,0.0,0.0,0,0.0,0.0,0.0,0.0,0,0.0,0.0,0.0,0.0,0,0.0,0.0,0.0,0.0,0,0.0,0.0,0.0,0.0,0,0.0,0.0,0.0,0.0,0,0.0,0.0,0.0,0.0,0,0.0,0.0,0.0,0.0,13,31322.840000000004,2409.4492307692312,547.6680811321997,1.3921262222222224,0,0.0,0.0,0.0,0.0
740,0425-6.png,0425,Mezilaurus ita-uba (Meisn.) Taub. ex Mez,2250000,68,159821.01999999993,7.103156444444445,0,0.0,0.0,0.0,0.0,32,61447.25999999998,1920.226875,464.5669651471663,2.7309893333333335,27,76165.08,2820.928888888889,784.2665135081672,3.385114666666668,0,0.0,0.0,0.0,0.0,0,0.0,0.0,0.0,0.0,0,0.0,0.0,0.0,0.0,0,0.0,0.0,0.0,0.0,0,0.0,0.0,0.0,0.0,0,0.0,0.0,0.0,0.0,0,0.0,0.0,0.0,0.0,0,0.0,0.0,0.0,0.0,0,0.0,0.0,0.0,0.0,9,22208.68,2467.6311111111113,402.82985075725344,0.9870524444444444,0,0.0,0.0,0.0,0.0
741,0425-7.png,0425,Mezilaurus ita-uba (Meisn.) Taub. ex Mez,2250000,65,150449.39,6.686639555555555,0,0.0,0.0,0.0,0.0,32,60121.17999999999,1878.786875,778.919094094347,2.672052444444445,28,78337.68,2797.7742857142853,575.2247614591771,3.481674666666667,0,0.0,0.0,0.0,0.0,0,0.0,0.0,0.0,0.0,0,0.0,0.0,0.0,0.0,0,0.0,0.0,0.0,0.0,0,0.0,0.0,0.0,0.0,0,0.0,0.0,0.0,0.0,0,0.0,0.0,0.0,0.0,0,0.0,0.0,0.0,0.0,0,0.0,0.0,0.0,0.0,5,11990.53,2398.106,932.5590227058017,0.5329124444444444,0,0.0,0.0,0.0,0.0
742,0425-8.png,0425,Mezilaurus ita-uba (Meisn.) Taub. ex Mez,2250000,60,137829.08000000002,6.125736888888889,0,0.0,0.0,0.0,0.0,19,35636.9,1875.6263157894737,687.7407833883873,1.5838622222222225,35,82662.46,2361.784571428572,656.0989997855994,3.673887111111112,0,0.0,0.0,0.0,0.0,1,6725.91,6725.91,0.0,0.2989293333333333,0,0.0,0.0,0.0,0.0,0,0.0,0.0,0.0,0.0,0,0.0,0.0,0.0,0.0,0,0.0,0.0,0.0,0.0,0,0.0,0.0,0.0,0.0,0,0.0,0.0,0.0,0.0,0,0.0,0.0,0.0,0.0,5,12803.810000000001,2560.762,1025.437369647703,0.5690582222222222,0,0.0,0.0,0.0,0.0
743,0425-9.png,0425,Mezilaurus ita-uba (Meisn.) Taub. ex Mez,2250000,61,145134.34000000003,6.450415111111112,0,0.0,0.0,0.0,0.0,15,35409.46000000001,2360.630666666667,480.30032441716924,1.5737537777777777,36,85089.31999999999,2363.592222222222,657.79425145432,3.7817475555555555,0,0.0,0.0,0.0,0.0,0,0.0,0.0,0.0,0.0,0,0.0,0.0,0.0,0.0,0,0.0,0.0,0.0,0.0,0,0.0,0.0,0.0,0.0,0,0.0,0.0,0.0,0.0,0,0.0,0.0,0.0,0.0,0,0.0,0.0,0.0,0.0,0,0.0,0.0,0.0,0.0,10,24635.560000000005,2463.5560000000005,701.8250486046283,1.0949137777777775,0,0.0,0.0,0.0,0.0
744,0030-2.jpg,0030,Amburana cearensis (Allemão) A.C.Sm.,2250000,47,1107773.8000000003,49.234391111111115,0,0.0,0.0,0.0,0.0,0,0.0,0.0,0.0,0.0,2,8894.21,4447.105,1697.841163374831,0.3952982222222222,17,566500.7800000001,33323.57529411765,21159.601216213032,25.177812444444445,7,246473.55000000002,35210.50714285715,16802.34511683088,10.954379999999999,0,0.0,0.0,0.0,0.0,5,219479.8,43895.96,30763.364791418702,9.754657777777778,0,0.0,0.0,0.0,0.0,0,0.0,0.0,0.0,0.0,0,0.0,0.0,0.0,0.0,0,0.0,0.0,0.0,0.0,0,0.0,0.0,0.0,0.0,16,66425.45999999999,4151.59125,2692.317314790055,2.952242666666667,0,0.0,0.0,0.0,0.0
745,0030-6.jpg,0030,Amburana cearensis (Allemão) A.C.Sm.,2250000,35,1054766.86,46.87852711111112,0,0.0,0.0,0.0,0.0,0,0.0,0.0,0.0,0.0,3,17915.010000000002,5971.670000000001,457.71267002345473,0.7962226666666667,15,788421.3799999999,52561.425333333325,22943.881898364805,35.040950222222236,2,77697.16,38848.58,29269.214425112266,3.453207111111111,0,0.0,0.0,0.0,0.0,4,112497.2,28124.3,23988.458247717102,4.999875555555556,0,0.0,0.0,0.0,0.0,0,0.0,0.0,0.0,0.0,0,0.0,0.0,0.0,0.0,0,0.0,0.0,0.0,0.0,0,0.0,0.0,0.0,0.0,11,58236.10999999999,5294.191818181818,2118.291274404057,2.5882715555555555,0,0.0,0.0,0.0,0.0
746,0034-1.jpg,0034,Anacardium L.,2250000,46,349646.3199999999,15.539836444444438,0,0.0,0.0,0.0,0.0,0,0.0,0.0,0.0,0.0,0,0.0,0.0,0.0,0.0,5,70461.62,14092.323999999999,3537.792419932237,3.1316275555555553,21,217577.60000000003,10360.838095238098,4123.199293510585,9.670115555555554,0,0.0,0.0,0.0,0.0,0,0.0,0.0,0.0,0.0,0,0.0,0.0,0.0,0.0,0,0.0,0.0,0.0,0.0,0,0.0,0.0,0.0,0.0,0,0.0,0.0,0.0,0.0,0,0.0,0.0,0.0,0.0,20,61607.100000000006,3080.3550000000005,1538.605898760303,2.738093333333333,0,0.0,0.0,0.0,0.0
747,0034-10.jpg,0034,Anacardium L.,2250000,51,494262.42999999993,21.967219111111113,0,0.0,0.0,0.0,0.0,0,0.0,0.0,0.0,0.0,0,0.0,0.0,0.0,0.0,7,92013.70000000001,13144.814285714287,4516.615345299535,4.089497777777778,23,313437.5800000001,13627.720869565219,4259.840353735969,13.930559111111112,0,0.0,0.0,0.0,0.0,2,16125.44,8062.72,9055.167013468057,0.7166862222222222,0,0.0,0.0,0.0,0.0,0,0.0,0.0,0.0,0.0,0,0.0,0.0,0.0,0.0,0,0.0,0.0,0.0,0.0,0,0.0,0.0,0.0,0.0,19,72685.70999999999,3825.563684210526,1265.934036570146,3.2304759999999995,0,0.0,0.0,0.0,0.0
748,0070-5.jpg,0070,Bagassa guianensis Aubl.,2250000,36,525057.42,23.33588533333333,0,0.0,0.0,0.0,0.0,2,30231.72,15115.86,3567.1415790517754,1.343632,0,0.0,0.0,0.0,0.0,28,442402.47,15800.088214285712,8292.036867804558,19.662331999999996,2,21692.629999999997,10846.314999999999,2874.4951315404933,0.9641168888888889,0,0.0,0.0,0.0,0.0,0,0.0,0.0,0.0,0.0,0,0.0,0.0,0.0,0.0,0,0.0,0.0,0.0,0.0,0,0.0,0.0,0.0,0.0,0,0.0,0.0,0.0,0.0,0,0.0,0.0,0.0,0.0,4,30730.6,7682.65,3509.9402679532886,1.3658044444444444,0,0.0,0.0,0.0,0.0
749,0070-6.jpg,0070,Bagassa guianensis Aubl.,2250000,37,520014.88999999996,23.111772888888883,0,0.0,0.0,0.0,0.0,7,72221.17000000001,10317.310000000001,1685.6891930107795,3.2098297777777773,0,0.0,0.0,0.0,0.0,24,389347.30999999994,16222.80458333333,9995.106223348364,17.304324888888885,2,18722.9,9361.45,4023.084031560863,0.8321288888888889,0,0.0,0.0,0.0,0.0,0,0.0,0.0,0.0,0.0,0,0.0,0.0,0.0,0.0,0,0.0,0.0,0.0,0.0,0,0.0,0.0,0.0,0.0,0,0.0,0.0,0.0,0.0,0,0.0,0.0,0.0,0.0,4,39723.51,9930.8775,3111.8648551136766,1.7654893333333335,0,0.0,0.0,0.0,0.0
750,0115-1.jpg,0115,Carapa guianensis Aubl.,2250000,86,543551.8200000002,24.157858666666673,0,0.0,0.0,0.0,0.0,0,0.0,0.0,0.0,0.0,8,13538.710000000001,1692.33875,433.40529294801786,0.6017204444444444,50,370375.52000000014,7407.5104,3933.142583059163,16.461134222222228,0,0.0,0.0,0.0,0.0,0,0.0,0.0,0.0,0.0,0,0.0,0.0,0.0,0.0,0,0.0,0.0,0.0,0.0,0,0.0,0.0,0.0,0.0,0,0.0,0.0,0.0,0.0,6,55471.31,9245.218333333332,5448.404002140138,2.4653915555555557,1,14943.12,14943.12,0.0,0.6641386666666668,21,89223.16,4248.721904761905,1359.1322861687122,3.9654737777777784,0,0.0,0.0,0.0,0.0
751,0115-4.jpg,0115,Carapa guianensis Aubl.,2250000,78,528767.4700000003,23.500776444444444,0,0.0,0.0,0.0,0.0,0,0.0,0.0,0.0,0.0,6,11385.45,1897.575,817.3843960524327,0.50602,57,454520.7100000002,7974.047543859649,4801.692584325746,20.20092044444444,0,0.0,0.0,0.0,0.0,0,0.0,0.0,0.0,0.0,0,0.0,0.0,0.0,0.0,0,0.0,0.0,0.0,0.0,0,0.0,0.0,0.0,0.0,0,0.0,0.0,0.0,0.0,1,2406.48,2406.48,0.0,0.10695466666666667,0,0.0,0.0,0.0,0.0,14,60454.83000000001,4318.202142857143,1221.2612371024068,2.6868813333333335,0,0.0,0.0,0.0,0.0
752,0130-10.jpg,0130,Castanea sativa Mill.,2250000,40,96012.34000000001,4.26721511111111,4,33952.47,8488.1175,7941.700144605373,1.5089986666666668,17,21776.320000000003,1280.96,687.7677486350316,0.9678364444444444,0,0.0,0.0,0.0,0.0,0,0.0,0.0,0.0,0.0,0,0.0,0.0,0.0,0.0,0,0.0,0.0,0.0,0.0,0,0.0,0.0,0.0,0.0,0,0.0,0.0,0.0,0.0,0,0.0,0.0,0.0,0.0,0,0.0,0.0,0.0,0.0,0,0.0,0.0,0.0,0.0,0,0.0,0.0,0.0,0.0,19,40283.55,2120.186842105263,1488.289078457589,1.7903799999999996,0,0.0,0.0,0.0,0.0
753,0130-2.jpg,0130,Castanea sativa Mill.,2250000,50,505144.74000000005,22.450877333333334,28,436999.44999999984,15607.123214285713,13104.15017263475,19.422197777777775,14,30258.56,2161.325714285714,1200.6401802802106,1.3448248888888887,0,0.0,0.0,0.0,0.0,0,0.0,0.0,0.0,0.0,0,0.0,0.0,0.0,0.0,0,0.0,0.0,0.0,0.0,0,0.0,0.0,0.0,0.0,0,0.0,0.0,0.0,0.0,0,0.0,0.0,0.0,0.0,0,0.0,0.0,0.0,0.0,0,0.0,0.0,0.0,0.0,0,0.0,0.0,0.0,0.0,8,37886.73,4735.84125,1895.337204558579,1.683854666666667,0,0.0,0.0,0.0,0.0
754,0257-5.jpg,0257,Entandrophragma candollei Harms,2250000,70,948532.0800000001,42.156981333333334,0,0.0,0.0,0.0,0.0,0,0.0,0.0,0.0,0.0,5,8674.26,1734.852,1605.6576744810832,0.3855226666666666,16,138912.66,8682.04125,3256.9959657858035,6.173895999999999,0,0.0,0.0,0.0,0.0,0,0.0,0.0,0.0,0.0,0,0.0,0.0,0.0,0.0,0,0.0,0.0,0.0,0.0,21,695070.8700000001,33098.61285714285,18573.92244309132,30.89203866666667,0,0.0,0.0,0.0,0.0,0,0.0,0.0,0.0,0.0,0,0.0,0.0,0.0,0.0,28,105874.29,3781.2246428571425,1892.505494752984,4.705524,0,0.0,0.0,0.0,0.0
755,0294-10.jpg,0294,Fraxinus excelsior L.,2250000,162,727818.43,32.34748577777777,0,0.0,0.0,0.0,0.0,5,8601.31,1720.262,376.6939729010805,0.3822804444444444,0,0.0,0.0,0.0,0.0,62,149582.46000000008,2412.620322580646,1141.5342562734577,6.648109333333335,0,0.0,0.0,0.0,0.0,0,0.0,0.0,0.0,0.0,21,80275.30999999997,3822.633809523809,1158.9422671189286,3.567791555555556,0,0.0,0.0,0.0,0.0,0,0.0,0.0,0.0,0.0,0,0.0,0.0,0.0,0.0,7,209928.99,29989.855714285713,4704.107985562041,9.330177333333333,0,0.0,0.0,0.0,0.0,67,279430.3599999999,4170.602388059701,2693.7011278413206,12.419127111111111,0,0.0,0.0,0.0,0.0
756,0294-6.jpg,0294,Fraxinus excelsior L.,2250000,159,859876.5200000003,38.21673422222222,0,0.0,0.0,0.0,0.0,7,23783.690000000002,3397.6700000000005,1100.1207911255322,1.0570528888888888,0,0.0,0.0,0.0,0.0,46,115195.52,2504.250434782609,959.7903247502817,5.119800888888888,0,0.0,0.0,0.0,0.0,0,0.0,0.0,0.0,0.0,7,34994.25,4999.178571428572,1504.4829310810692,1.5553,0,0.0,0.0,0.0,0.0,0,0.0,0.0,0.0,0.0,0,0.0,0.0,0.0,0.0,8,288999.44,36124.93000000001,6168.5296386300315,12.844419555555554,0,0.0,0.0,0.0,0.0,91,396903.62000000005,4361.578241758242,2737.707196571854,17.6401608888889,0,0.0,0.0,0.0,0.0
757,0301-2.jpg,0301,Gilbertiodendron dewevrei (De Wild.) J.Léonard,2250000,53,974699.7600000002,43.31998933333334,0,0.0,0.0,0.0,0.0,0,0.0,0.0,0.0,0.0,2,16544.94,8272.47,4047.3660784268077,0.7353306666666667,0,0.0,0.0,0.0,0.0,30,648627.88,21620.929333333337,11899.987664088632,28.827905777777776,0,0.0,0.0,0.0,0.0,6,215811.62,35968.60333333333,19569.560836662295,9.591627555555554,0,0.0,0.0,0.0,0.0,0,0.0,0.0,0.0,0.0,0,0.0,0.0,0.0,0.0,4,32711.149999999998,8177.787499999999,2487.4186715867386,1.453828888888889,0,0.0,0.0,0.0,0.0,11,61004.170000000006,5545.833636363637,2465.041273205269,2.7112964444444447,0,0.0,0.0,0.0,0.0
758,0301-8.jpg,0301,Gilbertiodendron dewevrei (De Wild.) J.Léonard,2250000,59,1002025.0100000002,44.53444488888888,0,0.0,0.0,0.0,0.0,0,0.0,0.0,0.0,0.0,2,7902.860000000001,3951.4300000000003,1142.5148527699762,0.3512382222222223,0,0.0,0.0,0.0,0.0,33,646498.2200000001,19590.855151515152,8842.876830527255,28.733254222222218,0,0.0,0.0,0.0,0.0,5,243032.81,48606.562,22137.113523267213,10.801458222222223,0,0.0,0.0,0.0,0.0,0,0.0,0.0,0.0,0.0,0,0.0,0.0,0.0,0.0,5,27599.92,5519.9839999999995,4726.176718313652,1.2266631111111113,0,0.0,0.0,0.0,0.0,14,76991.20000000001,5499.3714285714295,1261.9284976261054,3.421831111111111,0,0.0,0.0,0.0,0.0
759,0318-11.png,0318,Leplaea cedrata (A.Chev.) E.J.M.Koenen & J.J.de Wilde,2250000,62,338426.1199999999,15.04116088888889,0,0.0,0.0,0.0,0.0,0,0.0,0.0,0.0,0.0,28,81170.07,2898.9310714285716,882.0796124199662,3.6075586666666664,0,0.0,0.0,0.0,0.0,0,0.0,0.0,0.0,0.0,0,0.0,0.0,0.0,0.0,0,0.0,0.0,0.0,0.0,0,0.0,0.0,0.0,0.0,8,193410.88999999998,24176.36125,10640.82431791479,8.596039555555555,0,0.0,0.0,0.0,0.0,0,0.0,0.0,0.0,0.0,0,0.0,0.0,0.0,0.0,26,63845.16,2455.583076923077,571.21018503363,2.8375626666666673,0,0.0,0.0,0.0,0.0
760,0318-12.png,0318,Leplaea cedrata (A.Chev.) E.J.M.Koenen & J.J.de Wilde,2250000,71,443109.55999999994,19.69375822222221,0,0.0,0.0,0.0,0.0,0,0.0,0.0,0.0,0.0,21,61651.12000000001,2935.7676190476195,941.8540365624856,2.7400497777777777,0,0.0,0.0,0.0,0.0,0,0.0,0.0,0.0,0.0,0,0.0,0.0,0.0,0.0,0,0.0,0.0,0.0,0.0,0,0.0,0.0,0.0,0.0,10,290881.29,29088.128999999997,10273.981676748579,12.928057333333333,0,0.0,0.0,0.0,0.0,0,0.0,0.0,0.0,0.0,0,0.0,0.0,0.0,0.0,40,90577.15000000001,2264.42875,614.3619280078941,4.025651111111111,0,0.0,0.0,0.0,0.0
761,0396-10.png,0396,Lophira alata Banks ex C.F.Gaertn.,2250000,33,790339.7000000001,35.12620888888888,0,0.0,0.0,0.0,0.0,0,0.0,0.0,0.0,0.0,7,52685.030000000006,7526.432857142858,2287.0680422010064,2.341556888888889,0,0.0,0.0,0.0,0.0,0,0.0,0.0,0.0,0.0,0,0.0,0.0,0.0,0.0,0,0.0,0.0,0.0,0.0,0,0.0,0.0,0.0,0.0,17,649290.91,38193.58294117648,18729.59571528266,28.857373777777774,0,0.0,0.0,0.0,0.0,0,0.0,0.0,0.0,0.0,0,0.0,0.0,0.0,0.0,9,88363.76,9818.195555555556,3745.9564890662805,3.927278222222222,0,0.0,0.0,0.0,0.0
762,0396-11.png,0396,Lophira alata Banks ex C.F.Gaertn.,2250000,35,821980.11,36.53244933333333,0,0.0,0.0,0.0,0.0,0,0.0,0.0,0.0,0.0,12,74718.81999999998,6226.568333333333,3360.3516635285046,3.3208364444444447,0,0.0,0.0,0.0,0.0,0,0.0,0.0,0.0,0.0,0,0.0,0.0,0.0,0.0,0,0.0,0.0,0.0,0.0,0,0.0,0.0,0.0,0.0,18,702057.49,39003.19388888889,17891.968530122223,31.202555111111103,0,0.0,0.0,0.0,0.0,0,0.0,0.0,0.0,0.0,0,0.0,0.0,0.0,0.0,5,45203.8,9040.76,5614.7065522296,2.0090577777777776,0,0.0,0.0,0.0,0.0
763,0426-1.png,0426,Microberlinia brazzavillensis A. Chev.,2250000,85,885651.4700000001,39.36228755555558,0,0.0,0.0,0.0,0.0,0,0.0,0.0,0.0,0.0,9,43653.490000000005,4850.387777777778,1937.792700618269,1.9401551111111113,0,0.0,0.0,0.0,0.0,31,489410.91,15787.448709677416,6749.568148388825,21.751596,15,164692.99,10979.532666666666,7585.994826887493,7.319688444444446,2,38525.11,19262.555,2969.332293033234,1.712227111111111,0,0.0,0.0,0.0,0.0,0,0.0,0.0,0.0,0.0,0,0.0,0.0,0.0,0.0,0,0.0,0.0,0.0,0.0,0,0.0,0.0,0.0,0.0,28,149368.96999999997,5334.60607142857,1961.2611431901921,6.638620888888887,0,0.0,0.0,0.0,0.0
764,0426-12.png,0426,Microberlinia brazzavillensis A. Chev.,2250000,76,964818.4899999999,42.88082177777778,0,0.0,0.0,0.0,0.0,0,0.0,0.0,0.0,0.0,3,13702.869999999999,4567.623333333333,1118.910783947198,0.6090164444444444,0,0.0,0.0,0.0,0.0,14,217057.21000000005,15504.08642857143,8034.104320499633,9.64698711111111,30,541067.0199999999,18035.567333333332,10472.44094973908,24.047423111111115,1,34206.75,34206.75,0.0,1.5203,0,0.0,0.0,0.0,0.0,3,35306.46,11768.82,12061.754559843273,1.5691760000000001,0,0.0,0.0,0.0,0.0,0,0.0,0.0,0.0,0.0,0,0.0,0.0,0.0,0.0,25,123478.18000000001,4939.1272,1973.480477740026,5.487919111111112,0,0.0,0.0,0.0,0.0
765,0430-4.png,0430,Milicia excelsa (Welw.) C.C. Berg,2250000,61,1098071.7200000004,48.80318755555557,0,0.0,0.0,0.0,0.0,11,60141.579999999994,5467.416363636363,3650.882973474424,2.672959111111111,0,0.0,0.0,0.0,0.0,0,0.0,0.0,0.0,0.0,11,140897.52000000002,12808.865454545456,8379.685592060556,6.262112,18,617197.75,34288.76388888889,19533.608196822377,27.43101111111111,2,108955.62,54477.81,11655.792617587187,4.842472,0,0.0,0.0,0.0,0.0,1,48110.25,48110.25,0.0,2.1382333333333334,0,0.0,0.0,0.0,0.0,1,22936.11,22936.11,0.0,1.0193826666666668,0,0.0,0.0,0.0,0.0,17,99832.89,5872.52294117647,3284.37444890531,4.4370173333333325,0,0.0,0.0,0.0,0.0
766,0431-1.png,0431,Millettia laurentii De Wild.,2250000,19,1084703.5599999998,48.20904711111111,0,0.0,0.0,0.0,0.0,0,0.0,0.0,0.0,0.0,3,4854.8,1618.2666666666667,724.0120890104898,0.2157688888888889,0,0.0,0.0,0.0,0.0,0,0.0,0.0,0.0,0.0,0,0.0,0.0,0.0,0.0,1,33195.02,33195.02,0.0,1.475334222222222,0,0.0,0.0,0.0,0.0,8,1013297.7899999999,126662.22375,62722.64358391837,45.03545733333333,0,0.0,0.0,0.0,0.0,0,0.0,0.0,0.0,0.0,0,0.0,0.0,0.0,0.0,7,33355.95,4765.135714285714,2804.467229622869,1.4824866666666667,0,0.0,0.0,0.0,0.0
767,0431-10.png,0431,Millettia laurentii De Wild.,2250000,29,1498122.09,66.58320399999998,0,0.0,0.0,0.0,0.0,0,0.0,0.0,0.0,0.0,3,16885.04,5628.346666666667,2327.9316967070436,0.7504462222222221,0,0.0,0.0,0.0,0.0,0,0.0,0.0,0.0,0.0,0,0.0,0.0,0.0,0.0,0,0.0,0.0,0.0,0.0,0,0.0,0.0,0.0,0.0,11,1375313.41,125028.4918181818,41655.05986629927,61.12504044444444,0,0.0,0.0,0.0,0.0,0,0.0,0.0,0.0,0.0,0,0.0,0.0,0.0,0.0,15,105923.64,7061.576,5028.45273670142,4.707717333333333,0,0.0,0.0,0.0,0.0
768,0478-1.png,0478,Peltogyne Vogel,2250000,144,1531635.719999999,68.07269866666662,0,0.0,0.0,0.0,0.0,0,0.0,0.0,0.0,0.0,17,75843.2,4461.364705882353,1699.9709603737267,3.3708088888888885,0,0.0,0.0,0.0,0.0,50,641624.09,12832.481800000001,7189.042531413215,28.516626222222214,0,0.0,0.0,0.0,0.0,13,353698.62,27207.586153846154,18726.161513368377,15.719938666666668,0,0.0,0.0,0.0,0.0,0,0.0,0.0,0.0,0.0,0,0.0,0.0,0.0,0.0,9,234649.29,26072.143333333333,13090.81067571161,10.428857333333333,0,0.0,0.0,0.0,0.0,55,225820.52000000002,4105.827636363635,2228.8406875598102,10.036467555555557,0,0.0,0.0,0.0,0.0
769,0478-13.png,0478,Peltogyne Vogel,2250000,107,1196654.6799999997,53.18465244444444,0,0.0,0.0,0.0,0.0,0,0.0,0.0,0.0,0.0,15,60073.99,4004.9326666666666,2512.380288239668,2.6699551111111113,0,0.0,0.0,0.0,0.0,33,462368.84,14011.176969696971,7216.929487781007,20.549726222222226,0,0.0,0.0,0.0,0.0,11,306960.59,27905.508181818182,28662.367429952756,13.642692888888888,0,0.0,0.0,0.0,0.0,0,0.0,0.0,0.0,0.0,0,0.0,0.0,0.0,0.0,8,226639.15000000002,28329.893750000003,12352.224945180567,10.072851111111111,0,0.0,0.0,0.0,0.0,40,140612.11,3515.3027500000003,1641.9102957210566,6.24942711111111,0,0.0,0.0,0.0,0.0
770,0530-2.png,0530,Pterocarpus soyauxii Taub.,2250000,31,608570.73,27.047588,0,0.0,0.0,0.0,0.0,0,0.0,0.0,0.0,0.0,2,6500.61,3250.305,2672.7009983254766,0.28891599999999995,0,0.0,0.0,0.0,0.0,0,0.0,0.0,0.0,0.0,4,117718.94,29429.735,8509.538991561178,5.231952888888889,0,0.0,0.0,0.0,0.0,0,0.0,0.0,0.0,0.0,13,399545.1,30734.238461538458,16348.20005252864,17.75756,1,12450.81,12450.81,0.0,0.5533693333333334,0,0.0,0.0,0.0,0.0,0,0.0,0.0,0.0,0.0,11,72355.27,6577.751818181817,4133.854903096668,3.215789777777778,0,0.0,0.0,0.0,0.0
771,0541-11.png,0541,Pterygota macrocarpa K. Schum.,2250000,30,1627864.83,72.34954799999998,0,0.0,0.0,0.0,0.0,0,0.0,0.0,0.0,0.0,0,0.0,0.0,0.0,0.0,0,0.0,0.0,0.0,0.0,0,0.0,0.0,0.0,0.0,0,0.0,0.0,0.0,0.0,0,0.0,0.0,0.0,0.0,0,0.0,0.0,0.0,0.0,13,1539905.5499999998,118454.27307692307,29174.45836458733,68.44024666666665,0,0.0,0.0,0.0,0.0,0,0.0,0.0,0.0,0.0,0,0.0,0.0,0.0,0.0,17,87959.28,5174.075294117647,2191.1709218649444,3.9093013333333335,0,0.0,0.0,0.0,0.0
772,0541-12.png,0541,Pterygota macrocarpa K. Schum.,2250000,23,868062.62,38.580560888888876,0,0.0,0.0,0.0,0.0,0,0.0,0.0,0.0,0.0,0,0.0,0.0,0.0,0.0,0,0.0,0.0,0.0,0.0,0,0.0,0.0,0.0,0.0,0,0.0,0.0,0.0,0.0,0,0.0,0.0,0.0,0.0,0,0.0,0.0,0.0,0.0,9,803977.14,89330.79333333333,45984.10667765875,35.73231733333333,0,0.0,0.0,0.0,0.0,0,0.0,0.0,0.0,0.0,0,0.0,0.0,0.0,0.0,14,64085.47999999999,4577.534285714285,1961.7052705106978,2.8482435555555554,0,0.0,0.0,0.0,0.0
773,0550-3.png,0550,Quercus mongolica Fisch. ex Ledeb.,2250000,77,1062426.2000000002,47.218942222222225,14,456408.99999999994,32600.64285714285,18014.325187700964,20.284844444444442,3,3914.95,1304.9833333333333,458.3163494065354,0.17399777777777778,0,0.0,0.0,0.0,0.0,0,0.0,0.0,0.0,0.0,0,0.0,0.0,0.0,0.0,0,0.0,0.0,0.0,0.0,0,0.0,0.0,0.0,0.0,0,0.0,0.0,0.0,0.0,0,0.0,0.0,0.0,0.0,11,36990.89,3362.8081818181818,1355.2683936314472,1.6440395555555556,0,0.0,0.0,0.0,0.0,0,0.0,0.0,0.0,0.0,42,241970.61999999994,5761.205238095239,2697.468629547229,10.75424977777778,7,323140.74,46162.962857142855,16356.062652635072,14.361810666666667
774,0550-4.png,0550,Quercus mongolica Fisch. ex Ledeb.,2250000,64,747049.9800000001,33.20222133333332,10,342152.23999999993,34215.223999999995,12681.988873680659,15.206766222222223,10,10826.49,1082.649,411.48067397442185,0.4811773333333333,0,0.0,0.0,0.0,0.0,0,0.0,0.0,0.0,0.0,0,0.0,0.0,0.0,0.0,0,0.0,0.0,0.0,0.0,0,0.0,0.0,0.0,0.0,0,0.0,0.0,0.0,0.0,0,0.0,0.0,0.0,0.0,4,14575.12,3643.78,1115.7467364654638,0.6477831111111112,0,0.0,0.0,0.0,0.0,0,0.0,0.0,0.0,0.0,37,213490.98999999996,5770.026756756755,2828.0125662773357,9.488488444444444,3,166005.14,55335.04666666667,6211.402508567072,7.378006222222222
775,0621-1.png,0621,Tectona grandis L.,2250000,45,205414.31000000003,9.12952488888889,0,0.0,0.0,0.0,0.0,0,0.0,0.0,0.0,0.0,21,86062.43,4098.210952380951,1554.7622063161452,3.8249968888888883,0,0.0,0.0,0.0,0.0,0,0.0,0.0,0.0,0.0,0,0.0,0.0,0.0,0.0,0,0.0,0.0,0.0,0.0,0,0.0,0.0,0.0,0.0,0,0.0,0.0,0.0,0.0,0,0.0,0.0,0.0,0.0,2,38470.39,19235.195,18683.111732900652,1.7097951111111112,0,0.0,0.0,0.0,0.0,22,80881.49,3676.431363636364,2517.802557116396,3.594732888888889,0,0.0,0.0,0.0,0.0
776,0621-2.png,0621,Tectona grandis L.,2250000,26,139633.67,6.205940888888888,0,0.0,0.0,0.0,0.0,2,10551.81,5275.905,537.8749152451711,0.46896933333333335,5,24666.67,4933.334,2631.3348020025883,1.0962964444444445,0,0.0,0.0,0.0,0.0,0,0.0,0.0,0.0,0.0,0,0.0,0.0,0.0,0.0,0,0.0,0.0,0.0,0.0,0,0.0,0.0,0.0,0.0,0,0.0,0.0,0.0,0.0,0,0.0,0.0,0.0,0.0,2,7692.57,3846.285,3990.4651957447268,0.34189200000000003,0,0.0,0.0,0.0,0.0,17,96722.62000000001,5689.565882352942,2313.14517479194,4.298783111111111,0,0.0,0.0,0.0,0.0
777,0258-1.jpg,0258,Entandrophragma cylindricum (Sprague) Sprague,2250000,147,765496.0099999998,34.022044888888864,0,0.0,0.0,0.0,0.0,0,0.0,0.0,0.0,0.0,15,40109.740000000005,2673.9826666666663,1008.0117182741952,1.7826551111111115,78,490655.42,6290.454102564102,5483.8817713437675,21.806907555555544,0,0.0,0.0,0.0,0.0,0,0.0,0.0,0.0,0.0,3,58576.229999999996,19525.41,5545.283908908542,2.603388,0,0.0,0.0,0.0,0.0,0,0.0,0.0,0.0,0.0,0,0.0,0.0,0.0,0.0,0,0.0,0.0,0.0,0.0,0,0.0,0.0,0.0,0.0,51,176154.62000000002,3454.012156862745,1676.1738704517663,7.829094222222224,0,0.0,0.0,0.0,0.0
778,0258-10.jpg,0258,Entandrophragma cylindricum (Sprague) Sprague,2250000,143,926001.54,41.15562400000001,0,0.0,0.0,0.0,0.0,0,0.0,0.0,0.0,0.0,27,67971.48999999999,2517.462592592593,1235.8066075507513,3.0209551111111113,75,529247.01,7056.6268,4804.672648031953,23.52208933333334,0,0.0,0.0,0.0,0.0,0,0.0,0.0,0.0,0.0,1,14653.44,14653.44,0.0,0.6512640000000001,0,0.0,0.0,0.0,0.0,0,0.0,0.0,0.0,0.0,0,0.0,0.0,0.0,0.0,4,187054.03,46763.5075,8557.521553901674,8.313512444444445,0,0.0,0.0,0.0,0.0,36,127075.57000000004,3529.876944444444,1681.438714687632,5.647803111111111,0,0.0,0.0,0.0,0.0
779,0259-3.jpg,0259,Entandrophragma utile (Dawe & Sprague) Sprague,2250000,45,268318.53,11.925268,0,0.0,0.0,0.0,0.0,0,0.0,0.0,0.0,0.0,4,17904.280000000002,4476.070000000001,1866.5670561398713,0.7957457777777778,1,2542.73,2542.73,0.0,0.11301022222222222,0,0.0,0.0,0.0,0.0,7,80179.82,11454.26,4533.128797217952,3.563547555555556,0,0.0,0.0,0.0,0.0,0,0.0,0.0,0.0,0.0,0,0.0,0.0,0.0,0.0,0,0.0,0.0,0.0,0.0,0,0.0,0.0,0.0,0.0,0,0.0,0.0,0.0,0.0,33,167691.70000000007,5081.566666666666,2149.5001588198747,7.452964444444443,0,0.0,0.0,0.0,0.0
780,0259-5.jpg,0259,Entandrophragma utile (Dawe & Sprague) Sprague,2250000,41,279369.24,12.41641066666667,0,0.0,0.0,0.0,0.0,0,0.0,0.0,0.0,0.0,5,22172.21,4434.442,2345.42566855571,0.9854315555555555,3,4103.7699999999995,1367.9233333333332,1159.5213940817707,0.18238977777777782,0,0.0,0.0,0.0,0.0,4,67509.05,16877.2625,6316.887612932892,3.000402222222222,0,0.0,0.0,0.0,0.0,0,0.0,0.0,0.0,0.0,0,0.0,0.0,0.0,0.0,0,0.0,0.0,0.0,0.0,2,45722.009999999995,22861.004999999997,719.1912360770257,2.0320893333333334,0,0.0,0.0,0.0,0.0,27,139862.19999999998,5180.081481481481,2311.5831797405126,6.216097777777777,0,0.0,0.0,0.0,0.0
781,0080-3.jpg,0080,Betula papyrifera Marshall,2250000,84,112369.54000000001,4.994201777777778,0,0.0,0.0,0.0,0.0,0,0.0,0.0,0.0,0.0,0,0.0,0.0,0.0,0.0,0,0.0,0.0,0.0,0.0,0,0.0,0.0,0.0,0.0,0,0.0,0.0,0.0,0.0,0,0.0,0.0,0.0,0.0,0,0.0,0.0,0.0,0.0,0,0.0,0.0,0.0,0.0,0,0.0,0.0,0.0,0.0,0,0.0,0.0,0.0,0.0,4,13696.43,3424.1075,490.3300035945181,0.6087302222222222,80,98673.11,1233.413875,338.846646350561,4.385471555555555,0,0.0,0.0,0.0,0.0
782,0081-3.jpg,0081,Betula pendula Roth,2250000,181,172155.95000000007,7.651375555555557,0,0.0,0.0,0.0,0.0,0,0.0,0.0,0.0,0.0,0,0.0,0.0,0.0,0.0,0,0.0,0.0,0.0,0.0,0,0.0,0.0,0.0,0.0,0,0.0,0.0,0.0,0.0,0,0.0,0.0,0.0,0.0,0,0.0,0.0,0.0,0.0,0,0.0,0.0,0.0,0.0,0,0.0,0.0,0.0,0.0,0,0.0,0.0,0.0,0.0,6,17969.72,2994.9533333333334,1365.5385245780021,0.7986542222222223,175,154186.23000000007,881.0641714285713,277.6351753884204,6.852721333333335,0,0.0,0.0,0.0,0.0
783,0003-13.jpg,0003,Acacia mangium Willd.,2250000,141,688274.1400000002,30.589961777777784,0,0.0,0.0,0.0,0.0,0,0.0,0.0,0.0,0.0,2,1613.62,806.81,473.39384786876985,0.07171644444444444,72,342471.93999999994,4756.554722222221,4920.479680472298,15.220975111111107,1,2772.33,2772.33,0.0,0.12321466666666667,0,0.0,0.0,0.0,0.0,12,145111.81000000003,12092.650833333333,6732.9730774524305,6.449413777777777,0,0.0,0.0,0.0,0.0,0,0.0,0.0,0.0,0.0,0,0.0,0.0,0.0,0.0,0,0.0,0.0,0.0,0.0,0,0.0,0.0,0.0,0.0,54,196304.44000000003,3635.267407407407,1608.1735401722453,8.724641777777778,0,0.0,0.0,0.0,0.0
784,0003-2.jpg,0003,Acacia mangium Willd.,2250000,169,759249.7299999999,33.74443244444444,0,0.0,0.0,0.0,0.0,0,0.0,0.0,0.0,0.0,6,9180.67,1530.1116666666667,1068.761959080069,0.40802977777777777,90,449767.83999999997,4997.420444444445,4581.535316644953,19.98968177777778,0,0.0,0.0,0.0,0.0,0,0.0,0.0,0.0,0.0,12,136099.57,11341.630833333335,5840.110556858972,6.048869777777779,0,0.0,0.0,0.0,0.0,0,0.0,0.0,0.0,0.0,0,0.0,0.0,0.0,0.0,0,0.0,0.0,0.0,0.0,0,0.0,0.0,0.0,0.0,61,164201.65000000002,2691.8303278688527,1432.1192026701399,7.297851111111114,0,0.0,0.0,0.0,0.0
785,0013-2.jpg,0013,Aesculus hippocastanum L.,2250000,0,0.0,0.0,0,0.0,0.0,0.0,0.0,0,0.0,0.0,0.0,0.0,0,0.0,0.0,0.0,0.0,0,0.0,0.0,0.0,0.0,0,0.0,0.0,0.0,0.0,0,0.0,0.0,0.0,0.0,0,0.0,0.0,0.0,0.0,0,0.0,0.0,0.0,0.0,0,0.0,0.0,0.0,0.0,0,0.0,0.0,0.0,0.0,0,0.0,0.0,0.0,0.0,0,0.0,0.0,0.0,0.0,0,0.0,0.0,0.0,0.0,0,0.0,0.0,0.0,0.0
786,0013-3.jpg,0013,Aesculus hippocastanum L.,2250000,1,168.44,0.007486222222222222,0,0.0,0.0,0.0,0.0,0,0.0,0.0,0.0,0.0,0,0.0,0.0,0.0,0.0,0,0.0,0.0,0.0,0.0,0,0.0,0.0,0.0,0.0,0,0.0,0.0,0.0,0.0,0,0.0,0.0,0.0,0.0,0,0.0,0.0,0.0,0.0,0,0.0,0.0,0.0,0.0,0,0.0,0.0,0.0,0.0,0,0.0,0.0,0.0,0.0,0,0.0,0.0,0.0,0.0,1,168.44,168.44,0.0,0.007486222222222222,0,0.0,0.0,0.0,0.0
787,0479-11.png,0479,Peltogyne catingae Ducke,2250000,99,1153405.6399999994,51.262472888888894,0,0.0,0.0,0.0,0.0,0,0.0,0.0,0.0,0.0,0,0.0,0.0,0.0,0.0,0,0.0,0.0,0.0,0.0,29,487171.75,16799.025862068964,8776.807876090877,21.652077777777777,0,0.0,0.0,0.0,0.0,11,182160.61999999997,16560.056363636362,17004.31346475139,8.096027555555557,17,250764.01,14750.82411764706,7124.090763767734,11.145067111111114,0,0.0,0.0,0.0,0.0,0,0.0,0.0,0.0,0.0,5,112177.48999999999,22435.498,4304.467115662517,4.985666222222223,0,0.0,0.0,0.0,0.0,25,55343.63000000002,2213.7452000000003,875.8494369996858,2.459716888888889,12,65788.14,5482.345,1844.1343968106012,2.9239173333333333
788,0479-12.png,0479,Peltogyne catingae Ducke,2250000,86,1040090.9099999998,46.226262666666656,0,0.0,0.0,0.0,0.0,0,0.0,0.0,0.0,0.0,0,0.0,0.0,0.0,0.0,0,0.0,0.0,0.0,0.0,35,602903.73,17225.820857142855,7743.743550919166,26.795721333333333,0,0.0,0.0,0.0,0.0,6,71771.62,11961.936666666666,8577.476168777543,3.189849777777778,16,255652.07,15978.254374999999,5682.6407980785,11.36231422222222,0,0.0,0.0,0.0,0.0,0,0.0,0.0,0.0,0.0,2,39471.39,19735.695,97.10697426034982,1.754284,0,0.0,0.0,0.0,0.0,27,70292.09999999999,2603.4111111111115,922.6520177532278,3.1240933333333336,0,0.0,0.0,0.0,0.0
789,0480-1.png,0480,Peltogyne mexicana Martínez,2250000,186,783778.9500000003,34.83462,0,0.0,0.0,0.0,0.0,0,0.0,0.0,0.0,0.0,41,54991.740000000005,1341.2619512195122,665.0341646833624,2.4440773333333334,0,0.0,0.0,0.0,0.0,36,208568.55,5793.570833333333,2779.6372174248877,9.269713333333334,0,0.0,0.0,0.0,0.0,33,385741.31999999995,11689.130909090909,6363.6600711537085,17.144058666666666,7,28463.609999999993,4066.229999999999,2907.9515093217533,1.2650493333333332,0,0.0,0.0,0.0,0.0,0,0.0,0.0,0.0,0.0,0,0.0,0.0,0.0,0.0,0,0.0,0.0,0.0,0.0,69,106013.72999999997,1536.4308695652176,634.1370601657842,4.711721333333331,0,0.0,0.0,0.0,0.0
790,0480-10.png,0480,Peltogyne mexicana Martínez,2250000,166,782211.5400000005,34.764957333333335,0,0.0,0.0,0.0,0.0,0,0.0,0.0,0.0,0.0,17,22866.360000000004,1345.0800000000002,630.3998618039982,1.0162826666666667,0,0.0,0.0,0.0,0.0,40,230153.91999999995,5753.848,2594.134988485194,10.22906311111111,0,0.0,0.0,0.0,0.0,27,372175.81,13784.28925925926,7262.491291646269,16.541147111111112,9,35587.54,3954.1711111111113,1277.0517479574237,1.5816684444444444,0,0.0,0.0,0.0,0.0,0,0.0,0.0,0.0,0.0,0,0.0,0.0,0.0,0.0,0,0.0,0.0,0.0,0.0,73,121427.90999999997,1663.3960273972605,588.8874165504806,5.396796,0,0.0,0.0,0.0,0.0
791,0613-2.png,0613,Tabebuia rosea (Bert.) DC.,2250000,204,695019.3699999994,30.88974977777778,0,0.0,0.0,0.0,0.0,0,0.0,0.0,0.0,0.0,0,0.0,0.0,0.0,0.0,19,44046.15000000001,2318.2184210526316,1384.1769117231252,1.9576066666666667,26,109755.99000000002,4221.384230769231,2294.6811234926267,4.878044000000001,2,14927.03,7463.515,235.94031967851535,0.6634235555555557,43,364334.1400000001,8472.886976744187,6779.978114780852,16.192628444444445,0,0.0,0.0,0.0,0.0,0,0.0,0.0,0.0,0.0,0,0.0,0.0,0.0,0.0,0,0.0,0.0,0.0,0.0,0,0.0,0.0,0.0,0.0,114,161956.05999999997,1420.667192982456,524.8126376980895,7.198047111111116,0,0.0,0.0,0.0,0.0
792,0006-2.jpg,0006,Acer platanoides L.,2250000,300,370750.0000000003,16.477777777777778,0,0.0,0.0,0.0,0.0,0,0.0,0.0,0.0,0.0,0,0.0,0.0,0.0,0.0,0,0.0,0.0,0.0,0.0,0,0.0,0.0,0.0,0.0,0,0.0,0.0,0.0,0.0,0,0.0,0.0,0.0,0.0,0,0.0,0.0,0.0,0.0,0,0.0,0.0,0.0,0.0,0,0.0,0.0,0.0,0.0,0,0.0,0.0,0.0,0.0,0,0.0,0.0,0.0,0.0,294,178682.38000000015,607.7631972789115,149.49114317589533,7.941439111111112,6,192067.62,32011.27,4381.827668701726,8.536338666666667
793,0007-5.jpg,0007,Acer pseudoplatanus L.,2250000,277,793106.6400000002,35.24918399999999,0,0.0,0.0,0.0,0.0,0,0.0,0.0,0.0,0.0,0,0.0,0.0,0.0,0.0,0,0.0,0.0,0.0,0.0,0,0.0,0.0,0.0,0.0,0,0.0,0.0,0.0,0.0,0,0.0,0.0,0.0,0.0,0,0.0,0.0,0.0,0.0,0,0.0,0.0,0.0,0.0,0,0.0,0.0,0.0,0.0,0,0.0,0.0,0.0,0.0,1,1725.2,1725.2,0.0,0.07667555555555555,252,163424.81999999998,648.5111904761904,229.18471000433763,7.263325333333335,24,627956.6200000001,26164.85916666666,5870.579175911245,27.909183111111112
794,0461-11.png,0461,Ochroma pyramidale (Cav. ex Lam.) Urb.,2250000,28,496250.4900000001,22.055577333333332,0,0.0,0.0,0.0,0.0,0,0.0,0.0,0.0,0.0,0,0.0,0.0,0.0,0.0,0,0.0,0.0,0.0,0.0,0,0.0,0.0,0.0,0.0,0,0.0,0.0,0.0,0.0,0,0.0,0.0,0.0,0.0,0,0.0,0.0,0.0,0.0,0,0.0,0.0,0.0,0.0,0,0.0,0.0,0.0,0.0,0,0.0,0.0,0.0,0.0,0,0.0,0.0,0.0,0.0,18,90975.15999999999,5054.175555555555,2533.6615296333075,4.043340444444444,10,405275.32999999996,40527.532999999996,7339.246089550267,18.012236888888886
795,0461-12.png,0461,Ochroma pyramidale (Cav. ex Lam.) Urb.,2250000,28,529301.79,23.524524,0,0.0,0.0,0.0,0.0,0,0.0,0.0,0.0,0.0,0,0.0,0.0,0.0,0.0,0,0.0,0.0,0.0,0.0,0,0.0,0.0,0.0,0.0,0,0.0,0.0,0.0,0.0,0,0.0,0.0,0.0,0.0,0,0.0,0.0,0.0,0.0,0,0.0,0.0,0.0,0.0,0,0.0,0.0,0.0,0.0,0,0.0,0.0,0.0,0.0,0,0.0,0.0,0.0,0.0,17,82321.29999999999,4842.429411764705,1727.7151401868546,3.6587244444444447,11,446980.49,40634.59,8475.507945146413,19.865799555555554
796,0323-3.jpg,0323,Guibourtia demeusei (Harms) J.Léonard,2250000,74,1134205.38,50.409128000000024,0,0.0,0.0,0.0,0.0,0,0.0,0.0,0.0,0.0,17,53298.71,3135.218235294118,882.7189084954741,2.3688315555555555,0,0.0,0.0,0.0,0.0,18,191813.36000000002,10656.297777777778,4342.893706219872,8.525038222222221,0,0.0,0.0,0.0,0.0,2,41312.45,20656.225,9416.279375552214,1.836108888888889,0,0.0,0.0,0.0,0.0,0,0.0,0.0,0.0,0.0,0,0.0,0.0,0.0,0.0,4,58843.380000000005,14710.845000000001,2158.742428120286,2.6152613333333337,0,0.0,0.0,0.0,0.0,8,28782.25,3597.78125,1114.664750233226,1.279211111111111,25,760155.2299999997,30406.209199999998,15011.221292260258,33.78467688888889
797,0323-7.jpg,0323,Guibourtia demeusei (Harms) J.Léonard,2250000,72,1386153.8199999998,61.60683644444444,0,0.0,0.0,0.0,0.0,0,0.0,0.0,0.0,0.0,8,28019.42,3502.4275,1871.8152650359032,1.2453075555555555,0,0.0,0.0,0.0,0.0,18,230210.78000000003,12789.487777777778,5805.69670766218,10.231590222222223,0,0.0,0.0,0.0,0.0,0,0.0,0.0,0.0,0.0,0,0.0,0.0,0.0,0.0,0,0.0,0.0,0.0,0.0,0,0.0,0.0,0.0,0.0,2,27014.14,13507.07,942.99760339038,1.2006284444444444,0,0.0,0.0,0.0,0.0,10,37694.7,3769.47,1339.5104979556277,1.6753200000000001,34,1063214.7799999998,31271.02294117647,12364.83348807428,47.25399022222222
798,0324-4.png,0324,Guibourtia pellegriniana J.Léonard,2250000,111,782198.6399999999,34.764383999999986,0,0.0,0.0,0.0,0.0,0,0.0,0.0,0.0,0.0,10,22988.670000000002,2298.867,1332.8132936015875,1.0217186666666667,1,8295.54,8295.54,0.0,0.3686906666666667,30,281192.07000000007,9373.069,4205.837409751414,12.497425333333334,1,18215.42,18215.42,0.0,0.8095742222222221,3,83227.86,27742.62,9703.913317481765,3.699016,0,0.0,0.0,0.0,0.0,0,0.0,0.0,0.0,0.0,0,0.0,0.0,0.0,0.0,3,21345.02,7115.006666666667,7730.655254092846,0.9486675555555556,0,0.0,0.0,0.0,0.0,34,96081.00999999998,2825.912058823529,1441.2325385013435,4.270267111111112,29,250853.05000000002,8650.105172413794,5711.765211095066,11.149024444444445
799,0325-10.jpg,0325,Guibourtia tessmannii (Harms) J.Léonard,2250000,76,1009624.2199999999,44.87218755555556,0,0.0,0.0,0.0,0.0,0,0.0,0.0,0.0,0.0,0,0.0,0.0,0.0,0.0,0,0.0,0.0,0.0,0.0,17,203759.89,11985.875882352942,5533.380390691411,9.05599511111111,8,110460.87999999999,13807.61,7380.5333501932155,4.909372444444444,0,0.0,0.0,0.0,0.0,0,0.0,0.0,0.0,0.0,0,0.0,0.0,0.0,0.0,0,0.0,0.0,0.0,0.0,1,2615.69,2615.69,0.0,0.11625288888888888,0,0.0,0.0,0.0,0.0,19,99065.79,5213.988947368421,1414.4694365139758,4.402924,31,593721.97,19152.321612903226,10837.913452022673,26.387643111111103
800,0325-14.jpg,0325,Guibourtia tessmannii (Harms) J.Léonard,2250000,70,1039080.27,46.18134533333334,0,0.0,0.0,0.0,0.0,0,0.0,0.0,0.0,0.0,1,5495.31,5495.31,0.0,0.244236,0,0.0,0.0,0.0,0.0,21,252325.05999999997,12015.479047619046,5034.2878924629495,11.214447111111113,2,43259.74,21629.87,19426.585015843622,1.9226551111111112,0,0.0,0.0,0.0,0.0,0,0.0,0.0,0.0,0.0,0,0.0,0.0,0.0,0.0,0,0.0,0.0,0.0,0.0,4,94898.70999999999,23724.677499999998,3807.8967144901653,4.217720444444445,0,0.0,0.0,0.0,0.0,18,91622.11000000002,5090.117222222223,1310.119904655365,4.072093777777777,24,551479.3400000001,22978.305833333332,8560.921505575008,24.510192888888895
801,0542-10.png,0542,Pycnanthus angolensis (Welw.) Warb.,2250000,71,379745.0399999999,16.877557333333336,0,0.0,0.0,0.0,0.0,39,171454.33000000002,4396.264871794872,2100.7302269272086,7.620192444444447,0,0.0,0.0,0.0,0.0,0,0.0,0.0,0.0,0.0,0,0.0,0.0,0.0,0.0,0,0.0,0.0,0.0,0.0,0,0.0,0.0,0.0,0.0,0,0.0,0.0,0.0,0.0,0,0.0,0.0,0.0,0.0,0,0.0,0.0,0.0,0.0,0,0.0,0.0,0.0,0.0,0,0.0,0.0,0.0,0.0,27,71642.88,2653.44,1924.3022099152242,3.1841280000000003,5,136647.83,27329.566,9730.78731322548,6.073236888888888
802,0542-11.png,0542,Pycnanthus angolensis (Welw.) Warb.,2250000,66,464570.43,20.647574666666667,0,0.0,0.0,0.0,0.0,37,190577.42,5150.741081081082,2243.121883408607,8.470107555555556,0,0.0,0.0,0.0,0.0,0,0.0,0.0,0.0,0.0,0,0.0,0.0,0.0,0.0,0,0.0,0.0,0.0,0.0,0,0.0,0.0,0.0,0.0,0,0.0,0.0,0.0,0.0,0,0.0,0.0,0.0,0.0,0,0.0,0.0,0.0,0.0,0,0.0,0.0,0.0,0.0,0,0.0,0.0,0.0,0.0,20,51370.740000000005,2568.537,2219.1064808163337,2.283144,9,222622.27,24735.80777777778,8278.615915481854,9.894323111111111
803,0606-3.png,0606,Swietenia humilis Zucc.,2250000,61,260006.88,11.555861333333334,0,0.0,0.0,0.0,0.0,0,0.0,0.0,0.0,0.0,10,14726.4,1472.64,478.01344095468005,0.6545066666666668,4,22487.64,5621.91,1292.7527796914615,0.9994506666666667,1,6518.84,6518.84,0.0,0.2897262222222222,0,0.0,0.0,0.0,0.0,0,0.0,0.0,0.0,0.0,0,0.0,0.0,0.0,0.0,0,0.0,0.0,0.0,0.0,0,0.0,0.0,0.0,0.0,5,142775.05000000002,28555.010000000002,32970.442873005966,6.345557777777778,0,0.0,0.0,0.0,0.0,41,73498.95,1792.6573170731706,983.2827773815231,3.26662,0,0.0,0.0,0.0,0.0
804,0607-10.jpg,0607,Swietenia macrophylla King,2250000,122,733515.4300000003,32.60068577777778,0,0.0,0.0,0.0,0.0,0,0.0,0.0,0.0,0.0,28,103623.4,3700.8357142857144,1615.7394250252585,4.605484444444444,28,117987.10999999997,4213.825357142856,5467.807575934618,5.243871555555557,0,0.0,0.0,0.0,0.0,0,0.0,0.0,0.0,0.0,0,0.0,0.0,0.0,0.0,0,0.0,0.0,0.0,0.0,0,0.0,0.0,0.0,0.0,0,0.0,0.0,0.0,0.0,5,103854.05,20770.81,11242.429639132726,4.615735555555555,0,0.0,0.0,0.0,0.0,53,228135.80999999997,4304.449245283019,2175.8760052110656,10.139369333333336,8,179915.06,22489.3825,7384.16114083719,7.996224888888889
805,0607-12.jpg,0607,Swietenia macrophylla King,2250000,125,718462.8900000001,31.931684,0,0.0,0.0,0.0,0.0,0,0.0,0.0,0.0,0.0,21,69527.16,3310.817142857143,1743.3590422117381,3.090096,28,105236.97999999997,3758.4635714285714,4551.160016197918,4.67719911111111,0,0.0,0.0,0.0,0.0,0,0.0,0.0,0.0,0.0,1,9590.51,9590.51,0.0,0.4262448888888889,0,0.0,0.0,0.0,0.0,0,0.0,0.0,0.0,0.0,0,0.0,0.0,0.0,0.0,7,81043.47,11577.638571428572,8431.57432294513,3.601932,0,0.0,0.0,0.0,0.0,59,275890.92,4676.117288135594,2468.7389712318163,12.26181866666667,9,177173.85,19685.98333333333,7753.143910799993,7.874393333333333
806,0608-11.jpg,0608,Swietenia mahagoni (L.) Jacq.,2250000,98,990821.88,44.03652800000001,0,0.0,0.0,0.0,0.0,0,0.0,0.0,0.0,0.0,31,106634.93999999999,3439.836774193548,1196.7154295637347,4.739330666666666,13,67151.78000000001,5165.521538461539,4059.5472763245543,2.984523555555556,0,0.0,0.0,0.0,0.0,0,0.0,0.0,0.0,0.0,0,0.0,0.0,0.0,0.0,0,0.0,0.0,0.0,0.0,0,0.0,0.0,0.0,0.0,0,0.0,0.0,0.0,0.0,9,326211.33,36245.70333333334,10702.72940974404,14.498281333333335,0,0.0,0.0,0.0,0.0,32,104199.51000000002,3256.2346875,1822.5828532854746,4.631089333333333,13,386624.32000000007,29740.33230769231,4351.48354548414,17.18330311111111
807,0608-12.jpg,0608,Swietenia mahagoni (L.) Jacq.,2250000,79,682540.6700000004,30.33514088888888,0,0.0,0.0,0.0,0.0,0,0.0,0.0,0.0,0.0,17,49499.62999999999,2911.7429411764706,1475.338792709003,2.199983555555556,10,42300.590000000004,4230.059,2695.20344701657,1.8800262222222222,0,0.0,0.0,0.0,0.0,0,0.0,0.0,0.0,0.0,0,0.0,0.0,0.0,0.0,0,0.0,0.0,0.0,0.0,0,0.0,0.0,0.0,0.0,0,0.0,0.0,0.0,0.0,9,219613.91,24401.545555555556,8724.737963036643,9.760618222222224,0,0.0,0.0,0.0,0.0,34,115241.65999999997,3389.460588235295,2278.518933225333,5.121851555555555,9,255884.87999999995,28431.653333333335,11970.029699563196,11.372661333333333
808,0371-11.png,0371,Khaya grandifoliola C.DC.,2250000,25,77254.06000000001,3.433513777777777,0,0.0,0.0,0.0,0.0,0,0.0,0.0,0.0,0.0,8,20600.42,2575.0525000000002,1534.226182168066,0.9155742222222221,0,0.0,0.0,0.0,0.0,0,0.0,0.0,0.0,0.0,0,0.0,0.0,0.0,0.0,0,0.0,0.0,0.0,0.0,0,0.0,0.0,0.0,0.0,0,0.0,0.0,0.0,0.0,0,0.0,0.0,0.0,0.0,0,0.0,0.0,0.0,0.0,0,0.0,0.0,0.0,0.0,17,56653.64,3332.5670588235294,2447.005231976846,2.517939555555555,0,0.0,0.0,0.0,0.0
809,0371-12.png,0371,Khaya grandifoliola C.DC.,2250000,31,107081.31999999999,4.759169777777779,0,0.0,0.0,0.0,0.0,0,0.0,0.0,0.0,0.0,18,61246.66,3402.5922222222225,1788.9320115103694,2.722073777777778,0,0.0,0.0,0.0,0.0,0,0.0,0.0,0.0,0.0,0,0.0,0.0,0.0,0.0,0,0.0,0.0,0.0,0.0,0,0.0,0.0,0.0,0.0,0,0.0,0.0,0.0,0.0,0,0.0,0.0,0.0,0.0,0,0.0,0.0,0.0,0.0,0,0.0,0.0,0.0,0.0,13,45834.66,3525.7430769230773,2097.4815820978606,2.0370959999999996,0,0.0,0.0,0.0,0.0
810,0371-13.png,0371,Khaya grandifoliola C.DC.,2250000,33,125987.63000000002,5.599450222222222,0,0.0,0.0,0.0,0.0,0,0.0,0.0,0.0,0.0,17,59885.139999999985,3522.6552941176465,1997.3758534641072,2.6615617777777776,0,0.0,0.0,0.0,0.0,0,0.0,0.0,0.0,0.0,0,0.0,0.0,0.0,0.0,0,0.0,0.0,0.0,0.0,0,0.0,0.0,0.0,0.0,0,0.0,0.0,0.0,0.0,0,0.0,0.0,0.0,0.0,0,0.0,0.0,0.0,0.0,0,0.0,0.0,0.0,0.0,16,66102.49,4131.405624999999,2498.701671503206,2.937888444444444,0,0.0,0.0,0.0,0.0
811,0372-1.png,0372,Khaya ivorensis A.Chev.,2250000,75,308444.38000000006,13.708639111111113,0,0.0,0.0,0.0,0.0,0,0.0,0.0,0.0,0.0,15,32102.82,2140.188,1321.6025498462086,1.426792,19,134675.86000000002,7088.203157894738,3500.488855833096,5.985593777777777,0,0.0,0.0,0.0,0.0,0,0.0,0.0,0.0,0.0,0,0.0,0.0,0.0,0.0,0,0.0,0.0,0.0,0.0,0,0.0,0.0,0.0,0.0,0,0.0,0.0,0.0,0.0,0,0.0,0.0,0.0,0.0,0,0.0,0.0,0.0,0.0,40,112632.40000000005,2815.81,1489.52602003766,5.005884444444444,1,29033.3,29033.3,0.0,1.2903688888888887
812,0372-10.png,0372,Khaya ivorensis A.Chev.,2250000,66,245617.40000000002,10.916328888888891,0,0.0,0.0,0.0,0.0,0,0.0,0.0,0.0,0.0,13,21278.53,1636.8099999999997,859.5453171493249,0.9457124444444442,5,32519.100000000002,6503.820000000001,2425.943823061449,1.4452933333333335,0,0.0,0.0,0.0,0.0,0,0.0,0.0,0.0,0.0,0,0.0,0.0,0.0,0.0,0,0.0,0.0,0.0,0.0,0,0.0,0.0,0.0,0.0,0,0.0,0.0,0.0,0.0,0,0.0,0.0,0.0,0.0,0,0.0,0.0,0.0,0.0,46,126139.98,2742.173478260869,1277.6672760972847,5.606221333333333,2,65679.79000000001,32839.895000000004,1160.722852385531,2.9191017777777777
813,0033-2.jpg,0033,Anacardium excelsum (Bertero & Balb. ex Kunth) Skeels,2250000,218,315712.02000000014,14.031645333333326,0,0.0,0.0,0.0,0.0,63,79607.96,1263.6184126984126,355.31622477416147,3.538131555555556,0,0.0,0.0,0.0,0.0,22,67891.0,3085.9545454545455,1513.8478791720102,3.017377777777777,0,0.0,0.0,0.0,0.0,0,0.0,0.0,0.0,0.0,0,0.0,0.0,0.0,0.0,0,0.0,0.0,0.0,0.0,0,0.0,0.0,0.0,0.0,0,0.0,0.0,0.0,0.0,0,0.0,0.0,0.0,0.0,0,0.0,0.0,0.0,0.0,133,168213.05999999997,1264.75984962406,359.0427961260011,7.476136000000003,0,0.0,0.0,0.0,0.0
814,0035-7.jpg,0035,Anacardium giganteum Hancock ex Engl.,2250000,72,452819.1099999999,20.125293777777777,0,0.0,0.0,0.0,0.0,13,45907.62,3531.355384615385,1993.5705209690786,2.040338666666667,0,0.0,0.0,0.0,0.0,33,276958.45000000007,8392.680303030304,5513.7083432848785,12.309264444444448,4,51822.43,12955.6075,3093.707311100766,2.3032191111111113,0,0.0,0.0,0.0,0.0,0,0.0,0.0,0.0,0.0,0,0.0,0.0,0.0,0.0,0,0.0,0.0,0.0,0.0,0,0.0,0.0,0.0,0.0,0,0.0,0.0,0.0,0.0,0,0.0,0.0,0.0,0.0,22,78130.61,3551.3913636363636,1701.1410056902716,3.472471555555556,0,0.0,0.0,0.0,0.0
815,0035-8.jpg,0035,Anacardium giganteum Hancock ex Engl.,2250000,58,397934.7000000001,17.68598666666667,0,0.0,0.0,0.0,0.0,5,28509.74,5701.948,2831.5493378219635,1.2670995555555558,0,0.0,0.0,0.0,0.0,28,262903.69,9389.4175,6609.706621706205,11.684608444444445,2,12149.34,6074.67,3509.484092113825,0.5399706666666667,0,0.0,0.0,0.0,0.0,0,0.0,0.0,0.0,0.0,0,0.0,0.0,0.0,0.0,0,0.0,0.0,0.0,0.0,0,0.0,0.0,0.0,0.0,0,0.0,0.0,0.0,0.0,0,0.0,0.0,0.0,0.0,23,94371.92999999998,4103.127391304348,2861.8599708489287,4.1943079999999995,0,0.0,0.0,0.0,0.0
816,0129-10.jpg,0129,Castanea crenata Siebold & Zucc.,2250000,51,718489.78,31.932879111111106,7,338929.3,48418.47142857143,33028.959951722885,15.063524444444445,7,51701.19,7385.884285714286,1421.9430477560993,2.297830666666667,0,0.0,0.0,0.0,0.0,0,0.0,0.0,0.0,0.0,0,0.0,0.0,0.0,0.0,0,0.0,0.0,0.0,0.0,0,0.0,0.0,0.0,0.0,0,0.0,0.0,0.0,0.0,0,0.0,0.0,0.0,0.0,0,0.0,0.0,0.0,0.0,0,0.0,0.0,0.0,0.0,0,0.0,0.0,0.0,0.0,37,327859.29000000004,8861.061891891895,4156.804962558275,14.571524000000002,0,0.0,0.0,0.0,0.0
817,0147-11.jpg,0147,Ceiba pentandra (L.) Gaertn.,2250000,55,384331.59,17.081404,0,0.0,0.0,0.0,0.0,16,60165.19,3760.324375,1946.226238582311,2.674008444444444,0,0.0,0.0,0.0,0.0,12,155483.36000000002,12956.946666666669,5995.298732637907,6.910371555555556,0,0.0,0.0,0.0,0.0,0,0.0,0.0,0.0,0.0,0,0.0,0.0,0.0,0.0,0,0.0,0.0,0.0,0.0,0,0.0,0.0,0.0,0.0,0,0.0,0.0,0.0,0.0,0,0.0,0.0,0.0,0.0,0,0.0,0.0,0.0,0.0,27,168683.03999999998,6247.52,3988.9795976058067,7.497024,0,0.0,0.0,0.0,0.0
818,0147-12.jpg,0147,Ceiba pentandra (L.) Gaertn.,2250000,49,311738.17,13.855029777777778,0,0.0,0.0,0.0,0.0,7,23857.71,3408.2442857142855,1409.8821720963913,1.0603426666666667,0,0.0,0.0,0.0,0.0,20,168835.41999999998,8441.771,5581.259655176796,7.503796444444445,0,0.0,0.0,0.0,0.0,0,0.0,0.0,0.0,0.0,0,0.0,0.0,0.0,0.0,0,0.0,0.0,0.0,0.0,0,0.0,0.0,0.0,0.0,0,0.0,0.0,0.0,0.0,0,0.0,0.0,0.0,0.0,0,0.0,0.0,0.0,0.0,22,119045.04000000001,5411.138181818183,3076.4160112588593,5.290890666666668,0,0.0,0.0,0.0,0.0
819,0269-1.jpg,0269,Erythrophleum ivorense A. Chev,2250000,60,1694658.3200000005,75.31814755555554,0,0.0,0.0,0.0,0.0,0,0.0,0.0,0.0,0.0,14,62240.13,4445.723571428572,1880.4238472282586,2.766228,2,87497.95,43748.975,13203.430158502375,3.8887977777777776,7,263108.62,37586.94571428571,23652.480909525366,11.693716444444446,1,25726.68,25726.68,0.0,1.1434080000000002,9,927189.23,103021.02555555556,38012.01327117393,41.20841022222222,5,129241.70999999999,25848.341999999997,11741.121936125608,5.744076,0,0.0,0.0,0.0,0.0,0,0.0,0.0,0.0,0.0,0,0.0,0.0,0.0,0.0,0,0.0,0.0,0.0,0.0,22,199653.99999999994,9075.181818181816,4386.730113023917,8.873511111111112,0,0.0,0.0,0.0,0.0
820,0269-11.jpg,0269,Erythrophleum ivorense A. Chev,2250000,57,1868629.5499999998,83.05020222222224,0,0.0,0.0,0.0,0.0,0,0.0,0.0,0.0,0.0,13,59241.409999999996,4557.031538461538,2193.950088883998,2.632951555555555,2,71846.72,35923.36,25076.198491896655,3.193187555555556,5,99860.79000000001,19972.158000000003,18923.098656988503,4.4382573333333335,1,14347.67,14347.67,0.0,0.6376742222222221,13,1374495.84,105730.44923076924,80758.51352440532,61.088704,4,75463.42000000001,18865.855000000003,5016.464633381428,3.353929777777778,0,0.0,0.0,0.0,0.0,0,0.0,0.0,0.0,0.0,0,0.0,0.0,0.0,0.0,0,0.0,0.0,0.0,0.0,19,173373.69999999998,9124.931578947371,3864.387485733258,7.705497777777779,0,0.0,0.0,0.0,0.0
821,0270-10.jpg,0270,Erythrophleum suaveolens (Guill. & Perr.) Brenan,2250000,58,1486696.9299999997,66.07541911111112,0,0.0,0.0,0.0,0.0,0,0.0,0.0,0.0,0.0,3,20051.13,6683.71,4808.763477995149,0.8911613333333334,1,16059.99,16059.99,0.0,0.7137773333333333,9,338532.34,37614.704444444455,15732.097419616459,15.045881777777778,2,64922.34,32461.17,1499.0805182511049,2.885437333333333,13,698191.8700000001,53707.06692307692,24055.23639656703,31.03074977777778,2,77250.84,38625.42,7622.087842172906,3.433370666666667,0,0.0,0.0,0.0,0.0,0,0.0,0.0,0.0,0.0,0,0.0,0.0,0.0,0.0,0,0.0,0.0,0.0,0.0,28,271688.4199999999,9703.157857142856,4865.489037119349,12.07504088888889,0,0.0,0.0,0.0,0.0
822,0270-11.jpg,0270,Erythrophleum suaveolens (Guill. & Perr.) Brenan,2250000,55,1393514.8599999996,61.93399377777777,0,0.0,0.0,0.0,0.0,0,0.0,0.0,0.0,0.0,4,19749.64,4937.41,3404.1840060235677,0.8777617777777778,0,0.0,0.0,0.0,0.0,10,176621.32000000004,17662.132,15077.884086586922,7.849836444444444,4,118199.58,29549.895,20939.516062597213,5.253314666666666,12,885233.02,73769.41833333333,45007.11830728432,39.34368977777778,1,8463.98,8463.98,0.0,0.3761768888888889,0,0.0,0.0,0.0,0.0,0,0.0,0.0,0.0,0.0,0,0.0,0.0,0.0,0.0,0,0.0,0.0,0.0,0.0,24,185247.31999999998,7718.638333333333,4165.712840353264,8.233214222222225,0,0.0,0.0,0.0,0.0
823,0214-2.jpg,0214,Daniellia thurifera Benn.,2250000,35,441258.79,19.61150177777778,0,0.0,0.0,0.0,0.0,0,0.0,0.0,0.0,0.0,5,8915.66,1783.132,598.1118691097845,0.3962515555555555,7,123087.64,17583.948571428573,7159.237623959291,5.470561777777778,0,0.0,0.0,0.0,0.0,0,0.0,0.0,0.0,0.0,0,0.0,0.0,0.0,0.0,0,0.0,0.0,0.0,0.0,0,0.0,0.0,0.0,0.0,0,0.0,0.0,0.0,0.0,2,216333.03,108166.515,20220.121458894606,9.614801333333332,0,0.0,0.0,0.0,0.0,21,92922.45999999998,4424.879047619046,4077.1525489842847,4.129887111111111,0,0.0,0.0,0.0,0.0
824,0625-1.png,0625,Terminalia superba Engl.& Diels,2250000,60,419754.9900000002,18.655777333333337,0,0.0,0.0,0.0,0.0,0,0.0,0.0,0.0,0.0,3,7123.950000000001,2374.65,1102.2815417578215,0.31661999999999996,25,180071.71999999994,7202.8688,4504.839541968838,8.003187555555556,1,10103.34,10103.34,0.0,0.4490373333333334,3,33234.72,11078.24,6342.406851968739,1.4770986666666666,2,35643.34,17821.67,5292.298277383843,1.5841484444444442,0,0.0,0.0,0.0,0.0,0,0.0,0.0,0.0,0.0,0,0.0,0.0,0.0,0.0,0,0.0,0.0,0.0,0.0,0,0.0,0.0,0.0,0.0,26,153577.92,5906.843076923077,3229.7700001563812,6.825685333333334,0,0.0,0.0,0.0,0.0
825,0625-2.png,0625,Terminalia superba Engl.& Diels,2250000,56,407329.9300000001,18.103552444444446,0,0.0,0.0,0.0,0.0,0,0.0,0.0,0.0,0.0,3,5921.24,1973.7466666666667,827.3045805707432,0.2631662222222222,25,185059.55,7402.3820000000005,6265.857100505085,8.224868888888889,0,0.0,0.0,0.0,0.0,2,31522.4,15761.2,18097.436399247268,1.4009955555555555,2,16316.419999999998,8158.209999999999,626.6380294875183,0.7251742222222222,0,0.0,0.0,0.0,0.0,0,0.0,0.0,0.0,0.0,0,0.0,0.0,0.0,0.0,0,0.0,0.0,0.0,0.0,0,0.0,0.0,0.0,0.0,24,168510.32000000004,7021.263333333333,3173.1814257257674,7.489347555555556,0,0.0,0.0,0.0,0.0
826,0293-10.jpg,0293,Fraxinus americana L.,2250000,194,492725.01000000053,21.89888933333332,0,0.0,0.0,0.0,0.0,31,85438.00999999997,2756.0648387096767,1431.9695498249278,3.797244888888889,0,0.0,0.0,0.0,0.0,55,110523.11,2009.5110909090915,1128.5822041470024,4.912138222222224,0,0.0,0.0,0.0,0.0,0,0.0,0.0,0.0,0.0,19,87670.68,4614.246315789474,2061.4865530787633,3.8964746666666663,0,0.0,0.0,0.0,0.0,0,0.0,0.0,0.0,0.0,0,0.0,0.0,0.0,0.0,0,0.0,0.0,0.0,0.0,0,0.0,0.0,0.0,0.0,89,209093.21000000002,2349.3619101123595,2138.0661617196574,9.293031555555554,0,0.0,0.0,0.0,0.0
827,0297-3.jpg,0297,Fraxinus mandshurica Rupr.,2250000,176,512878.06,22.794580444444453,0,0.0,0.0,0.0,0.0,4,17372.13,4343.0325,1796.1612838936078,0.7720946666666667,0,0.0,0.0,0.0,0.0,60,93291.55,1554.8591666666664,1110.4398707357516,4.146291111111111,0,0.0,0.0,0.0,0.0,0,0.0,0.0,0.0,0.0,7,20420.199999999997,2917.1714285714284,470.44707635144147,0.9075644444444444,0,0.0,0.0,0.0,0.0,0,0.0,0.0,0.0,0.0,0,0.0,0.0,0.0,0.0,0,0.0,0.0,0.0,0.0,0,0.0,0.0,0.0,0.0,105,381794.1799999998,3636.1350476190482,3366.016644431322,16.968630222222227,0,0.0,0.0,0.0,0.0
828,0297-4.jpg,0297,Fraxinus mandshurica Rupr.,2250000,169,487977.49000000034,21.68788844444445,0,0.0,0.0,0.0,0.0,7,12168.649999999998,1738.3785714285711,1224.4082291380405,0.5408288888888889,0,0.0,0.0,0.0,0.0,55,74792.83,1359.8696363636366,872.4696658760918,3.324125777777777,0,0.0,0.0,0.0,0.0,0,0.0,0.0,0.0,0.0,4,12775.9,3193.975,504.6513635174289,0.5678177777777778,0,0.0,0.0,0.0,0.0,0,0.0,0.0,0.0,0.0,0,0.0,0.0,0.0,0.0,0,0.0,0.0,0.0,0.0,0,0.0,0.0,0.0,0.0,103,388240.11000000016,3769.321456310679,3349.772973231027,17.255116000000005,0,0.0,0.0,0.0,0.0
829,0295-10.jpg,0295,Fraxinus nigra Marshall,2250000,294,689593.7399999993,30.64861066666663,0,0.0,0.0,0.0,0.0,52,120331.41,2314.065576923077,1186.4052519177803,5.348062666666666,0,0.0,0.0,0.0,0.0,23,28790.82,1251.7747826086957,735.8449916800632,1.2795920000000003,0,0.0,0.0,0.0,0.0,0,0.0,0.0,0.0,0.0,0,0.0,0.0,0.0,0.0,0,0.0,0.0,0.0,0.0,0,0.0,0.0,0.0,0.0,0,0.0,0.0,0.0,0.0,0,0.0,0.0,0.0,0.0,0,0.0,0.0,0.0,0.0,219,540471.51,2467.9064383561645,1898.3028315297006,24.020955999999977,0,0.0,0.0,0.0,0.0
830,0295-2.jpg,0295,Fraxinus nigra Marshall,2250000,260,604181.5000000002,26.852511111111134,0,0.0,0.0,0.0,0.0,42,113685.96,2706.808571428571,1288.3618833564249,5.052709333333333,0,0.0,0.0,0.0,0.0,32,35833.19000000001,1119.7871875,718.5570376455158,1.5925862222222216,0,0.0,0.0,0.0,0.0,0,0.0,0.0,0.0,0.0,0,0.0,0.0,0.0,0.0,0,0.0,0.0,0.0,0.0,0,0.0,0.0,0.0,0.0,0,0.0,0.0,0.0,0.0,0,0.0,0.0,0.0,0.0,0,0.0,0.0,0.0,0.0,186,454662.3499999999,2444.4212365591397,1942.6763258670778,20.20721555555556,0,0.0,0.0,0.0,0.0
831,0296-1.jpg,0296,Fraxinus ornus L.,2250000,96,86670.73999999998,3.852032888888887,0,0.0,0.0,0.0,0.0,0,0.0,0.0,0.0,0.0,0,0.0,0.0,0.0,0.0,18,32487.980000000003,1804.887777777778,676.4361543417484,1.4439102222222224,0,0.0,0.0,0.0,0.0,0,0.0,0.0,0.0,0.0,3,9687.07,3229.023333333333,35.736600752356615,0.4305364444444444,0,0.0,0.0,0.0,0.0,0,0.0,0.0,0.0,0.0,0,0.0,0.0,0.0,0.0,0,0.0,0.0,0.0,0.0,0,0.0,0.0,0.0,0.0,75,44495.69000000001,593.2758666666666,456.26852017529654,1.9775862222222222,0,0.0,0.0,0.0,0.0
832,0678-2.jpg,0678,Albizia ferruginea (Guill. & Perr.) Benth.,2250000,22,659431.8099999999,29.308080444444442,0,0.0,0.0,0.0,0.0,0,0.0,0.0,0.0,0.0,0,0.0,0.0,0.0,0.0,11,491705.77,44700.524545454544,18125.106246961623,21.853589777777774,3,86109.63,28703.210000000003,19797.557468101968,3.8270946666666665,0,0.0,0.0,0.0,0.0,0,0.0,0.0,0.0,0.0,0,0.0,0.0,0.0,0.0,0,0.0,0.0,0.0,0.0,0,0.0,0.0,0.0,0.0,0,0.0,0.0,0.0,0.0,0,0.0,0.0,0.0,0.0,8,81616.41,10202.05125,1950.1295738008025,3.6273959999999996,0,0.0,0.0,0.0,0.0
833,0244-11.jpg,0244,Dryobalanops C.F.Gaertn.,2250000,232,1267556.180000001,56.33583022222221,0,0.0,0.0,0.0,0.0,24,82613.12000000001,3442.213333333333,2200.589350593365,3.6716942222222233,0,0.0,0.0,0.0,0.0,0,0.0,0.0,0.0,0.0,37,117081.65000000001,3164.368918918919,3133.736117970213,5.203628888888888,0,0.0,0.0,0.0,0.0,18,105456.94999999998,5858.719444444444,5271.781511888359,4.6869755555555574,0,0.0,0.0,0.0,0.0,0,0.0,0.0,0.0,0.0,0,0.0,0.0,0.0,0.0,0,0.0,0.0,0.0,0.0,0,0.0,0.0,0.0,0.0,138,744796.8500000003,5397.078623188406,2627.100048230916,33.10208222222222,15,217607.61,14507.173999999999,9101.288733196603,9.671449333333333
834,0244-12.jpg,0244,Dryobalanops C.F.Gaertn.,2250000,238,1150818.969999999,51.14750977777782,0,0.0,0.0,0.0,0.0,32,104881.86,3277.558125,1785.733346214789,4.661416,0,0.0,0.0,0.0,0.0,0,0.0,0.0,0.0,0.0,44,107417.09999999999,2441.297727272727,2113.9558262649116,4.774093333333332,0,0.0,0.0,0.0,0.0,12,74816.45999999999,6234.704999999999,4961.336520529157,3.325176,0,0.0,0.0,0.0,0.0,0,0.0,0.0,0.0,0.0,0,0.0,0.0,0.0,0.0,0,0.0,0.0,0.0,0.0,0,0.0,0.0,0.0,0.0,134,710449.6200000001,5301.862835820896,2350.3825033819344,31.575538666666684,16,153253.93000000002,9578.370625,6421.644587374243,6.811285777777779
835,0245-1.jpg,0245,Dryobalanops aromatica C.F.Gaertn.,2250000,253,781031.4000000003,34.71250666666667,0,0.0,0.0,0.0,0.0,85,300286.18999999994,3532.7787058823524,1663.9310642605963,13.346052888888895,0,0.0,0.0,0.0,0.0,0,0.0,0.0,0.0,0.0,22,33373.130000000005,1516.9604545454547,1208.664973728796,1.4832502222222221,0,0.0,0.0,0.0,0.0,15,67475.8,4498.386666666668,4011.413759473739,2.998924444444444,3,5009.29,1669.7633333333333,1029.8850868098505,0.2226351111111111,0,0.0,0.0,0.0,0.0,0,0.0,0.0,0.0,0.0,0,0.0,0.0,0.0,0.0,0,0.0,0.0,0.0,0.0,128,374886.9899999999,2928.804609375,1948.4131058816813,16.661644000000003,0,0.0,0.0,0.0,0.0
836,0245-12.jpg,0245,Dryobalanops aromatica C.F.Gaertn.,2250000,254,768532.2700000003,34.156989777777795,0,0.0,0.0,0.0,0.0,57,159291.03999999998,2794.579649122807,1764.7470017692185,7.079601777777773,0,0.0,0.0,0.0,0.0,0,0.0,0.0,0.0,0.0,60,145511.98,2425.199666666667,2091.7852834361097,6.46719911111111,0,0.0,0.0,0.0,0.0,13,102356.32,7873.563076923077,5111.072031557868,4.549169777777777,2,3098.48,1549.24,1631.0832121630092,0.13771022222222223,0,0.0,0.0,0.0,0.0,0,0.0,0.0,0.0,0.0,0,0.0,0.0,0.0,0.0,0,0.0,0.0,0.0,0.0,122,358274.45000000007,2936.6758196721307,1922.1226495179276,15.923308888888883,0,0.0,0.0,0.0,0.0
837,0375-10.png,0375,Koompassia malaccensis Maing.,2250000,88,1218221.7900000003,54.14319066666666,0,0.0,0.0,0.0,0.0,0,0.0,0.0,0.0,0.0,18,62898.869999999995,3494.3816666666667,1904.1473196196523,2.7955053333333333,0,0.0,0.0,0.0,0.0,26,478236.8,18393.723076923077,9478.829809774947,21.254968888888882,2,39427.4,19713.7,11366.755649709374,1.752328888888889,11,493951.32999999996,44904.66636363637,21127.56819274678,21.953392444444443,0,0.0,0.0,0.0,0.0,0,0.0,0.0,0.0,0.0,0,0.0,0.0,0.0,0.0,0,0.0,0.0,0.0,0.0,0,0.0,0.0,0.0,0.0,31,143707.39000000004,4635.7222580645175,3030.402752330356,6.386995111111111,0,0.0,0.0,0.0,0.0
838,0375-11.png,0375,Koompassia malaccensis Maing.,2250000,87,1159178.8399999999,51.51905955555554,0,0.0,0.0,0.0,0.0,0,0.0,0.0,0.0,0.0,19,64622.979999999996,3401.2094736842105,1964.0224138273918,2.8721324444444445,0,0.0,0.0,0.0,0.0,25,410515.32999999996,16420.6132,9571.06085829906,18.245125777777776,3,48864.490000000005,16288.163333333336,8452.111858644166,2.1717551111111115,12,505212.3,42101.025,16635.014319185302,22.453879999999998,0,0.0,0.0,0.0,0.0,0,0.0,0.0,0.0,0.0,0,0.0,0.0,0.0,0.0,0,0.0,0.0,0.0,0.0,0,0.0,0.0,0.0,0.0,28,129963.73999999998,4641.562142857142,2984.322195488303,5.776166222222222,0,0.0,0.0,0.0,0.0
839,0236-1.jpg,0236,Dipterocarpus C.F.Gaertn.,2250000,216,672280.5900000002,29.879137333333336,0,0.0,0.0,0.0,0.0,25,69357.64000000001,2774.3056,906.2156528253452,3.0825617777777774,0,0.0,0.0,0.0,0.0,47,204875.69000000006,4359.057234042554,3365.1282810794073,9.10558622222222,0,0.0,0.0,0.0,0.0,0,0.0,0.0,0.0,0.0,0,0.0,0.0,0.0,0.0,0,0.0,0.0,0.0,0.0,0,0.0,0.0,0.0,0.0,0,0.0,0.0,0.0,0.0,0,0.0,0.0,0.0,0.0,0,0.0,0.0,0.0,0.0,144,398047.25999999995,2764.2170833333334,2155.492784583802,17.690989333333334,0,0.0,0.0,0.0,0.0
840,0236-10.jpg,0236,Dipterocarpus C.F.Gaertn.,2250000,190,629483.2599999998,27.977033777777777,0,0.0,0.0,0.0,0.0,16,43585.89,2724.118125,1114.6496536653344,1.9371506666666665,0,0.0,0.0,0.0,0.0,35,137636.99,3932.485428571428,2803.7587697540253,6.117199555555559,0,0.0,0.0,0.0,0.0,0,0.0,0.0,0.0,0.0,0,0.0,0.0,0.0,0.0,0,0.0,0.0,0.0,0.0,0,0.0,0.0,0.0,0.0,0,0.0,0.0,0.0,0.0,0,0.0,0.0,0.0,0.0,0,0.0,0.0,0.0,0.0,139,448260.3799999999,3224.8948201438848,2377.797535229301,19.922683555555547,0,0.0,0.0,0.0,0.0
841,0238-11.jpg,0238,Dipterocarpus kerrii King,2250000,166,938675.5500000002,41.71891333333337,0,0.0,0.0,0.0,0.0,10,34058.7,3405.8700000000003,1707.7787863837116,1.51372,0,0.0,0.0,0.0,0.0,59,267246.73000000004,4529.60559322034,4060.0857785724743,11.877632444444446,0,0.0,0.0,0.0,0.0,0,0.0,0.0,0.0,0.0,0,0.0,0.0,0.0,0.0,0,0.0,0.0,0.0,0.0,0,0.0,0.0,0.0,0.0,0,0.0,0.0,0.0,0.0,0,0.0,0.0,0.0,0.0,0,0.0,0.0,0.0,0.0,97,637370.1200000001,6570.825979381443,3706.927276548895,28.3275608888889,0,0.0,0.0,0.0,0.0
842,0238-12.jpg,0238,Dipterocarpus kerrii King,2250000,178,938069.3599999999,41.69197155555552,0,0.0,0.0,0.0,0.0,16,48721.799999999996,3045.1124999999997,1863.8984660454728,2.165413333333333,0,0.0,0.0,0.0,0.0,61,273296.68,4480.273442622951,4315.983540186364,12.146519111111115,0,0.0,0.0,0.0,0.0,0,0.0,0.0,0.0,0.0,0,0.0,0.0,0.0,0.0,0,0.0,0.0,0.0,0.0,0,0.0,0.0,0.0,0.0,0,0.0,0.0,0.0,0.0,0,0.0,0.0,0.0,0.0,0,0.0,0.0,0.0,0.0,101,616050.8799999998,6099.513663366335,3440.296041279797,27.380039111111106,0,0.0,0.0,0.0,0.0
843,0302-11.jpg,0302,Gilbertiodendron preussii (Harms) J.Léonard,2250000,61,917079.4700000004,40.75908755555555,0,0.0,0.0,0.0,0.0,0,0.0,0.0,0.0,0.0,8,62240.130000000005,7780.016250000001,4094.789439498298,2.766228000000001,0,0.0,0.0,0.0,0.0,31,671595.1100000002,21664.358387096774,15124.938330497547,29.848671555555555,0,0.0,0.0,0.0,0.0,3,77534.08,25844.693333333333,22324.40423950734,3.4459591111111108,0,0.0,0.0,0.0,0.0,0,0.0,0.0,0.0,0.0,0,0.0,0.0,0.0,0.0,0,0.0,0.0,0.0,0.0,0,0.0,0.0,0.0,0.0,19,105710.15,5563.692105263159,2447.8828715819327,4.69822888888889,0,0.0,0.0,0.0,0.0
844,0418-11.png,0418,Mansonia altissima (A. Chev.) A. Chev.,2250000,142,236222.18999999997,10.498764000000007,0,0.0,0.0,0.0,0.0,0,0.0,0.0,0.0,0.0,0,0.0,0.0,0.0,0.0,0,0.0,0.0,0.0,0.0,0,0.0,0.0,0.0,0.0,0,0.0,0.0,0.0,0.0,0,0.0,0.0,0.0,0.0,0,0.0,0.0,0.0,0.0,0,0.0,0.0,0.0,0.0,0,0.0,0.0,0.0,0.0,0,0.0,0.0,0.0,0.0,0,0.0,0.0,0.0,0.0,142,236222.18999999997,1663.5365492957746,615.5080545163752,10.498764000000007,0,0.0,0.0,0.0,0.0
845,0418-12.png,0418,Mansonia altissima (A. Chev.) A. Chev.,2250000,143,217556.08,9.669159111111108,0,0.0,0.0,0.0,0.0,0,0.0,0.0,0.0,0.0,2,4286.17,2143.085,284.4902712747836,0.19049644444444444,0,0.0,0.0,0.0,0.0,0,0.0,0.0,0.0,0.0,0,0.0,0.0,0.0,0.0,0,0.0,0.0,0.0,0.0,0,0.0,0.0,0.0,0.0,0,0.0,0.0,0.0,0.0,0,0.0,0.0,0.0,0.0,0,0.0,0.0,0.0,0.0,0,0.0,0.0,0.0,0.0,141,213269.90999999997,1512.552553191489,575.1024783157027,9.478662666666665,0,0.0,0.0,0.0,0.0
846,0353-15.png,0353,Intsia Thouars,2250000,76,985273.04,43.78991288888888,0,0.0,0.0,0.0,0.0,0,0.0,0.0,0.0,0.0,0,0.0,0.0,0.0,0.0,0,0.0,0.0,0.0,0.0,24,376678.7300000001,15694.947083333334,8717.290875754761,16.741276888888887,0,0.0,0.0,0.0,0.0,11,422879.23,38443.56636363636,11486.763602482008,18.794632444444446,0,0.0,0.0,0.0,0.0,0,0.0,0.0,0.0,0.0,0,0.0,0.0,0.0,0.0,3,27771.589999999997,9257.196666666665,3818.168752181251,1.2342928888888889,0,0.0,0.0,0.0,0.0,31,113918.79,3674.7996774193552,1805.1063745967695,5.063057333333334,7,44024.7,6289.242857142856,4659.8614376599735,1.9566533333333334
847,0353-6.png,0353,Intsia Thouars,2250000,55,1010982.4999999999,44.93255555555554,0,0.0,0.0,0.0,0.0,0,0.0,0.0,0.0,0.0,0,0.0,0.0,0.0,0.0,0,0.0,0.0,0.0,0.0,27,335296.50999999995,12418.389259259258,6090.124958489973,14.902067111111108,0,0.0,0.0,0.0,0.0,16,548347.58,34271.72375,30220.08609214758,24.371003555555554,0,0.0,0.0,0.0,0.0,0,0.0,0.0,0.0,0.0,0,0.0,0.0,0.0,0.0,7,95582.13,13654.59,11979.277929270196,4.248094666666667,0,0.0,0.0,0.0,0.0,1,2341.03,2341.03,0.0,0.10404577777777778,4,29415.25,7353.8125,2882.2361206810133,1.3073444444444444
848,0354-1.png,0354,Intsia bijuga (Colebr.) Kuntze,2250000,88,837070.2099999998,37.20312044444444,0,0.0,0.0,0.0,0.0,0,0.0,0.0,0.0,0.0,23,47922.47999999999,2083.5860869565213,1089.093053098182,2.1298880000000002,0,0.0,0.0,0.0,0.0,37,637504.2199999999,17229.843783783785,9109.857992874882,28.33352088888888,0,0.0,0.0,0.0,0.0,2,70291.04000000001,35145.520000000004,1942.1253430713439,3.1240462222222223,0,0.0,0.0,0.0,0.0,0,0.0,0.0,0.0,0.0,0,0.0,0.0,0.0,0.0,0,0.0,0.0,0.0,0.0,0,0.0,0.0,0.0,0.0,26,81352.47000000003,3128.941153846154,1762.4013173810938,3.6156653333333324,0,0.0,0.0,0.0,0.0
849,0354-6.png,0354,Intsia bijuga (Colebr.) Kuntze,2250000,91,891846.2900000002,39.63761288888891,0,0.0,0.0,0.0,0.0,0,0.0,0.0,0.0,0.0,15,42629.950000000004,2841.996666666667,1386.2559886958968,1.8946644444444445,0,0.0,0.0,0.0,0.0,38,554063.92,14580.629473684212,6240.764292230408,24.625063111111118,1,14282.23,14282.23,0.0,0.6347657777777778,4,162402.4,40600.6,6711.650674526102,7.217884444444445,0,0.0,0.0,0.0,0.0,0,0.0,0.0,0.0,0.0,0,0.0,0.0,0.0,0.0,0,0.0,0.0,0.0,0.0,0,0.0,0.0,0.0,0.0,33,118467.79000000002,3589.9330303030306,1604.1273852871007,5.26523511111111,0,0.0,0.0,0.0,0.0
850,0326-5.jpg,0326,Guibourtia ehie (A. Chev.) J. Léonard,2250000,113,942185.9399999998,41.87493066666668,0,0.0,0.0,0.0,0.0,0,0.0,0.0,0.0,0.0,3,6221.65,2073.883333333333,931.4079845767554,0.27651777777777775,0,0.0,0.0,0.0,0.0,39,398081.6400000001,10207.221538461541,4035.809743713827,17.69251733333334,0,0.0,0.0,0.0,0.0,1,28039.81,28039.81,0.0,1.2462137777777778,0,0.0,0.0,0.0,0.0,0,0.0,0.0,0.0,0.0,0,0.0,0.0,0.0,0.0,0,0.0,0.0,0.0,0.0,0,0.0,0.0,0.0,0.0,35,112511.15000000001,3214.604285714286,1015.2846102079998,5.000495555555556,35,397331.6900000001,11352.334000000003,9031.264154955796,17.65918622222222
851,0091-1.jpg,0091,Brachystegia Benth.,2250000,45,891004.0899999999,39.60018177777777,0,0.0,0.0,0.0,0.0,0,0.0,0.0,0.0,0.0,1,3038.41,3038.41,0.0,0.13504044444444444,0,0.0,0.0,0.0,0.0,19,373000.88,19631.625263157894,12541.239384245866,16.577816888888893,2,74740.29000000001,37370.145000000004,17133.953912405916,3.321790666666667,3,78346.25,26115.416666666668,28177.62708013635,3.4820555555555552,0,0.0,0.0,0.0,0.0,0,0.0,0.0,0.0,0.0,0,0.0,0.0,0.0,0.0,5,294848.8,58969.759999999995,4417.891425618106,13.104391111111111,0,0.0,0.0,0.0,0.0,15,67029.45999999999,4468.630666666666,1671.8231291465984,2.979087111111111,0,0.0,0.0,0.0,0.0
852,0091-11.jpg,0091,Brachystegia Benth.,2250000,57,844801.4200000002,37.54672977777779,0,0.0,0.0,0.0,0.0,0,0.0,0.0,0.0,0.0,4,18403.18,4600.795,1540.4442677898694,0.817919111111111,0,0.0,0.0,0.0,0.0,27,576497.9000000001,21351.774074074074,10386.319009021603,25.622128888888888,2,70464.85,35232.425,1852.6126956409412,3.131771111111111,0,0.0,0.0,0.0,0.0,0,0.0,0.0,0.0,0.0,0,0.0,0.0,0.0,0.0,0,0.0,0.0,0.0,0.0,2,84146.26000000001,42073.130000000005,11640.618106062926,3.739833777777778,0,0.0,0.0,0.0,0.0,22,95289.22999999998,4331.328636363635,1728.2581033880974,4.23507688888889,0,0.0,0.0,0.0,0.0
853,0092-11.jpg,0092,Brachystegia cynometroides Harms,2250000,86,1249936.18,55.55271911111112,0,0.0,0.0,0.0,0.0,0,0.0,0.0,0.0,0.0,9,52686.090000000004,5854.01,3618.2696007484014,2.3416040000000002,0,0.0,0.0,0.0,0.0,30,543133.35,18104.445,10503.679960248333,24.13926,1,7627.13,7627.13,0.0,0.33898355555555554,6,252491.34000000003,42081.89000000001,15629.234334301857,11.221837333333333,0,0.0,0.0,0.0,0.0,0,0.0,0.0,0.0,0.0,0,0.0,0.0,0.0,0.0,3,186827.65999999997,62275.88666666666,30223.038971098413,8.303451555555554,0,0.0,0.0,0.0,0.0,37,207170.61,5599.205675675676,3212.918262812503,9.207582666666667,0,0.0,0.0,0.0,0.0
854,0093-1.jpg,0093,Brachystegia laurentii (De Wild.) Louis ex J.Léonard,2250000,42,871928.2000000001,38.75236444444445,0,0.0,0.0,0.0,0.0,0,0.0,0.0,0.0,0.0,11,28331.639999999996,2575.603636363636,1031.3676690130706,1.2591839999999996,1,12506.6,12506.6,0.0,0.555848888888889,15,330559.70999999996,22037.314,9022.45142668301,14.691542666666667,0,0.0,0.0,0.0,0.0,2,89089.04000000001,44544.520000000004,14519.674076342077,3.959512888888889,0,0.0,0.0,0.0,0.0,0,0.0,0.0,0.0,0.0,0,0.0,0.0,0.0,0.0,3,366080.76,122026.92,8259.142382517684,16.270256,0,0.0,0.0,0.0,0.0,10,45360.450000000004,4536.045,1824.8675272605408,2.01602,0,0.0,0.0,0.0,0.0
855,0093-6.jpg,0093,Brachystegia laurentii (De Wild.) Louis ex J.Léonard,2250000,63,1251912.45,55.64055333333333,0,0.0,0.0,0.0,0.0,0,0.0,0.0,0.0,0.0,9,30676.96,3408.551111111111,1874.6103562303585,1.3634204444444444,0,0.0,0.0,0.0,0.0,17,231377.0,13610.411764705885,7693.114563671722,10.28342222222222,0,0.0,0.0,0.0,0.0,0,0.0,0.0,0.0,0.0,0,0.0,0.0,0.0,0.0,0,0.0,0.0,0.0,0.0,0,0.0,0.0,0.0,0.0,11,904049.26,82186.29636363637,27783.511211110545,40.17996711111111,0,0.0,0.0,0.0,0.0,26,85809.23,3300.354999999999,1932.790821710927,3.813743555555555,0,0.0,0.0,0.0,0.0
856,0331-3.jpg,0331,Heritiera utilis (Sprague) Sprague,2250000,65,1147338.48,50.99282133333335,0,0.0,0.0,0.0,0.0,0,0.0,0.0,0.0,0.0,19,52269.8,2751.0421052631577,904.2460421046853,2.3231022222222224,14,129070.02999999998,9219.287857142856,5312.474390454368,5.736445777777778,0,0.0,0.0,0.0,0.0,0,0.0,0.0,0.0,0.0,0,0.0,0.0,0.0,0.0,0,0.0,0.0,0.0,0.0,0,0.0,0.0,0.0,0.0,0,0.0,0.0,0.0,0.0,0,0.0,0.0,0.0,0.0,4,53133.49,13283.3725,2001.520377086296,2.3614884444444444,10,72111.72,7211.1720000000005,2168.3013518358866,3.2049653333333334,18,840753.44,46708.52444444444,10015.638755064192,37.36681955555556
857,0331-8.jpg,0331,Heritiera utilis (Sprague) Sprague,2250000,39,1015696.7899999999,45.14207955555556,0,0.0,0.0,0.0,0.0,0,0.0,0.0,0.0,0.0,3,11510.980000000001,3836.993333333334,3279.7412969064094,0.5115991111111111,8,77122.09999999999,9640.262499999999,7287.249345954009,3.4276488888888887,0,0.0,0.0,0.0,0.0,0,0.0,0.0,0.0,0.0,0,0.0,0.0,0.0,0.0,0,0.0,0.0,0.0,0.0,0,0.0,0.0,0.0,0.0,0,0.0,0.0,0.0,0.0,0,0.0,0.0,0.0,0.0,0,0.0,0.0,0.0,0.0,7,40955.19,5850.7414285714285,4378.324557656838,1.8202306666666668,21,886108.52,42195.64380952381,14104.320952579912,39.38260088888889
858,0367-2.png,0367,Juglans nigra L.,2250000,150,334785.8400000002,14.879370666666661,0,0.0,0.0,0.0,0.0,47,144229.88999999998,3068.721063829787,1005.1139148055807,6.4102173333333345,0,0.0,0.0,0.0,0.0,0,0.0,0.0,0.0,0.0,0,0.0,0.0,0.0,0.0,0,0.0,0.0,0.0,0.0,0,0.0,0.0,0.0,0.0,0,0.0,0.0,0.0,0.0,0,0.0,0.0,0.0,0.0,0,0.0,0.0,0.0,0.0,0,0.0,0.0,0.0,0.0,0,0.0,0.0,0.0,0.0,103,190555.95000000007,1850.0577669902914,1199.5648348544876,8.469153333333333,0,0.0,0.0,0.0,0.0
859,0366-10.png,0366,Juglans regia L.,2250000,76,218284.5700000001,9.701536444444447,0,0.0,0.0,0.0,0.0,0,0.0,0.0,0.0,0.0,0,0.0,0.0,0.0,0.0,0,0.0,0.0,0.0,0.0,0,0.0,0.0,0.0,0.0,0,0.0,0.0,0.0,0.0,0,0.0,0.0,0.0,0.0,0,0.0,0.0,0.0,0.0,0,0.0,0.0,0.0,0.0,0,0.0,0.0,0.0,0.0,0,0.0,0.0,0.0,0.0,0,0.0,0.0,0.0,0.0,76,218284.5700000001,2872.165394736842,1354.429826866337,9.701536444444447,0,0.0,0.0,0.0,0.0
860,0366-11.png,0366,Juglans regia L.,2250000,64,177053.65999999997,7.869051555555552,0,0.0,0.0,0.0,0.0,0,0.0,0.0,0.0,0.0,0,0.0,0.0,0.0,0.0,0,0.0,0.0,0.0,0.0,0,0.0,0.0,0.0,0.0,0,0.0,0.0,0.0,0.0,0,0.0,0.0,0.0,0.0,0,0.0,0.0,0.0,0.0,0,0.0,0.0,0.0,0.0,0,0.0,0.0,0.0,0.0,0,0.0,0.0,0.0,0.0,0,0.0,0.0,0.0,0.0,64,177053.65999999997,2766.4634374999996,1078.5513744439718,7.869051555555552,0,0.0,0.0,0.0,0.0
861,0399-1.png,0399,Lovoa trichilioides Harms,2250000,249,796810.2599999997,35.41378933333335,0,0.0,0.0,0.0,0.0,0,0.0,0.0,0.0,0.0,36,72330.59000000001,2009.183055555556,965.6359152061978,3.2146928888888886,53,183773.12999999998,3467.417547169811,2805.310698393115,8.167694666666664,25,84346.90000000001,3373.8759999999997,1638.3008184472717,3.7487511111111105,0,0.0,0.0,0.0,0.0,20,155976.89,7798.844500000001,5215.84154915275,6.932306222222222,1,1476.29,1476.29,0.0,0.06561288888888889,0,0.0,0.0,0.0,0.0,0,0.0,0.0,0.0,0.0,0,0.0,0.0,0.0,0.0,0,0.0,0.0,0.0,0.0,114,298906.46000000014,2621.9864912280705,1317.4798355401256,13.284731555555554,0,0.0,0.0,0.0,0.0
862,0399-10.png,0399,Lovoa trichilioides Harms,2250000,220,649118.1599999999,28.849695999999984,0,0.0,0.0,0.0,0.0,0,0.0,0.0,0.0,0.0,37,83076.62000000001,2245.3140540540544,1079.464389772023,3.692294222222222,56,140715.1,2512.7696428571426,2490.548753063333,6.254004444444446,18,50994.16,2833.008888888889,1112.8033030614959,2.266407111111111,0,0.0,0.0,0.0,0.0,17,99606.51000000001,5859.206470588236,3257.5805717931617,4.426956000000001,0,0.0,0.0,0.0,0.0,0,0.0,0.0,0.0,0.0,0,0.0,0.0,0.0,0.0,0,0.0,0.0,0.0,0.0,0,0.0,0.0,0.0,0.0,92,274725.76999999996,2986.149673913044,1396.0894466034313,12.210034222222223,0,0.0,0.0,0.0,0.0
863,0399-18.png,0399,Lovoa trichilioides Harms,2250000,260,764931.6799999996,33.99696355555552,0,0.0,0.0,0.0,0.0,0,0.0,0.0,0.0,0.0,50,110069.27000000002,2201.3853999999997,895.1338548318699,4.891967555555555,37,124871.84999999998,3374.9148648648647,2782.1877100160887,5.549860000000001,34,98006.86999999998,2882.5550000000003,1799.391509001913,4.355860888888889,0,0.0,0.0,0.0,0.0,25,149705.86999999997,5988.2348,3706.605431565293,6.653594222222223,0,0.0,0.0,0.0,0.0,0,0.0,0.0,0.0,0.0,0,0.0,0.0,0.0,0.0,0,0.0,0.0,0.0,0.0,0,0.0,0.0,0.0,0.0,114,282277.82,2476.1212280701757,1266.2793001819446,12.545680888888882,0,0.0,0.0,0.0,0.0
864,0066-10.jpg,0066,Aucoumea klaineana Pierre,2250000,62,210239.05000000002,9.343957777777778,0,0.0,0.0,0.0,0.0,4,11451.970000000001,2862.9925000000003,777.4440278834655,0.5089764444444445,0,0.0,0.0,0.0,0.0,0,0.0,0.0,0.0,0.0,0,0.0,0.0,0.0,0.0,0,0.0,0.0,0.0,0.0,0,0.0,0.0,0.0,0.0,0,0.0,0.0,0.0,0.0,0,0.0,0.0,0.0,0.0,0,0.0,0.0,0.0,0.0,0,0.0,0.0,0.0,0.0,0,0.0,0.0,0.0,0.0,58,198787.08,3427.3634482758616,1657.5731068765963,8.834981333333332,0,0.0,0.0,0.0,0.0
865,0552-11.png,0552,Quercus alba L.,2250000,43,1016763.1799999999,45.189474666666655,9,395931.61,43992.40111111111,23814.38159800315,17.59696044444444,14,107863.43000000001,7704.530714285715,4681.532492067536,4.793930222222222,0,0.0,0.0,0.0,0.0,0,0.0,0.0,0.0,0.0,0,0.0,0.0,0.0,0.0,0,0.0,0.0,0.0,0.0,0,0.0,0.0,0.0,0.0,0,0.0,0.0,0.0,0.0,0,0.0,0.0,0.0,0.0,6,17524.469999999998,2920.7449999999994,941.8607826796909,0.7788653333333333,0,0.0,0.0,0.0,0.0,0,0.0,0.0,0.0,0.0,11,19333.339999999997,1757.5763636363633,2412.0403155058275,0.8592595555555554,3,476110.32999999996,158703.44333333333,22327.360079226404,21.16045911111111
866,0553-1.png,0553,Quercus petraea (Matt.) Liebl.,2250000,148,1219217.4300000002,54.18744133333332,24,544725.5299999999,22696.897083333333,12651.33672701735,24.21002355555555,57,264497.99000000005,4640.315614035088,2403.239725463627,11.755466222222225,0,0.0,0.0,0.0,0.0,0,0.0,0.0,0.0,0.0,0,0.0,0.0,0.0,0.0,0,0.0,0.0,0.0,0.0,0,0.0,0.0,0.0,0.0,0,0.0,0.0,0.0,0.0,0,0.0,0.0,0.0,0.0,1,3273.37,3273.37,0.0,0.14548311111111112,0,0.0,0.0,0.0,0.0,0,0.0,0.0,0.0,0.0,64,177488.22999999995,2773.2535937499997,2124.262122672297,7.8883657777777785,2,229232.31,114616.155,1773.7137209961502,10.188102666666666
867,0553-9.png,0553,Quercus petraea (Matt.) Liebl.,2250000,136,773034.1199999998,34.35707199999999,18,377526.29999999993,20973.68333333333,13253.124658835122,16.778946666666666,50,216339.48,4326.7896,2035.9118951116182,9.615088,0,0.0,0.0,0.0,0.0,0,0.0,0.0,0.0,0.0,0,0.0,0.0,0.0,0.0,0,0.0,0.0,0.0,0.0,0,0.0,0.0,0.0,0.0,0,0.0,0.0,0.0,0.0,0,0.0,0.0,0.0,0.0,3,23821.23,7940.41,4405.773070676701,1.0587213333333332,0,0.0,0.0,0.0,0.0,0,0.0,0.0,0.0,0.0,65,155347.11,2389.9555384615387,1990.769882821743,6.904315999999999,0,0.0,0.0,0.0,0.0
868,0554-10.png,0554,Quercus robur L.,2250000,167,885989.4500000004,39.3773088888889,19,398869.18999999994,20993.11526315789,9992.875547044265,17.72751955555556,53,116833.81000000001,2204.4115094339627,1057.6371444174622,5.192613777777778,0,0.0,0.0,0.0,0.0,0,0.0,0.0,0.0,0.0,0,0.0,0.0,0.0,0.0,0,0.0,0.0,0.0,0.0,0,0.0,0.0,0.0,0.0,0,0.0,0.0,0.0,0.0,0,0.0,0.0,0.0,0.0,18,51137.93,2840.9961111111115,1097.7447947932853,2.2727968888888888,0,0.0,0.0,0.0,0.0,0,0.0,0.0,0.0,0.0,74,127796.52,1726.98,1189.4333043449437,5.679845333333333,3,191352.0,63784.0,40556.72509509736,8.504533333333335
869,0554-11.png,0554,Quercus robur L.,2250000,163,980695.0299999994,43.586445777777776,22,382676.12000000005,17394.36909090909,8257.548286002104,17.00782755555555,37,62572.729999999996,1691.1548648648647,812.0296868876081,2.7810102222222217,0,0.0,0.0,0.0,0.0,0,0.0,0.0,0.0,0.0,0,0.0,0.0,0.0,0.0,0,0.0,0.0,0.0,0.0,0,0.0,0.0,0.0,0.0,0,0.0,0.0,0.0,0.0,0,0.0,0.0,0.0,0.0,17,45974.15,2704.3617647058823,1420.2290317156387,2.043295555555555,0,0.0,0.0,0.0,0.0,0,0.0,0.0,0.0,0.0,82,115225.55000000003,1405.1896341463414,849.23567353303,5.121135555555554,5,374246.48,74849.296,7892.281020904538,16.633176888888887
870,0648-6.png,0648,Triplochiton scleroxylon K. Schum.,2250000,77,210438.60000000015,9.352826666666669,0,0.0,0.0,0.0,0.0,46,87506.51999999999,1902.315652173913,781.4417662604372,3.8891786666666666,0,0.0,0.0,0.0,0.0,0,0.0,0.0,0.0,0.0,0,0.0,0.0,0.0,0.0,0,0.0,0.0,0.0,0.0,0,0.0,0.0,0.0,0.0,0,0.0,0.0,0.0,0.0,0,0.0,0.0,0.0,0.0,0,0.0,0.0,0.0,0.0,0,0.0,0.0,0.0,0.0,0,0.0,0.0,0.0,0.0,31,122932.08000000002,3965.5509677419354,1897.5951334928375,5.463648000000001,0,0.0,0.0,0.0,0.0
871,0256-2.jpg,0256,Entandrophragma angolense (Welw.) Panshin,2250000,96,718826.6700000002,31.947852000000005,0,0.0,0.0,0.0,0.0,0,0.0,0.0,0.0,0.0,2,5470.64,2735.32,1291.9689420415648,0.24313955555555555,28,152873.03999999998,5459.751428571428,2547.1327655325967,6.794357333333333,0,0.0,0.0,0.0,0.0,0,0.0,0.0,0.0,0.0,0,0.0,0.0,0.0,0.0,0,0.0,0.0,0.0,0.0,0,0.0,0.0,0.0,0.0,0,0.0,0.0,0.0,0.0,4,62240.12000000001,15560.030000000002,9946.250234679734,2.7662275555555556,0,0.0,0.0,0.0,0.0,54,184773.10000000003,3421.724074074075,1327.2442086753797,8.212137777777777,8,313469.77,39183.72125,11894.557054158893,13.93198977777778
872,0072-4.jpg,0072,Baillonella toxisperma Pierre,2250000,132,312445.1600000001,13.886451555555556,0,0.0,0.0,0.0,0.0,60,131688.96000000002,2194.8160000000003,849.662947040507,5.852842666666667,0,0.0,0.0,0.0,0.0,0,0.0,0.0,0.0,0.0,0,0.0,0.0,0.0,0.0,0,0.0,0.0,0.0,0.0,0,0.0,0.0,0.0,0.0,0,0.0,0.0,0.0,0.0,0,0.0,0.0,0.0,0.0,0,0.0,0.0,0.0,0.0,0,0.0,0.0,0.0,0.0,8,38503.66,4812.9575,2903.888669785249,1.7112737777777778,64,142252.54000000004,2222.6959374999997,812.1432980733489,6.322335111111109,0,0.0,0.0,0.0,0.0
873,0073-12.jpg,0073,Balfourodendron riedelianum (Engl.) Engl.,2250000,119,146294.05000000002,6.501957777777776,0,0.0,0.0,0.0,0.0,0,0.0,0.0,0.0,0.0,16,20759.219999999998,1297.4512499999998,560.482079034052,0.9226320000000002,0,0.0,0.0,0.0,0.0,0,0.0,0.0,0.0,0.0,0,0.0,0.0,0.0,0.0,0,0.0,0.0,0.0,0.0,0,0.0,0.0,0.0,0.0,0,0.0,0.0,0.0,0.0,0,0.0,0.0,0.0,0.0,3,14446.380000000001,4815.46,4536.774223421307,0.6420613333333334,0,0.0,0.0,0.0,0.0,97,68144.13,702.5168041237114,235.67843124312765,3.0286279999999994,3,42944.32,14314.773333333333,2024.8861216703851,1.9086364444444446
874,0073-8.jpg,0073,Balfourodendron riedelianum (Engl.) Engl.,2250000,170,187187.09999999998,8.319426666666667,0,0.0,0.0,0.0,0.0,0,0.0,0.0,0.0,0.0,23,24324.430000000004,1057.5839130434783,263.8794670564425,1.0810857777777776,0,0.0,0.0,0.0,0.0,0,0.0,0.0,0.0,0.0,0,0.0,0.0,0.0,0.0,0,0.0,0.0,0.0,0.0,0,0.0,0.0,0.0,0.0,0,0.0,0.0,0.0,0.0,0,0.0,0.0,0.0,0.0,4,45687.67,11421.9175,5377.703817351633,2.030563111111111,0,0.0,0.0,0.0,0.0,143,117175.00000000001,819.4055944055945,243.74839334861576,5.207777777777777,0,0.0,0.0,0.0,0.0
875,0679-3.jpg,0679,Aningeria Aubrév. & Pellegr.,2250000,47,107791.55999999998,4.790735999999999,0,0.0,0.0,0.0,0.0,0,0.0,0.0,0.0,0.0,0,0.0,0.0,0.0,0.0,0,0.0,0.0,0.0,0.0,0,0.0,0.0,0.0,0.0,0,0.0,0.0,0.0,0.0,0,0.0,0.0,0.0,0.0,0,0.0,0.0,0.0,0.0,0,0.0,0.0,0.0,0.0,8,36227.0,4528.375,844.8889936722879,1.610088888888889,0,0.0,0.0,0.0,0.0,2,10879.04,5439.52,537.1183109893011,0.4835128888888889,37,60685.52000000001,1640.1491891891892,502.52396583744246,2.697134222222222,0,0.0,0.0,0.0,0.0
876,0009-3.png,0009,Leptolobium Vogel,2250000,197,450875.04000000004,20.038890666666664,0,0.0,0.0,0.0,0.0,0,0.0,0.0,0.0,0.0,11,17010.57,1546.4154545454546,648.331965344354,0.7560253333333333,0,0.0,0.0,0.0,0.0,68,238584.60999999993,3508.5972058823527,1642.1772701434088,10.603760444444445,0,0.0,0.0,0.0,0.0,1,5507.11,5507.11,0.0,0.24476044444444442,0,0.0,0.0,0.0,0.0,0,0.0,0.0,0.0,0.0,0,0.0,0.0,0.0,0.0,0,0.0,0.0,0.0,0.0,0,0.0,0.0,0.0,0.0,117,189772.75,1621.9893162393162,647.4707574367628,8.434344444444445,0,0.0,0.0,0.0,0.0
877,0041-2.png,0041,Aniba rosodora Ducke,2250000,11,20234.59,0.8993151111111111,0,0.0,0.0,0.0,0.0,0,0.0,0.0,0.0,0.0,0,0.0,0.0,0.0,0.0,0,0.0,0.0,0.0,0.0,0,0.0,0.0,0.0,0.0,0,0.0,0.0,0.0,0.0,0,0.0,0.0,0.0,0.0,0,0.0,0.0,0.0,0.0,0,0.0,0.0,0.0,0.0,0,0.0,0.0,0.0,0.0,0,0.0,0.0,0.0,0.0,0,0.0,0.0,0.0,0.0,11,20234.59,1839.5081818181816,346.787723970102,0.8993151111111111,0,0.0,0.0,0.0,0.0
878,0045-5.jpg,0045,Anopyxis klaineana (Pierre) Engl.,2250000,15,99799.62999999999,4.435539111111111,0,0.0,0.0,0.0,0.0,1,10282.52,10282.52,0.0,0.4570008888888889,0,0.0,0.0,0.0,0.0,1,13144.97,13144.97,0.0,0.5842208888888889,0,0.0,0.0,0.0,0.0,0,0.0,0.0,0.0,0.0,0,0.0,0.0,0.0,0.0,0,0.0,0.0,0.0,0.0,0,0.0,0.0,0.0,0.0,0,0.0,0.0,0.0,0.0,0,0.0,0.0,0.0,0.0,0,0.0,0.0,0.0,0.0,13,76372.13999999998,5874.779999999999,2399.6594304678597,3.3943173333333334,0,0.0,0.0,0.0,0.0
879,0071-4.jpg,0071,Baikiaea plurijuga Harms,2250000,5,6368.64,0.2830506666666667,0,0.0,0.0,0.0,0.0,5,6368.64,1273.728,367.15084572965367,0.2830506666666667,0,0.0,0.0,0.0,0.0,0,0.0,0.0,0.0,0.0,0,0.0,0.0,0.0,0.0,0,0.0,0.0,0.0,0.0,0,0.0,0.0,0.0,0.0,0,0.0,0.0,0.0,0.0,0,0.0,0.0,0.0,0.0,0,0.0,0.0,0.0,0.0,0,0.0,0.0,0.0,0.0,0,0.0,0.0,0.0,0.0,0,0.0,0.0,0.0,0.0,0,0.0,0.0,0.0,0.0
880,0085-10.jpg,0085,Bobgunnia fistuloides (Harms) J.H. Kirkbr. & Wiersema,2250000,52,114869.28999999998,5.105301777777777,0,0.0,0.0,0.0,0.0,0,0.0,0.0,0.0,0.0,13,16948.34,1303.7184615384615,806.6582419447756,0.7532595555555555,0,0.0,0.0,0.0,0.0,0,0.0,0.0,0.0,0.0,0,0.0,0.0,0.0,0.0,0,0.0,0.0,0.0,0.0,5,5600.4400000000005,1120.0880000000002,733.5930432944413,0.2489084444444445,0,0.0,0.0,0.0,0.0,0,0.0,0.0,0.0,0.0,0,0.0,0.0,0.0,0.0,0,0.0,0.0,0.0,0.0,34,92320.50999999998,2715.309117647059,1995.4061671877014,4.103133777777778,0,0.0,0.0,0.0,0.0
881,0085-9.jpg,0085,Bobgunnia fistuloides (Harms) J.H. Kirkbr. & Wiersema,2250000,53,121638.15000000001,5.406140000000001,0,0.0,0.0,0.0,0.0,0,0.0,0.0,0.0,0.0,18,42198.63,2344.3683333333333,1517.4076611396472,1.875494666666667,0,0.0,0.0,0.0,0.0,0,0.0,0.0,0.0,0.0,1,6680.85,6680.85,0.0,0.29692666666666667,0,0.0,0.0,0.0,0.0,3,4086.61,1362.2033333333334,1319.710965565314,0.18162711111111113,0,0.0,0.0,0.0,0.0,0,0.0,0.0,0.0,0.0,0,0.0,0.0,0.0,0.0,0,0.0,0.0,0.0,0.0,31,68672.06,2215.2277419354837,1366.7269854405442,3.0520915555555552,0,0.0,0.0,0.0,0.0
882,0095-12.jpg,0095,Brosimum alicastrum Swartz,2250000,52,72845.56,3.2375804444444447,0,0.0,0.0,0.0,0.0,0,0.0,0.0,0.0,0.0,0,0.0,0.0,0.0,0.0,3,10607.6,3535.866666666667,466.1605575693135,0.4714488888888889,0,0.0,0.0,0.0,0.0,0,0.0,0.0,0.0,0.0,0,0.0,0.0,0.0,0.0,0,0.0,0.0,0.0,0.0,0,0.0,0.0,0.0,0.0,0,0.0,0.0,0.0,0.0,0,0.0,0.0,0.0,0.0,0,0.0,0.0,0.0,0.0,49,62237.96000000001,1270.162448979592,339.88678118315255,2.7661315555555555,0,0.0,0.0,0.0,0.0
883,0095-3.jpg,0095,Brosimum alicastrum Swartz,2250000,39,59303.61999999998,2.6357164444444448,0,0.0,0.0,0.0,0.0,5,7570.26,1514.0520000000001,458.6056731768589,0.3364560000000001,0,0.0,0.0,0.0,0.0,1,2729.42,2729.42,0.0,0.12130755555555556,1,4751.8,4751.8,0.0,0.21119111111111113,0,0.0,0.0,0.0,0.0,0,0.0,0.0,0.0,0.0,0,0.0,0.0,0.0,0.0,0,0.0,0.0,0.0,0.0,0,0.0,0.0,0.0,0.0,0,0.0,0.0,0.0,0.0,0,0.0,0.0,0.0,0.0,32,44252.139999999985,1382.879375,504.87199323634053,1.9667617777777777,0,0.0,0.0,0.0,0.0
884,0096-10.jpg,0096,Brosimum guianense (Aubl.) Huber ex Ducke,2250000,32,361512.4200000001,16.06721866666667,0,0.0,0.0,0.0,0.0,0,0.0,0.0,0.0,0.0,0,0.0,0.0,0.0,0.0,0,0.0,0.0,0.0,0.0,19,267041.80000000005,14054.83157894737,6525.363636612534,11.868524444444445,1,31638.26,31638.26,0.0,1.4061448888888888,0,0.0,0.0,0.0,0.0,0,0.0,0.0,0.0,0.0,0,0.0,0.0,0.0,0.0,0,0.0,0.0,0.0,0.0,0,0.0,0.0,0.0,0.0,0,0.0,0.0,0.0,0.0,12,62832.35999999999,5236.03,1849.3571035460848,2.792549333333333,0,0.0,0.0,0.0,0.0
885,0096-3.jpg,0096,Brosimum guianense (Aubl.) Huber ex Ducke,2250000,28,265005.48,11.778021333333333,0,0.0,0.0,0.0,0.0,0,0.0,0.0,0.0,0.0,1,8527.28,8527.28,0.0,0.37899022222222223,1,1852.87,1852.87,0.0,0.08234977777777777,21,238302.47000000003,11347.736666666668,6882.7585354524335,10.59122088888889,0,0.0,0.0,0.0,0.0,0,0.0,0.0,0.0,0.0,0,0.0,0.0,0.0,0.0,0,0.0,0.0,0.0,0.0,0,0.0,0.0,0.0,0.0,0,0.0,0.0,0.0,0.0,0,0.0,0.0,0.0,0.0,5,16322.86,3264.572,2127.7565789746723,0.7254604444444445,0,0.0,0.0,0.0,0.0
886,0114-2.jpg,0114,Cantleya corniculata (Becc.) R.A.Howard,2250000,72,599763.3599999999,26.65614933333333,0,0.0,0.0,0.0,0.0,0,0.0,0.0,0.0,0.0,21,73812.24999999999,3514.8690476190477,741.1842849717253,3.2805444444444443,0,0.0,0.0,0.0,0.0,0,0.0,0.0,0.0,0.0,0,0.0,0.0,0.0,0.0,0,0.0,0.0,0.0,0.0,0,0.0,0.0,0.0,0.0,0,0.0,0.0,0.0,0.0,0,0.0,0.0,0.0,0.0,0,0.0,0.0,0.0,0.0,0,0.0,0.0,0.0,0.0,34,79983.45000000001,2352.454411764706,729.9604571780467,3.5548199999999994,17,445967.66000000003,26233.391764705884,13108.993741028158,19.820784888888888
887,0114-3.jpg,0114,Cantleya corniculata (Becc.) R.A.Howard,2250000,135,974805.9899999995,43.324710666666675,0,0.0,0.0,0.0,0.0,0,0.0,0.0,0.0,0.0,65,186712.87999999998,2872.5058461538456,572.4703912018407,8.298350222222224,0,0.0,0.0,0.0,0.0,14,48000.81,3428.6292857142857,1612.3353430372797,2.133369333333333,0,0.0,0.0,0.0,0.0,0,0.0,0.0,0.0,0.0,0,0.0,0.0,0.0,0.0,0,0.0,0.0,0.0,0.0,0,0.0,0.0,0.0,0.0,0,0.0,0.0,0.0,0.0,0,0.0,0.0,0.0,0.0,29,61815.26000000001,2131.5606896551726,574.6772295753195,2.7473448888888883,27,678277.0399999999,25121.371851851847,15179.654599647778,30.145646222222215
888,0157-1.jpg,0157,Ceriops tagal (Perr.) C.B. Robinson,2250000,17,13988.259999999998,0.6217004444444445,0,0.0,0.0,0.0,0.0,0,0.0,0.0,0.0,0.0,0,0.0,0.0,0.0,0.0,2,3836.63,1918.315,101.66074193118992,0.17051688888888888,0,0.0,0.0,0.0,0.0,0,0.0,0.0,0.0,0.0,0,0.0,0.0,0.0,0.0,0,0.0,0.0,0.0,0.0,0,0.0,0.0,0.0,0.0,0,0.0,0.0,0.0,0.0,0,0.0,0.0,0.0,0.0,0,0.0,0.0,0.0,0.0,15,10151.63,676.7753333333333,180.1960163610199,0.4511835555555556,0,0.0,0.0,0.0,0.0
889,0158-1.jpg,0158,"Chlorocardium rodiei (R.H.Schomb.) Rohwer, H.G.Richt. & van der Werff",2250000,229,732249.4700000006,32.54442088888889,0,0.0,0.0,0.0,0.0,0,0.0,0.0,0.0,0.0,0,0.0,0.0,0.0,0.0,81,368835.8999999999,4553.529629629631,2862.0941342710257,16.39270666666667,70,151808.7,2168.6957142857145,2549.8011371963958,6.747053333333334,0,0.0,0.0,0.0,0.0,2,23849.129999999997,11924.564999999999,3790.933804229507,1.0599613333333333,0,0.0,0.0,0.0,0.0,0,0.0,0.0,0.0,0.0,0,0.0,0.0,0.0,0.0,0,0.0,0.0,0.0,0.0,0,0.0,0.0,0.0,0.0,76,187755.73999999996,2470.4702631578944,981.8624191932033,8.34469955555556,0,0.0,0.0,0.0,0.0
890,0181-2.jpg,0181,Cotylelobium Pierre,2250000,64,133697.41999999998,5.942107555555555,0,0.0,0.0,0.0,0.0,0,0.0,0.0,0.0,0.0,0,0.0,0.0,0.0,0.0,23,67362.07999999999,2928.786086956521,1092.2835191666506,2.993870222222223,0,0.0,0.0,0.0,0.0,0,0.0,0.0,0.0,0.0,0,0.0,0.0,0.0,0.0,0,0.0,0.0,0.0,0.0,0,0.0,0.0,0.0,0.0,0,0.0,0.0,0.0,0.0,0,0.0,0.0,0.0,0.0,0,0.0,0.0,0.0,0.0,41,66335.34,1617.9351219512193,420.0523882155769,2.9482373333333336,0,0.0,0.0,0.0,0.0
891,0195-1.jpg,0195,Ctenolophon parvifolius Oliv.,2250000,119,276315.8200000001,12.280703111111112,0,0.0,0.0,0.0,0.0,20,47347.420000000006,2367.371,927.4525157366902,2.1043297777777776,0,0.0,0.0,0.0,0.0,15,17485.840000000004,1165.7226666666668,918.3020160403709,0.7771484444444444,0,0.0,0.0,0.0,0.0,0,0.0,0.0,0.0,0.0,0,0.0,0.0,0.0,0.0,0,0.0,0.0,0.0,0.0,0,0.0,0.0,0.0,0.0,0,0.0,0.0,0.0,0.0,0,0.0,0.0,0.0,0.0,0,0.0,0.0,0.0,0.0,84,211482.56,2517.649523809524,953.3848874732709,9.39922488888889,0,0.0,0.0,0.0,0.0
892,0195-3.jpg,0195,Ctenolophon parvifolius Oliv.,2250000,55,151925.68999999997,6.75225288888889,0,0.0,0.0,0.0,0.0,25,77525.48999999999,3101.0196,551.6063407032228,3.445577333333333,0,0.0,0.0,0.0,0.0,1,1102.92,1102.92,0.0,0.049018666666666676,0,0.0,0.0,0.0,0.0,0,0.0,0.0,0.0,0.0,0,0.0,0.0,0.0,0.0,0,0.0,0.0,0.0,0.0,0,0.0,0.0,0.0,0.0,0,0.0,0.0,0.0,0.0,0,0.0,0.0,0.0,0.0,0,0.0,0.0,0.0,0.0,29,73297.28000000001,2527.4924137931034,630.8936387812765,3.2576568888888886,0,0.0,0.0,0.0,0.0
893,0207-9.png,0207,Dalbergia nigra (Vell.) Allemão ex Benth.,2250000,45,402205.8499999999,17.87581555555555,0,0.0,0.0,0.0,0.0,0,0.0,0.0,0.0,0.0,8,31682.25,3960.28125,2567.3167939111477,1.4081,13,171625.98000000004,13201.998461538464,4958.335357691205,7.627821333333334,7,98735.34,14105.048571428571,2115.854003315829,4.3882373333333335,1,15109.42,15109.42,0.0,0.6715297777777778,1,20718.46,20718.46,0.0,0.9208204444444444,0,0.0,0.0,0.0,0.0,0,0.0,0.0,0.0,0.0,0,0.0,0.0,0.0,0.0,0,0.0,0.0,0.0,0.0,0,0.0,0.0,0.0,0.0,15,64334.399999999994,4288.96,2772.220177305032,2.859306666666667,0,0.0,0.0,0.0,0.0
894,0239-3.jpg,0239,Dipteryx odorata (Aubl.) Forsyth f.,2250000,61,187175.27999999997,8.318901333333333,0,0.0,0.0,0.0,0.0,4,10247.11,2561.7775,714.2108319618701,0.4554271111111111,0,0.0,0.0,0.0,0.0,2,16425.85,8212.925,6480.329593658797,0.7300377777777778,6,27399.300000000003,4566.55,1845.2943903453456,1.2177466666666665,0,0.0,0.0,0.0,0.0,0,0.0,0.0,0.0,0.0,0,0.0,0.0,0.0,0.0,0,0.0,0.0,0.0,0.0,0,0.0,0.0,0.0,0.0,0,0.0,0.0,0.0,0.0,0,0.0,0.0,0.0,0.0,49,133103.02,2716.3881632653065,1322.2944801031044,5.915689777777778,0,0.0,0.0,0.0,0.0
895,0243-2.jpg,0243,Dracontomelon dao (Blanco) Merr. & Rolfe,2250000,32,317440.52,14.108467555555556,0,0.0,0.0,0.0,0.0,0,0.0,0.0,0.0,0.0,0,0.0,0.0,0.0,0.0,11,150180.12,13652.738181818182,7813.994798202541,6.674672,5,24589.420000000006,4917.884000000001,4192.752940667981,1.0928631111111111,0,0.0,0.0,0.0,0.0,0,0.0,0.0,0.0,0.0,0,0.0,0.0,0.0,0.0,0,0.0,0.0,0.0,0.0,0,0.0,0.0,0.0,0.0,0,0.0,0.0,0.0,0.0,0,0.0,0.0,0.0,0.0,16,142670.98000000004,8916.936249999999,5096.405987935517,6.340932444444444,0,0.0,0.0,0.0,0.0
896,0313-9.jpg,0313,Grevillea robusta A.Cunn. ex R.Br.,2250000,55,127721.41999999998,5.676507555555554,0,0.0,0.0,0.0,0.0,0,0.0,0.0,0.0,0.0,0,0.0,0.0,0.0,0.0,0,0.0,0.0,0.0,0.0,0,0.0,0.0,0.0,0.0,0,0.0,0.0,0.0,0.0,0,0.0,0.0,0.0,0.0,0,0.0,0.0,0.0,0.0,0,0.0,0.0,0.0,0.0,0,0.0,0.0,0.0,0.0,0,0.0,0.0,0.0,0.0,0,0.0,0.0,0.0,0.0,55,127721.41999999998,2322.2076363636365,1307.5602008164383,5.676507555555554,0,0.0,0.0,0.0,0.0
897,0380-10.png,0380,Libidibia paraguariensis (D.Parodi) G.P.Lewis,2250000,113,243353.60999999996,10.815716000000004,0,0.0,0.0,0.0,0.0,0,0.0,0.0,0.0,0.0,0,0.0,0.0,0.0,0.0,0,0.0,0.0,0.0,0.0,5,23841.620000000003,4768.3240000000005,1659.9803369708932,1.0596275555555557,0,0.0,0.0,0.0,0.0,6,103261.81999999999,17210.303333333333,7496.033597181024,4.5894142222222225,0,0.0,0.0,0.0,0.0,0,0.0,0.0,0.0,0.0,0,0.0,0.0,0.0,0.0,0,0.0,0.0,0.0,0.0,0,0.0,0.0,0.0,0.0,102,116250.16999999998,1139.7075490196078,467.0056677681723,5.166674222222222,0,0.0,0.0,0.0,0.0
898,0380-12.png,0380,Libidibia paraguariensis (D.Parodi) G.P.Lewis,2250000,119,176187.93,7.830574666666662,0,0.0,0.0,0.0,0.0,0,0.0,0.0,0.0,0.0,0,0.0,0.0,0.0,0.0,0,0.0,0.0,0.0,0.0,2,11167.64,5583.82,7279.1834797043,0.4963395555555555,0,0.0,0.0,0.0,0.0,2,19229.300000000003,9614.650000000001,1801.778789141442,0.8546355555555556,0,0.0,0.0,0.0,0.0,0,0.0,0.0,0.0,0.0,0,0.0,0.0,0.0,0.0,0,0.0,0.0,0.0,0.0,0,0.0,0.0,0.0,0.0,115,145790.99000000002,1267.7477391304349,515.7054232661042,6.479599555555551,0,0.0,0.0,0.0,0.0
899,0380-5.png,0380,Libidibia paraguariensis (D.Parodi) G.P.Lewis,2250000,136,280481.85000000003,12.465859999999987,0,0.0,0.0,0.0,0.0,0,0.0,0.0,0.0,0.0,0,0.0,0.0,0.0,0.0,0,0.0,0.0,0.0,0.0,0,0.0,0.0,0.0,0.0,0,0.0,0.0,0.0,0.0,5,98024.01,19604.802,9614.805029261905,4.3566226666666665,0,0.0,0.0,0.0,0.0,0,0.0,0.0,0.0,0.0,0,0.0,0.0,0.0,0.0,0,0.0,0.0,0.0,0.0,0,0.0,0.0,0.0,0.0,131,182457.83999999997,1392.8079389312977,525.2736744091196,8.109237333333333,0,0.0,0.0,0.0,0.0
900,0380-9.png,0380,Libidibia paraguariensis (D.Parodi) G.P.Lewis,2250000,103,231432.79000000004,10.285901777777777,0,0.0,0.0,0.0,0.0,0,0.0,0.0,0.0,0.0,0,0.0,0.0,0.0,0.0,0,0.0,0.0,0.0,0.0,3,16823.89,5607.963333333333,2081.91123925429,0.7477284444444444,0,0.0,0.0,0.0,0.0,5,103310.11,20662.022,4811.89479617645,4.591560444444444,0,0.0,0.0,0.0,0.0,0,0.0,0.0,0.0,0.0,0,0.0,0.0,0.0,0.0,0,0.0,0.0,0.0,0.0,0,0.0,0.0,0.0,0.0,95,111298.79000000001,1171.5662105263157,391.4300818715876,4.946612888888888,0,0.0,0.0,0.0,0.0
901,0425-11.png,0425,Mezilaurus ita-uba (Meisn.) Taub. ex Mez,2250000,40,94762.41999999998,4.211663111111112,0,0.0,0.0,0.0,0.0,1,2306.7,2306.7,0.0,0.10252,27,64077.96,2373.257777777778,727.5571628419063,2.847909333333334,0,0.0,0.0,0.0,0.0,0,0.0,0.0,0.0,0.0,0,0.0,0.0,0.0,0.0,0,0.0,0.0,0.0,0.0,0,0.0,0.0,0.0,0.0,0,0.0,0.0,0.0,0.0,0,0.0,0.0,0.0,0.0,0,0.0,0.0,0.0,0.0,0,0.0,0.0,0.0,0.0,12,28377.760000000006,2364.813333333334,497.7817996660664,1.2612337777777776,0,0.0,0.0,0.0,0.0
902,0425-12.png,0425,Mezilaurus ita-uba (Meisn.) Taub. ex Mez,2250000,44,93459.96,4.153776,0,0.0,0.0,0.0,0.0,4,8584.13,2146.0325,310.30648649090995,0.3815168888888889,29,62522.29,2155.9410344827584,730.8531639966345,2.7787684444444443,0,0.0,0.0,0.0,0.0,0,0.0,0.0,0.0,0.0,0,0.0,0.0,0.0,0.0,0,0.0,0.0,0.0,0.0,0,0.0,0.0,0.0,0.0,0,0.0,0.0,0.0,0.0,0,0.0,0.0,0.0,0.0,0,0.0,0.0,0.0,0.0,0,0.0,0.0,0.0,0.0,11,22353.54,2032.14,775.7427652772535,0.9934906666666667,0,0.0,0.0,0.0,0.0
903,0030-1.jpg,0030,Amburana cearensis (Allemão) A.C.Sm.,2250000,41,1157387.1500000001,51.43942888888889,0,0.0,0.0,0.0,0.0,0,0.0,0.0,0.0,0.0,0,0.0,0.0,0.0,0.0,13,608382.9400000001,46798.6876923077,19366.500690274926,27.03924177777778,11,405795.7,36890.51818181818,17655.121923757884,18.035364444444443,0,0.0,0.0,0.0,0.0,3,74164.15,24721.38333333333,28311.415915468326,3.2961844444444446,0,0.0,0.0,0.0,0.0,0,0.0,0.0,0.0,0.0,0,0.0,0.0,0.0,0.0,0,0.0,0.0,0.0,0.0,0,0.0,0.0,0.0,0.0,14,69044.36,4931.74,2079.1417729401273,3.068638222222222,0,0.0,0.0,0.0,0.0
904,0034-3.jpg,0034,Anacardium L.,2250000,59,450879.31999999983,20.039080888888893,0,0.0,0.0,0.0,0.0,0,0.0,0.0,0.0,0.0,0,0.0,0.0,0.0,0.0,13,135143.63,10395.663846153846,3461.315371169219,6.006383555555555,23,215247.28000000003,9358.577391304349,3875.9497596063966,9.566545777777778,0,0.0,0.0,0.0,0.0,0,0.0,0.0,0.0,0.0,0,0.0,0.0,0.0,0.0,0,0.0,0.0,0.0,0.0,0,0.0,0.0,0.0,0.0,1,30231.71,30231.71,0.0,1.3436315555555556,0,0.0,0.0,0.0,0.0,22,70256.69999999998,3193.486363636363,1476.3903746623623,3.12252,0,0.0,0.0,0.0,0.0
905,0070-3.jpg,0070,Bagassa guianensis Aubl.,2250000,62,857492.5899999999,38.110781777777795,0,0.0,0.0,0.0,0.0,3,30342.219999999998,10114.073333333332,1919.5256358104032,1.348543111111111,0,0.0,0.0,0.0,0.0,36,543725.62,15103.489444444447,6257.076950323846,24.16558311111111,2,43744.68,21872.34,7236.70050429061,1.9442080000000002,0,0.0,0.0,0.0,0.0,2,31770.23,15885.115,12500.919571393537,1.412010222222222,0,0.0,0.0,0.0,0.0,0,0.0,0.0,0.0,0.0,0,0.0,0.0,0.0,0.0,0,0.0,0.0,0.0,0.0,1,37948.97,37948.97,0.0,1.686620888888889,18,169960.87,9442.270555555555,3844.487066982251,7.553816444444444,0,0.0,0.0,0.0,0.0
906,0115-2.jpg,0115,Carapa guianensis Aubl.,2250000,111,627220.61,27.87647155555555,0,0.0,0.0,0.0,0.0,0,0.0,0.0,0.0,0.0,9,17327.06,1925.228888888889,1157.5208627217528,0.7700915555555556,59,373378.4800000001,6328.448813559322,4466.976559495589,16.594599111111112,0,0.0,0.0,0.0,0.0,0,0.0,0.0,0.0,0.0,0,0.0,0.0,0.0,0.0,0,0.0,0.0,0.0,0.0,0,0.0,0.0,0.0,0.0,0,0.0,0.0,0.0,0.0,8,88031.18000000001,11003.897500000001,6432.257055215089,3.9124968888888887,0,0.0,0.0,0.0,0.0,35,148483.88999999998,4242.396857142856,1746.7409636314333,6.599283999999999,0,0.0,0.0,0.0,0.0
907,0130-1.jpg,0130,Castanea sativa Mill.,2250000,48,735037.9000000003,32.66835111111111,26,664486.1600000001,25557.16,17683.715719201326,29.532718222222226,11,37193.66000000001,3381.2418181818193,1552.0973107690006,1.6530515555555558,0,0.0,0.0,0.0,0.0,0,0.0,0.0,0.0,0.0,0,0.0,0.0,0.0,0.0,0,0.0,0.0,0.0,0.0,0,0.0,0.0,0.0,0.0,0,0.0,0.0,0.0,0.0,0,0.0,0.0,0.0,0.0,0,0.0,0.0,0.0,0.0,0,0.0,0.0,0.0,0.0,0,0.0,0.0,0.0,0.0,11,33358.08,3032.552727272727,1249.2421375945569,1.4825813333333333,0,0.0,0.0,0.0,0.0
908,0257-12.jpg,0257,Entandrophragma candollei Harms,2250000,75,1643602.96,73.04902044444442,0,0.0,0.0,0.0,0.0,0,0.0,0.0,0.0,0.0,11,34882.66999999999,3171.151818181818,1552.9431396919733,1.550340888888889,20,192319.76000000004,9615.988000000001,4244.7302209477775,8.547544888888888,0,0.0,0.0,0.0,0.0,0,0.0,0.0,0.0,0.0,0,0.0,0.0,0.0,0.0,0,0.0,0.0,0.0,0.0,19,1303242.4400000002,68591.70736842105,41287.91494535361,57.92188622222223,0,0.0,0.0,0.0,0.0,0,0.0,0.0,0.0,0.0,0,0.0,0.0,0.0,0.0,25,113158.09,4526.3236,2022.3667527323855,5.029248444444444,0,0.0,0.0,0.0,0.0
909,0257-3.jpg,0257,Entandrophragma candollei Harms,2250000,62,1165809.2999999998,51.81374666666667,0,0.0,0.0,0.0,0.0,0,0.0,0.0,0.0,0.0,7,20530.710000000003,2932.9585714285718,1606.0638419277172,0.912476,15,113875.89,7591.726,4430.632858682832,5.061150666666666,0,0.0,0.0,0.0,0.0,0,0.0,0.0,0.0,0.0,0,0.0,0.0,0.0,0.0,0,0.0,0.0,0.0,0.0,17,936447.16,55085.12705882353,28432.71190930918,41.61987377777778,0,0.0,0.0,0.0,0.0,0,0.0,0.0,0.0,0.0,0,0.0,0.0,0.0,0.0,23,94955.54,4128.501739130434,1537.7461211362443,4.220246222222222,0,0.0,0.0,0.0,0.0
910,0294-1.jpg,0294,Fraxinus excelsior L.,2250000,177,719930.6399999994,31.99691733333335,0,0.0,0.0,0.0,0.0,12,32510.520000000004,2709.2099999999996,1483.5248717466482,1.4449119999999998,0,0.0,0.0,0.0,0.0,61,153585.43000000002,2517.7939344262295,1021.0069474368244,6.826019111111109,0,0.0,0.0,0.0,0.0,0,0.0,0.0,0.0,0.0,4,13976.46,3494.115,696.0674962722127,0.621176,0,0.0,0.0,0.0,0.0,0,0.0,0.0,0.0,0.0,0,0.0,0.0,0.0,0.0,4,163438.8,40859.7,4895.138532319591,7.2639466666666666,0,0.0,0.0,0.0,0.0,96,356419.43000000005,3712.7023958333325,2752.9258419628436,15.840863555555556,0,0.0,0.0,0.0,0.0
911,0294-7.jpg,0294,Fraxinus excelsior L.,2250000,167,872874.4500000001,38.79442,0,0.0,0.0,0.0,0.0,11,27097.810000000005,2463.437272727273,949.4827075738758,1.2043471111111113,0,0.0,0.0,0.0,0.0,48,119583.58,2491.3245833333335,1093.2364778072188,5.314825777777777,0,0.0,0.0,0.0,0.0,0,0.0,0.0,0.0,0.0,9,39132.36,4348.04,1257.5979295267625,1.7392159999999999,0,0.0,0.0,0.0,0.0,0,0.0,0.0,0.0,0.0,0,0.0,0.0,0.0,0.0,11,339123.49000000005,30829.408181818188,10235.193830996868,15.072155111111112,0,0.0,0.0,0.0,0.0,88,347937.2099999999,3953.831931818182,2488.8945208000755,15.463876,0,0.0,0.0,0.0,0.0
912,0301-1.jpg,0301,Gilbertiodendron dewevrei (De Wild.) J.Léonard,2250000,50,843989.25,37.510633333333345,0,0.0,0.0,0.0,0.0,0,0.0,0.0,0.0,0.0,1,3074.88,3074.88,0.0,0.13666133333333333,0,0.0,0.0,0.0,0.0,32,683692.9400000001,21365.404375,7456.797756083712,30.386352888888887,0,0.0,0.0,0.0,0.0,3,58471.08,19490.36,19404.13806936809,2.598714666666667,0,0.0,0.0,0.0,0.0,0,0.0,0.0,0.0,0.0,0,0.0,0.0,0.0,0.0,3,40214.89,13404.963333333333,8234.671714970389,1.7873284444444446,0,0.0,0.0,0.0,0.0,11,58535.46000000001,5321.4054545454555,1281.775274050515,2.6015760000000006,0,0.0,0.0,0.0,0.0
913,0301-10.jpg,0301,Gilbertiodendron dewevrei (De Wild.) J.Léonard,2250000,48,877971.7800000004,39.020968,0,0.0,0.0,0.0,0.0,0,0.0,0.0,0.0,0.0,5,29944.18,5988.836,3388.8038400636297,1.3308524444444447,0,0.0,0.0,0.0,0.0,28,634904.64,22675.16571428571,12208.756355836009,28.217983999999994,0,0.0,0.0,0.0,0.0,5,165037.4,33007.479999999996,20914.39666678434,7.334995555555555,0,0.0,0.0,0.0,0.0,0,0.0,0.0,0.0,0.0,0,0.0,0.0,0.0,0.0,4,18169.28,4542.32,3908.5784309814403,0.8075235555555556,0,0.0,0.0,0.0,0.0,6,29916.28,4986.046666666666,1436.9427351800302,1.3296124444444444,0,0.0,0.0,0.0,0.0
914,0318-1.png,0318,Leplaea cedrata (A.Chev.) E.J.M.Koenen & J.J.de Wilde,2250000,77,265146.04,11.784268444444447,0,0.0,0.0,0.0,0.0,0,0.0,0.0,0.0,0.0,35,106919.30999999998,3054.8374285714285,1099.2494337028945,4.751969333333332,0,0.0,0.0,0.0,0.0,0,0.0,0.0,0.0,0.0,0,0.0,0.0,0.0,0.0,0,0.0,0.0,0.0,0.0,0,0.0,0.0,0.0,0.0,8,76709.04,9588.63,5541.381896350404,3.4092906666666667,0,0.0,0.0,0.0,0.0,0,0.0,0.0,0.0,0.0,0,0.0,0.0,0.0,0.0,34,81517.69000000002,2397.579117647059,866.6075402373139,3.623008444444445,0,0.0,0.0,0.0,0.0
915,0318-10.png,0318,Leplaea cedrata (A.Chev.) E.J.M.Koenen & J.J.de Wilde,2250000,64,352205.1399999999,15.653561777777774,0,0.0,0.0,0.0,0.0,0,0.0,0.0,0.0,0.0,14,37687.18000000001,2691.941428571429,771.1681167289923,1.674985777777778,0,0.0,0.0,0.0,0.0,0,0.0,0.0,0.0,0.0,0,0.0,0.0,0.0,0.0,0,0.0,0.0,0.0,0.0,0,0.0,0.0,0.0,0.0,11,232366.18,21124.198181818185,17489.60247756982,10.327385777777778,0,0.0,0.0,0.0,0.0,0,0.0,0.0,0.0,0.0,0,0.0,0.0,0.0,0.0,39,82151.78,2106.455897435898,879.428477307004,3.651190222222221,0,0.0,0.0,0.0,0.0
916,0396-1.png,0396,Lophira alata Banks ex C.F.Gaertn.,2250000,31,1200733.78,53.36594577777779,0,0.0,0.0,0.0,0.0,0,0.0,0.0,0.0,0.0,4,23864.16,5966.04,2779.128176377141,1.0606293333333334,0,0.0,0.0,0.0,0.0,0,0.0,0.0,0.0,0.0,0,0.0,0.0,0.0,0.0,0,0.0,0.0,0.0,0.0,0,0.0,0.0,0.0,0.0,20,1141234.8699999999,57061.7435,21179.585415335132,50.721549777777795,0,0.0,0.0,0.0,0.0,0,0.0,0.0,0.0,0.0,0,0.0,0.0,0.0,0.0,7,35634.75000000001,5090.6785714285725,4835.094454873411,1.5837666666666668,0,0.0,0.0,0.0,0.0
917,0426-11.png,0426,Microberlinia brazzavillensis A. Chev.,2250000,66,889355.0599999999,39.52689155555556,0,0.0,0.0,0.0,0.0,0,0.0,0.0,0.0,0.0,12,58575.15,4881.2625,2787.9781966446417,2.6033399999999998,0,0.0,0.0,0.0,0.0,24,468872.66,19536.360833333336,7968.9422625961215,20.838784888888892,14,238364.7,17026.05,7836.779050406634,10.593986666666664,1,12164.35,12164.35,0.0,0.5406377777777779,0,0.0,0.0,0.0,0.0,1,23866.3,23866.3,0.0,1.0607244444444446,0,0.0,0.0,0.0,0.0,0,0.0,0.0,0.0,0.0,0,0.0,0.0,0.0,0.0,14,87511.90000000001,6250.849999999999,2616.36497778296,3.8894177777777776,0,0.0,0.0,0.0,0.0
918,0426-13.png,0426,Microberlinia brazzavillensis A. Chev.,2250000,107,1214480.63,53.9769168888889,0,0.0,0.0,0.0,0.0,0,0.0,0.0,0.0,0.0,8,50107.96,6263.495,1899.4907835372237,2.2270204444444444,0,0.0,0.0,0.0,0.0,35,487760.77999999997,13936.022285714285,6422.0334651477,21.678256888888892,28,463936.31999999995,16569.154285714285,6676.77812915194,20.619391999999998,1,2258.42,2258.42,0.0,0.10037422222222224,0,0.0,0.0,0.0,0.0,2,46113.61,23056.805,4607.246156702503,2.049493777777778,0,0.0,0.0,0.0,0.0,0,0.0,0.0,0.0,0.0,0,0.0,0.0,0.0,0.0,33,164303.54000000004,4978.895151515152,2144.61052155036,7.3023795555555555,0,0.0,0.0,0.0,0.0
919,0430-1.png,0430,Milicia excelsa (Welw.) C.C. Berg,2250000,80,1095046.1400000004,48.66871733333333,0,0.0,0.0,0.0,0.0,18,69426.31,3857.0172222222222,1875.5341746750933,3.0856137777777772,0,0.0,0.0,0.0,0.0,2,22991.89,11495.945,5043.4603300164845,1.0218617777777776,12,280698.55,23391.545833333337,10104.040469107089,12.47549111111111,20,497412.42000000004,24870.621,15237.083642340243,22.107218666666665,6,138235.69,23039.281666666666,21594.938345517374,6.143808444444444,0,0.0,0.0,0.0,0.0,1,8266.57,8266.57,0.0,0.3674031111111111,0,0.0,0.0,0.0,0.0,0,0.0,0.0,0.0,0.0,0,0.0,0.0,0.0,0.0,21,78014.70999999998,3714.98619047619,2056.6418941212787,3.4673204444444443,0,0.0,0.0,0.0,0.0
920,0430-3.png,0430,Milicia excelsa (Welw.) C.C. Berg,2250000,62,1031901.5999999997,45.862293333333334,0,0.0,0.0,0.0,0.0,14,87537.62999999999,6252.687857142858,2645.2052259576226,3.8905613333333338,0,0.0,0.0,0.0,0.0,2,28348.800000000003,14174.400000000001,3012.5718727027906,1.2599466666666668,8,164050.35,20506.29375,10810.856559151132,7.291126666666667,21,622050.3999999999,29621.447619047616,16369.828907328845,27.646684444444443,3,84950.93,28316.976666666666,29242.906914416584,3.775596888888889,0,0.0,0.0,0.0,0.0,0,0.0,0.0,0.0,0.0,0,0.0,0.0,0.0,0.0,1,364.78,364.78,0.0,0.016212444444444446,0,0.0,0.0,0.0,0.0,13,44598.71,3430.67,2109.5817073691805,1.982164888888889,0,0.0,0.0,0.0,0.0
921,0431-11.png,0431,Millettia laurentii De Wild.,2250000,27,1253212.8099999998,55.69834711111111,0,0.0,0.0,0.0,0.0,0,0.0,0.0,0.0,0.0,1,12370.35,12370.35,0.0,0.5497933333333334,0,0.0,0.0,0.0,0.0,0,0.0,0.0,0.0,0.0,0,0.0,0.0,0.0,0.0,0,0.0,0.0,0.0,0.0,0,0.0,0.0,0.0,0.0,11,1141917.2199999997,103810.65636363636,54602.71810688975,50.75187644444445,0,0.0,0.0,0.0,0.0,0,0.0,0.0,0.0,0.0,0,0.0,0.0,0.0,0.0,15,98925.24,6595.0160000000005,3233.279438300995,4.396677333333333,0,0.0,0.0,0.0,0.0
922,0431-8.png,0431,Millettia laurentii De Wild.,2250000,26,1242442.14,55.219650666666666,0,0.0,0.0,0.0,0.0,0,0.0,0.0,0.0,0.0,1,2923.61,2923.61,0.0,0.12993822222222223,0,0.0,0.0,0.0,0.0,0,0.0,0.0,0.0,0.0,0,0.0,0.0,0.0,0.0,0,0.0,0.0,0.0,0.0,0,0.0,0.0,0.0,0.0,8,1125341.18,140667.6475,41610.37429477748,50.01516355555557,0,0.0,0.0,0.0,0.0,0,0.0,0.0,0.0,0.0,0,0.0,0.0,0.0,0.0,17,114177.34999999999,6716.314705882352,3761.589586528077,5.074548888888889,0,0.0,0.0,0.0,0.0
923,0478-12.png,0478,Peltogyne Vogel,2250000,122,1407043.8900000004,62.535284000000004,0,0.0,0.0,0.0,0.0,0,0.0,0.0,0.0,0.0,13,45771.37,3520.8746153846155,1672.937847872296,2.0342831111111113,0,0.0,0.0,0.0,0.0,35,442679.25999999995,12647.97885714286,7307.191353800951,19.67463377777778,0,0.0,0.0,0.0,0.0,15,520913.96,34727.59733333333,41583.5396097794,23.151731555555557,0,0.0,0.0,0.0,0.0,0,0.0,0.0,0.0,0.0,0,0.0,0.0,0.0,0.0,7,193229.55,27604.221428571425,9531.462735011572,8.58798,0,0.0,0.0,0.0,0.0,52,204449.75000000003,3931.725961538462,1514.7572288204346,9.086655555555556,0,0.0,0.0,0.0,0.0
924,0478-4.png,0478,Peltogyne Vogel,2250000,71,865397.5600000002,38.462113777777766,0,0.0,0.0,0.0,0.0,0,0.0,0.0,0.0,0.0,12,44996.729999999996,3749.7274999999995,1792.3376756227656,1.9998546666666666,0,0.0,0.0,0.0,0.0,34,567383.75,16687.757352941175,9816.140700205564,25.217055555555554,0,0.0,0.0,0.0,0.0,7,182282.93,26040.41857142857,13509.50251494163,8.101463555555556,0,0.0,0.0,0.0,0.0,0,0.0,0.0,0.0,0.0,0,0.0,0.0,0.0,0.0,0,0.0,0.0,0.0,0.0,0,0.0,0.0,0.0,0.0,18,70734.14999999998,3929.6749999999997,2293.2128027706403,3.1437399999999993,0,0.0,0.0,0.0,0.0
925,0530-1.png,0530,Pterocarpus soyauxii Taub.,2250000,29,679759.75,30.211544444444442,0,0.0,0.0,0.0,0.0,0,0.0,0.0,0.0,0.0,0,0.0,0.0,0.0,0.0,0,0.0,0.0,0.0,0.0,0,0.0,0.0,0.0,0.0,3,61461.21000000001,20487.070000000003,10549.93858571224,2.731609333333333,0,0.0,0.0,0.0,0.0,0,0.0,0.0,0.0,0.0,14,480794.56000000006,34342.46857142857,17214.590698240598,21.36864711111111,4,76657.54000000001,19164.385000000002,7801.218087463436,3.407001777777778,0,0.0,0.0,0.0,0.0,0,0.0,0.0,0.0,0.0,8,60846.439999999995,7605.805,3841.551010962704,2.704286222222222,0,0.0,0.0,0.0,0.0
926,0541-1.png,0541,Pterygota macrocarpa K. Schum.,2250000,31,1393614.65,61.938428888888886,0,0.0,0.0,0.0,0.0,0,0.0,0.0,0.0,0.0,0,0.0,0.0,0.0,0.0,0,0.0,0.0,0.0,0.0,0,0.0,0.0,0.0,0.0,0,0.0,0.0,0.0,0.0,0,0.0,0.0,0.0,0.0,0,0.0,0.0,0.0,0.0,16,1308845.0399999998,81802.815,44096.787954416664,58.170890666666665,0,0.0,0.0,0.0,0.0,0,0.0,0.0,0.0,0.0,0,0.0,0.0,0.0,0.0,15,84769.60999999999,5651.307333333332,2118.0062493751952,3.7675382222222225,0,0.0,0.0,0.0,0.0
927,0541-10.png,0541,Pterygota macrocarpa K. Schum.,2250000,18,1295251.6,57.56673777777778,0,0.0,0.0,0.0,0.0,0,0.0,0.0,0.0,0.0,0,0.0,0.0,0.0,0.0,0,0.0,0.0,0.0,0.0,0,0.0,0.0,0.0,0.0,0,0.0,0.0,0.0,0.0,0,0.0,0.0,0.0,0.0,0,0.0,0.0,0.0,0.0,10,1247360.23,124736.023,43684.655994017456,55.438232444444445,0,0.0,0.0,0.0,0.0,0,0.0,0.0,0.0,0.0,0,0.0,0.0,0.0,0.0,8,47891.37,5986.421249999999,2290.6238736855544,2.1285053333333335,0,0.0,0.0,0.0,0.0
928,0550-2.png,0550,Quercus mongolica Fisch. ex Ledeb.,2250000,88,1144246.46,50.855398222222234,21,445013.88999999984,21191.13761904762,12767.905068725608,19.77839511111111,3,6314.99,2104.9966666666664,2136.4097791934328,0.2806662222222222,0,0.0,0.0,0.0,0.0,0,0.0,0.0,0.0,0.0,0,0.0,0.0,0.0,0.0,0,0.0,0.0,0.0,0.0,0,0.0,0.0,0.0,0.0,0,0.0,0.0,0.0,0.0,0,0.0,0.0,0.0,0.0,20,103112.69000000002,5155.6345,1767.910733333722,4.582786222222223,0,0.0,0.0,0.0,0.0,0,0.0,0.0,0.0,0.0,37,215271.94999999998,5818.16081081081,3109.0559253077117,9.567642222222222,7,374532.94,53504.705714285716,9859.371732336458,16.645908444444444
929,0621-11.png,0621,Tectona grandis L.,2250000,37,216323.38999999998,9.614372888888887,0,0.0,0.0,0.0,0.0,2,5067.23,2533.615,326.97324668847165,0.22521022222222226,0,0.0,0.0,0.0,0.0,0,0.0,0.0,0.0,0.0,0,0.0,0.0,0.0,0.0,0,0.0,0.0,0.0,0.0,0,0.0,0.0,0.0,0.0,0,0.0,0.0,0.0,0.0,0,0.0,0.0,0.0,0.0,0,0.0,0.0,0.0,0.0,3,103147.03000000001,34382.34333333334,5071.806490751924,4.5843124444444445,0,0.0,0.0,0.0,0.0,32,108109.12999999999,3378.4103125,2116.3806307322434,4.804850222222222,0,0.0,0.0,0.0,0.0
930,0621-12.png,0621,Tectona grandis L.,2250000,52,222913.03,9.90724577777778,0,0.0,0.0,0.0,0.0,0,0.0,0.0,0.0,0.0,0,0.0,0.0,0.0,0.0,0,0.0,0.0,0.0,0.0,0,0.0,0.0,0.0,0.0,0,0.0,0.0,0.0,0.0,0,0.0,0.0,0.0,0.0,0,0.0,0.0,0.0,0.0,0,0.0,0.0,0.0,0.0,0,0.0,0.0,0.0,0.0,3,64706.68000000001,21568.893333333337,7337.43446611507,2.8758524444444444,0,0.0,0.0,0.0,0.0,49,158206.35,3228.7010204081635,2603.137423017371,7.031393333333335,0,0.0,0.0,0.0,0.0
931,0258-4.jpg,0258,Entandrophragma cylindricum (Sprague) Sprague,2250000,132,861203.6399999999,38.275717333333354,0,0.0,0.0,0.0,0.0,0,0.0,0.0,0.0,0.0,10,18076.999999999996,1807.7,850.0382219510943,0.8034222222222224,70,489014.96,6985.928,5594.036099431588,21.733998222222233,0,0.0,0.0,0.0,0.0,0,0.0,0.0,0.0,0.0,3,42561.29,14187.096666666666,6191.03902305044,1.891612888888889,0,0.0,0.0,0.0,0.0,0,0.0,0.0,0.0,0.0,0,0.0,0.0,0.0,0.0,3,166210.06,55403.35333333333,6659.4438664976615,7.387113777777778,0,0.0,0.0,0.0,0.0,46,145340.33,3159.5723913043475,1626.9184924788674,6.459570222222222,0,0.0,0.0,0.0,0.0
932,0258-5.jpg,0258,Entandrophragma cylindricum (Sprague) Sprague,2250000,151,831067.4300000004,36.936330222222225,0,0.0,0.0,0.0,0.0,0,0.0,0.0,0.0,0.0,15,43567.66,2904.510666666667,1110.2864433911168,1.9363404444444445,87,615002.6600000004,7068.996091954024,5348.984337895994,27.333451555555556,0,0.0,0.0,0.0,0.0,0,0.0,0.0,0.0,0.0,1,5700.23,5700.23,0.0,0.25334355555555554,0,0.0,0.0,0.0,0.0,0,0.0,0.0,0.0,0.0,0,0.0,0.0,0.0,0.0,0,0.0,0.0,0.0,0.0,0,0.0,0.0,0.0,0.0,48,166796.87999999998,3474.935,1673.4448829871108,7.4131946666666675,0,0.0,0.0,0.0,0.0
933,0259-4.jpg,0259,Entandrophragma utile (Dawe & Sprague) Sprague,2250000,38,224769.11999999997,9.989738666666666,0,0.0,0.0,0.0,0.0,0,0.0,0.0,0.0,0.0,3,12416.49,4138.83,3268.265013688455,0.551844,0,0.0,0.0,0.0,0.0,0,0.0,0.0,0.0,0.0,2,27598.86,13799.43,5296.852045054685,1.226616,0,0.0,0.0,0.0,0.0,0,0.0,0.0,0.0,0.0,0,0.0,0.0,0.0,0.0,0,0.0,0.0,0.0,0.0,2,20243.16,10121.58,5366.643484357798,0.899696,0,0.0,0.0,0.0,0.0,31,164510.60999999996,5306.793870967741,2477.748539297558,7.311582666666667,0,0.0,0.0,0.0,0.0
934,0080-1.jpg,0080,Betula papyrifera Marshall,2250000,92,125803.11,5.591249333333336,0,0.0,0.0,0.0,0.0,0,0.0,0.0,0.0,0.0,0,0.0,0.0,0.0,0.0,0,0.0,0.0,0.0,0.0,0,0.0,0.0,0.0,0.0,0,0.0,0.0,0.0,0.0,0,0.0,0.0,0.0,0.0,0,0.0,0.0,0.0,0.0,0,0.0,0.0,0.0,0.0,0,0.0,0.0,0.0,0.0,0,0.0,0.0,0.0,0.0,0,0.0,0.0,0.0,0.0,92,125803.11,1367.425108695652,447.92786867435797,5.591249333333336,0,0.0,0.0,0.0,0.0
935,0081-2.jpg,0081,Betula pendula Roth,2250000,209,181287.33999999994,8.05721511111111,0,0.0,0.0,0.0,0.0,0,0.0,0.0,0.0,0.0,0,0.0,0.0,0.0,0.0,0,0.0,0.0,0.0,0.0,0,0.0,0.0,0.0,0.0,0,0.0,0.0,0.0,0.0,0,0.0,0.0,0.0,0.0,0,0.0,0.0,0.0,0.0,0,0.0,0.0,0.0,0.0,0,0.0,0.0,0.0,0.0,0,0.0,0.0,0.0,0.0,7,16703.730000000003,2386.2471428571434,444.2363312740298,0.742388,202,164583.60999999993,814.7703465346534,276.9223769238825,7.314827111111109,0,0.0,0.0,0.0,0.0
936,0003-1.jpg,0003,Acacia mangium Willd.,2250000,144,694965.6799999999,30.887363555555538,0,0.0,0.0,0.0,0.0,0,0.0,0.0,0.0,0.0,9,9767.54,1085.2822222222223,198.35105544071212,0.43411288888888894,77,416282.0299999999,5406.260129870129,3973.6909686261174,18.501423555555554,0,0.0,0.0,0.0,0.0,0,0.0,0.0,0.0,0.0,8,108595.12999999999,13574.39125,7524.240848029477,4.826450222222222,0,0.0,0.0,0.0,0.0,0,0.0,0.0,0.0,0.0,0,0.0,0.0,0.0,0.0,0,0.0,0.0,0.0,0.0,0,0.0,0.0,0.0,0.0,50,160320.98,3206.4195999999997,1542.102246451266,7.125376888888889,0,0.0,0.0,0.0,0.0
937,0003-12.jpg,0003,Acacia mangium Willd.,2250000,186,802139.3400000001,35.650637333333314,0,0.0,0.0,0.0,0.0,0,0.0,0.0,0.0,0.0,33,76640.39,2322.4360606060604,1117.0555347176662,3.4062395555555547,78,410342.5799999999,5260.802307692308,4521.252873218817,18.237448000000004,1,9917.74,9917.74,0.0,0.4407884444444445,0,0.0,0.0,0.0,0.0,11,123969.54999999999,11269.959090909091,5943.187481413412,5.509757777777778,0,0.0,0.0,0.0,0.0,0,0.0,0.0,0.0,0.0,0,0.0,0.0,0.0,0.0,0,0.0,0.0,0.0,0.0,0,0.0,0.0,0.0,0.0,63,181269.07999999996,2877.286984126984,1507.0929235137673,8.056403555555558,0,0.0,0.0,0.0,0.0
938,0013-1.jpg,0013,Aesculus hippocastanum L.,2250000,0,0.0,0.0,0,0.0,0.0,0.0,0.0,0,0.0,0.0,0.0,0.0,0,0.0,0.0,0.0,0.0,0,0.0,0.0,0.0,0.0,0,0.0,0.0,0.0,0.0,0,0.0,0.0,0.0,0.0,0,0.0,0.0,0.0,0.0,0,0.0,0.0,0.0,0.0,0,0.0,0.0,0.0,0.0,0,0.0,0.0,0.0,0.0,0,0.0,0.0,0.0,0.0,0,0.0,0.0,0.0,0.0,0,0.0,0.0,0.0,0.0,0,0.0,0.0,0.0,0.0
939,0013-4.jpg,0013,Aesculus hippocastanum L.,2250000,0,0.0,0.0,0,0.0,0.0,0.0,0.0,0,0.0,0.0,0.0,0.0,0,0.0,0.0,0.0,0.0,0,0.0,0.0,0.0,0.0,0,0.0,0.0,0.0,0.0,0,0.0,0.0,0.0,0.0,0,0.0,0.0,0.0,0.0,0,0.0,0.0,0.0,0.0,0,0.0,0.0,0.0,0.0,0,0.0,0.0,0.0,0.0,0,0.0,0.0,0.0,0.0,0,0.0,0.0,0.0,0.0,0,0.0,0.0,0.0,0.0,0,0.0,0.0,0.0,0.0
940,0479-1.png,0479,Peltogyne catingae Ducke,2250000,117,1402897.2400000005,62.35098844444447,0,0.0,0.0,0.0,0.0,0,0.0,0.0,0.0,0.0,0,0.0,0.0,0.0,0.0,0,0.0,0.0,0.0,0.0,39,656676.6499999998,16837.86282051282,9864.780651942105,29.185628888888886,0,0.0,0.0,0.0,0.0,10,262153.74,26215.374,19828.71216158259,11.651277333333335,17,273343.93000000005,16079.054705882352,6918.553901507451,12.148619111111111,0,0.0,0.0,0.0,0.0,0,0.0,0.0,0.0,0.0,5,21985.53,4397.106,3198.017529404741,0.9771346666666667,0,0.0,0.0,0.0,0.0,37,108524.31000000001,2933.0894594594597,941.8781255288286,4.823302666666666,9,80213.08,8912.564444444442,4775.875351883441,3.5650257777777776
941,0479-7.png,0479,Peltogyne catingae Ducke,2250000,108,1229222.0699999996,54.63209200000001,0,0.0,0.0,0.0,0.0,0,0.0,0.0,0.0,0.0,0,0.0,0.0,0.0,0.0,0,0.0,0.0,0.0,0.0,38,623609.29,16410.77078947368,9410.074259643336,27.715968444444446,0,0.0,0.0,0.0,0.0,9,189691.19999999995,21076.800000000003,12016.084388651738,8.430719999999999,17,280864.82999999996,16521.460588235295,4978.603447829862,12.482881333333333,0,0.0,0.0,0.0,0.0,0,0.0,0.0,0.0,0.0,4,14508.600000000002,3627.1500000000005,3602.3072468720193,0.6448266666666667,0,0.0,0.0,0.0,0.0,29,72592.4,2503.186206896552,953.3385320036926,3.2263288888888892,11,47955.75,4359.613636363636,5064.567218545476,2.131366666666667
942,0480-4.png,0480,Peltogyne mexicana Martínez,2250000,206,798880.9400000001,35.505819555555554,0,0.0,0.0,0.0,0.0,0,0.0,0.0,0.0,0.0,36,53798.689999999995,1494.4080555555554,642.7779452115612,2.391052888888889,0,0.0,0.0,0.0,0.0,66,372816.32999999984,5648.732272727273,3125.914248844916,16.56961466666667,0,0.0,0.0,0.0,0.0,21,225442.89000000004,10735.375714285716,4751.0598511254,10.019684,9,29322.979999999996,3258.108888888889,2435.8360424269345,1.3032435555555555,0,0.0,0.0,0.0,0.0,0,0.0,0.0,0.0,0.0,0,0.0,0.0,0.0,0.0,0,0.0,0.0,0.0,0.0,74,117500.05,1587.8385135135136,612.7864207016913,5.222224444444443,0,0.0,0.0,0.0,0.0
943,0613-1.png,0613,Tabebuia rosea (Bert.) DC.,2250000,173,1222166.8100000003,54.31852488888889,0,0.0,0.0,0.0,0.0,0,0.0,0.0,0.0,0.0,0,0.0,0.0,0.0,0.0,4,10184.88,2546.22,429.6939159448268,0.45266133333333336,4,14751.069999999998,3687.7674999999995,1679.1417386743542,0.6556031111111111,0,0.0,0.0,0.0,0.0,44,1039923.5500000004,23634.626136363637,18033.825842195627,46.21882444444445,0,0.0,0.0,0.0,0.0,0,0.0,0.0,0.0,0.0,0,0.0,0.0,0.0,0.0,0,0.0,0.0,0.0,0.0,0,0.0,0.0,0.0,0.0,121,157307.31,1300.0604132231406,494.4424855066507,6.991435999999995,0,0.0,0.0,0.0,0.0
944,0613-5.png,0613,Tabebuia rosea (Bert.) DC.,2250000,185,626457.7799999999,27.842567999999993,0,0.0,0.0,0.0,0.0,0,0.0,0.0,0.0,0.0,0,0.0,0.0,0.0,0.0,24,63385.97000000001,2641.0820833333332,1594.36302366638,2.8171542222222223,22,64418.07,2928.094090909091,1664.109875131759,2.863025333333333,0,0.0,0.0,0.0,0.0,33,343680.0,10414.545454545454,9851.803574690044,15.274666666666665,0,0.0,0.0,0.0,0.0,0,0.0,0.0,0.0,0.0,0,0.0,0.0,0.0,0.0,0,0.0,0.0,0.0,0.0,0,0.0,0.0,0.0,0.0,106,154973.74000000005,1462.01641509434,560.4616664113165,6.887721777777781,0,0.0,0.0,0.0,0.0
945,0006-1.jpg,0006,Acer platanoides L.,2250000,300,280344.41000000003,12.45975155555555,0,0.0,0.0,0.0,0.0,0,0.0,0.0,0.0,0.0,0,0.0,0.0,0.0,0.0,0,0.0,0.0,0.0,0.0,0,0.0,0.0,0.0,0.0,0,0.0,0.0,0.0,0.0,0,0.0,0.0,0.0,0.0,0,0.0,0.0,0.0,0.0,0,0.0,0.0,0.0,0.0,0,0.0,0.0,0.0,0.0,0,0.0,0.0,0.0,0.0,0,0.0,0.0,0.0,0.0,297,178687.61000000004,601.6417845117844,162.1559647246787,7.941671555555554,3,101656.79999999999,33885.6,4743.918379999806,4.518079999999999
946,0007-3.jpg,0007,Acer pseudoplatanus L.,2250000,228,749935.9499999997,33.33048666666667,0,0.0,0.0,0.0,0.0,0,0.0,0.0,0.0,0.0,0,0.0,0.0,0.0,0.0,0,0.0,0.0,0.0,0.0,0,0.0,0.0,0.0,0.0,0,0.0,0.0,0.0,0.0,0,0.0,0.0,0.0,0.0,0,0.0,0.0,0.0,0.0,0,0.0,0.0,0.0,0.0,0,0.0,0.0,0.0,0.0,0,0.0,0.0,0.0,0.0,3,6364.34,2121.4466666666667,336.76905459577694,0.28285955555555553,206,146957.15,713.384223300971,238.5103737931639,6.53142888888889,19,596614.4600000001,31400.761052631577,4682.871355952331,26.51619822222222
947,0461-1.png,0461,Ochroma pyramidale (Cav. ex Lam.) Urb.,2250000,41,820896.5,36.48428888888889,0,0.0,0.0,0.0,0.0,0,0.0,0.0,0.0,0.0,0,0.0,0.0,0.0,0.0,0,0.0,0.0,0.0,0.0,0,0.0,0.0,0.0,0.0,0,0.0,0.0,0.0,0.0,0,0.0,0.0,0.0,0.0,0,0.0,0.0,0.0,0.0,0,0.0,0.0,0.0,0.0,0,0.0,0.0,0.0,0.0,0,0.0,0.0,0.0,0.0,0,0.0,0.0,0.0,0.0,21,94056.48,4478.879999999999,1851.7848373150698,4.180288,20,726840.02,36342.001000000004,10608.971287109049,32.304000888888886
948,0461-10.png,0461,Ochroma pyramidale (Cav. ex Lam.) Urb.,2250000,27,341607.20999999996,15.182542666666667,0,0.0,0.0,0.0,0.0,0,0.0,0.0,0.0,0.0,0,0.0,0.0,0.0,0.0,0,0.0,0.0,0.0,0.0,0,0.0,0.0,0.0,0.0,0,0.0,0.0,0.0,0.0,0,0.0,0.0,0.0,0.0,0,0.0,0.0,0.0,0.0,0,0.0,0.0,0.0,0.0,0,0.0,0.0,0.0,0.0,0,0.0,0.0,0.0,0.0,0,0.0,0.0,0.0,0.0,21,101244.80999999997,4821.181428571428,2349.03152417605,4.499769333333333,6,240362.40000000002,40060.4,12081.240737411039,10.682773333333333
949,0461-13.png,0461,Ochroma pyramidale (Cav. ex Lam.) Urb.,2250000,28,481077.79,21.38123511111111,0,0.0,0.0,0.0,0.0,0,0.0,0.0,0.0,0.0,0,0.0,0.0,0.0,0.0,0,0.0,0.0,0.0,0.0,0,0.0,0.0,0.0,0.0,0,0.0,0.0,0.0,0.0,0,0.0,0.0,0.0,0.0,0,0.0,0.0,0.0,0.0,0,0.0,0.0,0.0,0.0,0,0.0,0.0,0.0,0.0,0,0.0,0.0,0.0,0.0,0,0.0,0.0,0.0,0.0,15,75183.37999999999,5012.225333333333,2862.9516104110526,3.341483555555556,13,405894.41000000003,31222.64692307692,11891.267669106594,18.039751555555554
950,0323-11.jpg,0323,Guibourtia demeusei (Harms) J.Léonard,2250000,62,974446.5599999999,43.30873599999999,0,0.0,0.0,0.0,0.0,0,0.0,0.0,0.0,0.0,14,48517.94999999999,3465.5678571428566,1533.6972508598478,2.156353333333334,0,0.0,0.0,0.0,0.0,19,244001.63999999996,12842.191578947366,5130.223222682164,10.844517333333334,0,0.0,0.0,0.0,0.0,0,0.0,0.0,0.0,0.0,0,0.0,0.0,0.0,0.0,0,0.0,0.0,0.0,0.0,0,0.0,0.0,0.0,0.0,3,79597.23999999999,26532.41333333333,1135.6376003960668,3.5376551111111105,0,0.0,0.0,0.0,0.0,7,26327.480000000003,3761.068571428572,1092.047894392741,1.1701102222222222,19,576002.25,30315.907894736836,14936.868199941668,25.600099999999998
951,0323-5.jpg,0323,Guibourtia demeusei (Harms) J.Léonard,2250000,69,962449.54,42.77553511111111,0,0.0,0.0,0.0,0.0,0,0.0,0.0,0.0,0.0,9,41859.61,4651.067777777778,1612.1060175417883,1.8604271111111113,0,0.0,0.0,0.0,0.0,20,238124.36999999997,11906.218499999999,5647.463217096286,10.583305333333334,0,0.0,0.0,0.0,0.0,1,12648.22,12648.22,0.0,0.562143111111111,0,0.0,0.0,0.0,0.0,0,0.0,0.0,0.0,0.0,0,0.0,0.0,0.0,0.0,0,0.0,0.0,0.0,0.0,0,0.0,0.0,0.0,0.0,12,53502.57,4458.5475,2382.293293679719,2.3778920000000006,27,616314.77,22826.472962962962,13391.195568676061,27.391767555555553
952,0324-3.png,0324,Guibourtia pellegriniana J.Léonard,2250000,142,995507.2700000004,44.24476755555555,0,0.0,0.0,0.0,0.0,0,0.0,0.0,0.0,0.0,17,38881.28999999999,2287.134705882353,1017.8293618843832,1.7280573333333336,0,0.0,0.0,0.0,0.0,29,245615.27,8469.492068965517,3669.7274109543687,10.916234222222224,1,21985.53,21985.53,0.0,0.9771346666666667,1,21391.15,21391.15,0.0,0.9507177777777778,0,0.0,0.0,0.0,0.0,0,0.0,0.0,0.0,0.0,0,0.0,0.0,0.0,0.0,8,50029.630000000005,6253.70375,8501.03427533369,2.223539111111111,0,0.0,0.0,0.0,0.0,28,70827.48000000001,2529.552857142857,1242.1620143832768,3.1478879999999987,58,546776.92,9427.18827586207,6137.192336847823,24.30119644444445
953,0324-5.png,0324,Guibourtia pellegriniana J.Léonard,2250000,124,907914.8699999998,40.35177200000001,0,0.0,0.0,0.0,0.0,0,0.0,0.0,0.0,0.0,22,66029.56,3001.343636363636,1220.5841293200776,2.9346471111111114,0,0.0,0.0,0.0,0.0,27,300501.82,11129.697037037038,4354.708041776619,13.355636444444443,1,12137.53,12137.53,0.0,0.5394457777777778,9,192310.1,21367.78888888889,9055.38946766019,8.547115555555555,0,0.0,0.0,0.0,0.0,0,0.0,0.0,0.0,0.0,0,0.0,0.0,0.0,0.0,3,46415.09,15471.696666666665,11279.547831869564,2.062892888888889,0,0.0,0.0,0.0,0.0,39,115218.02,2954.308205128205,1351.5637928123967,5.120800888888889,23,175302.75,7621.858695652174,5331.020276728806,7.791233333333334
954,0325-12.jpg,0325,Guibourtia tessmannii (Harms) J.Léonard,2250000,64,1023174.7600000001,45.47443377777777,0,0.0,0.0,0.0,0.0,0,0.0,0.0,0.0,0.0,0,0.0,0.0,0.0,0.0,0,0.0,0.0,0.0,0.0,18,214820.25999999998,11934.45888888889,4912.191205570182,9.54756711111111,3,35882.590000000004,11960.863333333335,6779.880332972946,1.594781777777778,0,0.0,0.0,0.0,0.0,0,0.0,0.0,0.0,0.0,0,0.0,0.0,0.0,0.0,0,0.0,0.0,0.0,0.0,3,70218.09,23406.03,9241.413465071239,3.1208039999999997,0,0.0,0.0,0.0,0.0,13,51902.89,3992.5299999999997,1615.2273910092865,2.3067951111111116,27,650350.9300000002,24087.071481481482,11385.170388901557,28.904485777777783
955,0325-2.jpg,0325,Guibourtia tessmannii (Harms) J.Léonard,2250000,81,1081266.0500000003,48.05626888888888,0,0.0,0.0,0.0,0.0,0,0.0,0.0,0.0,0.0,0,0.0,0.0,0.0,0.0,0,0.0,0.0,0.0,0.0,26,341325.05,13127.88653846154,6182.684812650856,15.170002222222221,5,121404.30000000002,24280.860000000004,7642.495119471782,5.395746666666667,0,0.0,0.0,0.0,0.0,0,0.0,0.0,0.0,0.0,0,0.0,0.0,0.0,0.0,0,0.0,0.0,0.0,0.0,0,0.0,0.0,0.0,0.0,0,0.0,0.0,0.0,0.0,23,112039.09,4871.264782608696,1947.0693008301419,4.9795151111111124,27,506497.61,18759.17074074074,13670.658928474664,22.511004888888888
956,0542-1.png,0542,Pycnanthus angolensis (Welw.) Warb.,2250000,49,504543.9100000001,22.424173777777774,0,0.0,0.0,0.0,0.0,20,70433.74,3521.6870000000004,1831.7724645131068,3.1303884444444448,0,0.0,0.0,0.0,0.0,0,0.0,0.0,0.0,0.0,0,0.0,0.0,0.0,0.0,0,0.0,0.0,0.0,0.0,0,0.0,0.0,0.0,0.0,0,0.0,0.0,0.0,0.0,0,0.0,0.0,0.0,0.0,0,0.0,0.0,0.0,0.0,0,0.0,0.0,0.0,0.0,0,0.0,0.0,0.0,0.0,16,62324.88,3895.305,2728.632154749579,2.769994666666667,13,371785.29,28598.868461538463,9670.926269733116,16.523790666666667
957,0542-9.png,0542,Pycnanthus angolensis (Welw.) Warb.,2250000,62,321738.45000000007,14.299486666666667,0,0.0,0.0,0.0,0.0,38,172884.44000000006,4549.59052631579,2612.4936411353597,7.68375288888889,0,0.0,0.0,0.0,0.0,0,0.0,0.0,0.0,0.0,0,0.0,0.0,0.0,0.0,0,0.0,0.0,0.0,0.0,0,0.0,0.0,0.0,0.0,0,0.0,0.0,0.0,0.0,0,0.0,0.0,0.0,0.0,0,0.0,0.0,0.0,0.0,0,0.0,0.0,0.0,0.0,0,0.0,0.0,0.0,0.0,21,57399.270000000004,2733.2985714285714,2147.517111322482,2.551078666666667,3,91454.73999999999,30484.91333333333,3915.0041622242666,4.064655111111111
958,0606-1.png,0606,Swietenia humilis Zucc.,2250000,72,300865.56,13.371802666666667,0,0.0,0.0,0.0,0.0,0,0.0,0.0,0.0,0.0,24,40651.58,1693.8158333333333,1054.129304703203,1.8067368888888893,2,9372.710000000001,4686.3550000000005,4169.504632741161,0.41656488888888893,1,5041.48,5041.48,0.0,0.22406577777777775,0,0.0,0.0,0.0,0.0,0,0.0,0.0,0.0,0.0,0,0.0,0.0,0.0,0.0,0,0.0,0.0,0.0,0.0,0,0.0,0.0,0.0,0.0,5,167395.58999999997,33479.117999999995,14059.90218135496,7.4398040000000005,0,0.0,0.0,0.0,0.0,40,78404.2,1960.105,1162.61488252416,3.484631111111112,0,0.0,0.0,0.0,0.0
959,0606-2.png,0606,Swietenia humilis Zucc.,2250000,53,106048.15999999999,4.713251555555556,0,0.0,0.0,0.0,0.0,0,0.0,0.0,0.0,0.0,9,12282.380000000001,1364.7088888888889,507.0502828478761,0.5458835555555555,3,11273.869999999999,3757.9566666666665,816.0286990255507,0.501060888888889,1,7415.77,7415.77,0.0,0.32958977777777776,0,0.0,0.0,0.0,0.0,0,0.0,0.0,0.0,0.0,0,0.0,0.0,0.0,0.0,0,0.0,0.0,0.0,0.0,0,0.0,0.0,0.0,0.0,1,3302.34,3302.34,0.0,0.1467706666666667,0,0.0,0.0,0.0,0.0,39,71773.8,1840.3538461538458,862.2996994347986,3.1899466666666667,0,0.0,0.0,0.0,0.0
960,0607-1.jpg,0607,Swietenia macrophylla King,2250000,114,752742.6499999999,33.455228888888904,0,0.0,0.0,0.0,0.0,0,0.0,0.0,0.0,0.0,36,94821.46,2633.9294444444445,1091.0814446670904,4.214287111111111,32,102144.94000000002,3192.029375,4045.1644362166357,4.539775111111111,0,0.0,0.0,0.0,0.0,0,0.0,0.0,0.0,0.0,0,0.0,0.0,0.0,0.0,0,0.0,0.0,0.0,0.0,0,0.0,0.0,0.0,0.0,0,0.0,0.0,0.0,0.0,3,163400.16999999998,54466.72333333333,4370.142864911091,7.262229777777778,0,0.0,0.0,0.0,0.0,34,157586.24000000002,4634.889411764706,1751.266578080754,7.00383288888889,9,234789.84,26087.76,5711.912117561858,10.435103999999999
961,0607-11.jpg,0607,Swietenia macrophylla King,2250000,107,656455.6400000001,29.175806222222228,0,0.0,0.0,0.0,0.0,0,0.0,0.0,0.0,0.0,17,65157.290000000015,3832.781764705882,1935.5252095272335,2.895879555555555,27,134245.63999999998,4972.060740740741,5529.960910673452,5.96647288888889,0,0.0,0.0,0.0,0.0,0,0.0,0.0,0.0,0.0,1,9424.21,9424.21,0.0,0.4188537777777777,0,0.0,0.0,0.0,0.0,0,0.0,0.0,0.0,0.0,0,0.0,0.0,0.0,0.0,5,145112.87,29022.574,10462.925499521154,6.449460888888889,0,0.0,0.0,0.0,0.0,55,241164.91999999995,4384.816727272728,2049.9663265003614,10.718440888888889,2,61350.71,30675.355,205.5912966299887,2.7266982222222222
962,0608-1.jpg,0608,Swietenia mahagoni (L.) Jacq.,2250000,71,400560.05,17.80266888888889,0,0.0,0.0,0.0,0.0,0,0.0,0.0,0.0,0.0,11,36382.560000000005,3307.505454545455,1847.76295799198,1.6170026666666668,9,58649.17,6516.574444444444,3741.3929342295464,2.606629777777778,0,0.0,0.0,0.0,0.0,0,0.0,0.0,0.0,0.0,0,0.0,0.0,0.0,0.0,0,0.0,0.0,0.0,0.0,0,0.0,0.0,0.0,0.0,0,0.0,0.0,0.0,0.0,4,61875.34,15468.835,11218.266151209225,2.750015111111111,0,0.0,0.0,0.0,0.0,44,166971.84000000003,3794.814545454546,1903.622683453907,7.420970666666668,3,76681.14,25560.38,5283.954874267948,3.4080506666666666
963,0608-10.jpg,0608,Swietenia mahagoni (L.) Jacq.,2250000,101,874085.7900000003,38.84825733333334,0,0.0,0.0,0.0,0.0,0,0.0,0.0,0.0,0.0,28,86987.28,3106.688571428572,1036.812038134254,3.866101333333334,17,112593.75999999998,6623.162352941176,4397.517286090996,5.00416711111111,0,0.0,0.0,0.0,0.0,0,0.0,0.0,0.0,0.0,1,4451.39,4451.39,0.0,0.19783955555555555,0,0.0,0.0,0.0,0.0,0,0.0,0.0,0.0,0.0,0,0.0,0.0,0.0,0.0,8,248185.88,31023.235,14661.965927703654,11.030483555555556,0,0.0,0.0,0.0,0.0,37,106197.23,2870.195405405405,1585.4155289309883,4.719876888888888,10,315670.25,31567.025000000005,3886.4585610474337,14.029788888888888
964,0371-1.png,0371,Khaya grandifoliola C.DC.,2250000,50,157061.59000000003,6.980515111111115,0,0.0,0.0,0.0,0.0,0,0.0,0.0,0.0,0.0,26,63404.22,2438.623846153846,1297.2971508797107,2.8179653333333334,0,0.0,0.0,0.0,0.0,0,0.0,0.0,0.0,0.0,0,0.0,0.0,0.0,0.0,0,0.0,0.0,0.0,0.0,0,0.0,0.0,0.0,0.0,0,0.0,0.0,0.0,0.0,0,0.0,0.0,0.0,0.0,0,0.0,0.0,0.0,0.0,0,0.0,0.0,0.0,0.0,24,93657.37,3902.3904166666666,2326.2702227973714,4.1625497777777785,0,0.0,0.0,0.0,0.0
965,0371-10.png,0371,Khaya grandifoliola C.DC.,2250000,32,93108.06,4.138135999999999,0,0.0,0.0,0.0,0.0,0,0.0,0.0,0.0,0.0,19,49335.48,2596.604210526316,1078.6919082301893,2.192688,0,0.0,0.0,0.0,0.0,0,0.0,0.0,0.0,0.0,0,0.0,0.0,0.0,0.0,0,0.0,0.0,0.0,0.0,0,0.0,0.0,0.0,0.0,0,0.0,0.0,0.0,0.0,0,0.0,0.0,0.0,0.0,0,0.0,0.0,0.0,0.0,0,0.0,0.0,0.0,0.0,13,43772.58,3367.1215384615384,1378.266876212333,1.945448,0,0.0,0.0,0.0,0.0
966,0372-11.png,0372,Khaya ivorensis A.Chev.,2250000,60,314493.2899999999,13.977479555555552,0,0.0,0.0,0.0,0.0,0,0.0,0.0,0.0,0.0,2,4009.3599999999997,2004.6799999999998,196.49083235611772,0.17819377777777778,7,41331.77,5904.538571428571,2843.7466195873158,1.8369675555555556,0,0.0,0.0,0.0,0.0,0,0.0,0.0,0.0,0.0,0,0.0,0.0,0.0,0.0,0,0.0,0.0,0.0,0.0,0,0.0,0.0,0.0,0.0,0,0.0,0.0,0.0,0.0,0,0.0,0.0,0.0,0.0,0,0.0,0.0,0.0,0.0,46,131743.67,2863.992826086957,1357.3857975153123,5.8552742222222225,5,137408.49,27481.697999999997,3732.4833161274814,6.107044
967,0372-3.png,0372,Khaya ivorensis A.Chev.,2250000,71,288959.71,12.842653777777779,0,0.0,0.0,0.0,0.0,0,0.0,0.0,0.0,0.0,9,14760.720000000001,1640.0800000000002,645.2643176055841,0.656032,10,53081.99,5308.198999999999,2328.2933927924787,2.3591995555555556,0,0.0,0.0,0.0,0.0,0,0.0,0.0,0.0,0.0,0,0.0,0.0,0.0,0.0,0,0.0,0.0,0.0,0.0,0,0.0,0.0,0.0,0.0,0,0.0,0.0,0.0,0.0,0,0.0,0.0,0.0,0.0,0,0.0,0.0,0.0,0.0,48,134786.35,2808.048958333333,1099.8984991782818,5.990504444444444,4,86330.65,21582.6625,3073.277522248574,3.836917777777778
968,0033-1.jpg,0033,Anacardium excelsum (Bertero & Balb. ex Kunth) Skeels,2250000,214,361812.81000000006,16.080569333333333,0,0.0,0.0,0.0,0.0,58,85694.38999999998,1477.4894827586204,571.1200198269154,3.808639555555556,0,0.0,0.0,0.0,0.0,41,133945.23,3266.956829268293,1788.8438664294308,5.953121333333332,0,0.0,0.0,0.0,0.0,0,0.0,0.0,0.0,0.0,0,0.0,0.0,0.0,0.0,0,0.0,0.0,0.0,0.0,0,0.0,0.0,0.0,0.0,0,0.0,0.0,0.0,0.0,0,0.0,0.0,0.0,0.0,0,0.0,0.0,0.0,0.0,115,142173.19000000006,1236.288608695652,358.8891061729601,6.318808444444445,0,0.0,0.0,0.0,0.0
969,0035-3.jpg,0035,Anacardium giganteum Hancock ex Engl.,2250000,66,474220.98000000004,21.076488,0,0.0,0.0,0.0,0.0,13,48502.93,3730.9946153846154,1595.1153511455705,2.155685777777778,0,0.0,0.0,0.0,0.0,29,299808.72,10338.23172413793,7688.666298885313,13.324832000000002,2,29408.81,14704.405,6009.21262962545,1.3070582222222222,0,0.0,0.0,0.0,0.0,0,0.0,0.0,0.0,0.0,0,0.0,0.0,0.0,0.0,0,0.0,0.0,0.0,0.0,0,0.0,0.0,0.0,0.0,0,0.0,0.0,0.0,0.0,0,0.0,0.0,0.0,0.0,22,96500.51999999997,4386.387272727273,3404.416007269692,4.288912,0,0.0,0.0,0.0,0.0
970,0129-1.jpg,0129,Castanea crenata Siebold & Zucc.,2250000,76,1019385.36,45.306016,14,411262.04000000004,29375.860000000004,12678.796033350023,18.27831288888889,11,105108.27,9555.297272727272,5559.324982096462,4.671478666666668,0,0.0,0.0,0.0,0.0,0,0.0,0.0,0.0,0.0,0,0.0,0.0,0.0,0.0,0,0.0,0.0,0.0,0.0,0,0.0,0.0,0.0,0.0,0,0.0,0.0,0.0,0.0,0,0.0,0.0,0.0,0.0,0,0.0,0.0,0.0,0.0,0,0.0,0.0,0.0,0.0,0,0.0,0.0,0.0,0.0,51,503015.0500000002,9863.040196078433,6204.761296066269,22.35622444444445,0,0.0,0.0,0.0,0.0
971,0147-1.jpg,0147,Ceiba pentandra (L.) Gaertn.,2250000,50,440108.65,19.560384444444445,0,0.0,0.0,0.0,0.0,7,20886.89,2983.8414285714284,971.0032789753865,0.9283062222222223,0,0.0,0.0,0.0,0.0,19,263524.88,13869.730526315787,4176.019158925923,11.71221688888889,0,0.0,0.0,0.0,0.0,0,0.0,0.0,0.0,0.0,0,0.0,0.0,0.0,0.0,0,0.0,0.0,0.0,0.0,0,0.0,0.0,0.0,0.0,0,0.0,0.0,0.0,0.0,0,0.0,0.0,0.0,0.0,0,0.0,0.0,0.0,0.0,24,155696.88000000003,6487.37,2547.694229818833,6.919861333333333,0,0.0,0.0,0.0,0.0
972,0147-10.jpg,0147,Ceiba pentandra (L.) Gaertn.,2250000,35,305513.23,13.578365777777778,0,0.0,0.0,0.0,0.0,8,15509.600000000002,1938.7000000000003,784.4432933889212,0.6893155555555555,0,0.0,0.0,0.0,0.0,14,206221.1,14730.078571428572,7674.674351269152,9.165382222222226,0,0.0,0.0,0.0,0.0,0,0.0,0.0,0.0,0.0,0,0.0,0.0,0.0,0.0,0,0.0,0.0,0.0,0.0,0,0.0,0.0,0.0,0.0,0,0.0,0.0,0.0,0.0,0,0.0,0.0,0.0,0.0,0,0.0,0.0,0.0,0.0,13,83782.52999999998,6444.809999999999,2073.534633614785,3.7236680000000004,0,0.0,0.0,0.0,0.0
973,0269-10.jpg,0269,Erythrophleum ivorense A. Chev,2250000,66,1539015.06,68.40066933333334,0,0.0,0.0,0.0,0.0,0,0.0,0.0,0.0,0.0,20,93245.37999999999,4662.269,3334.3890555588337,4.144239111111111,4,207935.57,51983.8925,5956.508093379179,9.241580888888889,2,114077.57,57038.785,634.2252852496503,5.070114222222222,0,0.0,0.0,0.0,0.0,14,892470.72,63747.90857142857,31631.371219264845,39.665365333333334,2,41503.43,20751.715,7641.059517112138,1.8445968888888888,0,0.0,0.0,0.0,0.0,0,0.0,0.0,0.0,0.0,0,0.0,0.0,0.0,0.0,0,0.0,0.0,0.0,0.0,24,189782.38999999998,7907.599583333334,4814.412906766405,8.43477288888889,0,0.0,0.0,0.0,0.0
974,0269-6.jpg,0269,Erythrophleum ivorense A. Chev,2250000,66,1723626.11,76.60560488888889,0,0.0,0.0,0.0,0.0,0,0.0,0.0,0.0,0.0,17,80788.12000000001,4752.242352941177,2758.9843149665817,3.590583111111111,4,206553.69,51638.4225,10259.594746776875,9.180164,4,117020.49,29255.1225,28417.1511797909,5.200910666666667,1,13612.75,13612.75,0.0,0.6050111111111112,15,1002989.53,66865.96866666667,39446.362719071156,44.57731244444444,4,124425.53,31106.3825,18186.777179805435,5.530023555555556,0,0.0,0.0,0.0,0.0,0,0.0,0.0,0.0,0.0,0,0.0,0.0,0.0,0.0,0,0.0,0.0,0.0,0.0,21,178236.00000000003,8487.42857142857,4710.552877436242,7.9216,0,0.0,0.0,0.0,0.0
975,0270-1.jpg,0270,Erythrophleum suaveolens (Guill. & Perr.) Brenan,2250000,69,2296145.7800000003,102.05092355555554,0,0.0,0.0,0.0,0.0,0,0.0,0.0,0.0,0.0,3,7455.47,2485.1566666666668,876.0852740648784,0.3313542222222222,0,0.0,0.0,0.0,0.0,5,140331.04000000004,28066.208000000006,17110.381061948035,6.236935111111111,4,117739.32,29434.83,13657.780227594332,5.232858666666667,20,1692658.41,84632.92050000001,64616.07035190374,75.22926266666666,4,63238.979999999996,15809.744999999999,12214.26014160361,2.810621333333333,0,0.0,0.0,0.0,0.0,0,0.0,0.0,0.0,0.0,0,0.0,0.0,0.0,0.0,0,0.0,0.0,0.0,0.0,33,274722.56,8324.926060606062,4716.052330669383,12.209891555555554,0,0.0,0.0,0.0,0.0
976,0270-8.jpg,0270,Erythrophleum suaveolens (Guill. & Perr.) Brenan,2250000,52,1158220.7799999996,51.476479111111125,0,0.0,0.0,0.0,0.0,0,0.0,0.0,0.0,0.0,1,150.2,150.2,0.0,0.006675555555555554,2,49193.86,24596.93,12616.24161633725,2.1863937777777775,18,508776.43,28265.35722222222,11999.428518453704,22.612285777777778,2,46881.79,23440.895,10209.059214347324,2.083635111111111,7,291621.57,41660.224285714285,24895.436587370692,12.960958666666667,3,90131.87,30043.956666666665,15969.903871474411,4.005860888888889,0,0.0,0.0,0.0,0.0,0,0.0,0.0,0.0,0.0,0,0.0,0.0,0.0,0.0,0,0.0,0.0,0.0,0.0,19,171465.06000000003,9024.476842105263,3240.7236684300633,7.620669333333334,0,0.0,0.0,0.0,0.0
977,0214-1.jpg,0214,Daniellia thurifera Benn.,2250000,49,453500.37,20.155572000000006,0,0.0,0.0,0.0,0.0,1,2740.14,2740.14,0.0,0.121784,4,7561.679999999999,1890.4199999999998,574.3196385289293,0.3360746666666667,15,137282.96999999997,9152.197999999999,6948.9606916154835,6.1014653333333335,0,0.0,0.0,0.0,0.0,0,0.0,0.0,0.0,0.0,0,0.0,0.0,0.0,0.0,0,0.0,0.0,0.0,0.0,0,0.0,0.0,0.0,0.0,0,0.0,0.0,0.0,0.0,2,220065.59,110032.795,11576.900714010198,9.78069288888889,0,0.0,0.0,0.0,0.0,27,85849.98999999999,3179.6292592592595,2970.6770367439626,3.815555111111111,0,0.0,0.0,0.0,0.0
978,0625-10.png,0625,Terminalia superba Engl.& Diels,2250000,58,523885.80999999994,23.28381377777777,0,0.0,0.0,0.0,0.0,0,0.0,0.0,0.0,0.0,6,22535.91,3755.985,1571.9527638545635,1.001596,15,158590.43,10572.695333333333,6612.519605402064,7.048463555555556,0,0.0,0.0,0.0,0.0,4,74229.6,18557.4,6303.911448807002,3.2990933333333334,6,125441.54000000001,20906.923333333336,9155.865925232123,5.575179555555556,0,0.0,0.0,0.0,0.0,0,0.0,0.0,0.0,0.0,0,0.0,0.0,0.0,0.0,0,0.0,0.0,0.0,0.0,0,0.0,0.0,0.0,0.0,27,143088.33000000002,5299.567777777777,2892.194428257033,6.359481333333334,0,0.0,0.0,0.0,0.0
979,0625-11.png,0625,Terminalia superba Engl.& Diels,2250000,49,406186.24999999994,18.05272222222222,0,0.0,0.0,0.0,0.0,0,0.0,0.0,0.0,0.0,2,3674.63,1837.315,243.52050437283518,0.1633168888888889,15,116877.79999999999,7791.853333333333,5944.747268747508,5.19456888888889,0,0.0,0.0,0.0,0.0,2,25163.410000000003,12581.705000000002,10595.210227553298,1.1183737777777778,8,136651.06,17081.3825,10166.11495870297,6.073380444444446,0,0.0,0.0,0.0,0.0,0,0.0,0.0,0.0,0.0,0,0.0,0.0,0.0,0.0,0,0.0,0.0,0.0,0.0,0,0.0,0.0,0.0,0.0,22,123819.35,5628.152272727273,3236.0628999404166,5.503082222222222,0,0.0,0.0,0.0,0.0
980,0293-1.jpg,0293,Fraxinus americana L.,2250000,158,377592.77999999974,16.781901333333337,0,0.0,0.0,0.0,0.0,14,35862.200000000004,2561.5857142857144,1548.194500699316,1.5938755555555555,0,0.0,0.0,0.0,0.0,59,118135.18000000004,2002.291186440678,991.0153687734211,5.250452444444443,0,0.0,0.0,0.0,0.0,0,0.0,0.0,0.0,0.0,21,102265.1,4869.766666666667,2436.68808773986,4.5451155555555545,0,0.0,0.0,0.0,0.0,0,0.0,0.0,0.0,0.0,0,0.0,0.0,0.0,0.0,0,0.0,0.0,0.0,0.0,0,0.0,0.0,0.0,0.0,64,121330.30000000003,1895.7859375,1850.4506990303644,5.392457777777778,0,0.0,0.0,0.0,0.0
981,0297-11.jpg,0297,Fraxinus mandshurica Rupr.,2250000,144,472451.8899999998,20.997861777777782,0,0.0,0.0,0.0,0.0,0,0.0,0.0,0.0,0.0,0,0.0,0.0,0.0,0.0,47,75914.04000000002,1615.1923404255317,812.3974776313592,3.373957333333334,0,0.0,0.0,0.0,0.0,0,0.0,0.0,0.0,0.0,0,0.0,0.0,0.0,0.0,0,0.0,0.0,0.0,0.0,0,0.0,0.0,0.0,0.0,0,0.0,0.0,0.0,0.0,0,0.0,0.0,0.0,0.0,0,0.0,0.0,0.0,0.0,97,396537.8499999999,4088.0190721649483,3098.427996989321,17.623904444444438,0,0.0,0.0,0.0,0.0
982,0295-1.jpg,0295,Fraxinus nigra Marshall,2250000,222,569088.5900000001,25.292826222222214,0,0.0,0.0,0.0,0.0,38,94375.1,2483.555263157895,1455.9930890776304,4.194448888888888,0,0.0,0.0,0.0,0.0,30,34964.24,1165.4746666666665,594.9880200053485,1.5539662222222217,0,0.0,0.0,0.0,0.0,0,0.0,0.0,0.0,0.0,0,0.0,0.0,0.0,0.0,0,0.0,0.0,0.0,0.0,0,0.0,0.0,0.0,0.0,0,0.0,0.0,0.0,0.0,0,0.0,0.0,0.0,0.0,0,0.0,0.0,0.0,0.0,154,439749.25,2855.5146103896104,2415.2728575625997,19.54441111111111,0,0.0,0.0,0.0,0.0
983,0296-4.jpg,0296,Fraxinus ornus L.,2250000,143,152059.7899999999,6.7582128888888855,0,0.0,0.0,0.0,0.0,7,5968.459999999999,852.6371428571427,585.6939174094914,0.2652648888888889,0,0.0,0.0,0.0,0.0,52,80797.77000000002,1553.803269230769,556.1816491664343,3.591012,0,0.0,0.0,0.0,0.0,0,0.0,0.0,0.0,0.0,2,6103.639999999999,3051.8199999999997,1281.3481981881428,0.2712728888888889,0,0.0,0.0,0.0,0.0,0,0.0,0.0,0.0,0.0,0,0.0,0.0,0.0,0.0,0,0.0,0.0,0.0,0.0,0,0.0,0.0,0.0,0.0,82,59189.920000000006,721.8282926829269,544.1699487367529,2.6306631111111116,0,0.0,0.0,0.0,0.0
984,0678-9.jpg,0678,Albizia ferruginea (Guill. & Perr.) Benth.,2250000,27,653106.1000000001,29.02693777777779,0,0.0,0.0,0.0,0.0,0,0.0,0.0,0.0,0.0,3,4817.24,1605.7466666666667,219.035706754249,0.21409955555555554,11,365223.54000000004,33202.14000000001,24733.35337806946,16.232157333333333,7,246705.28999999998,35243.612857142856,23231.765128104747,10.964679555555556,0,0.0,0.0,0.0,0.0,0,0.0,0.0,0.0,0.0,0,0.0,0.0,0.0,0.0,0,0.0,0.0,0.0,0.0,0,0.0,0.0,0.0,0.0,0,0.0,0.0,0.0,0.0,0,0.0,0.0,0.0,0.0,6,36360.03,6060.005,5774.62495204234,1.6160013333333336,0,0.0,0.0,0.0,0.0
985,0244-1.jpg,0244,Dryobalanops C.F.Gaertn.,2250000,165,1103467.2799999993,49.042990222222244,0,0.0,0.0,0.0,0.0,16,27010.919999999995,1688.1825,1648.6987048073195,1.200485333333333,0,0.0,0.0,0.0,0.0,0,0.0,0.0,0.0,0.0,34,226051.22999999992,6648.565588235294,3581.3583337375585,10.046721333333336,0,0.0,0.0,0.0,0.0,3,41440.130000000005,13813.376666666669,6912.381937077358,1.8417835555555555,0,0.0,0.0,0.0,0.0,0,0.0,0.0,0.0,0.0,0,0.0,0.0,0.0,0.0,0,0.0,0.0,0.0,0.0,0,0.0,0.0,0.0,0.0,83,308370.39,3715.3059036144587,1987.3185501967685,13.705350666666666,29,500594.61,17261.883103448276,9678.272194927189,22.248649333333333
986,0244-10.jpg,0244,Dryobalanops C.F.Gaertn.,2250000,232,1320977.1799999995,58.710096888888884,0,0.0,0.0,0.0,0.0,25,87736.11999999998,3509.4448,2081.419284226751,3.8993831111111117,0,0.0,0.0,0.0,0.0,0,0.0,0.0,0.0,0.0,44,125615.31999999998,2854.8936363636362,2646.791792902715,5.5829031111111105,0,0.0,0.0,0.0,0.0,8,48617.72,6077.215,3540.745351028307,2.160787555555556,0,0.0,0.0,0.0,0.0,0,0.0,0.0,0.0,0.0,0,0.0,0.0,0.0,0.0,0,0.0,0.0,0.0,0.0,0,0.0,0.0,0.0,0.0,129,719910.2799999998,5580.69984496124,2487.15695764134,31.996012444444442,26,339097.74000000005,13042.22076923077,7093.832656020537,15.071010666666671
987,0245-10.jpg,0245,Dryobalanops aromatica C.F.Gaertn.,2250000,268,849764.65,37.76731777777777,0,0.0,0.0,0.0,0.0,75,227800.01000000007,3037.333466666667,1704.295871198753,10.124444888888888,0,0.0,0.0,0.0,0.0,0,0.0,0.0,0.0,0.0,31,72084.94,2325.3206451612905,1338.2273174288825,3.2037751111111112,0,0.0,0.0,0.0,0.0,17,104179.13999999998,6128.184705882353,4794.169735800348,4.630184,1,3145.69,3145.69,0.0,0.13980844444444446,0,0.0,0.0,0.0,0.0,0,0.0,0.0,0.0,0.0,0,0.0,0.0,0.0,0.0,0,0.0,0.0,0.0,0.0,144,442554.8700000002,3073.2977083333335,1808.7014876465912,19.66910533333332,0,0.0,0.0,0.0,0.0
988,0245-11.jpg,0245,Dryobalanops aromatica C.F.Gaertn.,2250000,274,850864.2800000006,37.81619022222222,0,0.0,0.0,0.0,0.0,63,192614.80999999994,3057.377936507936,1664.8535641738724,8.560658222222223,0,0.0,0.0,0.0,0.0,0,0.0,0.0,0.0,0.0,46,78654.18000000001,1709.8734782608697,1364.5429223739964,3.4957413333333345,0,0.0,0.0,0.0,0.0,19,134350.78,7071.093684210527,4343.591584165766,5.971145777777778,0,0.0,0.0,0.0,0.0,0,0.0,0.0,0.0,0.0,0,0.0,0.0,0.0,0.0,0,0.0,0.0,0.0,0.0,0,0.0,0.0,0.0,0.0,146,445244.51000000007,3049.6199315068493,1722.5681140066447,19.788644888888896,0,0.0,0.0,0.0,0.0
989,0375-1.png,0375,Koompassia malaccensis Maing.,2250000,70,1061353.32,47.171258666666674,0,0.0,0.0,0.0,0.0,0,0.0,0.0,0.0,0.0,17,72809.10999999999,4282.888823529412,2313.339659782698,3.2359604444444443,0,0.0,0.0,0.0,0.0,25,482270.83000000013,19290.8332,9799.225901611957,21.43425911111111,2,40404.8,20202.4,505.2560794290337,1.795768888888889,6,353579.52,58929.920000000006,26793.287232157985,15.714645333333335,0,0.0,0.0,0.0,0.0,0,0.0,0.0,0.0,0.0,0,0.0,0.0,0.0,0.0,0,0.0,0.0,0.0,0.0,0,0.0,0.0,0.0,0.0,20,112289.06000000001,5614.453,2889.6217828018875,4.990624888888888,0,0.0,0.0,0.0,0.0
990,0236-11.jpg,0236,Dipterocarpus C.F.Gaertn.,2250000,154,496047.6600000002,22.04656266666666,0,0.0,0.0,0.0,0.0,13,41575.31,3198.100769230769,1545.9419827053748,1.8477915555555555,0,0.0,0.0,0.0,0.0,17,92342.01,5431.882941176471,3121.4616677563185,4.1040893333333335,0,0.0,0.0,0.0,0.0,0,0.0,0.0,0.0,0.0,0,0.0,0.0,0.0,0.0,0,0.0,0.0,0.0,0.0,0,0.0,0.0,0.0,0.0,0,0.0,0.0,0.0,0.0,0,0.0,0.0,0.0,0.0,0,0.0,0.0,0.0,0.0,124,362130.34000000014,2920.405967741935,2011.23233615932,16.09468177777778,0,0.0,0.0,0.0,0.0
991,0236-2.jpg,0236,Dipterocarpus C.F.Gaertn.,2250000,212,756316.4400000001,33.61406399999999,0,0.0,0.0,0.0,0.0,22,60891.48999999999,2767.795,1080.5830757192862,2.7062884444444446,0,0.0,0.0,0.0,0.0,48,277224.5400000001,5775.5112500000005,3542.7582077351817,12.321090666666668,0,0.0,0.0,0.0,0.0,0,0.0,0.0,0.0,0.0,0,0.0,0.0,0.0,0.0,0,0.0,0.0,0.0,0.0,0,0.0,0.0,0.0,0.0,0,0.0,0.0,0.0,0.0,0,0.0,0.0,0.0,0.0,0,0.0,0.0,0.0,0.0,142,418200.4099999999,2945.073309859155,2193.5500223987515,18.58668488888888,0,0.0,0.0,0.0,0.0
992,0238-1.jpg,0238,Dipterocarpus kerrii King,2250000,152,940100.3799999998,41.78223911111113,0,0.0,0.0,0.0,0.0,2,4602.67,2301.335,924.0259284511445,0.20456311111111108,0,0.0,0.0,0.0,0.0,52,283348.5900000001,5449.011346153847,5566.893525855853,12.593270666666667,0,0.0,0.0,0.0,0.0,0,0.0,0.0,0.0,0.0,0,0.0,0.0,0.0,0.0,0,0.0,0.0,0.0,0.0,0,0.0,0.0,0.0,0.0,0,0.0,0.0,0.0,0.0,0,0.0,0.0,0.0,0.0,0,0.0,0.0,0.0,0.0,98,652149.12,6654.582857142858,3468.6946854442044,28.98440533333334,0,0.0,0.0,0.0,0.0
993,0238-10.jpg,0238,Dipterocarpus kerrii King,2250000,188,872950.6300000004,38.7978057777778,0,0.0,0.0,0.0,0.0,26,100491.62000000001,3865.062307692308,2450.0278853177283,4.466294222222222,0,0.0,0.0,0.0,0.0,55,196993.21999999997,3581.6949090909093,3210.6291195455137,8.75525422222222,0,0.0,0.0,0.0,0.0,0,0.0,0.0,0.0,0.0,0,0.0,0.0,0.0,0.0,0,0.0,0.0,0.0,0.0,0,0.0,0.0,0.0,0.0,0,0.0,0.0,0.0,0.0,0,0.0,0.0,0.0,0.0,0,0.0,0.0,0.0,0.0,107,575465.7900000002,5378.184953271028,2978.3080308052754,25.576257333333338,0,0.0,0.0,0.0,0.0
994,0302-1.jpg,0302,Gilbertiodendron preussii (Harms) J.Léonard,2250000,64,934134.03,41.517067999999995,0,0.0,0.0,0.0,0.0,0,0.0,0.0,0.0,0.0,3,18792.63,6264.21,5151.103660119838,0.835228,0,0.0,0.0,0.0,0.0,37,755100.8699999999,20408.13162162162,13776.315929447239,33.560038666666664,0,0.0,0.0,0.0,0.0,2,11390.8,5695.4,7773.818815279914,0.5062577777777777,0,0.0,0.0,0.0,0.0,0,0.0,0.0,0.0,0.0,0,0.0,0.0,0.0,0.0,0,0.0,0.0,0.0,0.0,0,0.0,0.0,0.0,0.0,22,148849.72999999998,6765.896818181817,2971.612749261772,6.615543555555555,0,0.0,0.0,0.0,0.0
995,0302-10.jpg,0302,Gilbertiodendron preussii (Harms) J.Léonard,2250000,58,988954.0900000003,43.95351511111111,0,0.0,0.0,0.0,0.0,0,0.0,0.0,0.0,0.0,7,48550.13,6935.732857142857,4649.128932343901,2.1577835555555556,0,0.0,0.0,0.0,0.0,27,580962.19,21517.11814814815,12858.679283726266,25.820541777777784,0,0.0,0.0,0.0,0.0,3,229734.42,76578.14,36473.592359797796,10.210418666666667,0,0.0,0.0,0.0,0.0,0,0.0,0.0,0.0,0.0,0,0.0,0.0,0.0,0.0,3,22396.449999999997,7465.483333333333,5612.808815569379,0.9953977777777778,0,0.0,0.0,0.0,0.0,18,107310.9,5961.716666666666,2941.8431376124813,4.769373333333332,0,0.0,0.0,0.0,0.0
996,0418-1.png,0418,Mansonia altissima (A. Chev.) A. Chev.,2250000,148,204038.88000000015,9.06839466666667,0,0.0,0.0,0.0,0.0,0,0.0,0.0,0.0,0.0,0,0.0,0.0,0.0,0.0,0,0.0,0.0,0.0,0.0,0,0.0,0.0,0.0,0.0,0,0.0,0.0,0.0,0.0,0,0.0,0.0,0.0,0.0,0,0.0,0.0,0.0,0.0,0,0.0,0.0,0.0,0.0,0,0.0,0.0,0.0,0.0,0,0.0,0.0,0.0,0.0,0,0.0,0.0,0.0,0.0,148,204038.88000000015,1378.6410810810812,505.86143880336544,9.06839466666667,0,0.0,0.0,0.0,0.0
997,0418-10.png,0418,Mansonia altissima (A. Chev.) A. Chev.,2250000,165,243750.59000000008,10.833359555555553,0,0.0,0.0,0.0,0.0,0,0.0,0.0,0.0,0.0,0,0.0,0.0,0.0,0.0,0,0.0,0.0,0.0,0.0,0,0.0,0.0,0.0,0.0,0,0.0,0.0,0.0,0.0,0,0.0,0.0,0.0,0.0,0,0.0,0.0,0.0,0.0,0,0.0,0.0,0.0,0.0,0,0.0,0.0,0.0,0.0,0,0.0,0.0,0.0,0.0,0,0.0,0.0,0.0,0.0,165,243750.59000000008,1477.276303030303,589.7076736165341,10.833359555555553,0,0.0,0.0,0.0,0.0
998,0353-1.png,0353,Intsia Thouars,2250000,57,913036.8699999999,40.57941644444445,0,0.0,0.0,0.0,0.0,0,0.0,0.0,0.0,0.0,3,12611.75,4203.916666666667,130.6970789013029,0.5605222222222223,0,0.0,0.0,0.0,0.0,22,292281.39999999997,13285.51818181818,7026.782114261892,12.990284444444443,0,0.0,0.0,0.0,0.0,10,458936.69999999995,45893.67,16178.44095248571,20.39718666666667,0,0.0,0.0,0.0,0.0,0,0.0,0.0,0.0,0.0,0,0.0,0.0,0.0,0.0,6,83074.46,13845.743333333334,12112.572833856013,3.6921982222222227,0,0.0,0.0,0.0,0.0,14,46235.93,3302.566428571429,928.653033613798,2.0549302222222217,2,19896.629999999997,9948.314999999999,7414.219661707494,0.8842946666666667
999,0353-10.png,0353,Intsia Thouars,2250000,88,996791.47,44.30184311111112,0,0.0,0.0,0.0,0.0,0,0.0,0.0,0.0,0.0,0,0.0,0.0,0.0,0.0,0,0.0,0.0,0.0,0.0,27,437262.32,16194.90074074074,6381.156328994062,19.43388088888889,0,0.0,0.0,0.0,0.0,7,153562.89,21937.555714285718,9674.898935535635,6.825017333333332,0,0.0,0.0,0.0,0.0,0,0.0,0.0,0.0,0.0,0,0.0,0.0,0.0,0.0,10,86398.23000000001,8639.823,8643.572379586849,3.8399213333333333,0,0.0,0.0,0.0,0.0,11,33419.25,3038.1136363636365,986.5230430787994,1.4853,33,286148.77999999997,8671.17515151515,4634.066690284114,12.717723555555558
1000,0354-11.png,0354,Intsia bijuga (Colebr.) Kuntze,2250000,73,805400.85,35.79559333333334,0,0.0,0.0,0.0,0.0,0,0.0,0.0,0.0,0.0,23,53792.249999999985,2338.793478260869,1285.8541020893776,2.390766666666667,0,0.0,0.0,0.0,0.0,33,673599.2400000001,20412.098181818183,11471.64868469885,29.937744,0,0.0,0.0,0.0,0.0,1,20790.34,20790.34,0.0,0.9240151111111112,0,0.0,0.0,0.0,0.0,0,0.0,0.0,0.0,0.0,0,0.0,0.0,0.0,0.0,0,0.0,0.0,0.0,0.0,0,0.0,0.0,0.0,0.0,16,57219.020000000004,3576.1887500000003,1882.4477366977108,2.543067555555556,0,0.0,0.0,0.0,0.0
1001,0354-2.png,0354,Intsia bijuga (Colebr.) Kuntze,2250000,82,753957.1199999999,33.50920533333334,0,0.0,0.0,0.0,0.0,0,0.0,0.0,0.0,0.0,17,29639.489999999998,1743.4994117647057,918.6530963758204,1.3173106666666667,0,0.0,0.0,0.0,0.0,35,589193.32,16834.094857142856,7020.375004903426,26.18636977777777,0,0.0,0.0,0.0,0.0,2,34600.5,17300.25,24337.271905556714,1.5378,0,0.0,0.0,0.0,0.0,0,0.0,0.0,0.0,0.0,0,0.0,0.0,0.0,0.0,1,9084.11,9084.11,0.0,0.4037382222222222,0,0.0,0.0,0.0,0.0,27,91439.7,3386.655555555555,1657.5377982123257,4.063986666666667,0,0.0,0.0,0.0,0.0
1002,0326-1.jpg,0326,Guibourtia ehie (A. Chev.) J. Léonard,2250000,138,954665.8200000001,42.42959200000001,0,0.0,0.0,0.0,0.0,1,4376.29,4376.29,0.0,0.19450177777777777,16,50280.69,3142.543125,1566.9692490738028,2.2346973333333335,0,0.0,0.0,0.0,0.0,46,416376.46,9051.662173913044,4614.563375495701,18.50562044444445,0,0.0,0.0,0.0,0.0,4,60990.22,15247.555,8826.800979375257,2.710676444444444,0,0.0,0.0,0.0,0.0,0,0.0,0.0,0.0,0.0,0,0.0,0.0,0.0,0.0,4,52055.25,13013.8125,3993.034978863196,2.3135666666666665,0,0.0,0.0,0.0,0.0,44,140931.86,3202.9968181818185,1364.512955853467,6.263638222222221,23,229655.05000000002,9985.002173913042,7921.711173198719,10.206891111111108
1003,0326-10.jpg,0326,Guibourtia ehie (A. Chev.) J. Léonard,2250000,106,1106776.03,49.190045777777776,0,0.0,0.0,0.0,0.0,0,0.0,0.0,0.0,0.0,2,718.83,359.415,355.0453859015774,0.031948000000000004,0,0.0,0.0,0.0,0.0,41,496752.63,12115.91780487805,5383.34489498003,22.077894666666666,0,0.0,0.0,0.0,0.0,1,27246.95,27246.95,0.0,1.2109755555555557,0,0.0,0.0,0.0,0.0,0,0.0,0.0,0.0,0.0,0,0.0,0.0,0.0,0.0,2,37634.61,18817.305,3274.307447758991,1.6726493333333332,0,0.0,0.0,0.0,0.0,33,104663.02999999998,3171.60696969697,1197.725182641778,4.651690222222221,27,439759.98,16287.406666666666,8086.9187811056945,19.544888000000004
1004,0091-3.jpg,0091,Brachystegia Benth.,2250000,36,587031.4899999999,26.090288444444443,0,0.0,0.0,0.0,0.0,0,0.0,0.0,0.0,0.0,0,0.0,0.0,0.0,0.0,0,0.0,0.0,0.0,0.0,22,522050.14999999997,23729.552272727273,12279.859124478871,23.202228888888893,0,0.0,0.0,0.0,0.0,0,0.0,0.0,0.0,0.0,0,0.0,0.0,0.0,0.0,0,0.0,0.0,0.0,0.0,0,0.0,0.0,0.0,0.0,0,0.0,0.0,0.0,0.0,0,0.0,0.0,0.0,0.0,14,64981.33999999999,4641.524285714285,2290.142207068287,2.8880595555555555,0,0.0,0.0,0.0,0.0
1005,0091-4.jpg,0091,Brachystegia Benth.,2250000,45,761031.7300000001,33.823632444444456,0,0.0,0.0,0.0,0.0,0,0.0,0.0,0.0,0.0,2,7636.79,3818.395,75.86548655350465,0.3394128888888889,0,0.0,0.0,0.0,0.0,23,516172.8600000001,22442.298260869564,9952.509472122483,22.941016000000005,0,0.0,0.0,0.0,0.0,0,0.0,0.0,0.0,0.0,0,0.0,0.0,0.0,0.0,0,0.0,0.0,0.0,0.0,0,0.0,0.0,0.0,0.0,2,154940.48,77470.24,8189.555176210732,6.886243555555556,0,0.0,0.0,0.0,0.0,18,82281.6,4571.200000000001,1886.6317249688195,3.6569600000000007,0,0.0,0.0,0.0,0.0
1006,0092-1.jpg,0092,Brachystegia cynometroides Harms,2250000,89,1242866.9899999995,55.2385328888889,0,0.0,0.0,0.0,0.0,0,0.0,0.0,0.0,0.0,11,34918.06999999999,3174.3699999999994,2309.0751662169855,1.551914222222222,0,0.0,0.0,0.0,0.0,30,540145.41,18004.847,7696.37160923122,24.006462666666664,0,0.0,0.0,0.0,0.0,7,261844.75,37406.392857142855,10510.037666991992,11.637544444444444,0,0.0,0.0,0.0,0.0,0,0.0,0.0,0.0,0.0,0,0.0,0.0,0.0,0.0,4,200035.93,50008.9825,9871.599966774638,8.890485777777776,0,0.0,0.0,0.0,0.0,37,205922.83000000005,5565.481891891892,2378.239413292528,9.152125777777776,0,0.0,0.0,0.0,0.0
1007,0092-10.jpg,0092,Brachystegia cynometroides Harms,2250000,98,1291515.7999999993,57.40070222222221,0,0.0,0.0,0.0,0.0,0,0.0,0.0,0.0,0.0,11,47247.65,4295.24090909091,2276.727992358571,2.0998955555555554,0,0.0,0.0,0.0,0.0,27,472997.8900000001,17518.440370370372,7801.649238041068,21.022128444444437,0,0.0,0.0,0.0,0.0,9,361450.19,40161.13222222223,15087.758173424718,16.064452888888887,0,0.0,0.0,0.0,0.0,0,0.0,0.0,0.0,0.0,0,0.0,0.0,0.0,0.0,7,118591.18000000001,16941.597142857143,9428.382268077088,5.27071911111111,0,0.0,0.0,0.0,0.0,44,291228.89,6618.838409090909,2664.2044541733176,12.943506222222222,0,0.0,0.0,0.0,0.0
1008,0093-2.jpg,0093,Brachystegia laurentii (De Wild.) Louis ex J.Léonard,2250000,29,487379.92,21.661329777777777,0,0.0,0.0,0.0,0.0,0,0.0,0.0,0.0,0.0,6,12437.94,2072.9900000000002,989.5417096009649,0.5527973333333334,0,0.0,0.0,0.0,0.0,13,293580.65,22583.12692307692,12078.071153050048,13.04802888888889,0,0.0,0.0,0.0,0.0,0,0.0,0.0,0.0,0.0,0,0.0,0.0,0.0,0.0,0,0.0,0.0,0.0,0.0,0,0.0,0.0,0.0,0.0,2,151247.62,75623.81,10514.041440140898,6.722116444444444,0,0.0,0.0,0.0,0.0,8,30113.71,3764.21375,2026.8934531722432,1.3383871111111112,0,0.0,0.0,0.0,0.0
1009,0093-3.jpg,0093,Brachystegia laurentii (De Wild.) Louis ex J.Léonard,2250000,41,862520.0800000001,38.334225777777775,0,0.0,0.0,0.0,0.0,0,0.0,0.0,0.0,0.0,3,14406.68,4802.2266666666665,610.7206507343052,0.6402968888888889,0,0.0,0.0,0.0,0.0,18,497282.63,27626.81277777778,11856.859276700063,22.10145022222223,0,0.0,0.0,0.0,0.0,4,173242.81,43310.7025,3629.732858585004,7.699680444444445,0,0.0,0.0,0.0,0.0,0,0.0,0.0,0.0,0.0,0,0.0,0.0,0.0,0.0,2,106920.36,53460.18,13492.474197448002,4.752016,0,0.0,0.0,0.0,0.0,14,70667.6,5047.685714285714,1631.1744490760886,3.1407822222222217,0,0.0,0.0,0.0,0.0
1010,0331-1.jpg,0331,Heritiera utilis (Sprague) Sprague,2250000,48,1108197.5300000003,49.253223555555536,0,0.0,0.0,0.0,0.0,0,0.0,0.0,0.0,0.0,4,13169.64,3292.41,784.97225305527,0.5853173333333334,15,146415.35,9761.023333333334,7568.246361253299,6.507348888888889,0,0.0,0.0,0.0,0.0,0,0.0,0.0,0.0,0.0,0,0.0,0.0,0.0,0.0,0,0.0,0.0,0.0,0.0,0,0.0,0.0,0.0,0.0,0,0.0,0.0,0.0,0.0,0,0.0,0.0,0.0,0.0,0,0.0,0.0,0.0,0.0,12,77686.41,6473.8675,3144.6295930424994,3.4527293333333335,17,870926.13,51230.948823529405,7689.965096856652,38.707828
1011,0367-1.png,0367,Juglans nigra L.,2250000,123,341540.67000000004,15.179585333333344,0,0.0,0.0,0.0,0.0,26,95616.43,3677.555,1326.101495766444,4.249619111111111,0,0.0,0.0,0.0,0.0,0,0.0,0.0,0.0,0.0,0,0.0,0.0,0.0,0.0,0,0.0,0.0,0.0,0.0,0,0.0,0.0,0.0,0.0,0,0.0,0.0,0.0,0.0,0,0.0,0.0,0.0,0.0,0,0.0,0.0,0.0,0.0,0,0.0,0.0,0.0,0.0,0,0.0,0.0,0.0,0.0,97,245924.2400000001,2535.3014432989694,1675.90223668911,10.929966222222225,0,0.0,0.0,0.0,0.0
1012,0366-1.png,0366,Juglans regia L.,2250000,59,178305.74999999994,7.9247000000000005,0,0.0,0.0,0.0,0.0,0,0.0,0.0,0.0,0.0,0,0.0,0.0,0.0,0.0,0,0.0,0.0,0.0,0.0,0,0.0,0.0,0.0,0.0,0,0.0,0.0,0.0,0.0,0,0.0,0.0,0.0,0.0,0,0.0,0.0,0.0,0.0,0,0.0,0.0,0.0,0.0,0,0.0,0.0,0.0,0.0,0,0.0,0.0,0.0,0.0,0,0.0,0.0,0.0,0.0,59,178305.74999999994,3022.131355932204,1354.1036636875049,7.9247000000000005,0,0.0,0.0,0.0,0.0
1013,0399-12.png,0399,Lovoa trichilioides Harms,2250000,210,646942.3600000001,28.752993777777792,0,0.0,0.0,0.0,0.0,0,0.0,0.0,0.0,0.0,27,66269.85000000002,2454.4388888888893,1104.0032699482417,2.945326666666666,50,132458.23,2649.1646,2453.1474835171593,5.887032444444444,25,81524.11999999997,3260.9647999999997,1778.6332465972293,3.6232942222222215,0,0.0,0.0,0.0,0.0,10,65189.479999999996,6518.948,4008.1587586316427,2.897310222222222,0,0.0,0.0,0.0,0.0,0,0.0,0.0,0.0,0.0,0,0.0,0.0,0.0,0.0,0,0.0,0.0,0.0,0.0,0,0.0,0.0,0.0,0.0,98,301500.67999999993,3076.537551020408,1269.6647696550529,13.400030222222226,0,0.0,0.0,0.0,0.0
1014,0399-13.png,0399,Lovoa trichilioides Harms,2250000,250,825662.2499999999,36.69609999999998,0,0.0,0.0,0.0,0.0,0,0.0,0.0,0.0,0.0,31,69166.65000000001,2231.182258064516,1048.25547362498,3.074073333333333,55,187574.4,3410.4436363636364,3235.16761631556,8.336639999999997,43,135919.33,3160.9146511627905,2008.586995016467,6.040859111111112,1,5321.5,5321.5,0.0,0.23651111111111112,15,124722.69999999998,8314.846666666666,3614.8253123405693,5.543231111111111,0,0.0,0.0,0.0,0.0,0,0.0,0.0,0.0,0.0,0,0.0,0.0,0.0,0.0,0,0.0,0.0,0.0,0.0,0,0.0,0.0,0.0,0.0,105,302957.67000000016,2885.311142857142,1341.2936208085678,13.464785333333335,0,0.0,0.0,0.0,0.0
1015,0399-16.png,0399,Lovoa trichilioides Harms,2250000,256,750717.0500000006,33.36520222222223,0,0.0,0.0,0.0,0.0,0,0.0,0.0,0.0,0.0,38,82148.55999999998,2161.8042105263157,1008.0727248396199,3.651047111111111,53,152353.75999999995,2874.599245283019,2236.060252672139,6.771278222222222,42,134319.65,3198.0869047619044,1351.0313454208597,5.969762222222224,0,0.0,0.0,0.0,0.0,10,80639.01,8063.901,5381.127399293964,3.583956000000001,1,134.11,134.11,0.0,0.005960444444444445,0,0.0,0.0,0.0,0.0,0,0.0,0.0,0.0,0.0,0,0.0,0.0,0.0,0.0,0,0.0,0.0,0.0,0.0,112,301121.96,2688.588928571429,1247.5484325656619,13.383198222222221,0,0.0,0.0,0.0,0.0
1016,0066-1.jpg,0066,Aucoumea klaineana Pierre,2250000,84,310574.0600000001,13.80329155555555,0,0.0,0.0,0.0,0.0,40,147908.78000000003,3697.7195,948.0117428028259,6.573723555555558,0,0.0,0.0,0.0,0.0,0,0.0,0.0,0.0,0.0,0,0.0,0.0,0.0,0.0,0,0.0,0.0,0.0,0.0,0,0.0,0.0,0.0,0.0,0,0.0,0.0,0.0,0.0,0,0.0,0.0,0.0,0.0,0,0.0,0.0,0.0,0.0,0,0.0,0.0,0.0,0.0,0,0.0,0.0,0.0,0.0,44,162665.28000000006,3696.938181818182,1785.059110534885,7.2295679999999996,0,0.0,0.0,0.0,0.0
1017,0066-4.jpg,0066,Aucoumea klaineana Pierre,2250000,65,233847.88999999998,10.393239555555551,0,0.0,0.0,0.0,0.0,14,49774.299999999996,3555.3071428571425,1359.5662627325082,2.212191111111111,0,0.0,0.0,0.0,0.0,0,0.0,0.0,0.0,0.0,0,0.0,0.0,0.0,0.0,0,0.0,0.0,0.0,0.0,0,0.0,0.0,0.0,0.0,0,0.0,0.0,0.0,0.0,0,0.0,0.0,0.0,0.0,0,0.0,0.0,0.0,0.0,0,0.0,0.0,0.0,0.0,0,0.0,0.0,0.0,0.0,51,184073.58999999994,3609.286078431372,1706.0740022590794,8.181048444444444,0,0.0,0.0,0.0,0.0
1018,0552-1.png,0552,Quercus alba L.,2250000,51,1224622.6,54.42767111111112,7,333795.54,47685.07714285714,35503.62537745487,14.835357333333333,17,124588.61,7328.741764705883,2903.338921763689,5.537271555555556,0,0.0,0.0,0.0,0.0,0,0.0,0.0,0.0,0.0,0,0.0,0.0,0.0,0.0,0,0.0,0.0,0.0,0.0,0,0.0,0.0,0.0,0.0,0,0.0,0.0,0.0,0.0,0,0.0,0.0,0.0,0.0,7,46585.69,6655.098571428572,3449.123544430907,2.070475111111111,0,0.0,0.0,0.0,0.0,0,0.0,0.0,0.0,0.0,16,28663.149999999998,1791.446875,1138.1926543997652,1.2739177777777777,4,690989.6100000001,172747.40250000003,16935.355079384222,30.710649333333336
1019,0552-10.png,0552,Quercus alba L.,2250000,63,1026987.7799999998,45.64390133333334,14,312947.27,22353.37642857143,13783.155550438876,13.908767555555555,20,166956.77,8347.8385,3481.7582572002098,7.420300888888889,0,0.0,0.0,0.0,0.0,0,0.0,0.0,0.0,0.0,0,0.0,0.0,0.0,0.0,0,0.0,0.0,0.0,0.0,0,0.0,0.0,0.0,0.0,0,0.0,0.0,0.0,0.0,0,0.0,0.0,0.0,0.0,11,48210.030000000006,4382.73,2676.725119622857,2.142668,0,0.0,0.0,0.0,0.0,0,0.0,0.0,0.0,0.0,14,25533.55,1823.825,1762.0879113699618,1.1348244444444444,4,473340.16,118335.04,29924.233988399206,21.037340444444446
1020,0553-5.png,0553,Quercus petraea (Matt.) Liebl.,2250000,120,861302.4099999999,38.28010711111113,13,375367.66000000003,28874.435384615386,14278.028508992185,16.68300711111111,45,223652.24000000002,4970.049777777778,2563.63071488686,9.940099555555557,0,0.0,0.0,0.0,0.0,0,0.0,0.0,0.0,0.0,0,0.0,0.0,0.0,0.0,0,0.0,0.0,0.0,0.0,0,0.0,0.0,0.0,0.0,0,0.0,0.0,0.0,0.0,0,0.0,0.0,0.0,0.0,3,25852.21,8617.403333333334,825.6258066662728,1.1489871111111112,0,0.0,0.0,0.0,0.0,0,0.0,0.0,0.0,0.0,57,157305.14000000004,2759.7392982456136,2390.209653822128,6.991339555555556,2,79125.16,39562.58,8150.862293144203,3.5166737777777777
1021,0554-1.png,0554,Quercus robur L.,2250000,93,996633.8300000001,44.294836888888895,12,476623.17000000004,39718.5975,14555.446757210935,21.183252,26,58882.00000000001,2264.6923076923076,1317.0658833370717,2.6169777777777776,0,0.0,0.0,0.0,0.0,0,0.0,0.0,0.0,0.0,0,0.0,0.0,0.0,0.0,0,0.0,0.0,0.0,0.0,0,0.0,0.0,0.0,0.0,0,0.0,0.0,0.0,0.0,0,0.0,0.0,0.0,0.0,3,20101.55,6700.516666666666,1794.8204056488025,0.8934022222222222,0,0.0,0.0,0.0,0.0,0,0.0,0.0,0.0,0.0,49,145664.40000000002,2972.7428571428577,2258.4109709354643,6.473973333333334,3,295362.71,98454.23666666668,8588.305922161444,13.127231555555554
1022,0554-7.png,0554,Quercus robur L.,2250000,82,704549.8000000002,31.31332444444444,13,461350.67999999993,35488.513846153844,12454.897661998632,20.504474666666667,23,56643.939999999995,2462.7799999999997,990.652296515235,2.517508444444444,0,0.0,0.0,0.0,0.0,0,0.0,0.0,0.0,0.0,0,0.0,0.0,0.0,0.0,0,0.0,0.0,0.0,0.0,0,0.0,0.0,0.0,0.0,0,0.0,0.0,0.0,0.0,0,0.0,0.0,0.0,0.0,10,85132.25,8513.225,3102.62972429751,3.7836555555555558,0,0.0,0.0,0.0,0.0,0,0.0,0.0,0.0,0.0,36,101422.93,2817.303611111111,1317.42647380013,4.507685777777779,0,0.0,0.0,0.0,0.0
1023,0648-5.png,0648,Triplochiton scleroxylon K. Schum.,2250000,90,216681.72,9.630298666666667,0,0.0,0.0,0.0,0.0,59,109856.82999999999,1861.9801694915254,838.2118436094853,4.882525777777775,0,0.0,0.0,0.0,0.0,0,0.0,0.0,0.0,0.0,0,0.0,0.0,0.0,0.0,0,0.0,0.0,0.0,0.0,0,0.0,0.0,0.0,0.0,0,0.0,0.0,0.0,0.0,0,0.0,0.0,0.0,0.0,0,0.0,0.0,0.0,0.0,0,0.0,0.0,0.0,0.0,0,0.0,0.0,0.0,0.0,31,106824.89,3445.964193548387,1720.4583577655,4.747772888888888,0,0.0,0.0,0.0,0.0
1024,0256-1.jpg,0256,Entandrophragma angolense (Welw.) Panshin,2250000,95,897849.1000000003,39.90440444444445,0,0.0,0.0,0.0,0.0,0,0.0,0.0,0.0,0.0,9,20285.02,2253.891111111111,1133.5528125482776,0.9015564444444445,31,160470.13000000003,5176.455806451614,3145.982761940243,7.132005777777777,1,11161.21,11161.21,0.0,0.4960537777777777,0,0.0,0.0,0.0,0.0,1,18735.77,18735.77,0.0,0.8327008888888889,0,0.0,0.0,0.0,0.0,0,0.0,0.0,0.0,0.0,0,0.0,0.0,0.0,0.0,0,0.0,0.0,0.0,0.0,0,0.0,0.0,0.0,0.0,40,132835.86,3320.8965,1730.105748510322,5.903815999999999,13,554361.11,42643.162307692306,5630.6894324498635,24.638271555555555
1025,0256-3.jpg,0256,Entandrophragma angolense (Welw.) Panshin,2250000,87,768069.8499999999,34.13643777777778,0,0.0,0.0,0.0,0.0,0,0.0,0.0,0.0,0.0,0,0.0,0.0,0.0,0.0,29,127394.21,4392.903793103448,3341.519863888302,5.661964888888887,4,31792.75,7948.1875,3145.3224748439284,1.4130111111111112,0,0.0,0.0,0.0,0.0,0,0.0,0.0,0.0,0.0,0,0.0,0.0,0.0,0.0,0,0.0,0.0,0.0,0.0,0,0.0,0.0,0.0,0.0,3,54600.12,18200.04,2666.0668365402994,2.426672,0,0.0,0.0,0.0,0.0,43,158974.51999999996,3697.081860465116,1414.5836007314524,7.06553422222222,8,395308.24999999994,49413.53125,7217.9543708695865,17.569255555555554
1026,0072-3.jpg,0072,Baillonella toxisperma Pierre,2250000,165,405909.4699999997,18.040420888888896,0,0.0,0.0,0.0,0.0,80,193477.44999999995,2418.468125,856.4383513014724,8.598997777777775,0,0.0,0.0,0.0,0.0,0,0.0,0.0,0.0,0.0,0,0.0,0.0,0.0,0.0,0,0.0,0.0,0.0,0.0,0,0.0,0.0,0.0,0.0,0,0.0,0.0,0.0,0.0,0,0.0,0.0,0.0,0.0,0,0.0,0.0,0.0,0.0,0,0.0,0.0,0.0,0.0,5,28314.47,5662.894,3020.234457932033,1.2584208888888888,80,184117.55000000005,2301.4693749999997,1174.0673549062535,8.183002222222223,0,0.0,0.0,0.0,0.0
1027,0072-5.jpg,0072,Baillonella toxisperma Pierre,2250000,127,321853.25000000006,14.304588888888897,0,0.0,0.0,0.0,0.0,61,138397.69,2268.814590163935,1106.1987160897356,6.151008444444445,0,0.0,0.0,0.0,0.0,0,0.0,0.0,0.0,0.0,0,0.0,0.0,0.0,0.0,0,0.0,0.0,0.0,0.0,0,0.0,0.0,0.0,0.0,0,0.0,0.0,0.0,0.0,0,0.0,0.0,0.0,0.0,0,0.0,0.0,0.0,0.0,0,0.0,0.0,0.0,0.0,11,62671.41,5697.400909090909,3432.2129856244487,2.7853960000000004,55,120784.15,2196.0754545454542,829.3885359258666,5.3681844444444415,0,0.0,0.0,0.0,0.0
1028,0073-1.jpg,0073,Balfourodendron riedelianum (Engl.) Engl.,2250000,150,271862.23000000004,12.082765777777785,0,0.0,0.0,0.0,0.0,0,0.0,0.0,0.0,0.0,6,8374.93,1395.8216666666667,334.11997362723866,0.37221911111111117,0,0.0,0.0,0.0,0.0,0,0.0,0.0,0.0,0.0,0,0.0,0.0,0.0,0.0,0,0.0,0.0,0.0,0.0,0,0.0,0.0,0.0,0.0,0,0.0,0.0,0.0,0.0,0,0.0,0.0,0.0,0.0,13,160401.46000000005,12338.57384615385,9781.647926330836,7.128953777777778,0,0.0,0.0,0.0,0.0,131,103085.83999999995,786.9148091603055,247.51900372528087,4.581592888888888,0,0.0,0.0,0.0,0.0
1029,0073-11.jpg,0073,Balfourodendron riedelianum (Engl.) Engl.,2250000,134,145546.36000000004,6.468727111111112,0,0.0,0.0,0.0,0.0,0,0.0,0.0,0.0,0.0,26,29341.23999999999,1128.5092307692307,397.57477412857145,1.3040551111111116,0,0.0,0.0,0.0,0.0,0,0.0,0.0,0.0,0.0,0,0.0,0.0,0.0,0.0,0,0.0,0.0,0.0,0.0,0,0.0,0.0,0.0,0.0,0,0.0,0.0,0.0,0.0,0,0.0,0.0,0.0,0.0,6,32865.649999999994,5477.608333333333,2925.027932799389,1.4606955555555559,0,0.0,0.0,0.0,0.0,101,67215.09999999999,665.4960396039604,224.54382784249137,2.9873377777777765,1,16124.37,16124.37,0.0,0.7166386666666666
1030,0679-10.jpg,0679,Aningeria Aubrév. & Pellegr.,2250000,71,106069.61,4.71420488888889,0,0.0,0.0,0.0,0.0,0,0.0,0.0,0.0,0.0,0,0.0,0.0,0.0,0.0,0,0.0,0.0,0.0,0.0,0,0.0,0.0,0.0,0.0,0,0.0,0.0,0.0,0.0,0,0.0,0.0,0.0,0.0,0,0.0,0.0,0.0,0.0,0,0.0,0.0,0.0,0.0,0,0.0,0.0,0.0,0.0,0,0.0,0.0,0.0,0.0,0,0.0,0.0,0.0,0.0,71,106069.61,1493.9381690140845,393.1034871572256,4.71420488888889,0,0.0,0.0,0.0,0.0
1031,0009-2.png,0009,Leptolobium Vogel,2250000,202,468882.22000000026,20.83920977777778,0,0.0,0.0,0.0,0.0,0,0.0,0.0,0.0,0.0,17,25620.449999999997,1507.0852941176472,556.0502862614771,1.1386866666666668,0,0.0,0.0,0.0,0.0,56,236244.65999999995,4218.654642857144,1438.6461438133288,10.499762666666669,0,0.0,0.0,0.0,0.0,1,6090.76,6090.76,0.0,0.27070044444444447,0,0.0,0.0,0.0,0.0,0,0.0,0.0,0.0,0.0,0,0.0,0.0,0.0,0.0,0,0.0,0.0,0.0,0.0,0,0.0,0.0,0.0,0.0,128,200926.35000000006,1569.737109375,480.5723018700197,8.930060000000005,0,0.0,0.0,0.0,0.0
1032,0041-1.png,0041,Aniba rosodora Ducke,2250000,10,12654.650000000001,0.562428888888889,0,0.0,0.0,0.0,0.0,0,0.0,0.0,0.0,0.0,0,0.0,0.0,0.0,0.0,0,0.0,0.0,0.0,0.0,0,0.0,0.0,0.0,0.0,0,0.0,0.0,0.0,0.0,0,0.0,0.0,0.0,0.0,0,0.0,0.0,0.0,0.0,0,0.0,0.0,0.0,0.0,0,0.0,0.0,0.0,0.0,0,0.0,0.0,0.0,0.0,0,0.0,0.0,0.0,0.0,10,12654.650000000001,1265.4649999999997,306.8549367462671,0.562428888888889,0,0.0,0.0,0.0,0.0
1033,0045-1.jpg,0045,Anopyxis klaineana (Pierre) Engl.,2250000,45,265880.95999999996,11.816931555555557,0,0.0,0.0,0.0,0.0,0,0.0,0.0,0.0,0.0,0,0.0,0.0,0.0,0.0,7,34877.3,4982.471428571429,4442.089871252151,1.5501022222222223,5,38951.03,7790.206,4124.547471617947,1.7311568888888889,0,0.0,0.0,0.0,0.0,0,0.0,0.0,0.0,0.0,0,0.0,0.0,0.0,0.0,0,0.0,0.0,0.0,0.0,0,0.0,0.0,0.0,0.0,0,0.0,0.0,0.0,0.0,0,0.0,0.0,0.0,0.0,33,192052.62999999998,5819.776666666667,2743.2495622660576,8.535672444444444,0,0.0,0.0,0.0,0.0
1034,0045-10.jpg,0045,Anopyxis klaineana (Pierre) Engl.,2250000,35,259488.7,11.532831111111111,0,0.0,0.0,0.0,0.0,0,0.0,0.0,0.0,0.0,0,0.0,0.0,0.0,0.0,5,30905.489999999998,6181.098,4191.689143217804,1.3735773333333332,3,40441.27,13480.423333333332,5125.017692401982,1.7973897777777776,0,0.0,0.0,0.0,0.0,0,0.0,0.0,0.0,0.0,0,0.0,0.0,0.0,0.0,0,0.0,0.0,0.0,0.0,0,0.0,0.0,0.0,0.0,0,0.0,0.0,0.0,0.0,0,0.0,0.0,0.0,0.0,27,188141.94,6968.220000000001,2369.2314340747066,8.361864,0,0.0,0.0,0.0,0.0
1035,0071-1.jpg,0071,Baikiaea plurijuga Harms,2250000,14,17000.92,0.7555964444444445,0,0.0,0.0,0.0,0.0,10,12834.92,1283.492,261.62609642176153,0.5704408888888889,2,2323.8599999999997,1161.9299999999998,63.724463120531745,0.10328266666666666,0,0.0,0.0,0.0,0.0,0,0.0,0.0,0.0,0.0,0,0.0,0.0,0.0,0.0,0,0.0,0.0,0.0,0.0,0,0.0,0.0,0.0,0.0,0,0.0,0.0,0.0,0.0,0,0.0,0.0,0.0,0.0,0,0.0,0.0,0.0,0.0,0,0.0,0.0,0.0,0.0,2,1842.1399999999999,921.0699999999999,125.17204240564271,0.08187288888888888,0,0.0,0.0,0.0,0.0
1036,0071-2.jpg,0071,Baikiaea plurijuga Harms,2250000,10,10206.36,0.45361599999999996,0,0.0,0.0,0.0,0.0,8,8414.640000000001,1051.8300000000002,252.1166769006536,0.373984,0,0.0,0.0,0.0,0.0,0,0.0,0.0,0.0,0.0,0,0.0,0.0,0.0,0.0,0,0.0,0.0,0.0,0.0,0,0.0,0.0,0.0,0.0,0,0.0,0.0,0.0,0.0,0,0.0,0.0,0.0,0.0,0,0.0,0.0,0.0,0.0,0,0.0,0.0,0.0,0.0,0,0.0,0.0,0.0,0.0,2,1791.7199999999998,895.8599999999999,136.55646158274607,0.079632,0,0.0,0.0,0.0,0.0
1037,0085-1.jpg,0085,Bobgunnia fistuloides (Harms) J.H. Kirkbr. & Wiersema,2250000,63,160515.16999999995,7.134007555555555,0,0.0,0.0,0.0,0.0,0,0.0,0.0,0.0,0.0,15,42638.53,2842.5686666666666,1225.2774516985744,1.8950457777777778,0,0.0,0.0,0.0,0.0,0,0.0,0.0,0.0,0.0,2,8408.19,4204.095,3765.152690987445,0.3736973333333333,0,0.0,0.0,0.0,0.0,5,15850.79,3170.1580000000004,411.78416636631374,0.7044795555555555,0,0.0,0.0,0.0,0.0,0,0.0,0.0,0.0,0.0,0,0.0,0.0,0.0,0.0,0,0.0,0.0,0.0,0.0,41,93617.65999999996,2283.35756097561,1797.1393432435623,4.160784888888888,0,0.0,0.0,0.0,0.0
1038,0085-11.jpg,0085,Bobgunnia fistuloides (Harms) J.H. Kirkbr. & Wiersema,2250000,52,179970.84999999998,7.9987044444444475,0,0.0,0.0,0.0,0.0,0,0.0,0.0,0.0,0.0,15,37741.9,2516.1266666666666,976.4118634328348,1.6774177777777777,0,0.0,0.0,0.0,0.0,0,0.0,0.0,0.0,0.0,1,26612.88,26612.88,0.0,1.1827946666666667,0,0.0,0.0,0.0,0.0,2,622.2700000000001,311.13500000000005,391.4613851326846,0.02765644444444445,0,0.0,0.0,0.0,0.0,0,0.0,0.0,0.0,0.0,0,0.0,0.0,0.0,0.0,0,0.0,0.0,0.0,0.0,34,114993.80000000003,3382.1705882352944,1625.619262201967,5.110835555555557,0,0.0,0.0,0.0,0.0
1039,0095-10.jpg,0095,Brosimum alicastrum Swartz,2250000,52,88917.36999999998,3.9518831111111106,0,0.0,0.0,0.0,0.0,20,30977.359999999997,1548.868,414.77858081276645,1.3767715555555553,0,0.0,0.0,0.0,0.0,4,15518.190000000002,3879.5475000000006,2395.4255926017963,0.6896973333333334,1,3366.71,3366.71,0.0,0.14963155555555555,0,0.0,0.0,0.0,0.0,0,0.0,0.0,0.0,0.0,0,0.0,0.0,0.0,0.0,0,0.0,0.0,0.0,0.0,0,0.0,0.0,0.0,0.0,0,0.0,0.0,0.0,0.0,0,0.0,0.0,0.0,0.0,27,39055.11,1446.4855555555555,324.475786477599,1.7357826666666667,0,0.0,0.0,0.0,0.0
1040,0095-11.jpg,0095,Brosimum alicastrum Swartz,2250000,39,48289.41999999999,2.1461964444444446,0,0.0,0.0,0.0,0.0,0,0.0,0.0,0.0,0.0,0,0.0,0.0,0.0,0.0,0,0.0,0.0,0.0,0.0,0,0.0,0.0,0.0,0.0,0,0.0,0.0,0.0,0.0,0,0.0,0.0,0.0,0.0,0,0.0,0.0,0.0,0.0,0,0.0,0.0,0.0,0.0,0,0.0,0.0,0.0,0.0,0,0.0,0.0,0.0,0.0,0,0.0,0.0,0.0,0.0,39,48289.41999999999,1238.1902564102563,304.8777147479502,2.1461964444444446,0,0.0,0.0,0.0,0.0
1041,0096-11.jpg,0096,Brosimum guianense (Aubl.) Huber ex Ducke,2250000,30,259163.6,11.518382222222222,0,0.0,0.0,0.0,0.0,0,0.0,0.0,0.0,0.0,1,7738.71,7738.71,0.0,0.3439426666666667,0,0.0,0.0,0.0,0.0,19,202414.50000000003,10653.394736842107,6000.774158095834,8.996200000000002,0,0.0,0.0,0.0,0.0,0,0.0,0.0,0.0,0.0,0,0.0,0.0,0.0,0.0,0,0.0,0.0,0.0,0.0,0,0.0,0.0,0.0,0.0,0,0.0,0.0,0.0,0.0,0,0.0,0.0,0.0,0.0,10,49010.39,4901.039,1822.5336529217288,2.178239555555556,0,0.0,0.0,0.0,0.0
1042,0096-14.jpg,0096,Brosimum guianense (Aubl.) Huber ex Ducke,2250000,24,216995.00000000006,9.644222222222222,0,0.0,0.0,0.0,0.0,0,0.0,0.0,0.0,0.0,0,0.0,0.0,0.0,0.0,0,0.0,0.0,0.0,0.0,15,182976.01,12198.400666666666,7983.4903399484065,8.13226711111111,0,0.0,0.0,0.0,0.0,0,0.0,0.0,0.0,0.0,0,0.0,0.0,0.0,0.0,0,0.0,0.0,0.0,0.0,0,0.0,0.0,0.0,0.0,0,0.0,0.0,0.0,0.0,0,0.0,0.0,0.0,0.0,9,34018.99,3779.8877777777775,2612.1652157969347,1.511955111111111,0,0.0,0.0,0.0,0.0
1043,0114-1.jpg,0114,Cantleya corniculata (Becc.) R.A.Howard,2250000,101,912809.3799999997,40.56930577777778,0,0.0,0.0,0.0,0.0,0,0.0,0.0,0.0,0.0,32,96061.72000000002,3001.92875,623.2442240496821,4.269409777777778,0,0.0,0.0,0.0,0.0,9,36337.49,4037.498888888889,1251.6367240482004,1.6149995555555556,0,0.0,0.0,0.0,0.0,0,0.0,0.0,0.0,0.0,0,0.0,0.0,0.0,0.0,0,0.0,0.0,0.0,0.0,0,0.0,0.0,0.0,0.0,0,0.0,0.0,0.0,0.0,0,0.0,0.0,0.0,0.0,34,79253.90999999999,2330.9973529411764,560.8134058361194,3.5223959999999996,26,701156.2599999999,26967.548461538463,9893.792799671393,31.16250044444444
1044,0114-4.jpg,0114,Cantleya corniculata (Becc.) R.A.Howard,2250000,145,1380915.03,61.37400133333333,0,0.0,0.0,0.0,0.0,1,1099.71,1099.71,0.0,0.048875999999999996,54,162884.14999999997,3016.3731481481477,662.749750642499,7.239295555555554,0,0.0,0.0,0.0,0.0,21,62644.60999999999,2983.0766666666664,1580.768701301153,2.784204888888889,0,0.0,0.0,0.0,0.0,0,0.0,0.0,0.0,0.0,0,0.0,0.0,0.0,0.0,0,0.0,0.0,0.0,0.0,0,0.0,0.0,0.0,0.0,0,0.0,0.0,0.0,0.0,0,0.0,0.0,0.0,0.0,37,74744.6,2020.124324324324,796.4855798043907,3.3219822222222235,32,1079541.9600000002,33735.68625,10237.721795855772,47.97964266666667
1045,0157-3.jpg,0157,Ceriops tagal (Perr.) C.B. Robinson,2250000,15,12004.490000000002,0.5335328888888888,0,0.0,0.0,0.0,0.0,0,0.0,0.0,0.0,0.0,0,0.0,0.0,0.0,0.0,0,0.0,0.0,0.0,0.0,0,0.0,0.0,0.0,0.0,0,0.0,0.0,0.0,0.0,0,0.0,0.0,0.0,0.0,0,0.0,0.0,0.0,0.0,0,0.0,0.0,0.0,0.0,0,0.0,0.0,0.0,0.0,0,0.0,0.0,0.0,0.0,0,0.0,0.0,0.0,0.0,15,12004.490000000002,800.2993333333335,191.04712281329466,0.5335328888888888,0,0.0,0.0,0.0,0.0
1046,0158-7.jpg,0158,"Chlorocardium rodiei (R.H.Schomb.) Rohwer, H.G.Richt. & van der Werff",2250000,186,566121.9999999999,25.160977777777763,0,0.0,0.0,0.0,0.0,0,0.0,0.0,0.0,0.0,0,0.0,0.0,0.0,0.0,67,299700.36,4473.139701492538,3261.9568460660053,13.320016000000003,59,120068.53,2035.0598305084748,2452.723835802156,5.3363791111111105,0,0.0,0.0,0.0,0.0,1,11205.2,11205.2,0.0,0.49800888888888895,0,0.0,0.0,0.0,0.0,0,0.0,0.0,0.0,0.0,0,0.0,0.0,0.0,0.0,0,0.0,0.0,0.0,0.0,0,0.0,0.0,0.0,0.0,59,135147.91000000003,2290.6425423728815,871.8370147025726,6.006573777777779,0,0.0,0.0,0.0,0.0
1047,0181-1.jpg,0181,Cotylelobium Pierre,2250000,36,57436.83,2.552748,0,0.0,0.0,0.0,0.0,0,0.0,0.0,0.0,0.0,0,0.0,0.0,0.0,0.0,6,12332.8,2055.4666666666667,1260.2073264930127,0.5481244444444444,0,0.0,0.0,0.0,0.0,0,0.0,0.0,0.0,0.0,0,0.0,0.0,0.0,0.0,0,0.0,0.0,0.0,0.0,0,0.0,0.0,0.0,0.0,0,0.0,0.0,0.0,0.0,0,0.0,0.0,0.0,0.0,0,0.0,0.0,0.0,0.0,30,45104.03,1503.4676666666667,499.01768429505125,2.004623555555555,0,0.0,0.0,0.0,0.0
1048,0195-10.jpg,0195,Ctenolophon parvifolius Oliv.,2250000,132,312791.7,13.901853333333335,0,0.0,0.0,0.0,0.0,46,120811.01000000001,2626.326304347826,951.7929206884791,5.369378222222222,0,0.0,0.0,0.0,0.0,7,5798.9400000000005,828.4200000000001,655.7539706831112,0.25773066666666666,0,0.0,0.0,0.0,0.0,0,0.0,0.0,0.0,0.0,0,0.0,0.0,0.0,0.0,0,0.0,0.0,0.0,0.0,0,0.0,0.0,0.0,0.0,0,0.0,0.0,0.0,0.0,0,0.0,0.0,0.0,0.0,0,0.0,0.0,0.0,0.0,79,186181.74999999997,2356.7310126582274,926.2710408649917,8.274744444444446,0,0.0,0.0,0.0,0.0
1049,0195-4.jpg,0195,Ctenolophon parvifolius Oliv.,2250000,63,150526.6,6.69007111111111,0,0.0,0.0,0.0,0.0,23,58959.23999999999,2563.4452173913046,799.9714179829947,2.620410666666667,0,0.0,0.0,0.0,0.0,5,13050.55,2610.1099999999997,1501.5336662559384,0.5800244444444445,0,0.0,0.0,0.0,0.0,0,0.0,0.0,0.0,0.0,0,0.0,0.0,0.0,0.0,0,0.0,0.0,0.0,0.0,0,0.0,0.0,0.0,0.0,0,0.0,0.0,0.0,0.0,0,0.0,0.0,0.0,0.0,0,0.0,0.0,0.0,0.0,35,78516.81000000001,2243.337428571429,650.6553476319217,3.489635999999999,0,0.0,0.0,0.0,0.0
1050,0207-1.png,0207,Dalbergia nigra (Vell.) Allemão ex Benth.,2250000,47,301602.5900000001,13.404559555555556,0,0.0,0.0,0.0,0.0,0,0.0,0.0,0.0,0.0,10,47542.70000000001,4754.2699999999995,3178.804546422374,2.113008888888889,15,127070.17,8471.344666666668,5471.829684380676,5.647563111111111,5,50646.53999999999,10129.307999999999,5226.399635955903,2.250957333333333,0,0.0,0.0,0.0,0.0,0,0.0,0.0,0.0,0.0,0,0.0,0.0,0.0,0.0,0,0.0,0.0,0.0,0.0,0,0.0,0.0,0.0,0.0,0,0.0,0.0,0.0,0.0,0,0.0,0.0,0.0,0.0,17,76343.18000000001,4490.775294117648,2935.5344893884267,3.3930302222222215,0,0.0,0.0,0.0,0.0
1051,0207-11.png,0207,Dalbergia nigra (Vell.) Allemão ex Benth.,2250000,34,275936.01,12.263822666666666,0,0.0,0.0,0.0,0.0,0,0.0,0.0,0.0,0.0,8,40038.950000000004,5004.86875,2672.0367666388206,1.779508888888889,13,155013.44000000003,11924.110769230772,6721.950332519402,6.889486222222222,4,51898.59,12974.6475,4471.52492467894,2.306604,0,0.0,0.0,0.0,0.0,0,0.0,0.0,0.0,0.0,0,0.0,0.0,0.0,0.0,0,0.0,0.0,0.0,0.0,0,0.0,0.0,0.0,0.0,0,0.0,0.0,0.0,0.0,0,0.0,0.0,0.0,0.0,9,28985.03,3220.558888888889,2550.221055160927,1.2882235555555557,0,0.0,0.0,0.0,0.0
1052,0239-7.jpg,0239,Dipteryx odorata (Aubl.) Forsyth f.,2250000,58,185706.51,8.25362266666667,0,0.0,0.0,0.0,0.0,1,1449.47,1449.47,0.0,0.06442088888888889,0,0.0,0.0,0.0,0.0,0,0.0,0.0,0.0,0.0,5,25011.059999999998,5002.2119999999995,2936.1247278802716,1.1116026666666667,0,0.0,0.0,0.0,0.0,0,0.0,0.0,0.0,0.0,0,0.0,0.0,0.0,0.0,0,0.0,0.0,0.0,0.0,0,0.0,0.0,0.0,0.0,0,0.0,0.0,0.0,0.0,0,0.0,0.0,0.0,0.0,52,159245.98,3062.422692307692,1276.297687652193,7.077599111111113,0,0.0,0.0,0.0,0.0
1053,0243-1.jpg,0243,Dracontomelon dao (Blanco) Merr. & Rolfe,2250000,26,292620.41000000003,13.005351555555555,0,0.0,0.0,0.0,0.0,2,12873.529999999999,6436.764999999999,572.7777059645389,0.5721568888888888,0,0.0,0.0,0.0,0.0,9,150345.32,16705.035555555558,11367.324960143558,6.682014222222222,2,16799.21,8399.605,4679.314479841037,0.7466315555555556,0,0.0,0.0,0.0,0.0,0,0.0,0.0,0.0,0.0,0,0.0,0.0,0.0,0.0,0,0.0,0.0,0.0,0.0,0,0.0,0.0,0.0,0.0,0,0.0,0.0,0.0,0.0,0,0.0,0.0,0.0,0.0,13,112602.35,8661.719230769231,5139.809215493738,5.0045488888888885,0,0.0,0.0,0.0,0.0
1054,0243-10.jpg,0243,Dracontomelon dao (Blanco) Merr. & Rolfe,2250000,30,335984.19,14.932630666666663,0,0.0,0.0,0.0,0.0,0,0.0,0.0,0.0,0.0,0,0.0,0.0,0.0,0.0,13,181657.41000000003,13973.646923076925,11302.139680031378,8.073662666666667,2,28952.84,14476.42,7792.783419151337,1.2867928888888889,0,0.0,0.0,0.0,0.0,0,0.0,0.0,0.0,0.0,0,0.0,0.0,0.0,0.0,0,0.0,0.0,0.0,0.0,0,0.0,0.0,0.0,0.0,0,0.0,0.0,0.0,0.0,0,0.0,0.0,0.0,0.0,15,125373.94,8358.262666666667,4103.439383606786,5.57217511111111,0,0.0,0.0,0.0,0.0
1055,0313-1.jpg,0313,Grevillea robusta A.Cunn. ex R.Br.,2250000,50,93892.30999999998,4.172991555555557,0,0.0,0.0,0.0,0.0,0,0.0,0.0,0.0,0.0,0,0.0,0.0,0.0,0.0,0,0.0,0.0,0.0,0.0,0,0.0,0.0,0.0,0.0,0,0.0,0.0,0.0,0.0,0,0.0,0.0,0.0,0.0,0,0.0,0.0,0.0,0.0,0,0.0,0.0,0.0,0.0,0,0.0,0.0,0.0,0.0,0,0.0,0.0,0.0,0.0,0,0.0,0.0,0.0,0.0,50,93892.30999999998,1877.8462,1287.216040914386,4.172991555555557,0,0.0,0.0,0.0,0.0
1056,0313-11.jpg,0313,Grevillea robusta A.Cunn. ex R.Br.,2250000,66,144303.93999999997,6.413508444444444,0,0.0,0.0,0.0,0.0,0,0.0,0.0,0.0,0.0,0,0.0,0.0,0.0,0.0,0,0.0,0.0,0.0,0.0,0,0.0,0.0,0.0,0.0,0,0.0,0.0,0.0,0.0,0,0.0,0.0,0.0,0.0,0,0.0,0.0,0.0,0.0,0,0.0,0.0,0.0,0.0,0,0.0,0.0,0.0,0.0,0,0.0,0.0,0.0,0.0,0,0.0,0.0,0.0,0.0,66,144303.93999999997,2186.423333333333,1212.6988445527138,6.413508444444444,0,0.0,0.0,0.0,0.0
1057,0380-16.png,0380,Libidibia paraguariensis (D.Parodi) G.P.Lewis,2250000,150,349881.2699999998,15.550278666666664,0,0.0,0.0,0.0,0.0,0,0.0,0.0,0.0,0.0,0,0.0,0.0,0.0,0.0,0,0.0,0.0,0.0,0.0,7,29881.95,4268.85,1921.6818932469894,1.3280866666666669,0,0.0,0.0,0.0,0.0,11,192131.99000000002,17466.544545454548,9915.709135551895,8.539199555555555,0,0.0,0.0,0.0,0.0,0,0.0,0.0,0.0,0.0,0,0.0,0.0,0.0,0.0,0,0.0,0.0,0.0,0.0,0,0.0,0.0,0.0,0.0,132,127867.33000000002,968.6918939393939,404.7281602482243,5.682992444444442,0,0.0,0.0,0.0,0.0
1058,0380-21.png,0380,Libidibia paraguariensis (D.Parodi) G.P.Lewis,2250000,166,388673.5300000002,17.274379111111124,0,0.0,0.0,0.0,0.0,0,0.0,0.0,0.0,0.0,0,0.0,0.0,0.0,0.0,0,0.0,0.0,0.0,0.0,14,56557.060000000005,4039.79,3279.5417768059283,2.513647111111111,0,0.0,0.0,0.0,0.0,15,218637.59,14575.839333333333,11213.356234397741,9.717226222222221,0,0.0,0.0,0.0,0.0,0,0.0,0.0,0.0,0.0,0,0.0,0.0,0.0,0.0,0,0.0,0.0,0.0,0.0,0,0.0,0.0,0.0,0.0,137,113478.88,828.31299270073,516.1562624959345,5.043505777777776,0,0.0,0.0,0.0,0.0
1059,0380-7.png,0380,Libidibia paraguariensis (D.Parodi) G.P.Lewis,2250000,170,223603.95999999993,9.937953777777775,0,0.0,0.0,0.0,0.0,0,0.0,0.0,0.0,0.0,0,0.0,0.0,0.0,0.0,0,0.0,0.0,0.0,0.0,1,1006.36,1006.36,0.0,0.044727111111111106,0,0.0,0.0,0.0,0.0,1,26454.09,26454.09,0.0,1.1757373333333332,0,0.0,0.0,0.0,0.0,0,0.0,0.0,0.0,0.0,0,0.0,0.0,0.0,0.0,0,0.0,0.0,0.0,0.0,0,0.0,0.0,0.0,0.0,168,196143.50999999995,1167.5208928571428,391.734316566528,8.717489333333333,0,0.0,0.0,0.0,0.0
1060,0425-1.png,0425,Mezilaurus ita-uba (Meisn.) Taub. ex Mez,2250000,21,41145.090000000004,1.8286706666666666,0,0.0,0.0,0.0,0.0,9,15545.009999999998,1727.2233333333331,336.89335196765154,0.6908893333333334,6,13392.81,2232.1349999999998,403.6600753976048,0.595236,0,0.0,0.0,0.0,0.0,0,0.0,0.0,0.0,0.0,0,0.0,0.0,0.0,0.0,0,0.0,0.0,0.0,0.0,0,0.0,0.0,0.0,0.0,0,0.0,0.0,0.0,0.0,0,0.0,0.0,0.0,0.0,0,0.0,0.0,0.0,0.0,0,0.0,0.0,0.0,0.0,6,12207.27,2034.545,488.6081887872942,0.5425453333333333,0,0.0,0.0,0.0,0.0
1061,0425-10.png,0425,Mezilaurus ita-uba (Meisn.) Taub. ex Mez,2250000,64,155596.01000000007,6.915378222222221,0,0.0,0.0,0.0,0.0,9,20977.010000000002,2330.7788888888886,496.3633499122504,0.9323115555555556,41,104974.14000000001,2560.3448780487806,1075.0835545624393,4.665517333333332,0,0.0,0.0,0.0,0.0,0,0.0,0.0,0.0,0.0,0,0.0,0.0,0.0,0.0,0,0.0,0.0,0.0,0.0,0,0.0,0.0,0.0,0.0,0,0.0,0.0,0.0,0.0,0,0.0,0.0,0.0,0.0,0,0.0,0.0,0.0,0.0,0,0.0,0.0,0.0,0.0,14,29644.859999999993,2117.4899999999993,844.6573878206476,1.3175493333333335,0,0.0,0.0,0.0,0.0
