species_a,species_a_name,species_b,species_b_name,inter_distance,intra_a,intra_b,contrast
0181,Cotylelobium Pierre,0239,Dipteryx odorata (Aubl.) Forsyth f.,0.14622150570976708,0.2627628502619556,0.4164011395062616,-0.27017963379649457
0045,Anopyxis klaineana (Pierre) Engl.,0239,Dipteryx odorata (Aubl.) Forsyth f.,0.16546844206729916,0.42664489754293794,0.4164011395062616,-0.2611764554756388
0092,Brachystegia cynometroides Harms,0093,Brachystegia laurentii (De Wild.) Louis ex J.Léonard,0.08822582755623629,0.05008607091450365,0.3343633761708376,-0.24613754861460133
0293,Fraxinus americana L.,0297,Fraxinus mandshurica Rupr.,0.05209604836293483,0.2006874935372814,0.29800823641994206,-0.24591218805700724
0269,Erythrophleum ivorense A. Chev,0270,Erythrophleum suaveolens (Guill. & Perr.) Brenan,0.20746443220038657,0.2903085074707726,0.4099958913427453,-0.2025314591423587
0080,Betula papyrifera Marshall,0081,Betula pendula Roth,0.19404399333679487,0.3923039267660832,0.0025807385340572584,-0.19825993342928835
0115,Carapa guianensis Aubl.,0214,Daniellia thurifera Benn.,0.2565217208681283,0.45301009815803,0.4049723941201597,-0.1964883772899017
0323,Guibourtia demeusei (Harms) J.Léonard,0326,Guibourtia ehie (A. Chev.) J. Léonard,0.17119696466481837,0.35528177474147954,0.2984188053844587,-0.18408481007666117
0045,Anopyxis klaineana (Pierre) Engl.,0181,Cotylelobium Pierre,0.25019733396940375,0.42664489754293794,0.2627628502619556,-0.1764475635735342
0006,Acer platanoides L.,0007,Acer pseudoplatanus L.,0.12863684301992287,0.18973256215443007,0.27538384172241354,-0.14674699870249067
0296,Fraxinus ornus L.,0297,Fraxinus mandshurica Rupr.,0.15392943218422664,0.2704807546799976,0.29800823641994206,-0.14407880423571542
0091,Brachystegia Benth.,0301,Gilbertiodendron dewevrei (De Wild.) J.Léonard,0.22621773087710398,0.36962746064415636,0.15292725453998418,-0.14340972976705238
0270,Erythrophleum suaveolens (Guill. & Perr.) Brenan,0375,Koompassia malaccensis Maing.,0.26713563266330875,0.4099958913427453,0.03982575224826281,-0.14286025867943652
0080,Betula papyrifera Marshall,0418,Mansonia altissima (A. Chev.) A. Chev.,0.24979411544674182,0.3923039267660832,0.012409313496156668,-0.1425098113193414
0080,Betula papyrifera Marshall,0366,Juglans regia L.,0.254835188336298,0.3923039267660832,0.0161593253050704,-0.13746873842978524
0035,Anacardium giganteum Hancock ex Engl.,0239,Dipteryx odorata (Aubl.) Forsyth f.,0.2790625498115236,0.20568448529299813,0.4164011395062616,-0.137338589694738
0033,Anacardium excelsum (Bertero & Balb. ex Kunth) Skeels,0239,Dipteryx odorata (Aubl.) Forsyth f.,0.28117988589132226,0.07482690115830566,0.4164011395062616,-0.13522125361493936
0093,Brachystegia laurentii (De Wild.) Louis ex J.Léonard,0478,Peltogyne Vogel,0.20236580813800606,0.3343633761708376,0.1811470023936011,-0.13199756803283155
0293,Fraxinus americana L.,0296,Fraxinus ornus L.,0.13972778793396656,0.2006874935372814,0.2704807546799976,-0.13075296674603104
0071,Baikiaea plurijuga Harms,0367,Juglans nigra L.,0.44786214856458206,0.5781517144448926,0.02005651109636719,-0.1302895658803105
0236,Dipterocarpus C.F.Gaertn.,0239,Dipteryx odorata (Aubl.) Forsyth f.,0.2868108724863122,0.24925766087492005,0.4164011395062616,-0.1295902670199494
0091,Brachystegia Benth.,0092,Brachystegia cynometroides Harms,0.24152665185257607,0.36962746064415636,0.05008607091450365,-0.12810080879158028
0071,Baikiaea plurijuga Harms,0648,Triplochiton scleroxylon K. Schum.,0.45011681048825375,0.5781517144448926,0.16453642510521302,-0.1280349039566388
0066,Aucoumea klaineana Pierre,0080,Betula papyrifera Marshall,0.2653209495379223,0.1689848833310126,0.3923039267660832,-0.12698297722816093
0114,Cantleya corniculata (Becc.) R.A.Howard,0243,Dracontomelon dao (Blanco) Merr. & Rolfe,0.4582196771409163,0.5805310376179519,0.36823324125981255,-0.12231136047703556
0367,Juglans nigra L.,0648,Triplochiton scleroxylon K. Schum.,0.04452962570668456,0.02005651109636719,0.16453642510521302,-0.12000679939852846
0030,Amburana cearensis (Allemão) A.C.Sm.,0678,Albizia ferruginea (Guill. & Perr.) Benth.,0.24092493870508702,0.26876027711533945,0.35777892083270585,-0.11685398212761883
0239,Dipteryx odorata (Aubl.) Forsyth f.,0243,Dracontomelon dao (Blanco) Merr. & Rolfe,0.3000680434080094,0.4164011395062616,0.36823324125981255,-0.11633309609825221
0245,Dryobalanops aromatica C.F.Gaertn.,0380,Libidibia paraguariensis (D.Parodi) G.P.Lewis,0.4879556230199057,0.08261225579476351,0.6037041179533492,-0.11574849493344352
0066,Aucoumea klaineana Pierre,0071,Baikiaea plurijuga Harms,0.46587497271794587,0.1689848833310126,0.5781517144448926,-0.11227674172694668
0270,Erythrophleum suaveolens (Guill. & Perr.) Brenan,0399,Lovoa trichilioides Harms,0.3016681555083798,0.4099958913427453,0.3025441823946234,-0.1083277358343655
0294,Fraxinus excelsior L.,0621,Tectona grandis L.,0.4354743820104367,0.17627665442045826,0.5414864270518914,-0.10601204504145473
0041,Aniba rosodora Ducke,0080,Betula papyrifera Marshall,0.2879573705949716,0.0656528117264906,0.3923039267660832,-0.1043465561711116
0045,Anopyxis klaineana (Pierre) Engl.,0243,Dracontomelon dao (Blanco) Merr. & Rolfe,0.3237804193361813,0.42664489754293794,0.36823324125981255,-0.10286447820675665
0353,Intsia Thouars,0478,Peltogyne Vogel,0.3841920373071507,0.48641128958703317,0.1811470023936011,-0.10221925227988249
0033,Anacardium excelsum (Bertero & Balb. ex Kunth) Skeels,0236,Dipterocarpus C.F.Gaertn.,0.14856621334858502,0.07482690115830566,0.24925766087492005,-0.10069144752633502
0071,Baikiaea plurijuga Harms,0195,Ctenolophon parvifolius Oliv.,0.4781968122386889,0.5781517144448926,0.23093942479410615,-0.09995490220620368
0354,Intsia bijuga (Colebr.) Kuntze,0375,Koompassia malaccensis Maing.,0.19646756766033285,0.29407015717558727,0.03982575224826281,-0.09760258951525441
0071,Baikiaea plurijuga Harms,0425,Mezilaurus ita-uba (Meisn.) Taub. ex Mez,0.4819444068168066,0.5781517144448926,0.2601673546959139,-0.09620730762808594
0238,Dipterocarpus kerrii King,0239,Dipteryx odorata (Aubl.) Forsyth f.,0.32765185699159405,0.03389503762998255,0.4164011395062616,-0.08874928251466757
0041,Aniba rosodora Ducke,0157,Ceriops tagal (Perr.) C.B. Robinson,0.2431085881860415,0.0656528117264906,0.33088565378713025,-0.08777706560108875
0214,Daniellia thurifera Benn.,0606,Swietenia humilis Zucc.,0.31894741031507023,0.4049723941201597,0.03956854200666897,-0.08602498380508944
0045,Anopyxis klaineana (Pierre) Engl.,0114,Cantleya corniculata (Becc.) R.A.Howard,0.49545163737565373,0.42664489754293794,0.5805310376179519,-0.08507940024229815
0115,Carapa guianensis Aubl.,0258,Entandrophragma cylindricum (Sprague) Sprague,0.36793580335844495,0.45301009815803,0.25242647174716004,-0.08507429479958506
0095,Brosimum alicastrum Swartz,0239,Dipteryx odorata (Aubl.) Forsyth f.,0.357581077922036,0.4413660741827014,0.4164011395062616,-0.08378499626066543
0256,Entandrophragma angolense (Welw.) Panshin,0323,Guibourtia demeusei (Harms) J.Léonard,0.27202130339163655,0.319302552831661,0.35528177474147954,-0.08326047134984299
0095,Brosimum alicastrum Swartz,0236,Dipterocarpus C.F.Gaertn.,0.3603709560350902,0.4413660741827014,0.24925766087492005,-0.08099511814761123
0096,Brosimum guianense (Aubl.) Huber ex Ducke,0678,Albizia ferruginea (Guill. & Perr.) Benth.,0.3892871270494105,0.468233813156223,0.35777892083270585,-0.07894668610681249
0302,Gilbertiodendron preussii (Harms) J.Léonard,0354,Intsia bijuga (Colebr.) Kuntze,0.21625032883326611,0.1175198759908919,0.29407015717558727,-0.07781982834232115
0239,Dipteryx odorata (Aubl.) Forsyth f.,0295,Fraxinus nigra Marshall,0.3395205132501475,0.4164011395062616,0.022324164890242817,-0.07688062625611414
0091,Brachystegia Benth.,0302,Gilbertiodendron preussii (Harms) J.Léonard,0.2942240060984599,0.36962746064415636,0.1175198759908919,-0.07540345454569647
0326,Guibourtia ehie (A. Chev.) J. Léonard,0353,Intsia Thouars,0.4121301360642226,0.2984188053844587,0.48641128958703317,-0.07428115352281056
0380,Libidibia paraguariensis (D.Parodi) G.P.Lewis,0480,Peltogyne mexicana Martínez,0.5303024031348138,0.6037041179533492,0.1079574407089981,-0.07340171481853541
0096,Brosimum guianense (Aubl.) Huber ex Ducke,0158,"Chlorocardium rodiei (R.H.Schomb.) Rohwer, H.G.Richt. & van der Werff",0.3958559489995904,0.468233813156223,0.10003326503781798,-0.07237786415663255
0035,Anacardium giganteum Hancock ex Engl.,0236,Dipterocarpus C.F.Gaertn.,0.177491945005532,0.20568448529299813,0.24925766087492005,-0.07176571586938804
0236,Dipterocarpus C.F.Gaertn.,0238,Dipterocarpus kerrii King,0.17783804507573886,0.24925766087492005,0.03389503762998255,-0.07141961579918119
0092,Brachystegia cynometroides Harms,0353,Intsia Thouars,0.415864296354419,0.05008607091450365,0.48641128958703317,-0.07054699323261415
0085,Bobgunnia fistuloides (Harms) J.H. Kirkbr. & Wiersema,0380,Libidibia paraguariensis (D.Parodi) G.P.Lewis,0.5354889537383307,0.4125872589275239,0.6037041179533492,-0.0682151642150185
0093,Brachystegia laurentii (De Wild.) Louis ex J.Léonard,0301,Gilbertiodendron dewevrei (De Wild.) J.Léonard,0.26734040966485606,0.3343633761708376,0.15292725453998418,-0.06702296650598155
0147,Ceiba pentandra (L.) Gaertn.,0239,Dipteryx odorata (Aubl.) Forsyth f.,0.3496765288620115,0.09920852062625649,0.4164011395062616,-0.06672461064425012
0035,Anacardium giganteum Hancock ex Engl.,0243,Dracontomelon dao (Blanco) Merr. & Rolfe,0.30748471661254184,0.20568448529299813,0.36823324125981255,-0.06074852464727071
0195,Ctenolophon parvifolius Oliv.,0239,Dipteryx odorata (Aubl.) Forsyth f.,0.35571709459138545,0.23093942479410615,0.4164011395062616,-0.06068404491487617
0270,Erythrophleum suaveolens (Guill. & Perr.) Brenan,0480,Peltogyne mexicana Martínez,0.3514966024192313,0.4099958913427453,0.1079574407089981,-0.05849928892351397
0093,Brachystegia laurentii (De Wild.) Louis ex J.Léonard,0353,Intsia Thouars,0.4284496189936936,0.3343633761708376,0.48641128958703317,-0.057961670593339565
0157,Ceriops tagal (Perr.) C.B. Robinson,0418,Mansonia altissima (A. Chev.) A. Chev.,0.2731605257812255,0.33088565378713025,0.012409313496156668,-0.057725128005904736
0269,Erythrophleum ivorense A. Chev,0399,Lovoa trichilioides Harms,0.24578261302429824,0.2903085074707726,0.3025441823946234,-0.05676156937032514
0114,Cantleya corniculata (Becc.) R.A.Howard,0425,Mezilaurus ita-uba (Meisn.) Taub. ex Mez,0.5264084395869429,0.5805310376179519,0.2601673546959139,-0.05412259803100894
0324,Guibourtia pellegriniana J.Léonard,0353,Intsia Thouars,0.4331188447165738,0.20301559578579392,0.48641128958703317,-0.053292444870459366
0323,Guibourtia demeusei (Harms) J.Léonard,0324,Guibourtia pellegriniana J.Léonard,0.3060406525141117,0.35528177474147954,0.20301559578579392,-0.04924112222736782
0256,Entandrophragma angolense (Welw.) Panshin,0607,Swietenia macrophylla King,0.271796884482141,0.319302552831661,0.07084689292776884,-0.04750566834951997
0552,Quercus alba L.,0554,Quercus robur L.,0.0729636471932828,0.11942757291818792,0.11024859949584655,-0.046463925724905125
0256,Entandrophragma angolense (Welw.) Panshin,0326,Guibourtia ehie (A. Chev.) J. Léonard,0.27386690565274024,0.319302552831661,0.2984188053844587,-0.045435647178920735
0157,Ceriops tagal (Perr.) C.B. Robinson,0366,Juglans regia L.,0.2884011627386608,0.33088565378713025,0.0161593253050704,-0.042484491048469464
0033,Anacardium excelsum (Bertero & Balb. ex Kunth) Skeels,0035,Anacardium giganteum Hancock ex Engl.,0.16348353658500536,0.07482690115830566,0.20568448529299813,-0.042200948707992764
0256,Entandrophragma angolense (Welw.) Panshin,0608,Swietenia mahagoni (L.) Jacq.,0.27741339106990287,0.319302552831661,0.02812049764059408,-0.04188916176175811
0034,Anacardium L.,0158,"Chlorocardium rodiei (R.H.Schomb.) Rohwer, H.G.Richt. & van der Werff",0.3272682965262954,0.36896207906881207,0.10003326503781798,-0.041693782542516655
0009,Leptolobium Vogel,0380,Libidibia paraguariensis (D.Parodi) G.P.Lewis,0.5621687047244415,0.16101899818656135,0.6037041179533492,-0.04153541322890775
0553,Quercus petraea (Matt.) Liebl.,0554,Quercus robur L.,0.21694441687561564,0.2581276659186852,0.11024859949584655,-0.04118324904306955
0114,Cantleya corniculata (Becc.) R.A.Howard,0239,Dipteryx odorata (Aubl.) Forsyth f.,0.5413044829254658,0.5805310376179519,0.4164011395062616,-0.03922655469248604
0236,Dipterocarpus C.F.Gaertn.,0295,Fraxinus nigra Marshall,0.21010638874902032,0.24925766087492005,0.022324164890242817,-0.03915127212589972
0091,Brachystegia Benth.,0354,Intsia bijuga (Colebr.) Kuntze,0.33106540798162953,0.36962746064415636,0.29407015717558727,-0.038562052662526825
0034,Anacardium L.,0678,Albizia ferruginea (Guill. & Perr.) Benth.,0.3332896746060797,0.36896207906881207,0.35777892083270585,-0.03567240446273234
0003,Acacia mangium Willd.,0625,Terminalia superba Engl.& Diels,0.3278660022457368,0.23412845438956545,0.36271194838005,-0.03484594613431319
0270,Erythrophleum suaveolens (Guill. & Perr.) Brenan,0380,Libidibia paraguariensis (D.Parodi) G.P.Lewis,0.5694993207660148,0.4099958913427453,0.6037041179533492,-0.03420479718733438
0607,Swietenia macrophylla King,0608,Swietenia mahagoni (L.) Jacq.,0.03680206878950995,0.07084689292776884,0.02812049764059408,-0.03404482413825889
0399,Lovoa trichilioides Harms,0625,Terminalia superba Engl.& Diels,0.33149801780296856,0.3025441823946234,0.36271194838005,-0.03121393057708144
0033,Anacardium excelsum (Bertero & Balb. ex Kunth) Skeels,0095,Brosimum alicastrum Swartz,0.41070989898706445,0.07482690115830566,0.4413660741827014,-0.03065617519563696
0380,Libidibia paraguariensis (D.Parodi) G.P.Lewis,0399,Lovoa trichilioides Harms,0.5740715315072336,0.6037041179533492,0.3025441823946234,-0.02963258644611566
0157,Ceriops tagal (Perr.) C.B. Robinson,0313,Grevillea robusta A.Cunn. ex R.Br.,0.30132244072914055,0.33088565378713025,0.2838740990600396,-0.0295632130579897
0033,Anacardium excelsum (Bertero & Balb. ex Kunth) Skeels,0045,Anopyxis klaineana (Pierre) Engl.,0.39750876799080226,0.07482690115830566,0.42664489754293794,-0.02913612955213568
0071,Baikiaea plurijuga Harms,0313,Grevillea robusta A.Cunn. ex R.Br.,0.5495500308236863,0.5781517144448926,0.2838740990600396,-0.028601683621206297
0096,Brosimum guianense (Aubl.) Huber ex Ducke,0114,Cantleya corniculata (Becc.) R.A.Howard,0.552193066924844,0.468233813156223,0.5805310376179519,-0.02833797069310784
0114,Cantleya corniculata (Becc.) R.A.Howard,0195,Ctenolophon parvifolius Oliv.,0.5538601222531521,0.5805310376179519,0.23093942479410615,-0.02667091536479982
0207,Dalbergia nigra (Vell.) Allemão ex Benth.,0399,Lovoa trichilioides Harms,0.39535086668437736,0.4194156315959103,0.3025441823946234,-0.02406476491153292
0301,Gilbertiodendron dewevrei (De Wild.) J.Léonard,0353,Intsia Thouars,0.46310142245985664,0.15292725453998418,0.48641128958703317,-0.02330986712717653
0035,Anacardium giganteum Hancock ex Engl.,0147,Ceiba pentandra (L.) Gaertn.,0.18350967962068315,0.20568448529299813,0.09920852062625649,-0.022174805672314973
0045,Anopyxis klaineana (Pierre) Engl.,0095,Brosimum alicastrum Swartz,0.4193202459473425,0.42664489754293794,0.4413660741827014,-0.02204582823535889
0380,Libidibia paraguariensis (D.Parodi) G.P.Lewis,0426,Microberlinia brazzavillensis A. Chev.,0.583412455958018,0.6037041179533492,0.23957417592531832,-0.020291661995331167
0091,Brachystegia Benth.,0093,Brachystegia laurentii (De Wild.) Louis ex J.Léonard,0.3515489551948223,0.36962746064415636,0.3343633761708376,-0.018078505449334037
0158,"Chlorocardium rodiei (R.H.Schomb.) Rohwer, H.G.Richt. & van der Werff",0678,Albizia ferruginea (Guill. & Perr.) Benth.,0.3399095380387819,0.10003326503781798,0.35777892083270585,-0.01786938279392397
0095,Brosimum alicastrum Swartz,0181,Cotylelobium Pierre,0.4235686898850097,0.4413660741827014,0.2627628502619556,-0.017797384297691732
0092,Brachystegia cynometroides Harms,0478,Peltogyne Vogel,0.163769042829573,0.05008607091450365,0.1811470023936011,-0.0173779595640281
0035,Anacardium giganteum Hancock ex Engl.,0045,Anopyxis klaineana (Pierre) Engl.,0.4094846686377261,0.20568448529299813,0.42664489754293794,-0.01716022890521185
0091,Brachystegia Benth.,0096,Brosimum guianense (Aubl.) Huber ex Ducke,0.4547448692975966,0.36962746064415636,0.468233813156223,-0.013488943858626368
0606,Swietenia humilis Zucc.,0621,Tectona grandis L.,0.528107794535694,0.03956854200666897,0.5414864270518914,-0.01337863251619742
0006,Acer platanoides L.,0080,Betula papyrifera Marshall,0.3789810185269109,0.18973256215443007,0.3923039267660832,-0.013322908239172315
0092,Brachystegia cynometroides Harms,0301,Gilbertiodendron dewevrei (De Wild.) J.Léonard,0.13965913172075015,0.05008607091450365,0.15292725453998418,-0.013268122819234035
0324,Guibourtia pellegriniana J.Léonard,0326,Guibourtia ehie (A. Chev.) J. Léonard,0.2858391749750239,0.20301559578579392,0.2984188053844587,-0.012579630409434772
0071,Baikiaea plurijuga Harms,0371,Khaya grandifoliola C.DC.,0.5656088856333175,0.5781517144448926,0.048818241280783575,-0.01254282881157509
0366,Juglans regia L.,0418,Mansonia altissima (A. Chev.) A. Chev.,0.004599543295914638,0.0161593253050704,0.012409313496156668,-0.011559782009155764
0045,Anopyxis klaineana (Pierre) Engl.,0236,Dipterocarpus C.F.Gaertn.,0.415131323518944,0.42664489754293794,0.24925766087492005,-0.011513574023993944
0009,Leptolobium Vogel,0114,Cantleya corniculata (Becc.) R.A.Howard,0.5692348730149532,0.16101899818656135,0.5805310376179519,-0.011296164602998648
0214,Daniellia thurifera Benn.,0621,Tectona grandis L.,0.5304573151750639,0.4049723941201597,0.5414864270518914,-0.011029111876827535
0041,Aniba rosodora Ducke,0071,Baikiaea plurijuga Harms,0.5678360779455924,0.0656528117264906,0.5781517144448926,-0.010315636499300118
0323,Guibourtia demeusei (Harms) J.Léonard,0325,Guibourtia tessmannii (Harms) J.Léonard,0.34604209882393067,0.35528177474147954,0.19769310265299028,-0.009239675917548873
0035,Anacardium giganteum Hancock ex Engl.,0070,Bagassa guianensis Aubl.,0.4437418688200253,0.20568448529299813,0.4528924582382436,-0.00915058941821828
0380,Libidibia paraguariensis (D.Parodi) G.P.Lewis,0430,Milicia excelsa (Welw.) C.C. Berg,0.5948143351852921,0.6037041179533492,0.2228508772324565,-0.008889782768057075
0093,Brachystegia laurentii (De Wild.) Louis ex J.Léonard,0302,Gilbertiodendron preussii (Harms) J.Léonard,0.3256356295399795,0.3343633761708376,0.1175198759908919,-0.008727746630858124
0114,Cantleya corniculata (Becc.) R.A.Howard,0158,"Chlorocardium rodiei (R.H.Schomb.) Rohwer, H.G.Richt. & van der Werff",0.5737545833225589,0.5805310376179519,0.10003326503781798,-0.006776454295392975
0115,Carapa guianensis Aubl.,0606,Swietenia humilis Zucc.,0.4471979242131686,0.45301009815803,0.03956854200666897,-0.005812173944861387
0129,Castanea crenata Siebold & Zucc.,0130,Castanea sativa Mill.,0.15035092059083302,0.01642495583191611,0.15586720528769307,-0.005516284696860052
0035,Anacardium giganteum Hancock ex Engl.,0095,Brosimum alicastrum Swartz,0.4368448386721555,0.20568448529299813,0.4413660741827014,-0.004521235510545896
0181,Cotylelobium Pierre,0243,Dracontomelon dao (Blanco) Merr. & Rolfe,0.3657442251533418,0.2627628502619556,0.36823324125981255,-0.0024890161064707317
0375,Koompassia malaccensis Maing.,0426,Microberlinia brazzavillensis A. Chev.,0.23715097089336032,0.03982575224826281,0.23957417592531832,-0.0024232050319580034
0003,Acacia mangium Willd.,0678,Albizia ferruginea (Guill. & Perr.) Benth.,0.3556821984048879,0.23412845438956545,0.35777892083270585,-0.002096722427817943
0041,Aniba rosodora Ducke,0366,Juglans regia L.,0.06486421214517504,0.0656528117264906,0.0161593253050704,-0.0007885995813155522
0066,Aucoumea klaineana Pierre,0367,Juglans nigra L.,0.1682542115672513,0.1689848833310126,0.02005651109636719,-0.0007306717637613203
0041,Aniba rosodora Ducke,0418,Mansonia altissima (A. Chev.) A. Chev.,0.06621092638272671,0.0656528117264906,0.012409313496156668,0.0005581146562361194
0066,Aucoumea klaineana Pierre,0648,Triplochiton scleroxylon K. Schum.,0.16998581225981776,0.1689848833310126,0.16453642510521302,0.001000928928805156
0552,Quercus alba L.,0553,Quercus petraea (Matt.) Liebl.,0.2594230640277586,0.11942757291818792,0.2581276659186852,0.0012953981090734201
0380,Libidibia paraguariensis (D.Parodi) G.P.Lewis,0479,Peltogyne catingae Ducke,0.6055010981368847,0.6037041179533492,0.05022355401665795,0.0017969801835354682
0073,Balfourodendron riedelianum (Engl.) Engl.,0621,Tectona grandis L.,0.5435097637370749,0.38391787966371865,0.5414864270518914,0.0020233366851835077
0045,Anopyxis klaineana (Pierre) Engl.,0313,Grevillea robusta A.Cunn. ex R.Br.,0.4289122713740628,0.42664489754293794,0.2838740990600396,0.0022673738311248526
0034,Anacardium L.,0096,Brosimum guianense (Aubl.) Huber ex Ducke,0.47051989349457546,0.36896207906881207,0.468233813156223,0.002286080338352481
0323,Guibourtia demeusei (Harms) J.Léonard,0353,Intsia Thouars,0.48915094538581416,0.35528177474147954,0.48641128958703317,0.0027396557987809933
0147,Ceiba pentandra (L.) Gaertn.,0238,Dipterocarpus kerrii King,0.10204665631434792,0.09920852062625649,0.03389503762998255,0.0028381356880914366
0006,Acer platanoides L.,0461,Ochroma pyramidale (Cav. ex Lam.) Urb.,0.19338552785772342,0.18973256215443007,0.09605455767171649,0.0036529657032933482
0030,Amburana cearensis (Allemão) A.C.Sm.,0158,"Chlorocardium rodiei (R.H.Schomb.) Rohwer, H.G.Richt. & van der Werff",0.2736227820877635,0.26876027711533945,0.10003326503781798,0.004862504972424075
0091,Brachystegia Benth.,0375,Koompassia malaccensis Maing.,0.37542707011522297,0.36962746064415636,0.03982575224826281,0.0057996094710666135
0380,Libidibia paraguariensis (D.Parodi) G.P.Lewis,0431,Millettia laurentii De Wild.,0.6095978060279834,0.6037041179533492,0.14784264520810295,0.005893688074634196
0033,Anacardium excelsum (Bertero & Balb. ex Kunth) Skeels,0181,Cotylelobium Pierre,0.26879112262097044,0.07482690115830566,0.2627628502619556,0.006028272359014819
0270,Erythrophleum suaveolens (Guill. & Perr.) Brenan,0354,Intsia bijuga (Colebr.) Kuntze,0.4162895043813202,0.4099958913427453,0.29407015717558727,0.006293613038574897
0380,Libidibia paraguariensis (D.Parodi) G.P.Lewis,0478,Peltogyne Vogel,0.6111707809559942,0.6037041179533492,0.1811470023936011,0.00746666300264498
0003,Acacia mangium Willd.,0030,Amburana cearensis (Allemão) A.C.Sm.,0.2769347786505397,0.23412845438956545,0.26876027711533945,0.008174501535200274
0195,Ctenolophon parvifolius Oliv.,0238,Dipterocarpus kerrii King,0.2413004189615895,0.23093942479410615,0.03389503762998255,0.010360994167483345
0550,Quercus mongolica Fisch. ex Ledeb.,0553,Quercus petraea (Matt.) Liebl.,0.26877125496388166,0.0339628776830313,0.2581276659186852,0.010643589045196467
0195,Ctenolophon parvifolius Oliv.,0243,Dracontomelon dao (Blanco) Merr. & Rolfe,0.37945516633025655,0.23093942479410615,0.36823324125981255,0.011221925070444005
0033,Anacardium excelsum (Bertero & Balb. ex Kunth) Skeels,0243,Dracontomelon dao (Blanco) Merr. & Rolfe,0.3799452127513634,0.07482690115830566,0.36823324125981255,0.011711971491550843
0071,Baikiaea plurijuga Harms,0418,Mansonia altissima (A. Chev.) A. Chev.,0.5910093790084257,0.5781517144448926,0.012409313496156668,0.0128576645635331
0035,Anacardium giganteum Hancock ex Engl.,0238,Dipterocarpus kerrii King,0.2200906348459077,0.20568448529299813,0.03389503762998255,0.014406149552909586
0091,Brachystegia Benth.,0478,Peltogyne Vogel,0.3840832767357069,0.36962746064415636,0.1811470023936011,0.014455816091550555
0071,Baikiaea plurijuga Harms,0542,Pycnanthus angolensis (Welw.) Warb.,0.5928234646851345,0.5781517144448926,0.07234546467128498,0.014671750240241921
0214,Daniellia thurifera Benn.,0258,Entandrophragma cylindricum (Sprague) Sprague,0.42098991857975226,0.4049723941201597,0.25242647174716004,0.01601752445959259
0071,Baikiaea plurijuga Harms,0366,Juglans regia L.,0.5943611413781787,0.5781517144448926,0.0161593253050704,0.016209426933286197
0195,Ctenolophon parvifolius Oliv.,0295,Fraxinus nigra Marshall,0.24735007877409096,0.23093942479410615,0.022324164890242817,0.016410653979984813
0195,Ctenolophon parvifolius Oliv.,0621,Tectona grandis L.,0.5590930136885027,0.23093942479410615,0.5414864270518914,0.0176065866366113
0114,Cantleya corniculata (Becc.) R.A.Howard,0181,Cotylelobium Pierre,0.5981544244557864,0.5805310376179519,0.2627628502619556,0.017623386837834487
0244,Dryobalanops C.F.Gaertn.,0380,Libidibia paraguariensis (D.Parodi) G.P.Lewis,0.6221849706145682,0.03512342815501089,0.6037041179533492,0.018480852661219016
0096,Brosimum guianense (Aubl.) Huber ex Ducke,0354,Intsia bijuga (Colebr.) Kuntze,0.48724552844685415,0.468233813156223,0.29407015717558727,0.01901171529063117
0030,Amburana cearensis (Allemão) A.C.Sm.,0034,Anacardium L.,0.388649343772852,0.26876027711533945,0.36896207906881207,0.01968726470403992
0041,Aniba rosodora Ducke,0313,Grevillea robusta A.Cunn. ex R.Br.,0.30461270175973043,0.0656528117264906,0.2838740990600396,0.020738602699690856
0114,Cantleya corniculata (Becc.) R.A.Howard,0256,Entandrophragma angolense (Welw.) Panshin,0.6013910767915136,0.5805310376179519,0.319302552831661,0.020860039173561717
0072,Baillonella toxisperma Pierre,0679,Aningeria Aubrév. & Pellegr.,0.35635014391727315,0.33402537324669906,0.2305382109200897,0.02232477067057409
0073,Balfourodendron riedelianum (Engl.) Engl.,0608,Swietenia mahagoni (L.) Jacq.,0.4062743024675016,0.38391787966371865,0.02812049764059408,0.02235642280378297
0095,Brosimum alicastrum Swartz,0295,Fraxinus nigra Marshall,0.4646981859735495,0.4413660741827014,0.022324164890242817,0.023332111790848098
0353,Intsia Thouars,0479,Peltogyne catingae Ducke,0.5099275439942523,0.48641128958703317,0.05022355401665795,0.02351625440721916
0080,Betula papyrifera Marshall,0157,Ceriops tagal (Perr.) C.B. Robinson,0.4163221959226637,0.3923039267660832,0.33088565378713025,0.024018269156580452
0238,Dipterocarpus kerrii King,0295,Fraxinus nigra Marshall,0.05868750265168149,0.03389503762998255,0.022324164890242817,0.02479246502169894
0269,Erythrophleum ivorense A. Chev,0380,Libidibia paraguariensis (D.Parodi) G.P.Lewis,0.6286473833057489,0.2903085074707726,0.6037041179533492,0.024943265352399657
0007,Acer pseudoplatanus L.,0080,Betula papyrifera Marshall,0.41912978056033745,0.27538384172241354,0.3923039267660832,0.02682585379425423
0093,Brachystegia laurentii (De Wild.) Louis ex J.Léonard,0354,Intsia bijuga (Colebr.) Kuntze,0.36134718339214245,0.3343633761708376,0.29407015717558727,0.026983807221304834
0313,Grevillea robusta A.Cunn. ex R.Br.,0418,Mansonia altissima (A. Chev.) A. Chev.,0.3110672267609812,0.2838740990600396,0.012409313496156668,0.02719312770094162
0114,Cantleya corniculata (Becc.) R.A.Howard,0678,Albizia ferruginea (Guill. & Perr.) Benth.,0.6085496931466635,0.5805310376179519,0.35777892083270585,0.028018655528711633
0095,Brosimum alicastrum Swartz,0238,Dipterocarpus kerrii King,0.46984308060231744,0.4413660741827014,0.03389503762998255,0.028477006419616036
0236,Dipterocarpus C.F.Gaertn.,0243,Dracontomelon dao (Blanco) Merr. & Rolfe,0.39693612560406616,0.24925766087492005,0.36823324125981255,0.02870288434425361
0158,"Chlorocardium rodiei (R.H.Schomb.) Rohwer, H.G.Richt. & van der Werff",0380,Libidibia paraguariensis (D.Parodi) G.P.Lewis,0.6327984615800071,0.10003326503781798,0.6037041179533492,0.02909434362665786
0115,Carapa guianensis Aubl.,0621,Tectona grandis L.,0.570867612804535,0.45301009815803,0.5414864270518914,0.02938118575264359
0318,Leplaea cedrata (A.Chev.) E.J.M.Koenen & J.J.de Wilde,0396,Lophira alata Banks ex C.F.Gaertn.,0.05743549002334811,0.015638624237181115,0.027865923684178843,0.029569566339169264
0313,Grevillea robusta A.Cunn. ex R.Br.,0366,Juglans regia L.,0.314056629050659,0.2838740990600396,0.0161593253050704,0.030182529990619433
0009,Leptolobium Vogel,0354,Intsia bijuga (Colebr.) Kuntze,0.32434055257000993,0.16101899818656135,0.29407015717558727,0.030270395394422667
0147,Ceiba pentandra (L.) Gaertn.,0236,Dipterocarpus C.F.Gaertn.,0.28035367330244687,0.09920852062625649,0.24925766087492005,0.031096012427526826
0033,Anacardium excelsum (Bertero & Balb. ex Kunth) Skeels,0238,Dipterocarpus kerrii King,0.10633216543342722,0.07482690115830566,0.03389503762998255,0.031505264275121556
0396,Lophira alata Banks ex C.F.Gaertn.,0431,Millettia laurentii De Wild.,0.17956988785077166,0.027865923684178843,0.14784264520810295,0.03172724264266871
0045,Anopyxis klaineana (Pierre) Engl.,0157,Ceriops tagal (Perr.) C.B. Robinson,0.45869371644585577,0.42664489754293794,0.33088565378713025,0.03204881890291783
0214,Daniellia thurifera Benn.,0607,Swietenia macrophylla King,0.43774289327062954,0.4049723941201597,0.07084689292776884,0.03277049915046987
0009,Leptolobium Vogel,0096,Brosimum guianense (Aubl.) Huber ex Ducke,0.5012613080808626,0.16101899818656135,0.468233813156223,0.03302749492463958
0207,Dalbergia nigra (Vell.) Allemão ex Benth.,0678,Albizia ferruginea (Guill. & Perr.) Benth.,0.45244800991940926,0.4194156315959103,0.35777892083270585,0.03303237832349898
0095,Brosimum alicastrum Swartz,0243,Dracontomelon dao (Blanco) Merr. & Rolfe,0.47484151192751206,0.4413660741827014,0.36823324125981255,0.033475437744810654
0613,Tabebuia rosea (Bert.) DC.,0625,Terminalia superba Engl.& Diels,0.3973568223596927,0.27496924594578387,0.36271194838005,0.03464487397964272
0080,Betula papyrifera Marshall,0679,Aningeria Aubrév. & Pellegr.,0.4282333333076159,0.3923039267660832,0.2305382109200897,0.035929406541532705
0045,Anopyxis klaineana (Pierre) Engl.,0238,Dipterocarpus kerrii King,0.46319348403109484,0.42664489754293794,0.03389503762998255,0.0365485864881569
0270,Erythrophleum suaveolens (Guill. & Perr.) Brenan,0613,Tabebuia rosea (Bert.) DC.,0.4471668508850699,0.4099958913427453,0.27496924594578387,0.03717095954232463
0096,Brosimum guianense (Aubl.) Huber ex Ducke,0302,Gilbertiodendron preussii (Harms) J.Léonard,0.506032920814872,0.468233813156223,0.1175198759908919,0.03779910765864897
0091,Brachystegia Benth.,0270,Erythrophleum suaveolens (Guill. & Perr.) Brenan,0.4483472679085946,0.36962746064415636,0.4099958913427453,0.038351376565849304
0129,Castanea crenata Siebold & Zucc.,0553,Quercus petraea (Matt.) Liebl.,0.2964802392787419,0.01642495583191611,0.2581276659186852,0.03835257336005671
0045,Anopyxis klaineana (Pierre) Engl.,0195,Ctenolophon parvifolius Oliv.,0.4657934498134569,0.42664489754293794,0.23093942479410615,0.039148552270518944
0073,Balfourodendron riedelianum (Engl.) Engl.,0214,Daniellia thurifera Benn.,0.44518714021962835,0.38391787966371865,0.4049723941201597,0.04021474609946868
0114,Cantleya corniculata (Becc.) R.A.Howard,0207,Dalbergia nigra (Vell.) Allemão ex Benth.,0.620831396383069,0.5805310376179519,0.4194156315959103,0.04030035876511706
0073,Balfourodendron riedelianum (Engl.) Engl.,0115,Carapa guianensis Aubl.,0.4936081003854244,0.38391787966371865,0.45301009815803,0.0405980022273944
0236,Dipterocarpus C.F.Gaertn.,0296,Fraxinus ornus L.,0.3111988007721319,0.24925766087492005,0.2704807546799976,0.04071804609213431
0003,Acacia mangium Willd.,0115,Carapa guianensis Aubl.,0.49385338887380514,0.23412845438956545,0.45301009815803,0.04084329071577514
0045,Anopyxis klaineana (Pierre) Engl.,0295,Fraxinus nigra Marshall,0.46843026773367447,0.42664489754293794,0.022324164890242817,0.041785370190736526
0380,Libidibia paraguariensis (D.Parodi) G.P.Lewis,0613,Tabebuia rosea (Bert.) DC.,0.6472664502196293,0.6037041179533492,0.27496924594578387,0.043562332266280035
0045,Anopyxis klaineana (Pierre) Engl.,0158,"Chlorocardium rodiei (R.H.Schomb.) Rohwer, H.G.Richt. & van der Werff",0.4703006007126084,0.42664489754293794,0.10003326503781798,0.043655703169670435
0095,Brosimum alicastrum Swartz,0195,Ctenolophon parvifolius Oliv.,0.4867197291733426,0.4413660741827014,0.23093942479410615,0.0453536549906412
0270,Erythrophleum suaveolens (Guill. & Perr.) Brenan,0426,Microberlinia brazzavillensis A. Chev.,0.4561155885577848,0.4099958913427453,0.23957417592531832,0.0461196972150395
0085,Bobgunnia fistuloides (Harms) J.H. Kirkbr. & Wiersema,0270,Erythrophleum suaveolens (Guill. & Perr.) Brenan,0.45870785422222005,0.4125872589275239,0.4099958913427453,0.04612059529469614
0313,Grevillea robusta A.Cunn. ex R.Br.,0621,Tectona grandis L.,0.5895402287133831,0.2838740990600396,0.5414864270518914,0.048053801661491646
0072,Baillonella toxisperma Pierre,0554,Quercus robur L.,0.3822616990682283,0.33402537324669906,0.11024859949584655,0.04823632582152926
0073,Balfourodendron riedelianum (Engl.) Engl.,0607,Swietenia macrophylla King,0.43224372261409416,0.38391787966371865,0.07084689292776884,0.04832584295037551
0375,Koompassia malaccensis Maing.,0380,Libidibia paraguariensis (D.Parodi) G.P.Lewis,0.6555031347138913,0.03982575224826281,0.6037041179533492,0.051799016760542105
0238,Dipterocarpus kerrii King,0296,Fraxinus ornus L.,0.3223241949196193,0.03389503762998255,0.2704807546799976,0.051843440239621674
0399,Lovoa trichilioides Harms,0480,Peltogyne mexicana Martínez,0.35600355922238247,0.3025441823946234,0.1079574407089981,0.053459376827759086
0070,Bagassa guianensis Aubl.,0236,Dipterocarpus C.F.Gaertn.,0.5065485907437965,0.4528924582382436,0.24925766087492005,0.053656132505552956
0214,Daniellia thurifera Benn.,0608,Swietenia mahagoni (L.) Jacq.,0.45905352032107305,0.4049723941201597,0.02812049764059408,0.054081126200913376
0157,Ceriops tagal (Perr.) C.B. Robinson,0239,Dipteryx odorata (Aubl.) Forsyth f.,0.4709985376638381,0.33088565378713025,0.4164011395062616,0.05459739815757647
0295,Fraxinus nigra Marshall,0297,Fraxinus mandshurica Rupr.,0.35263583230139095,0.022324164890242817,0.29800823641994206,0.05462759588144889
0157,Ceriops tagal (Perr.) C.B. Robinson,0238,Dipterocarpus kerrii King,0.38699288538782284,0.33088565378713025,0.03389503762998255,0.056107231600692586
0080,Betula papyrifera Marshall,0313,Grevillea robusta A.Cunn. ex R.Br.,0.4488846542147399,0.3923039267660832,0.2838740990600396,0.056580727448656665
0034,Anacardium L.,0045,Anopyxis klaineana (Pierre) Engl.,0.4835413791415624,0.36896207906881207,0.42664489754293794,0.05689648159862448
0071,Baikiaea plurijuga Harms,0295,Fraxinus nigra Marshall,0.6351696391297075,0.5781517144448926,0.022324164890242817,0.057017924684814925
0239,Dipteryx odorata (Aubl.) Forsyth f.,0313,Grevillea robusta A.Cunn. ex R.Br.,0.47387878129221445,0.4164011395062616,0.2838740990600396,0.05747764178595283
0091,Brachystegia Benth.,0353,Intsia Thouars,0.5440607444079664,0.36962746064415636,0.48641128958703317,0.0576494548209332
0318,Leplaea cedrata (A.Chev.) E.J.M.Koenen & J.J.de Wilde,0431,Millettia laurentii De Wild.,0.20566163128576162,0.015638624237181115,0.14784264520810295,0.057818986077658674
0238,Dipterocarpus kerrii King,0243,Dracontomelon dao (Blanco) Merr. & Rolfe,0.4263846928941408,0.03389503762998255,0.36823324125981255,0.05815145163432828
0033,Anacardium excelsum (Bertero & Balb. ex Kunth) Skeels,0071,Baikiaea plurijuga Harms,0.6368287952344298,0.07482690115830566,0.5781517144448926,0.05867708078953726
0425,Mezilaurus ita-uba (Meisn.) Taub. ex Mez,0621,Tectona grandis L.,0.6011178258634554,0.2601673546959139,0.5414864270518914,0.059631398811563985
0003,Acacia mangium Willd.,0207,Dalbergia nigra (Vell.) Allemão ex Benth.,0.4792279514496808,0.23412845438956545,0.4194156315959103,0.0598123198537705
0157,Ceriops tagal (Perr.) C.B. Robinson,0295,Fraxinus nigra Marshall,0.3919447540899257,0.33088565378713025,0.022324164890242817,0.06105910030279543
0157,Ceriops tagal (Perr.) C.B. Robinson,0181,Cotylelobium Pierre,0.3927089638388139,0.33088565378713025,0.2627628502619556,0.06182331005168362
0302,Gilbertiodendron preussii (Harms) J.Léonard,0380,Libidibia paraguariensis (D.Parodi) G.P.Lewis,0.6659215710303522,0.1175198759908919,0.6037041179533492,0.06221745307700299
0181,Cotylelobium Pierre,0238,Dipterocarpus kerrii King,0.32509830539290163,0.2627628502619556,0.03389503762998255,0.062335455130946016
0096,Brosimum guianense (Aubl.) Huber ex Ducke,0375,Koompassia malaccensis Maing.,0.5313474431902758,0.468233813156223,0.03982575224826281,0.06311363003405285
0115,Carapa guianensis Aubl.,0607,Swietenia macrophylla King,0.5164941040312928,0.45301009815803,0.07084689292776884,0.0634840058732628
0236,Dipterocarpus C.F.Gaertn.,0293,Fraxinus americana L.,0.31386499940897883,0.24925766087492005,0.2006874935372814,0.06460733853405878
0115,Carapa guianensis Aubl.,0331,Heritiera utilis (Sprague) Sprague,0.5183821055810588,0.45301009815803,0.21354296220717087,0.06537200742302879
0003,Acacia mangium Willd.,0399,Lovoa trichilioides Harms,0.3687245393334978,0.23412845438956545,0.3025441823946234,0.06618035693887442
0035,Anacardium giganteum Hancock ex Engl.,0114,Cantleya corniculata (Becc.) R.A.Howard,0.646755198134582,0.20568448529299813,0.5805310376179519,0.06622416051663016
0236,Dipterocarpus C.F.Gaertn.,0297,Fraxinus mandshurica Rupr.,0.36453351464809386,0.24925766087492005,0.29800823641994206,0.0665252782281518
0071,Baikiaea plurijuga Harms,0147,Ceiba pentandra (L.) Gaertn.,0.6447640269890769,0.5781517144448926,0.09920852062625649,0.06661231254418432
0354,Intsia bijuga (Colebr.) Kuntze,0426,Microberlinia brazzavillensis A. Chev.,0.3611457796111756,0.29407015717558727,0.23957417592531832,0.06707562243558834
0270,Erythrophleum suaveolens (Guill. & Perr.) Brenan,0302,Gilbertiodendron preussii (Harms) J.Léonard,0.47800567165144503,0.4099958913427453,0.1175198759908919,0.06800978030869975
0239,Dipteryx odorata (Aubl.) Forsyth f.,0367,Juglans nigra L.,0.48445322599321305,0.4164011395062616,0.02005651109636719,0.06805208648695144
0096,Brosimum guianense (Aubl.) Huber ex Ducke,0426,Microberlinia brazzavillensis A. Chev.,0.5364150933509628,0.468233813156223,0.23957417592531832,0.06818128019473985
0066,Aucoumea klaineana Pierre,0621,Tectona grandis L.,0.6100056428779931,0.1689848833310126,0.5414864270518914,0.06851921582610165
0238,Dipterocarpus kerrii King,0297,Fraxinus mandshurica Rupr.,0.3666104265038762,0.03389503762998255,0.29800823641994206,0.06860219008393414
0114,Cantleya corniculata (Becc.) R.A.Howard,0372,Khaya ivorensis A.Chev.,0.6495049650559134,0.5805310376179519,0.2514693324780144,0.06897392743796149
0354,Intsia bijuga (Colebr.) Kuntze,0380,Libidibia paraguariensis (D.Parodi) G.P.Lewis,0.6744353426013806,0.29407015717558727,0.6037041179533492,0.07073122464803139
0092,Brachystegia cynometroides Harms,0354,Intsia bijuga (Colebr.) Kuntze,0.3661216803886461,0.05008607091450365,0.29407015717558727,0.07205152321305885
0066,Aucoumea klaineana Pierre,0072,Baillonella toxisperma Pierre,0.4061394353557303,0.1689848833310126,0.33402537324669906,0.07211406210903126
0181,Cotylelobium Pierre,0195,Ctenolophon parvifolius Oliv.,0.3352147024206297,0.2627628502619556,0.23093942479410615,0.07245185215867406
0301,Gilbertiodendron dewevrei (De Wild.) J.Léonard,0302,Gilbertiodendron preussii (Harms) J.Léonard,0.22571425255555097,0.15292725453998418,0.1175198759908919,0.07278699801556679
0080,Betula papyrifera Marshall,0367,Juglans nigra L.,0.4653475361171753,0.3923039267660832,0.02005651109636719,0.07304360935109205
0095,Brosimum alicastrum Swartz,0147,Ceiba pentandra (L.) Gaertn.,0.5149143573188015,0.4413660741827014,0.09920852062625649,0.07354828313610012
0313,Grevillea robusta A.Cunn. ex R.Br.,0367,Juglans nigra L.,0.3576528561997041,0.2838740990600396,0.02005651109636719,0.07377875713966453
0085,Bobgunnia fistuloides (Harms) J.H. Kirkbr. & Wiersema,0269,Erythrophleum ivorense A. Chev,0.48678624143754134,0.4125872589275239,0.2903085074707726,0.07419898251001744
0033,Anacardium excelsum (Bertero & Balb. ex Kunth) Skeels,0157,Ceriops tagal (Perr.) C.B. Robinson,0.40572803746707137,0.07482690115830566,0.33088565378713025,0.07484238367994112
0367,Juglans nigra L.,0621,Tectona grandis L.,0.6165621281667228,0.02005651109636719,0.5414864270518914,0.07507570111483142
0301,Gilbertiodendron dewevrei (De Wild.) J.Léonard,0478,Peltogyne Vogel,0.2565785323440487,0.15292725453998418,0.1811470023936011,0.0754315299504476
0030,Amburana cearensis (Allemão) A.C.Sm.,0380,Libidibia paraguariensis (D.Parodi) G.P.Lewis,0.6792054950064849,0.26876027711533945,0.6037041179533492,0.07550137705313564
0115,Carapa guianensis Aubl.,0608,Swietenia mahagoni (L.) Jacq.,0.5288604858592897,0.45301009815803,0.02812049764059408,0.07585038770125968
0070,Bagassa guianensis Aubl.,0243,Dracontomelon dao (Blanco) Merr. & Rolfe,0.5296040478457902,0.4528924582382436,0.36823324125981255,0.0767115896075466
0295,Fraxinus nigra Marshall,0621,Tectona grandis L.,0.6182620193405919,0.022324164890242817,0.5414864270518914,0.07677559228870046
0372,Khaya ivorensis A.Chev.,0607,Swietenia macrophylla King,0.3293202780104236,0.2514693324780144,0.07084689292776884,0.07785094553240918
0302,Gilbertiodendron preussii (Harms) J.Léonard,0353,Intsia Thouars,0.5647777642548761,0.1175198759908919,0.48641128958703317,0.07836647466784297
0072,Baillonella toxisperma Pierre,0621,Tectona grandis L.,0.6200170340120219,0.33402537324669906,0.5414864270518914,0.07853060696013048
0147,Ceiba pentandra (L.) Gaertn.,0243,Dracontomelon dao (Blanco) Merr. & Rolfe,0.44684565720131764,0.09920852062625649,0.36823324125981255,0.07861241594150509
0399,Lovoa trichilioides Harms,0613,Tabebuia rosea (Bert.) DC.,0.381190866044951,0.3025441823946234,0.27496924594578387,0.07864668365032762
0295,Fraxinus nigra Marshall,0313,Grevillea robusta A.Cunn. ex R.Br.,0.3627298039699357,0.022324164890242817,0.2838740990600396,0.07885570490989613
0003,Acacia mangium Willd.,0258,Entandrophragma cylindricum (Sprague) Sprague,0.3319727170460053,0.23412845438956545,0.25242647174716004,0.07954624529884524
0007,Acer pseudoplatanus L.,0461,Ochroma pyramidale (Cav. ex Lam.) Urb.,0.35524046465079906,0.27538384172241354,0.09605455767171649,0.07985662292838552
0030,Amburana cearensis (Allemão) A.C.Sm.,0096,Brosimum guianense (Aubl.) Huber ex Ducke,0.5482494324000342,0.26876027711533945,0.468233813156223,0.08001561924381123
0478,Peltogyne Vogel,0480,Peltogyne mexicana Martínez,0.2620633646343863,0.1811470023936011,0.1079574407089981,0.08091636224078519
0270,Erythrophleum suaveolens (Guill. & Perr.) Brenan,0478,Peltogyne Vogel,0.49130862913778933,0.4099958913427453,0.1811470023936011,0.08131273779504405
0258,Entandrophragma cylindricum (Sprague) Sprague,0607,Swietenia macrophylla King,0.3338206971028056,0.25242647174716004,0.07084689292776884,0.08139422535564556
0072,Baillonella toxisperma Pierre,0552,Quercus alba L.,0.4154513816051054,0.33402537324669906,0.11942757291818792,0.08142600835840635
0214,Daniellia thurifera Benn.,0259,Entandrophragma utile (Dawe & Sprague) Sprague,0.4866255263406506,0.4049723941201597,0.2069978345154368,0.08165313222049092
0269,Erythrophleum ivorense A. Chev,0625,Terminalia superba Engl.& Diels,0.44477431475902246,0.2903085074707726,0.36271194838005,0.08206236637897246
0294,Fraxinus excelsior L.,0297,Fraxinus mandshurica Rupr.,0.3827438609338907,0.17627665442045826,0.29800823641994206,0.08473562451394862
0033,Anacardium excelsum (Bertero & Balb. ex Kunth) Skeels,0295,Fraxinus nigra Marshall,0.15992595869267534,0.07482690115830566,0.022324164890242817,0.08509905753436968
0147,Ceiba pentandra (L.) Gaertn.,0181,Cotylelobium Pierre,0.34793844067615176,0.09920852062625649,0.2627628502619556,0.08517559041419615
0033,Anacardium excelsum (Bertero & Balb. ex Kunth) Skeels,0296,Fraxinus ornus L.,0.35662492948111874,0.07482690115830566,0.2704807546799976,0.08614417480112113
0181,Cotylelobium Pierre,0295,Fraxinus nigra Marshall,0.34905271958765116,0.2627628502619556,0.022324164890242817,0.08628986932569555
0071,Baikiaea plurijuga Harms,0238,Dipterocarpus kerrii King,0.6656698130185421,0.5781517144448926,0.03389503762998255,0.08751809857364956
0318,Leplaea cedrata (A.Chev.) E.J.M.Koenen & J.J.de Wilde,0380,Libidibia paraguariensis (D.Parodi) G.P.Lewis,0.6916298671293792,0.015638624237181115,0.6037041179533492,0.08792574917603002
0372,Khaya ivorensis A.Chev.,0608,Swietenia mahagoni (L.) Jacq.,0.3395461133710844,0.2514693324780144,0.02812049764059408,0.08807678089307003
0353,Intsia Thouars,0480,Peltogyne mexicana Martínez,0.5754816020417743,0.48641128958703317,0.1079574407089981,0.08907031245474117
0033,Anacardium excelsum (Bertero & Balb. ex Kunth) Skeels,0195,Ctenolophon parvifolius Oliv.,0.3200381798210229,0.07482690115830566,0.23093942479410615,0.08909875502691675
0353,Intsia Thouars,0354,Intsia bijuga (Colebr.) Kuntze,0.5758562233622069,0.48641128958703317,0.29407015717558727,0.08944493377517371
0621,Tectona grandis L.,0648,Triplochiton scleroxylon K. Schum.,0.6311550057754278,0.5414864270518914,0.16453642510521302,0.0896685787235364
0091,Brachystegia Benth.,0426,Microberlinia brazzavillensis A. Chev.,0.4594447317035237,0.36962746064415636,0.23957417592531832,0.08981727105936732
0239,Dipteryx odorata (Aubl.) Forsyth f.,0648,Triplochiton scleroxylon K. Schum.,0.5062643678887943,0.4164011395062616,0.16453642510521302,0.08986322838253263
0080,Betula papyrifera Marshall,0648,Triplochiton scleroxylon K. Schum.,0.4830697173744653,0.3923039267660832,0.16453642510521302,0.09076579060838208
0070,Bagassa guianensis Aubl.,0115,Carapa guianensis Aubl.,0.5439523401891455,0.4528924582382436,0.45301009815803,0.0909422420311155
0269,Erythrophleum ivorense A. Chev,0480,Peltogyne mexicana Martínez,0.381550553244955,0.2903085074707726,0.1079574407089981,0.09124204577418243
0095,Brosimum alicastrum Swartz,0114,Cantleya corniculata (Becc.) R.A.Howard,0.67206662100214,0.4413660741827014,0.5805310376179519,0.0915355833841881
0256,Entandrophragma angolense (Welw.) Panshin,0324,Guibourtia pellegriniana J.Léonard,0.4111889998840149,0.319302552831661,0.20301559578579392,0.09188644705235394
0071,Baikiaea plurijuga Harms,0552,Quercus alba L.,0.6702845640982396,0.5781517144448926,0.11942757291818792,0.092132849653347
0085,Bobgunnia fistuloides (Harms) J.H. Kirkbr. & Wiersema,0480,Peltogyne mexicana Martínez,0.5047881513966914,0.4125872589275239,0.1079574407089981,0.09220089246916752
0045,Anopyxis klaineana (Pierre) Engl.,0147,Ceiba pentandra (L.) Gaertn.,0.5189980567035446,0.42664489754293794,0.09920852062625649,0.09235315916060666
0033,Anacardium excelsum (Bertero & Balb. ex Kunth) Skeels,0114,Cantleya corniculata (Becc.) R.A.Howard,0.6730991958164902,0.07482690115830566,0.5805310376179519,0.09256815819853836
0181,Cotylelobium Pierre,0236,Dipterocarpus C.F.Gaertn.,0.35539538538260707,0.2627628502619556,0.24925766087492005,0.09263253512065145
0293,Fraxinus americana L.,0380,Libidibia paraguariensis (D.Parodi) G.P.Lewis,0.6963948018428232,0.2006874935372814,0.6037041179533492,0.09269068388947399
0295,Fraxinus nigra Marshall,0296,Fraxinus ornus L.,0.36335376763917393,0.022324164890242817,0.2704807546799976,0.09287301295917633
0214,Daniellia thurifera Benn.,0331,Heritiera utilis (Sprague) Sprague,0.49786886061759217,0.4049723941201597,0.21354296220717087,0.0928964664974325
0239,Dipteryx odorata (Aubl.) Forsyth f.,0380,Libidibia paraguariensis (D.Parodi) G.P.Lewis,0.6972085844974167,0.4164011395062616,0.6037041179533492,0.09350446654406752
0301,Gilbertiodendron dewevrei (De Wild.) J.Léonard,0380,Libidibia paraguariensis (D.Parodi) G.P.Lewis,0.6972904236230582,0.15292725453998418,0.6037041179533492,0.09358630566970894
0158,"Chlorocardium rodiei (R.H.Schomb.) Rohwer, H.G.Richt. & van der Werff",0243,Dracontomelon dao (Blanco) Merr. & Rolfe,0.4620889815046013,0.10003326503781798,0.36823324125981255,0.09385574024478877
0380,Libidibia paraguariensis (D.Parodi) G.P.Lewis,0541,Pterygota macrocarpa K. Schum.,0.6976433415382375,0.6037041179533492,0.016821229975053267,0.09393922358488827
0313,Grevillea robusta A.Cunn. ex R.Br.,0648,Triplochiton scleroxylon K. Schum.,0.3778525423020883,0.2838740990600396,0.16453642510521302,0.09397844324204874
0072,Baillonella toxisperma Pierre,0080,Betula papyrifera Marshall,0.4866640721344055,0.33402537324669906,0.3923039267660832,0.09436014536832227
0270,Erythrophleum suaveolens (Guill. & Perr.) Brenan,0625,Terminalia superba Engl.& Diels,0.5052832458836096,0.4099958913427453,0.36271194838005,0.09528735454086434
0114,Cantleya corniculata (Becc.) R.A.Howard,0399,Lovoa trichilioides Harms,0.6761817091164449,0.5805310376179519,0.3025441823946234,0.09565067149849305
0071,Baikiaea plurijuga Harms,0129,Castanea crenata Siebold & Zucc.,0.6741721533958646,0.5781517144448926,0.01642495583191611,0.09602043895097201
0301,Gilbertiodendron dewevrei (De Wild.) J.Léonard,0354,Intsia bijuga (Colebr.) Kuntze,0.3905861933312448,0.15292725453998418,0.29407015717558727,0.09651603615565751
0313,Grevillea robusta A.Cunn. ex R.Br.,0380,Libidibia paraguariensis (D.Parodi) G.P.Lewis,0.700235640354844,0.2838740990600396,0.6037041179533492,0.09653152240149476
0035,Anacardium giganteum Hancock ex Engl.,0181,Cotylelobium Pierre,0.35965329405809576,0.20568448529299813,0.2627628502619556,0.09689044379614015
0095,Brosimum alicastrum Swartz,0293,Fraxinus americana L.,0.5384841176095496,0.4413660741827014,0.2006874935372814,0.09711804342684821
0236,Dipterocarpus C.F.Gaertn.,0380,Libidibia paraguariensis (D.Parodi) G.P.Lewis,0.7015570282051695,0.24925766087492005,0.6037041179533492,0.0978529102518203
0030,Amburana cearensis (Allemão) A.C.Sm.,0114,Cantleya corniculata (Becc.) R.A.Howard,0.6797365782551061,0.26876027711533945,0.5805310376179519,0.09920554063715425
0095,Brosimum alicastrum Swartz,0296,Fraxinus ornus L.,0.5407459467297854,0.4413660741827014,0.2704807546799976,0.09937987254708397
0071,Baikiaea plurijuga Harms,0072,Baillonella toxisperma Pierre,0.6783393176756247,0.5781517144448926,0.33402537324669906,0.10018760323073217
0034,Anacardium L.,0070,Bagassa guianensis Aubl.,0.5533269234501231,0.36896207906881207,0.4528924582382436,0.10043446521187954
0259,Entandrophragma utile (Dawe & Sprague) Sprague,0621,Tectona grandis L.,0.6420502040251819,0.2069978345154368,0.5414864270518914,0.10056377697329044
0375,Koompassia malaccensis Maing.,0625,Terminalia superba Engl.& Diels,0.46340626312386873,0.03982575224826281,0.36271194838005,0.10069431474381874
0207,Dalbergia nigra (Vell.) Allemão ex Benth.,0380,Libidibia paraguariensis (D.Parodi) G.P.Lewis,0.7052110590194625,0.4194156315959103,0.6037041179533492,0.10150694106611324
0258,Entandrophragma cylindricum (Sprague) Sprague,0608,Swietenia mahagoni (L.) Jacq.,0.3540734195201689,0.25242647174716004,0.02812049764059408,0.10164694777300887
0095,Brosimum alicastrum Swartz,0380,Libidibia paraguariensis (D.Parodi) G.P.Lewis,0.7054030215676135,0.4413660741827014,0.6037041179533492,0.10169890361426426
0045,Anopyxis klaineana (Pierre) Engl.,0380,Libidibia paraguariensis (D.Parodi) G.P.Lewis,0.7054386809923567,0.42664489754293794,0.6037041179533492,0.10173456303900752
0158,"Chlorocardium rodiei (R.H.Schomb.) Rohwer, H.G.Richt. & van der Werff",0613,Tabebuia rosea (Bert.) DC.,0.37730036469094724,0.10003326503781798,0.27496924594578387,0.10233111874516337
0006,Acer platanoides L.,0073,Balfourodendron riedelianum (Engl.) Engl.,0.48639143447872424,0.18973256215443007,0.38391787966371865,0.10247355481500559
0195,Ctenolophon parvifolius Oliv.,0313,Grevillea robusta A.Cunn. ex R.Br.,0.3863607261424522,0.23093942479410615,0.2838740990600396,0.10248662708241263
0085,Bobgunnia fistuloides (Harms) J.H. Kirkbr. & Wiersema,0399,Lovoa trichilioides Harms,0.5159688765206795,0.4125872589275239,0.3025441823946234,0.10338161759315556
0256,Entandrophragma angolense (Welw.) Panshin,0331,Heritiera utilis (Sprague) Sprague,0.4226975816319591,0.319302552831661,0.21354296220717087,0.1033950288002981
0147,Ceiba pentandra (L.) Gaertn.,0295,Fraxinus nigra Marshall,0.2029021393797251,0.09920852062625649,0.022324164890242817,0.10369361875346861
0295,Fraxinus nigra Marshall,0648,Triplochiton scleroxylon K. Schum.,0.268295096140156,0.022324164890242817,0.16453642510521302,0.10375867103494299
0096,Brosimum guianense (Aubl.) Huber ex Ducke,0301,Gilbertiodendron dewevrei (De Wild.) J.Léonard,0.5734517829656927,0.468233813156223,0.15292725453998418,0.10521796980946968
0325,Guibourtia tessmannii (Harms) J.Léonard,0326,Guibourtia ehie (A. Chev.) J. Léonard,0.4041063986466353,0.19769310265299028,0.2984188053844587,0.10568759326217658
0033,Anacardium excelsum (Bertero & Balb. ex Kunth) Skeels,0147,Ceiba pentandra (L.) Gaertn.,0.2062319738898673,0.07482690115830566,0.09920852062625649,0.10702345326361082
0095,Brosimum alicastrum Swartz,0297,Fraxinus mandshurica Rupr.,0.5484164904846547,0.4413660741827014,0.29800823641994206,0.10705041630195328
0380,Libidibia paraguariensis (D.Parodi) G.P.Lewis,0425,Mezilaurus ita-uba (Meisn.) Taub. ex Mez,0.7113166055890741,0.6037041179533492,0.2601673546959139,0.10761248763572484
0091,Brachystegia Benth.,0324,Guibourtia pellegriniana J.Léonard,0.4773126725782839,0.36962746064415636,0.20301559578579392,0.10768521193412756
0092,Brachystegia cynometroides Harms,0380,Libidibia paraguariensis (D.Parodi) G.P.Lewis,0.711495637545043,0.05008607091450365,0.6037041179533492,0.10779151959169375
0007,Acer pseudoplatanus L.,0073,Balfourodendron riedelianum (Engl.) Engl.,0.493194972075576,0.27538384172241354,0.38391787966371865,0.10927709241185735
0096,Brosimum guianense (Aubl.) Huber ex Ducke,0270,Erythrophleum suaveolens (Guill. & Perr.) Brenan,0.5776506550275179,0.468233813156223,0.4099958913427453,0.10941684187129491
0238,Dipterocarpus kerrii King,0621,Tectona grandis L.,0.6516077522279589,0.03389503762998255,0.5414864270518914,0.11012132517606743
0297,Fraxinus mandshurica Rupr.,0621,Tectona grandis L.,0.6519704457423026,0.29800823641994206,0.5414864270518914,0.11048401869041113
0072,Baillonella toxisperma Pierre,0095,Brosimum alicastrum Swartz,0.5522730603726589,0.33402537324669906,0.4413660741827014,0.11090698618995748
0093,Brachystegia laurentii (De Wild.) Louis ex J.Léonard,0096,Brosimum guianense (Aubl.) Huber ex Ducke,0.5791717199101458,0.3343633761708376,0.468233813156223,0.11093790675392284
0256,Entandrophragma angolense (Welw.) Panshin,0325,Guibourtia tessmannii (Harms) J.Léonard,0.4302967875298268,0.319302552831661,0.19769310265299028,0.11099423469816583
0353,Intsia Thouars,0380,Libidibia paraguariensis (D.Parodi) G.P.Lewis,0.7148199388921168,0.48641128958703317,0.6037041179533492,0.1111158209387676
0035,Anacardium giganteum Hancock ex Engl.,0295,Fraxinus nigra Marshall,0.317181639538451,0.20568448529299813,0.022324164890242817,0.1114971542454529
0114,Cantleya corniculata (Becc.) R.A.Howard,0326,Guibourtia ehie (A. Chev.) J. Léonard,0.6929253226070524,0.5805310376179519,0.2984188053844587,0.11239428498910053
0066,Aucoumea klaineana Pierre,0313,Grevillea robusta A.Cunn. ex R.Br.,0.39651148707477174,0.1689848833310126,0.2838740990600396,0.11263738801473216
0030,Amburana cearensis (Allemão) A.C.Sm.,0207,Dalbergia nigra (Vell.) Allemão ex Benth.,0.5322254295538735,0.26876027711533945,0.4194156315959103,0.11280979795796325
0243,Dracontomelon dao (Blanco) Merr. & Rolfe,0380,Libidibia paraguariensis (D.Parodi) G.P.Lewis,0.7167701322236526,0.36823324125981255,0.6037041179533492,0.11306601427030338
0033,Anacardium excelsum (Bertero & Balb. ex Kunth) Skeels,0070,Bagassa guianensis Aubl.,0.5668096177654789,0.07482690115830566,0.4528924582382436,0.1139171595272353
0071,Baikiaea plurijuga Harms,0554,Quercus robur L.,0.692275046565257,0.5781517144448926,0.11024859949584655,0.1141233321203644
0256,Entandrophragma angolense (Welw.) Panshin,0258,Entandrophragma cylindricum (Sprague) Sprague,0.4345232932229843,0.319302552831661,0.25242647174716004,0.1152207403913233
0380,Libidibia paraguariensis (D.Parodi) G.P.Lewis,0396,Lophira alata Banks ex C.F.Gaertn.,0.7195660468738849,0.6037041179533492,0.027865923684178843,0.1158619289205357
0070,Bagassa guianensis Aubl.,0294,Fraxinus excelsior L.,0.5702870801446659,0.4528924582382436,0.17627665442045826,0.1173946219064223
0331,Heritiera utilis (Sprague) Sprague,0607,Swietenia macrophylla King,0.33142344186323025,0.21354296220717087,0.07084689292776884,0.11788047965605938
0147,Ceiba pentandra (L.) Gaertn.,0296,Fraxinus ornus L.,0.3886566339929788,0.09920852062625649,0.2704807546799976,0.11817587931298118
0115,Carapa guianensis Aubl.,0259,Entandrophragma utile (Dawe & Sprague) Sprague,0.5712755931432902,0.45301009815803,0.2069978345154368,0.11826549498526023
0030,Amburana cearensis (Allemão) A.C.Sm.,0070,Bagassa guianensis Aubl.,0.5716439111403283,0.26876027711533945,0.4528924582382436,0.11875145290208472
0324,Guibourtia pellegriniana J.Léonard,0325,Guibourtia tessmannii (Harms) J.Léonard,0.32258137773133966,0.20301559578579392,0.19769310265299028,0.11956578194554573
0147,Ceiba pentandra (L.) Gaertn.,0195,Ctenolophon parvifolius Oliv.,0.3506146004833485,0.09920852062625649,0.23093942479410615,0.11967517568924238
0073,Balfourodendron riedelianum (Engl.) Engl.,0353,Intsia Thouars,0.6061154196628785,0.38391787966371865,0.48641128958703317,0.11970413007584535
0244,Dryobalanops C.F.Gaertn.,0326,Guibourtia ehie (A. Chev.) J. Léonard,0.4188586829993798,0.03512342815501089,0.2984188053844587,0.12043987761492109
0085,Bobgunnia fistuloides (Harms) J.H. Kirkbr. & Wiersema,0245,Dryobalanops aromatica C.F.Gaertn.,0.533142914870905,0.4125872589275239,0.08261225579476351,0.12055565594338113
0071,Baikiaea plurijuga Harms,0157,Ceriops tagal (Perr.) C.B. Robinson,0.699563517730923,0.5781517144448926,0.33088565378713025,0.1214118032860304
0070,Bagassa guianensis Aubl.,0296,Fraxinus ornus L.,0.5744693479922772,0.4528924582382436,0.2704807546799976,0.12157688975403363
0030,Amburana cearensis (Allemão) A.C.Sm.,0270,Erythrophleum suaveolens (Guill. & Perr.) Brenan,0.5323308710295891,0.26876027711533945,0.4099958913427453,0.12233497968684381
0114,Cantleya corniculata (Becc.) R.A.Howard,0236,Dipterocarpus C.F.Gaertn.,0.7031351279786457,0.5805310376179519,0.24925766087492005,0.12260409036069386
0354,Intsia bijuga (Colebr.) Kuntze,0478,Peltogyne Vogel,0.4169381042520872,0.29407015717558727,0.1811470023936011,0.12286794707649995
0239,Dipteryx odorata (Aubl.) Forsyth f.,0293,Fraxinus americana L.,0.5398084806422818,0.4164011395062616,0.2006874935372814,0.1234073411360202
0080,Betula papyrifera Marshall,0371,Khaya grandifoliola C.DC.,0.5161172211560993,0.3923039267660832,0.048818241280783575,0.12381329439001604
0293,Fraxinus americana L.,0621,Tectona grandis L.,0.6655037013243088,0.2006874935372814,0.5414864270518914,0.12401727427241738
0114,Cantleya corniculata (Becc.) R.A.Howard,0323,Guibourtia demeusei (Harms) J.Léonard,0.7048332247986517,0.5805310376179519,0.35528177474147954,0.12430218718069985
0331,Heritiera utilis (Sprague) Sprague,0608,Swietenia mahagoni (L.) Jacq.,0.33828010050096735,0.21354296220717087,0.02812049764059408,0.12473713829379648
0070,Bagassa guianensis Aubl.,0147,Ceiba pentandra (L.) Gaertn.,0.5781088874259622,0.4528924582382436,0.09920852062625649,0.12521642918771864
0243,Dracontomelon dao (Blanco) Merr. & Rolfe,0295,Fraxinus nigra Marshall,0.49446368893598747,0.36823324125981255,0.022324164890242817,0.12623044767617492
0323,Guibourtia demeusei (Harms) J.Léonard,0607,Swietenia macrophylla King,0.48158041830689646,0.35528177474147954,0.07084689292776884,0.12629864356541692
0207,Dalbergia nigra (Vell.) Allemão ex Benth.,0625,Terminalia superba Engl.& Diels,0.5468339570600828,0.4194156315959103,0.36271194838005,0.12741832546417248
0323,Guibourtia demeusei (Harms) J.Léonard,0608,Swietenia mahagoni (L.) Jacq.,0.4828014173746058,0.35528177474147954,0.02812049764059408,0.12751964263312626
0243,Dracontomelon dao (Blanco) Merr. & Rolfe,0678,Albizia ferruginea (Guill. & Perr.) Benth.,0.49610091226063746,0.36823324125981255,0.35777892083270585,0.1278676710008249
0045,Anopyxis klaineana (Pierre) Engl.,0096,Brosimum guianense (Aubl.) Huber ex Ducke,0.5965925540457272,0.42664489754293794,0.468233813156223,0.12835874088950422
0034,Anacardium L.,0114,Cantleya corniculata (Becc.) R.A.Howard,0.7097950231223277,0.36896207906881207,0.5805310376179519,0.1292639855043758
0294,Fraxinus excelsior L.,0296,Fraxinus ornus L.,0.3997737640656768,0.17627665442045826,0.2704807546799976,0.12929300938567917
0195,Ctenolophon parvifolius Oliv.,0236,Dipterocarpus C.F.Gaertn.,0.3785885268409436,0.23093942479410615,0.24925766087492005,0.12933086596602353
0045,Anopyxis klaineana (Pierre) Engl.,0678,Albizia ferruginea (Guill. & Perr.) Benth.,0.5562056485240348,0.42664489754293794,0.35777892083270585,0.12956075098109682
0214,Daniellia thurifera Benn.,0372,Khaya ivorensis A.Chev.,0.5348117807733016,0.4049723941201597,0.2514693324780144,0.12983938665314193
0092,Brachystegia cynometroides Harms,0323,Guibourtia demeusei (Harms) J.Léonard,0.48582639132986855,0.05008607091450365,0.35528177474147954,0.130544616588389
0296,Fraxinus ornus L.,0625,Terminalia superba Engl.& Diels,0.4933687111178874,0.2704807546799976,0.36271194838005,0.13065676273783738
0096,Brosimum guianense (Aubl.) Huber ex Ducke,0243,Dracontomelon dao (Blanco) Merr. & Rolfe,0.5992271812970925,0.468233813156223,0.36823324125981255,0.13099336814086954
0003,Acacia mangium Willd.,0114,Cantleya corniculata (Becc.) R.A.Howard,0.7118117770552772,0.23412845438956545,0.5805310376179519,0.13128073943732532
0239,Dipteryx odorata (Aubl.) Forsyth f.,0297,Fraxinus mandshurica Rupr.,0.5482826935539475,0.4164011395062616,0.29800823641994206,0.13188155404768592
0257,Entandrophragma candollei Harms,0396,Lophira alata Banks ex C.F.Gaertn.,0.321102161279493,0.18916044854556002,0.027865923684178843,0.13194171273393296
0258,Entandrophragma cylindricum (Sprague) Sprague,0625,Terminalia superba Engl.& Diels,0.4947725642566109,0.25242647174716004,0.36271194838005,0.13206061587656093
0238,Dipterocarpus kerrii King,0648,Triplochiton scleroxylon K. Schum.,0.29750280308029703,0.03389503762998255,0.16453642510521302,0.132966377975084
0297,Fraxinus mandshurica Rupr.,0380,Libidibia paraguariensis (D.Parodi) G.P.Lewis,0.737080591945664,0.29800823641994206,0.6037041179533492,0.13337647399231478
0095,Brosimum alicastrum Swartz,0157,Ceriops tagal (Perr.) C.B. Robinson,0.5751266897735406,0.4413660741827014,0.33088565378713025,0.13376061559083924
0372,Khaya ivorensis A.Chev.,0621,Tectona grandis L.,0.6753009134357171,0.2514693324780144,0.5414864270518914,0.13381448638382565
0071,Baikiaea plurijuga Harms,0130,Castanea sativa Mill.,0.7123017069058613,0.5781517144448926,0.15586720528769307,0.1341499924609687
0030,Amburana cearensis (Allemão) A.C.Sm.,0613,Tabebuia rosea (Bert.) DC.,0.40913809266876644,0.26876027711533945,0.27496924594578387,0.13416884672298257
0092,Brachystegia cynometroides Harms,0096,Brosimum guianense (Aubl.) Huber ex Ducke,0.6024368036241885,0.05008607091450365,0.468233813156223,0.13420299046796552
0073,Balfourodendron riedelianum (Engl.) Engl.,0606,Swietenia humilis Zucc.,0.518203075929722,0.38391787966371865,0.03956854200666897,0.13428519626600338
0238,Dipterocarpus kerrii King,0313,Grevillea robusta A.Cunn. ex R.Br.,0.4182305248992333,0.03389503762998255,0.2838740990600396,0.13435642583919372
0114,Cantleya corniculata (Becc.) R.A.Howard,0608,Swietenia mahagoni (L.) Jacq.,0.7149060072662126,0.5805310376179519,0.02812049764059408,0.13437496964826068
0258,Entandrophragma cylindricum (Sprague) Sprague,0621,Tectona grandis L.,0.6763269458964742,0.25242647174716004,0.5414864270518914,0.1348405188445828
0080,Betula papyrifera Marshall,0621,Tectona grandis L.,0.6769070701909113,0.3923039267660832,0.5414864270518914,0.13542064313901991
0072,Baillonella toxisperma Pierre,0081,Betula pendula Roth,0.4695148472303128,0.33402537324669906,0.0025807385340572584,0.13548947398361372
0367,Juglans nigra L.,0380,Libidibia paraguariensis (D.Parodi) G.P.Lewis,0.7400895610257119,0.02005651109636719,0.6037041179533492,0.13638544307236267
0073,Balfourodendron riedelianum (Engl.) Engl.,0080,Betula papyrifera Marshall,0.5294266939872034,0.38391787966371865,0.3923039267660832,0.1371227672211202
0003,Acacia mangium Willd.,0380,Libidibia paraguariensis (D.Parodi) G.P.Lewis,0.7408423835685073,0.23412845438956545,0.6037041179533492,0.13713826561515807
0236,Dipterocarpus C.F.Gaertn.,0621,Tectona grandis L.,0.678647493187968,0.24925766087492005,0.5414864270518914,0.1371610661360766
0091,Brachystegia Benth.,0326,Guibourtia ehie (A. Chev.) J. Léonard,0.5068406464241164,0.36962746064415636,0.2984188053844587,0.13721318577996006
0147,Ceiba pentandra (L.) Gaertn.,0621,Tectona grandis L.,0.6791133250445848,0.09920852062625649,0.5414864270518914,0.13762689799269334
0034,Anacardium L.,0613,Tabebuia rosea (Bert.) DC.,0.5066719113505123,0.36896207906881207,0.27496924594578387,0.1377098322817002
0158,"Chlorocardium rodiei (R.H.Schomb.) Rohwer, H.G.Richt. & van der Werff",0207,Dalbergia nigra (Vell.) Allemão ex Benth.,0.5579784230741355,0.10003326503781798,0.4194156315959103,0.1385627914782252
0071,Baikiaea plurijuga Harms,0114,Cantleya corniculata (Becc.) R.A.Howard,0.7194657866268058,0.5781517144448926,0.5805310376179519,0.13893474900885394
0114,Cantleya corniculata (Becc.) R.A.Howard,0607,Swietenia macrophylla King,0.7199295918958855,0.5805310376179519,0.07084689292776884,0.13939855427793357
0070,Bagassa guianensis Aubl.,0621,Tectona grandis L.,0.6811913257706171,0.4528924582382436,0.5414864270518914,0.1397048987187257
0157,Ceriops tagal (Perr.) C.B. Robinson,0195,Ctenolophon parvifolius Oliv.,0.47080000924451115,0.33088565378713025,0.23093942479410615,0.1399143554573809
0207,Dalbergia nigra (Vell.) Allemão ex Benth.,0269,Erythrophleum ivorense A. Chev,0.5595812077929314,0.4194156315959103,0.2903085074707726,0.14016557619702114
0071,Baikiaea plurijuga Harms,0553,Quercus petraea (Matt.) Liebl.,0.7183455416072767,0.5781517144448926,0.2581276659186852,0.14019382716238415
0091,Brachystegia Benth.,0380,Libidibia paraguariensis (D.Parodi) G.P.Lewis,0.7443516488140572,0.36962746064415636,0.6037041179533492,0.14064753086070803
0375,Koompassia malaccensis Maing.,0399,Lovoa trichilioides Harms,0.4434250280078284,0.03982575224826281,0.3025441823946234,0.14088084561320502
0066,Aucoumea klaineana Pierre,0239,Dipteryx odorata (Aubl.) Forsyth f.,0.5572825856609517,0.1689848833310126,0.4164011395062616,0.14088144615469006
0380,Libidibia paraguariensis (D.Parodi) G.P.Lewis,0648,Triplochiton scleroxylon K. Schum.,0.7447315147407325,0.6037041179533492,0.16453642510521302,0.1410273967873833
0607,Swietenia macrophylla King,0621,Tectona grandis L.,0.6825360574533168,0.07084689292776884,0.5414864270518914,0.14104963040142537
0071,Baikiaea plurijuga Harms,0080,Betula papyrifera Marshall,0.7192442486886919,0.5781517144448926,0.3923039267660832,0.1410925342437993
0095,Brosimum alicastrum Swartz,0313,Grevillea robusta A.Cunn. ex R.Br.,0.5831999073144959,0.4413660741827014,0.2838740990600396,0.14183383313179448
0095,Brosimum alicastrum Swartz,0621,Tectona grandis L.,0.6833950601830465,0.4413660741827014,0.5414864270518914,0.1419086331311551
0009,Leptolobium Vogel,0093,Brachystegia laurentii (De Wild.) Louis ex J.Léonard,0.4766213538245211,0.16101899818656135,0.3343633761708376,0.14225797765368348
0302,Gilbertiodendron preussii (Harms) J.Léonard,0326,Guibourtia ehie (A. Chev.) J. Léonard,0.4412718814244869,0.1175198759908919,0.2984188053844587,0.14285307604002823
0071,Baikiaea plurijuga Harms,0621,Tectona grandis L.,0.7213410940785939,0.5781517144448926,0.5414864270518914,0.14318937963370137
0093,Brachystegia laurentii (De Wild.) Louis ex J.Léonard,0380,Libidibia paraguariensis (D.Parodi) G.P.Lewis,0.7470605494292191,0.3343633761708376,0.6037041179533492,0.14335643147586985
0313,Grevillea robusta A.Cunn. ex R.Br.,0371,Khaya grandifoliola C.DC.,0.42763204175504765,0.2838740990600396,0.048818241280783575,0.14375794269500808
0030,Amburana cearensis (Allemão) A.C.Sm.,0625,Terminalia superba Engl.& Diels,0.5068628652113265,0.26876027711533945,0.36271194838005,0.1441509168312765
0257,Entandrophragma candollei Harms,0318,Leplaea cedrata (A.Chev.) E.J.M.Koenen & J.J.de Wilde,0.3335138335651082,0.18916044854556002,0.015638624237181115,0.1443533850195482
0115,Carapa guianensis Aubl.,0372,Khaya ivorensis A.Chev.,0.5983165201026117,0.45301009815803,0.2514693324780144,0.1453064219445817
0238,Dipterocarpus kerrii King,0293,Fraxinus americana L.,0.34617327075849935,0.03389503762998255,0.2006874935372814,0.14548577722121794
0239,Dipteryx odorata (Aubl.) Forsyth f.,0296,Fraxinus ornus L.,0.5625197930334092,0.4164011395062616,0.2704807546799976,0.14611865352714754
0114,Cantleya corniculata (Becc.) R.A.Howard,0244,Dryobalanops C.F.Gaertn.,0.7269533824331109,0.5805310376179519,0.03512342815501089,0.14642234481515903
0147,Ceiba pentandra (L.) Gaertn.,0157,Ceriops tagal (Perr.) C.B. Robinson,0.4773448368559151,0.09920852062625649,0.33088565378713025,0.14645918306878486
0371,Khaya grandifoliola C.DC.,0621,Tectona grandis L.,0.6880622677904669,0.048818241280783575,0.5414864270518914,0.14657584073857544
0181,Cotylelobium Pierre,0380,Libidibia paraguariensis (D.Parodi) G.P.Lewis,0.7507842621695355,0.2627628502619556,0.6037041179533492,0.14708014421618631
0070,Bagassa guianensis Aubl.,0678,Albizia ferruginea (Guill. & Perr.) Benth.,0.600930823476169,0.4528924582382436,0.35777892083270585,0.1480383652379254
0326,Guibourtia ehie (A. Chev.) J. Léonard,0380,Libidibia paraguariensis (D.Parodi) G.P.Lewis,0.7517918680370757,0.2984188053844587,0.6037041179533492,0.14808775008372643
0092,Brachystegia cynometroides Harms,0302,Gilbertiodendron preussii (Harms) J.Léonard,0.2656345817713559,0.05008607091450365,0.1175198759908919,0.14811470578046398
0354,Intsia bijuga (Colebr.) Kuntze,0480,Peltogyne mexicana Martínez,0.4433351384481181,0.29407015717558727,0.1079574407089981,0.14926498127253085
0324,Guibourtia pellegriniana J.Léonard,0354,Intsia bijuga (Colebr.) Kuntze,0.44409796202450535,0.20301559578579392,0.29407015717558727,0.1500278048489181
0380,Libidibia paraguariensis (D.Parodi) G.P.Lewis,0625,Terminalia superba Engl.& Diels,0.7546306698430649,0.6037041179533492,0.36271194838005,0.1509265518897157
0095,Brosimum alicastrum Swartz,0294,Fraxinus excelsior L.,0.5925051838029646,0.4413660741827014,0.17627665442045826,0.15113910962026317
0034,Anacardium L.,0095,Brosimum alicastrum Swartz,0.5929523114082558,0.36896207906881207,0.4413660741827014,0.15158623722555437
0093,Brachystegia laurentii (De Wild.) Louis ex J.Léonard,0324,Guibourtia pellegriniana J.Léonard,0.48599051022523876,0.3343633761708376,0.20301559578579392,0.15162713405440115
0095,Brosimum alicastrum Swartz,0554,Quercus robur L.,0.5930731164124837,0.4413660741827014,0.11024859949584655,0.15170704222978232
0293,Fraxinus americana L.,0294,Fraxinus excelsior L.,0.3524756177548458,0.2006874935372814,0.17627665442045826,0.1517881242175644
0297,Fraxinus mandshurica Rupr.,0625,Terminalia superba Engl.& Diels,0.5145085813797506,0.29800823641994206,0.36271194838005,0.15179663299970064
0072,Baillonella toxisperma Pierre,0553,Quercus petraea (Matt.) Liebl.,0.4858876165646465,0.33402537324669906,0.2581276659186852,0.15186224331794745
0371,Khaya grandifoliola C.DC.,0372,Khaya ivorensis A.Chev.,0.40350314308042473,0.048818241280783575,0.2514693324780144,0.15203381060241034
0096,Brosimum guianense (Aubl.) Huber ex Ducke,0326,Guibourtia ehie (A. Chev.) J. Léonard,0.6208931568914755,0.468233813156223,0.2984188053844587,0.15265934373525253
0195,Ctenolophon parvifolius Oliv.,0425,Mezilaurus ita-uba (Meisn.) Taub. ex Mez,0.41307767065684653,0.23093942479410615,0.2601673546959139,0.15291031596093263
0073,Balfourodendron riedelianum (Engl.) Engl.,0331,Heritiera utilis (Sprague) Sprague,0.5370335614216728,0.38391787966371865,0.21354296220717087,0.15311568175795415
0325,Guibourtia tessmannii (Harms) J.Léonard,0353,Intsia Thouars,0.6396838089474404,0.19769310265299028,0.48641128958703317,0.1532725193604072
0353,Intsia Thouars,0375,Koompassia malaccensis Maing.,0.640001523795724,0.48641128958703317,0.03982575224826281,0.15359023420869078
0354,Intsia bijuga (Colebr.) Kuntze,0399,Lovoa trichilioides Harms,0.4562898853692974,0.29407015717558727,0.3025441823946234,0.153745702974674
0096,Brosimum guianense (Aubl.) Huber ex Ducke,0380,Libidibia paraguariensis (D.Parodi) G.P.Lewis,0.7576295303133403,0.468233813156223,0.6037041179533492,0.15392541235999113
0071,Baikiaea plurijuga Harms,0181,Cotylelobium Pierre,0.7322486740318306,0.5781517144448926,0.2627628502619556,0.15409695958693803
0070,Bagassa guianensis Aubl.,0095,Brosimum alicastrum Swartz,0.607979464484449,0.4528924582382436,0.4413660741827014,0.15508700624620536
0293,Fraxinus americana L.,0295,Fraxinus nigra Marshall,0.3559554832997436,0.2006874935372814,0.022324164890242817,0.15526798976246217
0296,Fraxinus ornus L.,0380,Libidibia paraguariensis (D.Parodi) G.P.Lewis,0.7589962329770171,0.2704807546799976,0.6037041179533492,0.1552921150236679
0096,Brosimum guianense (Aubl.) Huber ex Ducke,0399,Lovoa trichilioides Harms,0.6235376074719984,0.468233813156223,0.3025441823946234,0.1553037943157754
0096,Brosimum guianense (Aubl.) Huber ex Ducke,0207,Dalbergia nigra (Vell.) Allemão ex Benth.,0.6237592904217062,0.468233813156223,0.4194156315959103,0.15552547726548321
0608,Swietenia mahagoni (L.) Jacq.,0621,Tectona grandis L.,0.6982220443942903,0.02812049764059408,0.5414864270518914,0.15673561734239883
0270,Erythrophleum suaveolens (Guill. & Perr.) Brenan,0301,Gilbertiodendron dewevrei (De Wild.) J.Léonard,0.5667806719335442,0.4099958913427453,0.15292725453998418,0.15678478059079892
0041,Aniba rosodora Ducke,0045,Anopyxis klaineana (Pierre) Engl.,0.5835201145892084,0.0656528117264906,0.42664489754293794,0.15687521704627044
0380,Libidibia paraguariensis (D.Parodi) G.P.Lewis,0621,Tectona grandis L.,0.7606745449395017,0.6037041179533492,0.5414864270518914,0.1569704269861525
0091,Brachystegia Benth.,0480,Peltogyne mexicana Martínez,0.5268981026473154,0.36962746064415636,0.1079574407089981,0.15727064200315904
0041,Aniba rosodora Ducke,0380,Libidibia paraguariensis (D.Parodi) G.P.Lewis,0.7610212512337782,0.0656528117264906,0.6037041179533492,0.15731713328042896
0625,Terminalia superba Engl.& Diels,0678,Albizia ferruginea (Guill. & Perr.) Benth.,0.5202780833313627,0.36271194838005,0.35777892083270585,0.15756613495131272
0195,Ctenolophon parvifolius Oliv.,0380,Libidibia paraguariensis (D.Parodi) G.P.Lewis,0.7613417450639739,0.23093942479410615,0.6037041179533492,0.15763762711062468
0093,Brachystegia laurentii (De Wild.) Louis ex J.Léonard,0323,Guibourtia demeusei (Harms) J.Léonard,0.5137347161918453,0.3343633761708376,0.35528177474147954,0.15845294145036576
0426,Microberlinia brazzavillensis A. Chev.,0625,Terminalia superba Engl.& Diels,0.5215191827813451,0.23957417592531832,0.36271194838005,0.15880723440129513
0114,Cantleya corniculata (Becc.) R.A.Howard,0324,Guibourtia pellegriniana J.Léonard,0.7400743172224769,0.5805310376179519,0.20301559578579392,0.15954327960452497
0095,Brosimum alicastrum Swartz,0367,Juglans nigra L.,0.6016707249975719,0.4413660741827014,0.02005651109636719,0.1603046508148705
0096,Brosimum guianense (Aubl.) Huber ex Ducke,0269,Erythrophleum ivorense A. Chev,0.6288872443867753,0.468233813156223,0.2903085074707726,0.16065343123055237
0243,Dracontomelon dao (Blanco) Merr. & Rolfe,0621,Tectona grandis L.,0.7026722813256544,0.36823324125981255,0.5414864270518914,0.16118585427376297
0034,Anacardium L.,0302,Gilbertiodendron preussii (Harms) J.Léonard,0.530384617707221,0.36896207906881207,0.1175198759908919,0.16142253863840894
0115,Carapa guianensis Aubl.,0678,Albizia ferruginea (Guill. & Perr.) Benth.,0.6144505635862629,0.45301009815803,0.35777892083270585,0.16144046542823293
0092,Brachystegia cynometroides Harms,0326,Guibourtia ehie (A. Chev.) J. Léonard,0.4598878967574498,0.05008607091450365,0.2984188053844587,0.1614690913729911
0269,Erythrophleum ivorense A. Chev,0375,Koompassia malaccensis Maing.,0.45190667644683863,0.2903085074707726,0.03982575224826281,0.16159816897606605
0147,Ceiba pentandra (L.) Gaertn.,0297,Fraxinus mandshurica Rupr.,0.4602138435472969,0.09920852062625649,0.29800823641994206,0.16220560712735482
0095,Brosimum alicastrum Swartz,0245,Dryobalanops aromatica C.F.Gaertn.,0.6036700099567617,0.4413660741827014,0.08261225579476351,0.16230393577406027
0071,Baikiaea plurijuga Harms,0095,Brosimum alicastrum Swartz,0.7407355672097766,0.5781517144448926,0.4413660741827014,0.16258385276488407
0070,Bagassa guianensis Aubl.,0158,"Chlorocardium rodiei (R.H.Schomb.) Rohwer, H.G.Richt. & van der Werff",0.6156924247379323,0.4528924582382436,0.10003326503781798,0.1627999664996887
0236,Dipterocarpus C.F.Gaertn.,0294,Fraxinus excelsior L.,0.4123174596489279,0.24925766087492005,0.17627665442045826,0.16305979877400786
0294,Fraxinus excelsior L.,0380,Libidibia paraguariensis (D.Parodi) G.P.Lewis,0.766850696356373,0.17627665442045826,0.6037041179533492,0.16314657840302382
0158,"Chlorocardium rodiei (R.H.Schomb.) Rohwer, H.G.Richt. & van der Werff",0399,Lovoa trichilioides Harms,0.46612109801526463,0.10003326503781798,0.3025441823946234,0.16357691562064125
0093,Brachystegia laurentii (De Wild.) Louis ex J.Léonard,0326,Guibourtia ehie (A. Chev.) J. Léonard,0.4983803345677496,0.3343633761708376,0.2984188053844587,0.164016958396912
0003,Acacia mangium Willd.,0270,Erythrophleum suaveolens (Guill. & Perr.) Brenan,0.5742095361903152,0.23412845438956545,0.4099958913427453,0.16421364484756995
0259,Entandrophragma utile (Dawe & Sprague) Sprague,0625,Terminalia superba Engl.& Diels,0.527140401717391,0.2069978345154368,0.36271194838005,0.16442845333734096
0366,Juglans regia L.,0648,Triplochiton scleroxylon K. Schum.,0.3293685607185206,0.0161593253050704,0.16453642510521302,0.1648321356133076
0302,Gilbertiodendron preussii (Harms) J.Léonard,0678,Albizia ferruginea (Guill. & Perr.) Benth.,0.5226673559342327,0.1175198759908919,0.35777892083270585,0.1648884351015269
0030,Amburana cearensis (Allemão) A.C.Sm.,0399,Lovoa trichilioides Harms,0.4675531713882784,0.26876027711533945,0.3025441823946234,0.16500898899365501
0092,Brachystegia cynometroides Harms,0270,Erythrophleum suaveolens (Guill. & Perr.) Brenan,0.5756944843772502,0.05008607091450365,0.4099958913427453,0.16569859303450496
0081,Betula pendula Roth,0621,Tectona grandis L.,0.7072322426550819,0.0025807385340572584,0.5414864270518914,0.16574581560319046
0115,Carapa guianensis Aubl.,0625,Terminalia superba Engl.& Diels,0.6198386313939485,0.45301009815803,0.36271194838005,0.16682853323591845
0034,Anacardium L.,0301,Gilbertiodendron dewevrei (De Wild.) J.Léonard,0.5364117466973902,0.36896207906881207,0.15292725453998418,0.16744966762857816
0157,Ceriops tagal (Perr.) C.B. Robinson,0367,Juglans nigra L.,0.4988378996647431,0.33088565378713025,0.02005651109636719,0.16795224587761287
0239,Dipteryx odorata (Aubl.) Forsyth f.,0621,Tectona grandis L.,0.7095850795942477,0.4164011395062616,0.5414864270518914,0.16809865254235623
0256,Entandrophragma angolense (Welw.) Panshin,0353,Intsia Thouars,0.6547215271239682,0.319302552831661,0.48641128958703317,0.16831023753693508
0418,Mansonia altissima (A. Chev.) A. Chev.,0648,Triplochiton scleroxylon K. Schum.,0.33312357062542564,0.012409313496156668,0.16453642510521302,0.16858714552021262
0296,Fraxinus ornus L.,0621,Tectona grandis L.,0.7102648300642173,0.2704807546799976,0.5414864270518914,0.16877840301232583
0009,Leptolobium Vogel,0207,Dalbergia nigra (Vell.) Allemão ex Benth.,0.588299653141159,0.16101899818656135,0.4194156315959103,0.16888402154524867
0072,Baillonella toxisperma Pierre,0367,Juglans nigra L.,0.5029400097606769,0.33402537324669906,0.02005651109636719,0.1689146365139778
0114,Cantleya corniculata (Becc.) R.A.Howard,0313,Grevillea robusta A.Cunn. ex R.Br.,0.7496132051033747,0.5805310376179519,0.2838740990600396,0.16908216748542282
0181,Cotylelobium Pierre,0313,Grevillea robusta A.Cunn. ex R.Br.,0.4529722303782971,0.2627628502619556,0.2838740990600396,0.16909813131825752
0003,Acacia mangium Willd.,0158,"Chlorocardium rodiei (R.H.Schomb.) Rohwer, H.G.Richt. & van der Werff",0.40327022844484806,0.23412845438956545,0.10003326503781798,0.1691417740552826
0070,Bagassa guianensis Aubl.,0293,Fraxinus americana L.,0.6230639943525611,0.4528924582382436,0.2006874935372814,0.1701715361143175
0030,Amburana cearensis (Allemão) A.C.Sm.,0302,Gilbertiodendron preussii (Harms) J.Léonard,0.4389791559820735,0.26876027711533945,0.1175198759908919,0.17021887886673404
0375,Koompassia malaccensis Maing.,0613,Tabebuia rosea (Bert.) DC.,0.44596203578852667,0.03982575224826281,0.27496924594578387,0.1709927898427428
0158,"Chlorocardium rodiei (R.H.Schomb.) Rohwer, H.G.Richt. & van der Werff",0239,Dipteryx odorata (Aubl.) Forsyth f.,0.587691555475312,0.10003326503781798,0.4164011395062616,0.17129041596905042
0033,Anacardium excelsum (Bertero & Balb. ex Kunth) Skeels,0297,Fraxinus mandshurica Rupr.,0.46945150096592897,0.07482690115830566,0.29800823641994206,0.1714432645459869
0114,Cantleya corniculata (Becc.) R.A.Howard,0157,Ceriops tagal (Perr.) C.B. Robinson,0.7523509081136213,0.5805310376179519,0.33088565378713025,0.17181987049566938
0095,Brosimum alicastrum Swartz,0207,Dalbergia nigra (Vell.) Allemão ex Benth.,0.6132557052631015,0.4413660741827014,0.4194156315959103,0.17188963108040006
0399,Lovoa trichilioides Harms,0678,Albizia ferruginea (Guill. & Perr.) Benth.,0.5297020533091246,0.3025441823946234,0.35777892083270585,0.17192313247641872
0070,Bagassa guianensis Aubl.,0238,Dipterocarpus kerrii King,0.6248652496750897,0.4528924582382436,0.03389503762998255,0.17197279143684613
0095,Brosimum alicastrum Swartz,0158,"Chlorocardium rodiei (R.H.Schomb.) Rohwer, H.G.Richt. & van der Werff",0.6134354103725324,0.4413660741827014,0.10003326503781798,0.17206933618983095
0130,Castanea sativa Mill.,0553,Quercus petraea (Matt.) Liebl.,0.43035081259822006,0.15586720528769307,0.2581276659186852,0.17222314667953487
0245,Dryobalanops aromatica C.F.Gaertn.,0270,Erythrophleum suaveolens (Guill. & Perr.) Brenan,0.5824555373046958,0.08261225579476351,0.4099958913427453,0.17245964596195051
0114,Cantleya corniculata (Becc.) R.A.Howard,0380,Libidibia paraguariensis (D.Parodi) G.P.Lewis,0.7767063712706745,0.5805310376179519,0.6037041179533492,0.17300225331732533
0003,Acacia mangium Willd.,0214,Daniellia thurifera Benn.,0.578470274192412,0.23412845438956545,0.4049723941201597,0.17349788007225236
0207,Dalbergia nigra (Vell.) Allemão ex Benth.,0270,Erythrophleum suaveolens (Guill. & Perr.) Brenan,0.592916027930012,0.4194156315959103,0.4099958913427453,0.1735003963341017
0070,Bagassa guianensis Aubl.,0239,Dipteryx odorata (Aubl.) Forsyth f.,0.6266289080126712,0.4528924582382436,0.4164011395062616,0.17373644977442765
0095,Brosimum alicastrum Swartz,0648,Triplochiton scleroxylon K. Schum.,0.6153528931295067,0.4413660741827014,0.16453642510521302,0.1739868189468053
0085,Bobgunnia fistuloides (Harms) J.H. Kirkbr. & Wiersema,0621,Tectona grandis L.,0.7169613035737494,0.4125872589275239,0.5414864270518914,0.175474876521858
0270,Erythrophleum suaveolens (Guill. & Perr.) Brenan,0479,Peltogyne catingae Ducke,0.586192207692276,0.4099958913427453,0.05022355401665795,0.1761963163495307
0380,Libidibia paraguariensis (D.Parodi) G.P.Lewis,0418,Mansonia altissima (A. Chev.) A. Chev.,0.780016413904945,0.6037041179533492,0.012409313496156668,0.1763122959515958
0256,Entandrophragma angolense (Welw.) Panshin,0372,Khaya ivorensis A.Chev.,0.49627567644860815,0.319302552831661,0.2514693324780144,0.17697312361694717
0244,Dryobalanops C.F.Gaertn.,0353,Intsia Thouars,0.6636455460519181,0.03512342815501089,0.48641128958703317,0.1772342564648849
0293,Fraxinus americana L.,0625,Terminalia superba Engl.& Diels,0.5402156321292774,0.2006874935372814,0.36271194838005,0.17750368374922737
0431,Millettia laurentii De Wild.,0541,Pterygota macrocarpa K. Schum.,0.3253964368780564,0.14784264520810295,0.016821229975053267,0.17755379166995347
0035,Anacardium giganteum Hancock ex Engl.,0071,Baikiaea plurijuga Harms,0.7560766612759755,0.20568448529299813,0.5781517144448926,0.17792494683108295
0066,Aucoumea klaineana Pierre,0380,Libidibia paraguariensis (D.Parodi) G.P.Lewis,0.7818475070184081,0.1689848833310126,0.6037041179533492,0.1781433890650589
0301,Gilbertiodendron dewevrei (De Wild.) J.Léonard,0326,Guibourtia ehie (A. Chev.) J. Léonard,0.4776855618219783,0.15292725453998418,0.2984188053844587,0.1792667564375196
0045,Anopyxis klaineana (Pierre) Engl.,0648,Triplochiton scleroxylon K. Schum.,0.6064050514088677,0.42664489754293794,0.16453642510521302,0.17976015386592975
0003,Acacia mangium Willd.,0070,Bagassa guianensis Aubl.,0.6328530550104288,0.23412845438956545,0.4528924582382436,0.17996059677218518
0072,Baillonella toxisperma Pierre,0648,Triplochiton scleroxylon K. Schum.,0.5140044451252707,0.33402537324669906,0.16453642510521302,0.1799790718785716
0380,Libidibia paraguariensis (D.Parodi) G.P.Lewis,0530,Pterocarpus soyauxii Taub.,0.7838082513698226,0.6037041179533492,0.19955695100455761,0.18010413341647336
0096,Brosimum guianense (Aubl.) Huber ex Ducke,0613,Tabebuia rosea (Bert.) DC.,0.6484409784235406,0.468233813156223,0.27496924594578387,0.18020716526731767
0114,Cantleya corniculata (Becc.) R.A.Howard,0258,Entandrophragma cylindricum (Sprague) Sprague,0.7612357011351978,0.5805310376179519,0.25242647174716004,0.1807046635172459
0257,Entandrophragma candollei Harms,0380,Libidibia paraguariensis (D.Parodi) G.P.Lewis,0.7852961473145312,0.18916044854556002,0.6037041179533492,0.18159202936118202
0301,Gilbertiodendron dewevrei (De Wild.) J.Léonard,0323,Guibourtia demeusei (Harms) J.Léonard,0.5375209411762363,0.15292725453998418,0.35528177474147954,0.18223916643475674
0243,Dracontomelon dao (Blanco) Merr. & Rolfe,0313,Grevillea robusta A.Cunn. ex R.Br.,0.5505820281883529,0.36823324125981255,0.2838740990600396,0.18234878692854034
0114,Cantleya corniculata (Becc.) R.A.Howard,0302,Gilbertiodendron preussii (Harms) J.Léonard,0.7633538809463822,0.5805310376179519,0.1175198759908919,0.18282284332843035
0426,Microberlinia brazzavillensis A. Chev.,0430,Milicia excelsa (Welw.) C.C. Berg,0.4226527933071817,0.23957417592531832,0.2228508772324565,0.18307861738186337
0115,Carapa guianensis Aubl.,0294,Fraxinus excelsior L.,0.6361555471847501,0.45301009815803,0.17627665442045826,0.1831454490267201
0070,Bagassa guianensis Aubl.,0181,Cotylelobium Pierre,0.6360841667532819,0.4528924582382436,0.2627628502619556,0.18319170851503835
0366,Juglans regia L.,0380,Libidibia paraguariensis (D.Parodi) G.P.Lewis,0.7869528561153986,0.0161593253050704,0.6037041179533492,0.18324873816204934
0269,Erythrophleum ivorense A. Chev,0613,Tabebuia rosea (Bert.) DC.,0.4739868825306722,0.2903085074707726,0.27496924594578387,0.18367837505989965
0258,Entandrophragma cylindricum (Sprague) Sprague,0606,Swietenia humilis Zucc.,0.4363858829084579,0.25242647174716004,0.03956854200666897,0.18395941116129788
0114,Cantleya corniculata (Becc.) R.A.Howard,0354,Intsia bijuga (Colebr.) Kuntze,0.7651241851501747,0.5805310376179519,0.29407015717558727,0.18459314753222278
0034,Anacardium L.,0380,Libidibia paraguariensis (D.Parodi) G.P.Lewis,0.7887647792549571,0.36896207906881207,0.6037041179533492,0.18506066130160792
0114,Cantleya corniculata (Becc.) R.A.Howard,0371,Khaya grandifoliola C.DC.,0.7658574452875395,0.5805310376179519,0.048818241280783575,0.18532640766958763
0095,Brosimum alicastrum Swartz,0552,Quercus alba L.,0.6269877664351997,0.4413660741827014,0.11942757291818792,0.1856216922524983
0007,Acer pseudoplatanus L.,0081,Betula pendula Roth,0.4611414403601334,0.27538384172241354,0.0025807385340572584,0.18575759863771985
0554,Quercus robur L.,0621,Tectona grandis L.,0.7278035736391328,0.11024859949584655,0.5414864270518914,0.1863171465872414
0114,Cantleya corniculata (Becc.) R.A.Howard,0331,Heritiera utilis (Sprague) Sprague,0.7670226143170622,0.5805310376179519,0.21354296220717087,0.18649157669911032
0239,Dipteryx odorata (Aubl.) Forsyth f.,0294,Fraxinus excelsior L.,0.6029485922361312,0.4164011395062616,0.17627665442045826,0.18654745272986956
0181,Cotylelobium Pierre,0621,Tectona grandis L.,0.7280790622587832,0.2627628502619556,0.5414864270518914,0.18659263520689173
0380,Libidibia paraguariensis (D.Parodi) G.P.Lewis,0678,Albizia ferruginea (Guill. & Perr.) Benth.,0.7903499086419021,0.6037041179533492,0.35777892083270585,0.18664579068855291
0034,Anacardium L.,0091,Brachystegia Benth.,0.5563814551386819,0.36896207906881207,0.36962746064415636,0.1867539944945255
0147,Ceiba pentandra (L.) Gaertn.,0648,Triplochiton scleroxylon K. Schum.,0.35142300762473777,0.09920852062625649,0.16453642510521302,0.18688658251952475
0371,Khaya grandifoliola C.DC.,0380,Libidibia paraguariensis (D.Parodi) G.P.Lewis,0.7908118137550041,0.048818241280783575,0.6037041179533492,0.18710769580165487
0045,Anopyxis klaineana (Pierre) Engl.,0367,Juglans nigra L.,0.6138071229901481,0.42664489754293794,0.02005651109636719,0.18716222544721012
0115,Carapa guianensis Aubl.,0207,Dalbergia nigra (Vell.) Allemão ex Benth.,0.6403413821978817,0.45301009815803,0.4194156315959103,0.18733128403985172
0093,Brachystegia laurentii (De Wild.) Louis ex J.Léonard,0480,Peltogyne mexicana Martínez,0.5218428372656357,0.3343633761708376,0.1079574407089981,0.18747946109479813
0270,Erythrophleum suaveolens (Guill. & Perr.) Brenan,0324,Guibourtia pellegriniana J.Léonard,0.5978739792221417,0.4099958913427453,0.20301559578579392,0.18787808787939642
0007,Acer pseudoplatanus L.,0331,Heritiera utilis (Sprague) Sprague,0.4635154354232667,0.27538384172241354,0.21354296220717087,0.18813159370085314
0071,Baikiaea plurijuga Harms,0318,Leplaea cedrata (A.Chev.) E.J.M.Koenen & J.J.de Wilde,0.7666246870757534,0.5781517144448926,0.015638624237181115,0.18847297263086082
0070,Bagassa guianensis Aubl.,0430,Milicia excelsa (Welw.) C.C. Berg,0.6415715895366189,0.4528924582382436,0.2228508772324565,0.18867913129837527
0331,Heritiera utilis (Sprague) Sprague,0372,Khaya ivorensis A.Chev.,0.4406717221064304,0.21354296220717087,0.2514693324780144,0.189202389628416
0095,Brosimum alicastrum Swartz,0244,Dryobalanops C.F.Gaertn.,0.6306419568942955,0.4413660741827014,0.03512342815501089,0.18927588271159407
0354,Intsia bijuga (Colebr.) Kuntze,0625,Terminalia superba Engl.& Diels,0.5521438838019673,0.29407015717558727,0.36271194838005,0.18943193542191733
0114,Cantleya corniculata (Becc.) R.A.Howard,0325,Guibourtia tessmannii (Harms) J.Léonard,0.7700393272437818,0.5805310376179519,0.19769310265299028,0.18950828962582988
0045,Anopyxis klaineana (Pierre) Engl.,0070,Bagassa guianensis Aubl.,0.6426671484675563,0.42664489754293794,0.4528924582382436,0.18977469022931276
0256,Entandrophragma angolense (Welw.) Panshin,0678,Albizia ferruginea (Guill. & Perr.) Benth.,0.5481397057099078,0.319302552831661,0.35777892083270585,0.19036078487720193
0114,Cantleya corniculata (Becc.) R.A.Howard,0238,Dipterocarpus kerrii King,0.7709293040102264,0.5805310376179519,0.03389503762998255,0.19039826639227453
0035,Anacardium giganteum Hancock ex Engl.,0296,Fraxinus ornus L.,0.46123582206083047,0.20568448529299813,0.2704807546799976,0.19075506738083287
0479,Peltogyne catingae Ducke,0480,Peltogyne mexicana Martínez,0.29878385158967324,0.05022355401665795,0.1079574407089981,0.19082641088067515
0239,Dipteryx odorata (Aubl.) Forsyth f.,0245,Dryobalanops aromatica C.F.Gaertn.,0.6075491636019507,0.4164011395062616,0.08261225579476351,0.19114802409568904
0034,Anacardium L.,0239,Dipteryx odorata (Aubl.) Forsyth f.,0.6090045941052533,0.36896207906881207,0.4164011395062616,0.1926034545989917
0071,Baikiaea plurijuga Harms,0296,Fraxinus ornus L.,0.7709431824106737,0.5781517144448926,0.2704807546799976,0.19279146796578117
0114,Cantleya corniculata (Becc.) R.A.Howard,0147,Ceiba pentandra (L.) Gaertn.,0.7735097537970061,0.5805310376179519,0.09920852062625649,0.19297871617905427
0114,Cantleya corniculata (Becc.) R.A.Howard,0214,Daniellia thurifera Benn.,0.7736504372193613,0.5805310376179519,0.4049723941201597,0.19311939960140945
0073,Balfourodendron riedelianum (Engl.) Engl.,0371,Khaya grandifoliola C.DC.,0.5774513421424086,0.38391787966371865,0.048818241280783575,0.1935334624786899
0380,Libidibia paraguariensis (D.Parodi) G.P.Lewis,0554,Quercus robur L.,0.7978613282837754,0.6037041179533492,0.11024859949584655,0.1941572103304262
0114,Cantleya corniculata (Becc.) R.A.Howard,0295,Fraxinus nigra Marshall,0.7751828165348371,0.5805310376179519,0.022324164890242817,0.19465177891688523
0091,Brachystegia Benth.,0325,Guibourtia tessmannii (Harms) J.Léonard,0.5644027795894979,0.36962746064415636,0.19769310265299028,0.19477531894534156
0114,Cantleya corniculata (Becc.) R.A.Howard,0625,Terminalia superba Engl.& Diels,0.7753810637560258,0.5805310376179519,0.36271194838005,0.1948500261380739
0396,Lophira alata Banks ex C.F.Gaertn.,0541,Pterygota macrocarpa K. Schum.,0.22303110829573228,0.027865923684178843,0.016821229975053267,0.19516518461155344
0066,Aucoumea klaineana Pierre,0366,Juglans regia L.,0.36425061327300673,0.1689848833310126,0.0161593253050704,0.19526572994199412
0257,Entandrophragma candollei Harms,0431,Millettia laurentii De Wild.,0.38498213701684253,0.18916044854556002,0.14784264520810295,0.1958216884712825
0085,Bobgunnia fistuloides (Harms) J.H. Kirkbr. & Wiersema,0297,Fraxinus mandshurica Rupr.,0.6084219148525613,0.4125872589275239,0.29800823641994206,0.19583465592503735
0071,Baikiaea plurijuga Harms,0239,Dipteryx odorata (Aubl.) Forsyth f.,0.7740264019868756,0.5781517144448926,0.4164011395062616,0.195874687541983
0033,Anacardium excelsum (Bertero & Balb. ex Kunth) Skeels,0621,Tectona grandis L.,0.7374089805389829,0.07482690115830566,0.5414864270518914,0.19592255348709142
0070,Bagassa guianensis Aubl.,0380,Libidibia paraguariensis (D.Parodi) G.P.Lewis,0.7996543469326067,0.4528924582382436,0.6037041179533492,0.1959502289792575
0009,Leptolobium Vogel,0045,Anopyxis klaineana (Pierre) Engl.,0.6228116054465846,0.16101899818656135,0.42664489754293794,0.1961667079036467
0236,Dipterocarpus C.F.Gaertn.,0648,Triplochiton scleroxylon K. Schum.,0.44569532095621045,0.24925766087492005,0.16453642510521302,0.1964376600812904
0157,Ceriops tagal (Perr.) C.B. Robinson,0648,Triplochiton scleroxylon K. Schum.,0.5284684135075794,0.33088565378713025,0.16453642510521302,0.1975827597204492
0207,Dalbergia nigra (Vell.) Allemão ex Benth.,0243,Dracontomelon dao (Blanco) Merr. & Rolfe,0.6174258000876759,0.4194156315959103,0.36823324125981255,0.19801016849176561
0302,Gilbertiodendron preussii (Harms) J.Léonard,0323,Guibourtia demeusei (Harms) J.Léonard,0.5535768183821378,0.1175198759908919,0.35528177474147954,0.19829504364065825
0066,Aucoumea klaineana Pierre,0095,Brosimum alicastrum Swartz,0.6399997534406905,0.1689848833310126,0.4413660741827014,0.19863367925798908
0066,Aucoumea klaineana Pierre,0295,Fraxinus nigra Marshall,0.36765882398275573,0.1689848833310126,0.022324164890242817,0.19867394065174313
0195,Ctenolophon parvifolius Oliv.,0367,Juglans nigra L.,0.4296399476119813,0.23093942479410615,0.02005651109636719,0.19870052281787517
0157,Ceriops tagal (Perr.) C.B. Robinson,0621,Tectona grandis L.,0.7402470598854058,0.33088565378713025,0.5414864270518914,0.19876063283351442
0045,Anopyxis klaineana (Pierre) Engl.,0621,Tectona grandis L.,0.7403825759600087,0.42664489754293794,0.5414864270518914,0.19889614890811724
0085,Bobgunnia fistuloides (Harms) J.H. Kirkbr. & Wiersema,0625,Terminalia superba Engl.& Diels,0.6119551335691064,0.4125872589275239,0.36271194838005,0.19936787464158245
0096,Brosimum guianense (Aubl.) Huber ex Ducke,0324,Guibourtia pellegriniana J.Léonard,0.6678624051221718,0.468233813156223,0.20301559578579392,0.1996285919659488
0034,Anacardium L.,0621,Tectona grandis L.,0.7413295234601114,0.36896207906881207,0.5414864270518914,0.19984309640821996
0066,Aucoumea klaineana Pierre,0418,Mansonia altissima (A. Chev.) A. Chev.,0.3694500880439746,0.1689848833310126,0.012409313496156668,0.200465204712962
0009,Leptolobium Vogel,0071,Baikiaea plurijuga Harms,0.7786901797872767,0.16101899818656135,0.5781517144448926,0.20053846534238418
0045,Anopyxis klaineana (Pierre) Engl.,0066,Aucoumea klaineana Pierre,0.6272943801701106,0.42664489754293794,0.1689848833310126,0.2006494826271727
0034,Anacardium L.,0093,Brachystegia laurentii (De Wild.) Louis ex J.Léonard,0.5698456002617284,0.36896207906881207,0.3343633761708376,0.2008835211929163
0030,Amburana cearensis (Allemão) A.C.Sm.,0115,Carapa guianensis Aubl.,0.653956361997759,0.26876027711533945,0.45301009815803,0.20094626383972897
0093,Brachystegia laurentii (De Wild.) Louis ex J.Léonard,0114,Cantleya corniculata (Becc.) R.A.Howard,0.7817233177933262,0.3343633761708376,0.5805310376179519,0.20119228017537427
0244,Dryobalanops C.F.Gaertn.,0323,Guibourtia demeusei (Harms) J.Léonard,0.5565539734465951,0.03512342815501089,0.35528177474147954,0.20127219870511553
0071,Baikiaea plurijuga Harms,0236,Dipterocarpus C.F.Gaertn.,0.7796423044320129,0.5781517144448926,0.24925766087492005,0.20149058998712033
0041,Aniba rosodora Ducke,0239,Dipteryx odorata (Aubl.) Forsyth f.,0.6179756727133607,0.0656528117264906,0.4164011395062616,0.20157453320709912
0071,Baikiaea plurijuga Harms,0461,Ochroma pyramidale (Cav. ex Lam.) Urb.,0.7800608550655803,0.5781517144448926,0.09605455767171649,0.20190914062068777
0045,Anopyxis klaineana (Pierre) Engl.,0297,Fraxinus mandshurica Rupr.,0.6286416972447105,0.42664489754293794,0.29800823641994206,0.2019967997017726
0207,Dalbergia nigra (Vell.) Allemão ex Benth.,0258,Entandrophragma cylindricum (Sprague) Sprague,0.6214357734034167,0.4194156315959103,0.25242647174716004,0.20202014180750644
0045,Anopyxis klaineana (Pierre) Engl.,0366,Juglans regia L.,0.6288650638973381,0.42664489754293794,0.0161593253050704,0.20222016635440015
0115,Carapa guianensis Aubl.,0256,Entandrophragma angolense (Welw.) Panshin,0.6552364464020224,0.45301009815803,0.319302552831661,0.20222634824399238
0093,Brachystegia laurentii (De Wild.) Louis ex J.Léonard,0621,Tectona grandis L.,0.7437239737901162,0.3343633761708376,0.5414864270518914,0.2022375467382248
0157,Ceriops tagal (Perr.) C.B. Robinson,0372,Khaya ivorensis A.Chev.,0.5333522304523961,0.33088565378713025,0.2514693324780144,0.20246657666526585
0085,Bobgunnia fistuloides (Harms) J.H. Kirkbr. & Wiersema,0293,Fraxinus americana L.,0.615411439249782,0.4125872589275239,0.2006874935372814,0.20282418032225813
0430,Milicia excelsa (Welw.) C.C. Berg,0621,Tectona grandis L.,0.744760879250977,0.2228508772324565,0.5414864270518914,0.20327445219908558
0324,Guibourtia pellegriniana J.Léonard,0380,Libidibia paraguariensis (D.Parodi) G.P.Lewis,0.8070085274352841,0.20301559578579392,0.6037041179533492,0.20330440948193484
0073,Balfourodendron riedelianum (Engl.) Engl.,0259,Entandrophragma utile (Dawe & Sprague) Sprague,0.5875359157812796,0.38391787966371865,0.2069978345154368,0.20361803611756096
0195,Ctenolophon parvifolius Oliv.,0297,Fraxinus mandshurica Rupr.,0.5018766228092046,0.23093942479410615,0.29800823641994206,0.20386838638926258
0207,Dalbergia nigra (Vell.) Allemão ex Benth.,0480,Peltogyne mexicana Martínez,0.6238405298125331,0.4194156315959103,0.1079574407089981,0.20442489821662285
0080,Betula papyrifera Marshall,0380,Libidibia paraguariensis (D.Parodi) G.P.Lewis,0.8081663011111077,0.3923039267660832,0.6037041179533492,0.20446218315775844
0045,Anopyxis klaineana (Pierre) Engl.,0418,Mansonia altissima (A. Chev.) A. Chev.,0.6313660106222333,0.42664489754293794,0.012409313496156668,0.20472111307929536
0380,Libidibia paraguariensis (D.Parodi) G.P.Lewis,0552,Quercus alba L.,0.8084577422118918,0.6037041179533492,0.11942757291818792,0.2047536242585426
0207,Dalbergia nigra (Vell.) Allemão ex Benth.,0621,Tectona grandis L.,0.7471184861465527,0.4194156315959103,0.5414864270518914,0.2056320590946613
0239,Dipteryx odorata (Aubl.) Forsyth f.,0244,Dryobalanops C.F.Gaertn.,0.6226423934356706,0.4164011395062616,0.03512342815501089,0.206241253929409
0009,Leptolobium Vogel,0353,Intsia Thouars,0.6927277921888475,0.16101899818656135,0.48641128958703317,0.20631650260181433
0542,Pycnanthus angolensis (Welw.) Warb.,0621,Tectona grandis L.,0.7479257905220036,0.07234546467128498,0.5414864270518914,0.20643936347011216
0041,Aniba rosodora Ducke,0621,Tectona grandis L.,0.7479389010416206,0.0656528117264906,0.5414864270518914,0.2064524739897292
0070,Bagassa guianensis Aubl.,0258,Entandrophragma cylindricum (Sprague) Sprague,0.659599199029709,0.4528924582382436,0.25242647174716004,0.2067067407914654
0034,Anacardium L.,0256,Entandrophragma angolense (Welw.) Panshin,0.575929863000755,0.36896207906881207,0.319302552831661,0.20696778393194293
0318,Leplaea cedrata (A.Chev.) E.J.M.Koenen & J.J.de Wilde,0541,Pterygota macrocarpa K. Schum.,0.22396610439346423,0.015638624237181115,0.016821229975053267,0.20714487441841095
0034,Anacardium L.,0092,Brachystegia cynometroides Harms,0.5766472154449956,0.36896207906881207,0.05008607091450365,0.20768513637618358
0073,Balfourodendron riedelianum (Engl.) Engl.,0372,Khaya ivorensis A.Chev.,0.5916639106845762,0.38391787966371865,0.2514693324780144,0.2077460310208576
0157,Ceriops tagal (Perr.) C.B. Robinson,0236,Dipterocarpus C.F.Gaertn.,0.5387239362522358,0.33088565378713025,0.24925766087492005,0.20783828246510555
0552,Quercus alba L.,0621,Tectona grandis L.,0.7500516448768155,0.11942757291818792,0.5414864270518914,0.2085652178249241
0095,Brosimum alicastrum Swartz,0553,Quercus petraea (Matt.) Liebl.,0.6503181022741191,0.4413660741827014,0.2581276659186852,0.20895202809141772
0399,Lovoa trichilioides Harms,0478,Peltogyne Vogel,0.5120421857919879,0.3025441823946234,0.1811470023936011,0.20949800339736452
0071,Baikiaea plurijuga Harms,0245,Dryobalanops aromatica C.F.Gaertn.,0.7878948117318312,0.5781517144448926,0.08261225579476351,0.20974309728693863
0071,Baikiaea plurijuga Harms,0396,Lophira alata Banks ex C.F.Gaertn.,0.7882125374764064,0.5781517144448926,0.027865923684178843,0.21006082303151385
0073,Balfourodendron riedelianum (Engl.) Engl.,0081,Betula pendula Roth,0.5940472462331075,0.38391787966371865,0.0025807385340572584,0.2101293665693888
0158,"Chlorocardium rodiei (R.H.Schomb.) Rohwer, H.G.Richt. & van der Werff",0353,Intsia Thouars,0.696678101153962,0.10003326503781798,0.48641128958703317,0.21026681156692884
0243,Dracontomelon dao (Blanco) Merr. & Rolfe,0425,Mezilaurus ita-uba (Meisn.) Taub. ex Mez,0.5785611009309113,0.36823324125981255,0.2601673546959139,0.21032785967109874
0072,Baillonella toxisperma Pierre,0380,Libidibia paraguariensis (D.Parodi) G.P.Lewis,0.8144672882784582,0.33402537324669906,0.6037041179533492,0.21076317032510894
0035,Anacardium giganteum Hancock ex Engl.,0678,Albizia ferruginea (Guill. & Perr.) Benth.,0.5685548883743958,0.20568448529299813,0.35777892083270585,0.21077596754168998
0045,Anopyxis klaineana (Pierre) Engl.,0293,Fraxinus americana L.,0.637424715976474,0.42664489754293794,0.2006874935372814,0.21077981843353605
0115,Carapa guianensis Aubl.,0157,Ceriops tagal (Perr.) C.B. Robinson,0.6640351631862487,0.45301009815803,0.33088565378713025,0.21102506502821866
0207,Dalbergia nigra (Vell.) Allemão ex Benth.,0478,Peltogyne Vogel,0.6304992103410368,0.4194156315959103,0.1811470023936011,0.21108357874512657
0070,Bagassa guianensis Aubl.,0114,Cantleya corniculata (Becc.) R.A.Howard,0.7917638038351419,0.4528924582382436,0.5805310376179519,0.21123276621719
0214,Daniellia thurifera Benn.,0371,Khaya grandifoliola C.DC.,0.6162452000179649,0.4049723941201597,0.048818241280783575,0.21127280589780523
0093,Brachystegia laurentii (De Wild.) Louis ex J.Léonard,0606,Swietenia humilis Zucc.,0.5458653321487598,0.3343633761708376,0.03956854200666897,0.21150195597792215
0045,Anopyxis klaineana (Pierre) Engl.,0613,Tabebuia rosea (Bert.) DC.,0.6382448010778826,0.42664489754293794,0.27496924594578387,0.21159990353494468
0207,Dalbergia nigra (Vell.) Allemão ex Benth.,0372,Khaya ivorensis A.Chev.,0.6310315368903537,0.4194156315959103,0.2514693324780144,0.21161590529444346
0085,Bobgunnia fistuloides (Harms) J.H. Kirkbr. & Wiersema,0375,Koompassia malaccensis Maing.,0.6242430643716929,0.4125872589275239,0.03982575224826281,0.21165580544416895
0041,Aniba rosodora Ducke,0648,Triplochiton scleroxylon K. Schum.,0.376286106824657,0.0656528117264906,0.16453642510521302,0.211749681719444
0295,Fraxinus nigra Marshall,0380,Libidibia paraguariensis (D.Parodi) G.P.Lewis,0.8159854818111967,0.022324164890242817,0.6037041179533492,0.21228136385784746
0096,Brosimum guianense (Aubl.) Huber ex Ducke,0239,Dipteryx odorata (Aubl.) Forsyth f.,0.6806286425865519,0.468233813156223,0.4164011395062616,0.2123948294303289
0091,Brachystegia Benth.,0259,Entandrophragma utile (Dawe & Sprague) Sprague,0.5821959145269204,0.36962746064415636,0.2069978345154368,0.21256845388276407
0323,Guibourtia demeusei (Harms) J.Léonard,0331,Heritiera utilis (Sprague) Sprague,0.5679140548750304,0.35528177474147954,0.21354296220717087,0.2126322801335509
0114,Cantleya corniculata (Becc.) R.A.Howard,0613,Tabebuia rosea (Bert.) DC.,0.7940357512665122,0.5805310376179519,0.27496924594578387,0.21350471364856027
0080,Betula papyrifera Marshall,0461,Ochroma pyramidale (Cav. ex Lam.) Urb.,0.6058532989742162,0.3923039267660832,0.09605455767171649,0.21354937220813303
0073,Balfourodendron riedelianum (Engl.) Engl.,0323,Guibourtia demeusei (Harms) J.Léonard,0.5974987816225761,0.38391787966371865,0.35528177474147954,0.21358090195885743
0129,Castanea crenata Siebold & Zucc.,0380,Libidibia paraguariensis (D.Parodi) G.P.Lewis,0.8174658579692318,0.01642495583191611,0.6037041179533492,0.21376174001588255
0207,Dalbergia nigra (Vell.) Allemão ex Benth.,0302,Gilbertiodendron preussii (Harms) J.Léonard,0.6332273744894339,0.4194156315959103,0.1175198759908919,0.21381174289352362
0006,Acer platanoides L.,0071,Baikiaea plurijuga Harms,0.7922393733024826,0.18973256215443007,0.5781517144448926,0.21408765885759007
0070,Bagassa guianensis Aubl.,0214,Daniellia thurifera Benn.,0.6669875900677694,0.4528924582382436,0.4049723941201597,0.21409513182952583
0236,Dipterocarpus C.F.Gaertn.,0367,Juglans nigra L.,0.4635755734360288,0.24925766087492005,0.02005651109636719,0.21431791256110874
0371,Khaya grandifoliola C.DC.,0425,Mezilaurus ita-uba (Meisn.) Taub. ex Mez,0.4747482378658244,0.048818241280783575,0.2601673546959139,0.21458088316991047
0114,Cantleya corniculata (Becc.) R.A.Howard,0621,Tectona grandis L.,0.7952585303279843,0.5805310376179519,0.5414864270518914,0.21472749271003244
0045,Anopyxis klaineana (Pierre) Engl.,0296,Fraxinus ornus L.,0.6414232298030915,0.42664489754293794,0.2704807546799976,0.21477833226015358
0270,Erythrophleum suaveolens (Guill. & Perr.) Brenan,0353,Intsia Thouars,0.7012565871602785,0.4099958913427453,0.48641128958703317,0.21484529757324533
0243,Dracontomelon dao (Blanco) Merr. & Rolfe,0296,Fraxinus ornus L.,0.5832122898058367,0.36823324125981255,0.2704807546799976,0.21497904854602418
0157,Ceriops tagal (Perr.) C.B. Robinson,0296,Fraxinus ornus L.,0.5459046934474516,0.33088565378713025,0.2704807546799976,0.21501903966032138
0157,Ceriops tagal (Perr.) C.B. Robinson,0243,Dracontomelon dao (Blanco) Merr. & Rolfe,0.5833696129004985,0.33088565378713025,0.36823324125981255,0.21513637164068594
0095,Brosimum alicastrum Swartz,0678,Albizia ferruginea (Guill. & Perr.) Benth.,0.656549555258279,0.4413660741827014,0.35777892083270585,0.21518348107557755
0114,Cantleya corniculata (Becc.) R.A.Howard,0375,Koompassia malaccensis Maing.,0.7958955154456777,0.5805310376179519,0.03982575224826281,0.21536447782772583
0085,Bobgunnia fistuloides (Harms) J.H. Kirkbr. & Wiersema,0259,Entandrophragma utile (Dawe & Sprague) Sprague,0.6280954959019814,0.4125872589275239,0.2069978345154368,0.21550823697445753
0257,Entandrophragma candollei Harms,0541,Pterygota macrocarpa K. Schum.,0.40471591943268637,0.18916044854556002,0.016821229975053267,0.21555547088712634
0080,Betula papyrifera Marshall,0295,Fraxinus nigra Marshall,0.6082451714166963,0.3923039267660832,0.022324164890242817,0.2159412446506131
0129,Castanea crenata Siebold & Zucc.,0621,Tectona grandis L.,0.7575307361247337,0.01642495583191611,0.5414864270518914,0.21604430907284222
0030,Amburana cearensis (Allemão) A.C.Sm.,0243,Dracontomelon dao (Blanco) Merr. & Rolfe,0.5844684056863636,0.26876027711533945,0.36823324125981255,0.21623516442655105
0009,Leptolobium Vogel,0270,Erythrophleum suaveolens (Guill. & Perr.) Brenan,0.6262455817473888,0.16101899818656135,0.4099958913427453,0.21624969040464348
0030,Amburana cearensis (Allemão) A.C.Sm.,0269,Erythrophleum ivorense A. Chev,0.5065618983048285,0.26876027711533945,0.2903085074707726,0.21625339083405587
0302,Gilbertiodendron preussii (Harms) J.Léonard,0478,Peltogyne Vogel,0.39814299614100934,0.1175198759908919,0.1811470023936011,0.21699599374740824
0070,Bagassa guianensis Aubl.,0297,Fraxinus mandshurica Rupr.,0.6699268566406429,0.4528924582382436,0.29800823641994206,0.2170343984023993
0158,"Chlorocardium rodiei (R.H.Schomb.) Rohwer, H.G.Richt. & van der Werff",0625,Terminalia superba Engl.& Diels,0.5801317979970388,0.10003326503781798,0.36271194838005,0.21741984961698885
0091,Brachystegia Benth.,0323,Guibourtia demeusei (Harms) J.Léonard,0.5871861678693866,0.36962746064415636,0.35528177474147954,0.21755870722523024
0034,Anacardium L.,0207,Dalbergia nigra (Vell.) Allemão ex Benth.,0.6371881971745464,0.36896207906881207,0.4194156315959103,0.21777256557863617
0157,Ceriops tagal (Perr.) C.B. Robinson,0380,Libidibia paraguariensis (D.Parodi) G.P.Lewis,0.8220065950159738,0.33088565378713025,0.6037041179533492,0.21830247706262462
0114,Cantleya corniculata (Becc.) R.A.Howard,0269,Erythrophleum ivorense A. Chev,0.799118184179182,0.5805310376179519,0.2903085074707726,0.21858714656123013
0035,Anacardium giganteum Hancock ex Engl.,0195,Ctenolophon parvifolius Oliv.,0.44953740519005425,0.20568448529299813,0.23093942479410615,0.2185979803959481
0239,Dipteryx odorata (Aubl.) Forsyth f.,0425,Mezilaurus ita-uba (Meisn.) Taub. ex Mez,0.635496908429554,0.4164011395062616,0.2601673546959139,0.21909576892329236
0293,Fraxinus americana L.,0613,Tabebuia rosea (Bert.) DC.,0.49409657289016834,0.2006874935372814,0.27496924594578387,0.21912732694438447
0256,Entandrophragma angolense (Welw.) Panshin,0621,Tectona grandis L.,0.7611350152551917,0.319302552831661,0.5414864270518914,0.21964858820330024
0066,Aucoumea klaineana Pierre,0157,Ceriops tagal (Perr.) C.B. Robinson,0.5505399395608627,0.1689848833310126,0.33088565378713025,0.21965428577373242
0091,Brachystegia Benth.,0269,Erythrophleum ivorense A. Chev,0.5892840813570176,0.36962746064415636,0.2903085074707726,0.21965662071286124
0033,Anacardium excelsum (Bertero & Balb. ex Kunth) Skeels,0313,Grevillea robusta A.Cunn. ex R.Br.,0.5035436269777034,0.07482690115830566,0.2838740990600396,0.2196695279176638
0542,Pycnanthus angolensis (Welw.) Warb.,0648,Triplochiton scleroxylon K. Schum.,0.38429617936125254,0.07234546467128498,0.16453642510521302,0.21975975425603952
0195,Ctenolophon parvifolius Oliv.,0296,Fraxinus ornus L.,0.4903979883405068,0.23093942479410615,0.2704807546799976,0.2199172336605092
0093,Brachystegia laurentii (De Wild.) Louis ex J.Léonard,0375,Koompassia malaccensis Maing.,0.5550394468079886,0.3343633761708376,0.03982575224826281,0.22067607063715095
0092,Brachystegia cynometroides Harms,0621,Tectona grandis L.,0.762342597692021,0.05008607091450365,0.5414864270518914,0.22085617064012952
0009,Leptolobium Vogel,0091,Brachystegia Benth.,0.5905817968484606,0.16101899818656135,0.36962746064415636,0.2209543362043042
0114,Cantleya corniculata (Becc.) R.A.Howard,0115,Carapa guianensis Aubl.,0.8021210775004398,0.5805310376179519,0.45301009815803,0.22159003988248793
0033,Anacardium excelsum (Bertero & Balb. ex Kunth) Skeels,0380,Libidibia paraguariensis (D.Parodi) G.P.Lewis,0.8254291308505923,0.07482690115830566,0.6037041179533492,0.2217250128972431
0081,Betula pendula Roth,0380,Libidibia paraguariensis (D.Parodi) G.P.Lewis,0.8255134882371257,0.0025807385340572584,0.6037041179533492,0.22180937028377645
0323,Guibourtia demeusei (Harms) J.Léonard,0478,Peltogyne Vogel,0.5774790565609438,0.35528177474147954,0.1811470023936011,0.22219728181946424
0071,Baikiaea plurijuga Harms,0243,Dracontomelon dao (Blanco) Merr. & Rolfe,0.8005003017558179,0.5781517144448926,0.36823324125981255,0.22234858731092533
0114,Cantleya corniculata (Becc.) R.A.Howard,0606,Swietenia humilis Zucc.,0.8028989864247217,0.5805310376179519,0.03956854200666897,0.2223679488067698
0366,Juglans regia L.,0621,Tectona grandis L.,0.7640655640624592,0.0161593253050704,0.5414864270518914,0.22257913701056775
0003,Acacia mangium Willd.,0096,Brosimum guianense (Aubl.) Huber ex Ducke,0.691837407380004,0.23412845438956545,0.468233813156223,0.223603594223781
0030,Amburana cearensis (Allemão) A.C.Sm.,0045,Anopyxis klaineana (Pierre) Engl.,0.6507631044535025,0.26876027711533945,0.42664489754293794,0.22411820691056455
0478,Peltogyne Vogel,0479,Peltogyne catingae Ducke,0.40579732454250617,0.1811470023936011,0.05022355401665795,0.22465032214890507
0530,Pterocarpus soyauxii Taub.,0541,Pterygota macrocarpa K. Schum.,0.4243684609075017,0.19955695100455761,0.016821229975053267,0.22481150990294407
0034,Anacardium L.,0353,Intsia Thouars,0.7113433163676066,0.36896207906881207,0.48641128958703317,0.22493202678057345
0071,Baikiaea plurijuga Harms,0380,Libidibia paraguariensis (D.Parodi) G.P.Lewis,0.8299711621616268,0.5781517144448926,0.6037041179533492,0.2262670442082776
0621,Tectona grandis L.,0625,Terminalia superba Engl.& Diels,0.7679822511236414,0.5414864270518914,0.36271194838005,0.22649582407174995
0096,Brosimum guianense (Aubl.) Huber ex Ducke,0325,Guibourtia tessmannii (Harms) J.Léonard,0.6947758170925317,0.468233813156223,0.19769310265299028,0.2265420039363087
0157,Ceriops tagal (Perr.) C.B. Robinson,0371,Khaya grandifoliola C.DC.,0.5574828739005253,0.33088565378713025,0.048818241280783575,0.22659722011339506
0096,Brosimum guianense (Aubl.) Huber ex Ducke,0256,Entandrophragma angolense (Welw.) Panshin,0.6957079292400141,0.468233813156223,0.319302552831661,0.22747411608379114
0270,Erythrophleum suaveolens (Guill. & Perr.) Brenan,0678,Albizia ferruginea (Guill. & Perr.) Benth.,0.6374883809380021,0.4099958913427453,0.35777892083270585,0.2274924895952568
0071,Baikiaea plurijuga Harms,0372,Khaya ivorensis A.Chev.,0.8057040666190782,0.5781517144448926,0.2514693324780144,0.22755235217418568
0195,Ctenolophon parvifolius Oliv.,0648,Triplochiton scleroxylon K. Schum.,0.4586459885352069,0.23093942479410615,0.16453642510521302,0.22770656374110074
0115,Carapa guianensis Aubl.,0195,Ctenolophon parvifolius Oliv.,0.680779471984753,0.45301009815803,0.23093942479410615,0.22776937382672297
0418,Mansonia altissima (A. Chev.) A. Chev.,0621,Tectona grandis L.,0.7698145087372036,0.012409313496156668,0.5414864270518914,0.22832808168531216
0096,Brosimum guianense (Aubl.) Huber ex Ducke,0625,Terminalia superba Engl.& Diels,0.6969325924815541,0.468233813156223,0.36271194838005,0.22869877932533117
0553,Quercus petraea (Matt.) Liebl.,0621,Tectona grandis L.,0.7702110909239858,0.2581276659186852,0.5414864270518914,0.22872466387209434
0085,Bobgunnia fistuloides (Harms) J.H. Kirkbr. & Wiersema,0425,Mezilaurus ita-uba (Meisn.) Taub. ex Mez,0.6413632605615194,0.4125872589275239,0.2601673546959139,0.22877600163399547
0613,Tabebuia rosea (Bert.) DC.,0678,Albizia ferruginea (Guill. & Perr.) Benth.,0.5867444500931693,0.27496924594578387,0.35777892083270585,0.22896552926046349
0009,Leptolobium Vogel,0085,Bobgunnia fistuloides (Harms) J.H. Kirkbr. & Wiersema,0.6416018481957059,0.16101899818656135,0.4125872589275239,0.22901458926818197
0380,Libidibia paraguariensis (D.Parodi) G.P.Lewis,0553,Quercus petraea (Matt.) Liebl.,0.8331417313568944,0.6037041179533492,0.2581276659186852,0.22943761340354518
0096,Brosimum guianense (Aubl.) Huber ex Ducke,0478,Peltogyne Vogel,0.6982603507782565,0.468233813156223,0.1811470023936011,0.23002653762203357
0239,Dipteryx odorata (Aubl.) Forsyth f.,0418,Mansonia altissima (A. Chev.) A. Chev.,0.646753344047014,0.4164011395062616,0.012409313496156668,0.2303522045407524
0114,Cantleya corniculata (Becc.) R.A.Howard,0259,Entandrophragma utile (Dawe & Sprague) Sprague,0.8111091513204296,0.5805310376179519,0.2069978345154368,0.23057811370247772
0033,Anacardium excelsum (Bertero & Balb. ex Kunth) Skeels,0293,Fraxinus americana L.,0.4313385867900973,0.07482690115830566,0.2006874935372814,0.23065109325281588
0114,Cantleya corniculata (Becc.) R.A.Howard,0426,Microberlinia brazzavillensis A. Chev.,0.8118484620170661,0.5805310376179519,0.23957417592531832,0.23131742439911418
0207,Dalbergia nigra (Vell.) Allemão ex Benth.,0354,Intsia bijuga (Colebr.) Kuntze,0.6507857814973561,0.4194156315959103,0.29407015717558727,0.23137014990144583
0372,Khaya ivorensis A.Chev.,0625,Terminalia superba Engl.& Diels,0.5943175479456073,0.2514693324780144,0.36271194838005,0.23160559956555732
0045,Anopyxis klaineana (Pierre) Engl.,0245,Dryobalanops aromatica C.F.Gaertn.,0.6584022383541475,0.42664489754293794,0.08261225579476351,0.23175734081120952
0095,Brosimum alicastrum Swartz,0096,Brosimum guianense (Aubl.) Huber ex Ducke,0.7001504278935162,0.4413660741827014,0.468233813156223,0.23191661473729325
0621,Tectona grandis L.,0679,Aningeria Aubrév. & Pellegr.,0.7735690037029306,0.5414864270518914,0.2305382109200897,0.23208257665103915
0554,Quercus robur L.,0679,Aningeria Aubrév. & Pellegr.,0.46272348469440966,0.11024859949584655,0.2305382109200897,0.23218527377431997
0092,Brachystegia cynometroides Harms,0114,Cantleya corniculata (Becc.) R.A.Howard,0.8127352309420266,0.05008607091450365,0.5805310376179519,0.23220419332407471
0181,Cotylelobium Pierre,0296,Fraxinus ornus L.,0.5027274039028333,0.2627628502619556,0.2704807546799976,0.23224664922283572
0324,Guibourtia pellegriniana J.Léonard,0375,Koompassia malaccensis Maing.,0.4353568089033255,0.20301559578579392,0.03982575224826281,0.2323412131175316
0035,Anacardium giganteum Hancock ex Engl.,0621,Tectona grandis L.,0.773956070753604,0.20568448529299813,0.5414864270518914,0.23246964370171253
0367,Juglans nigra L.,0425,Mezilaurus ita-uba (Meisn.) Taub. ex Mez,0.49278550396535886,0.02005651109636719,0.2601673546959139,0.23261814926944496
0070,Bagassa guianensis Aubl.,0353,Intsia Thouars,0.7192661443187548,0.4528924582382436,0.48641128958703317,0.23285485473172163
0071,Baikiaea plurijuga Harms,0073,Balfourodendron riedelianum (Engl.) Engl.,0.8112623669596333,0.5781517144448926,0.38391787966371865,0.23311065251474072
0066,Aucoumea klaineana Pierre,0238,Dipterocarpus kerrii King,0.4023855924553171,0.1689848833310126,0.03389503762998255,0.23340070912430447
0070,Bagassa guianensis Aubl.,0613,Tabebuia rosea (Bert.) DC.,0.686419083819307,0.4528924582382436,0.27496924594578387,0.23352662558106346
0071,Baikiaea plurijuga Harms,0081,Betula pendula Roth,0.8116848258829013,0.5781517144448926,0.0025807385340572584,0.2335331114380087
0009,Leptolobium Vogel,0399,Lovoa trichilioides Harms,0.5360786948270115,0.16101899818656135,0.3025441823946234,0.23353451243238815
0034,Anacardium L.,0326,Guibourtia ehie (A. Chev.) J. Léonard,0.6029432334611939,0.36896207906881207,0.2984188053844587,0.23398115439238187
0207,Dalbergia nigra (Vell.) Allemão ex Benth.,0214,Daniellia thurifera Benn.,0.6538827172975032,0.4194156315959103,0.4049723941201597,0.23446708570159297
0003,Acacia mangium Willd.,0034,Anacardium L.,0.6039817449518867,0.23412845438956545,0.36896207906881207,0.23501966588307466
0041,Aniba rosodora Ducke,0066,Aucoumea klaineana Pierre,0.4041424709940403,0.0656528117264906,0.1689848833310126,0.23515758766302772
0353,Intsia Thouars,0430,Milicia excelsa (Welw.) C.C. Berg,0.7217652167560555,0.48641128958703317,0.2228508772324565,0.23535392716902237
0009,Leptolobium Vogel,0678,Albizia ferruginea (Guill. & Perr.) Benth.,0.5933726826623813,0.16101899818656135,0.35777892083270585,0.23559376182967545
0007,Acer pseudoplatanus L.,0353,Intsia Thouars,0.7222808129240369,0.27538384172241354,0.48641128958703317,0.23586952333700373
0115,Carapa guianensis Aubl.,0243,Dracontomelon dao (Blanco) Merr. & Rolfe,0.6889852465714359,0.45301009815803,0.36823324125981255,0.2359751484134059
0091,Brachystegia Benth.,0479,Peltogyne catingae Ducke,0.6056800435237362,0.36962746064415636,0.05022355401665795,0.2360525828795798
0009,Leptolobium Vogel,0621,Tectona grandis L.,0.7775749355649044,0.16101899818656135,0.5414864270518914,0.236088508513013
0326,Guibourtia ehie (A. Chev.) J. Léonard,0608,Swietenia mahagoni (L.) Jacq.,0.5347165515080976,0.2984188053844587,0.02812049764059408,0.2362977461236389
0353,Intsia Thouars,0621,Tectona grandis L.,0.7784263126558116,0.48641128958703317,0.5414864270518914,0.2369398856039202
0073,Balfourodendron riedelianum (Engl.) Engl.,0256,Entandrophragma angolense (Welw.) Panshin,0.6211120080482717,0.38391787966371865,0.319302552831661,0.23719412838455306
0045,Anopyxis klaineana (Pierre) Engl.,0244,Dryobalanops C.F.Gaertn.,0.6638994249779342,0.42664489754293794,0.03512342815501089,0.23725452743499625
0243,Dracontomelon dao (Blanco) Merr. & Rolfe,0293,Fraxinus americana L.,0.6063433283973328,0.36823324125981255,0.2006874935372814,0.2381100871375203
0295,Fraxinus nigra Marshall,0367,Juglans nigra L.,0.26054244072946,0.022324164890242817,0.02005651109636719,0.23821827583921718
0045,Anopyxis klaineana (Pierre) Engl.,0071,Baikiaea plurijuga Harms,0.816752497976359,0.42664489754293794,0.5781517144448926,0.2386007835314664
0239,Dipteryx odorata (Aubl.) Forsyth f.,0366,Juglans regia L.,0.6551725139359743,0.4164011395062616,0.0161593253050704,0.2387713744297127
0326,Guibourtia ehie (A. Chev.) J. Léonard,0354,Intsia bijuga (Colebr.) Kuntze,0.5373117922983931,0.2984188053844587,0.29407015717558727,0.2388929869139344
0033,Anacardium excelsum (Bertero & Balb. ex Kunth) Skeels,0648,Triplochiton scleroxylon K. Schum.,0.4034542671238812,0.07482690115830566,0.16453642510521302,0.2389178420186682
0030,Amburana cearensis (Allemão) A.C.Sm.,0353,Intsia Thouars,0.7262470475971738,0.26876027711533945,0.48641128958703317,0.23983575801014068
0045,Anopyxis klaineana (Pierre) Engl.,0294,Fraxinus excelsior L.,0.6666552930732346,0.42664489754293794,0.17627665442045826,0.24001039553029663
0158,"Chlorocardium rodiei (R.H.Schomb.) Rohwer, H.G.Richt. & van der Werff",0270,Erythrophleum suaveolens (Guill. & Perr.) Brenan,0.6506194227531653,0.10003326503781798,0.4099958913427453,0.24062353141042003
0035,Anacardium giganteum Hancock ex Engl.,0380,Libidibia paraguariensis (D.Parodi) G.P.Lewis,0.84451542688549,0.20568448529299813,0.6037041179533492,0.24081130893214076
0009,Leptolobium Vogel,0302,Gilbertiodendron preussii (Harms) J.Léonard,0.40194537530161223,0.16101899818656135,0.1175198759908919,0.24092637711505088
0353,Intsia Thouars,0613,Tabebuia rosea (Bert.) DC.,0.7276483611700064,0.48641128958703317,0.27496924594578387,0.24123707158297325
0147,Ceiba pentandra (L.) Gaertn.,0293,Fraxinus americana L.,0.4421572454762707,0.09920852062625649,0.2006874935372814,0.2414697519389893
0071,Baikiaea plurijuga Harms,0541,Pterygota macrocarpa K. Schum.,0.8198528165354961,0.5781517144448926,0.016821229975053267,0.24170110209060358
0034,Anacardium L.,0243,Dracontomelon dao (Blanco) Merr. & Rolfe,0.6107815880519134,0.36896207906881207,0.36823324125981255,0.24181950898310134
0238,Dipterocarpus kerrii King,0380,Libidibia paraguariensis (D.Parodi) G.P.Lewis,0.8456111423743415,0.03389503762998255,0.6037041179533492,0.24190702442099232
0073,Balfourodendron riedelianum (Engl.) Engl.,0093,Brachystegia laurentii (De Wild.) Louis ex J.Léonard,0.6258733257356407,0.38391787966371865,0.3343633761708376,0.24195544607192204
0331,Heritiera utilis (Sprague) Sprague,0353,Intsia Thouars,0.7285040554863411,0.21354296220717087,0.48641128958703317,0.24209276589930795
0239,Dipteryx odorata (Aubl.) Forsyth f.,0554,Quercus robur L.,0.658776674812132,0.4164011395062616,0.11024859949584655,0.24237553530587036
0034,Anacardium L.,0035,Anacardium giganteum Hancock ex Engl.,0.6116078437650405,0.36896207906881207,0.20568448529299813,0.24264576469622845
0297,Fraxinus mandshurica Rupr.,0613,Tabebuia rosea (Bert.) DC.,0.5406825709904903,0.29800823641994206,0.27496924594578387,0.24267433457054827
0114,Cantleya corniculata (Becc.) R.A.Howard,0480,Peltogyne mexicana Martínez,0.8237035891114655,0.5805310376179519,0.1079574407089981,0.24317255149351358
0093,Brachystegia laurentii (De Wild.) Louis ex J.Léonard,0270,Erythrophleum suaveolens (Guill. & Perr.) Brenan,0.653173709925197,0.3343633761708376,0.4099958913427453,0.2431778185824517
0009,Leptolobium Vogel,0239,Dipteryx odorata (Aubl.) Forsyth f.,0.6597689995504719,0.16101899818656135,0.4164011395062616,0.24336786004421024
0195,Ctenolophon parvifolius Oliv.,0293,Fraxinus americana L.,0.4746485814397078,0.23093942479410615,0.2006874935372814,0.24370915664560164
0093,Brachystegia laurentii (De Wild.) Louis ex J.Léonard,0678,Albizia ferruginea (Guill. & Perr.) Benth.,0.6015250409182539,0.3343633761708376,0.35777892083270585,0.24374612008554802
0034,Anacardium L.,0236,Dipterocarpus C.F.Gaertn.,0.6127582329105672,0.36896207906881207,0.24925766087492005,0.24379615384175513
0326,Guibourtia ehie (A. Chev.) J. Léonard,0478,Peltogyne Vogel,0.5423163157811082,0.2984188053844587,0.1811470023936011,0.24389751039664948
0326,Guibourtia ehie (A. Chev.) J. Léonard,0607,Swietenia macrophylla King,0.5423637258696339,0.2984188053844587,0.07084689292776884,0.2439449204851752
0331,Heritiera utilis (Sprague) Sprague,0621,Tectona grandis L.,0.7855976785184535,0.21354296220717087,0.5414864270518914,0.2441112514665621
0353,Intsia Thouars,0426,Microberlinia brazzavillensis A. Chev.,0.7306944905384567,0.48641128958703317,0.23957417592531832,0.24428320095142353
0085,Bobgunnia fistuloides (Harms) J.H. Kirkbr. & Wiersema,0114,Cantleya corniculata (Becc.) R.A.Howard,0.8248184246783954,0.4125872589275239,0.5805310376179519,0.2442873870604435
0478,Peltogyne Vogel,0621,Tectona grandis L.,0.7857823650304536,0.1811470023936011,0.5414864270518914,0.2442959379785622
0096,Brosimum guianense (Aubl.) Huber ex Ducke,0353,Intsia Thouars,0.7307634385933355,0.468233813156223,0.48641128958703317,0.2443521490063023
0045,Anopyxis klaineana (Pierre) Engl.,0207,Dalbergia nigra (Vell.) Allemão ex Benth.,0.6710681536679253,0.42664489754293794,0.4194156315959103,0.24442325612498733
0399,Lovoa trichilioides Harms,0426,Microberlinia brazzavillensis A. Chev.,0.5470393665242084,0.3025441823946234,0.23957417592531832,0.24449518412958499
0214,Daniellia thurifera Benn.,0625,Terminalia superba Engl.& Diels,0.6495492085117771,0.4049723941201597,0.36271194838005,0.24457681439161744
0313,Grevillea robusta A.Cunn. ex R.Br.,0425,Mezilaurus ita-uba (Meisn.) Taub. ex Mez,0.5287474593019048,0.2838740990600396,0.2601673546959139,0.24487336024186523
0207,Dalbergia nigra (Vell.) Allemão ex Benth.,0375,Koompassia malaccensis Maing.,0.6643544279216033,0.4194156315959103,0.03982575224826281,0.244938796325693
0073,Balfourodendron riedelianum (Engl.) Engl.,0114,Cantleya corniculata (Becc.) R.A.Howard,0.8259766837100884,0.38391787966371865,0.5805310376179519,0.24544564609213648
0114,Cantleya corniculata (Becc.) R.A.Howard,0270,Erythrophleum suaveolens (Guill. & Perr.) Brenan,0.8263181884997669,0.5805310376179519,0.4099958913427453,0.24578715088181502
0030,Amburana cearensis (Allemão) A.C.Sm.,0091,Brachystegia Benth.,0.6159126871064281,0.26876027711533945,0.36962746064415636,0.24628522646227174
0070,Bagassa guianensis Aubl.,0331,Heritiera utilis (Sprague) Sprague,0.6991974979234686,0.4528924582382436,0.21354296220717087,0.24630503968522505
0380,Libidibia paraguariensis (D.Parodi) G.P.Lewis,0542,Pycnanthus angolensis (Welw.) Warb.,0.8500556629227101,0.6037041179533492,0.07234546467128498,0.24635154496936085
0214,Daniellia thurifera Benn.,0294,Fraxinus excelsior L.,0.6516908556118899,0.4049723941201597,0.17627665442045826,0.2467184614917302
0621,Tectona grandis L.,0678,Albizia ferruginea (Guill. & Perr.) Benth.,0.7886023323179584,0.5414864270518914,0.35777892083270585,0.24711590526606697
0070,Bagassa guianensis Aubl.,0245,Dryobalanops aromatica C.F.Gaertn.,0.7001377362258654,0.4528924582382436,0.08261225579476351,0.2472452779876218
0114,Cantleya corniculata (Becc.) R.A.Howard,0478,Peltogyne Vogel,0.8277880774713762,0.5805310376179519,0.1811470023936011,0.2472570398534243
0035,Anacardium giganteum Hancock ex Engl.,0297,Fraxinus mandshurica Rupr.,0.5453249540883838,0.20568448529299813,0.29800823641994206,0.2473167176684417
0214,Daniellia thurifera Benn.,0256,Entandrophragma angolense (Welw.) Panshin,0.6528638793665857,0.4049723941201597,0.319302552831661,0.24789148524642607
0259,Entandrophragma utile (Dawe & Sprague) Sprague,0606,Swietenia humilis Zucc.,0.4551589472194289,0.2069978345154368,0.03956854200666897,0.2481611127039921
0399,Lovoa trichilioides Harms,0621,Tectona grandis L.,0.7899975740650766,0.3025441823946234,0.5414864270518914,0.24851114701318522
0070,Bagassa guianensis Aubl.,0244,Dryobalanops C.F.Gaertn.,0.7017506702541247,0.4528924582382436,0.03512342815501089,0.24885821201588115
0270,Erythrophleum suaveolens (Guill. & Perr.) Brenan,0326,Guibourtia ehie (A. Chev.) J. Léonard,0.6594622116625911,0.4099958913427453,0.2984188053844587,0.24946632031984584
0096,Brosimum guianense (Aubl.) Huber ex Ducke,0480,Peltogyne mexicana Martínez,0.7180231172764806,0.468233813156223,0.1079574407089981,0.24978930412025763
0243,Dracontomelon dao (Blanco) Merr. & Rolfe,0297,Fraxinus mandshurica Rupr.,0.6186992255990179,0.36823324125981255,0.29800823641994206,0.25046598433920536
0041,Aniba rosodora Ducke,0095,Brosimum alicastrum Swartz,0.6923249671233352,0.0656528117264906,0.4413660741827014,0.25095889294063384
0096,Brosimum guianense (Aubl.) Huber ex Ducke,0323,Guibourtia demeusei (Harms) J.Léonard,0.7195753929629299,0.468233813156223,0.35528177474147954,0.25134157980670696
0430,Milicia excelsa (Welw.) C.C. Berg,0613,Tabebuia rosea (Bert.) DC.,0.526333791600941,0.2228508772324565,0.27496924594578387,0.2513645456551571
0091,Brachystegia Benth.,0430,Milicia excelsa (Welw.) C.C. Berg,0.6210424034816455,0.36962746064415636,0.2228508772324565,0.25141494283748916
0256,Entandrophragma angolense (Welw.) Panshin,0380,Libidibia paraguariensis (D.Parodi) G.P.Lewis,0.8558467449825029,0.319302552831661,0.6037041179533492,0.2521426270291537
0238,Dipterocarpus kerrii King,0294,Fraxinus excelsior L.,0.42891221729449325,0.03389503762998255,0.17627665442045826,0.252635562874035
0114,Cantleya corniculata (Becc.) R.A.Howard,0301,Gilbertiodendron dewevrei (De Wild.) J.Léonard,0.8333931076824684,0.5805310376179519,0.15292725453998418,0.25286207006451655
0085,Bobgunnia fistuloides (Harms) J.H. Kirkbr. & Wiersema,0479,Peltogyne catingae Ducke,0.6661765273816413,0.4125872589275239,0.05022355401665795,0.25358926845411744
0294,Fraxinus excelsior L.,0295,Fraxinus nigra Marshall,0.42995015772753475,0.17627665442045826,0.022324164890242817,0.2536735033070765
0147,Ceiba pentandra (L.) Gaertn.,0313,Grevillea robusta A.Cunn. ex R.Br.,0.5375600975774548,0.09920852062625649,0.2838740990600396,0.25368599851741525
0181,Cotylelobium Pierre,0297,Fraxinus mandshurica Rupr.,0.55185743046382,0.2627628502619556,0.29800823641994206,0.2538491940438779
0207,Dalbergia nigra (Vell.) Allemão ex Benth.,0256,Entandrophragma angolense (Welw.) Panshin,0.6736745168145002,0.4194156315959103,0.319302552831661,0.2542588852185899
0085,Bobgunnia fistuloides (Harms) J.H. Kirkbr. & Wiersema,0426,Microberlinia brazzavillensis A. Chev.,0.6673374550179385,0.4125872589275239,0.23957417592531832,0.2547501960904146
0070,Bagassa guianensis Aubl.,0207,Dalbergia nigra (Vell.) Allemão ex Benth.,0.7079645345165309,0.4528924582382436,0.4194156315959103,0.25507207627828726
0034,Anacardium L.,0115,Carapa guianensis Aubl.,0.7085959273084771,0.36896207906881207,0.45301009815803,0.2555858291504471
0353,Intsia Thouars,0608,Swietenia mahagoni (L.) Jacq.,0.7420252500179427,0.48641128958703317,0.02812049764059408,0.25561396043090956
0323,Guibourtia demeusei (Harms) J.Léonard,0380,Libidibia paraguariensis (D.Parodi) G.P.Lewis,0.8594830274856624,0.35528177474147954,0.6037041179533492,0.2557789095323132
0071,Baikiaea plurijuga Harms,0293,Fraxinus americana L.,0.8341255244519401,0.5781517144448926,0.2006874935372814,0.25597381000704755
0114,Cantleya corniculata (Becc.) R.A.Howard,0542,Pycnanthus angolensis (Welw.) Warb.,0.8366179394593478,0.5805310376179519,0.07234546467128498,0.25608690184139593
0239,Dipteryx odorata (Aubl.) Forsyth f.,0552,Quercus alba L.,0.6732363781849048,0.4164011395062616,0.11942757291818792,0.25683523867864316
0034,Anacardium L.,0354,Intsia bijuga (Colebr.) Kuntze,0.6262957713254216,0.36896207906881207,0.29407015717558727,0.2573336922566095
0430,Milicia excelsa (Welw.) C.C. Berg,0625,Terminalia superba Engl.& Diels,0.6200516304374182,0.2228508772324565,0.36271194838005,0.2573396820573682
0091,Brachystegia Benth.,0678,Albizia ferruginea (Guill. & Perr.) Benth.,0.6270172807198999,0.36962746064415636,0.35777892083270585,0.25738982007574357
0354,Intsia bijuga (Colebr.) Kuntze,0678,Albizia ferruginea (Guill. & Perr.) Benth.,0.6158277687618605,0.29407015717558727,0.35777892083270585,0.25804884792915467
0072,Baillonella toxisperma Pierre,0239,Dipteryx odorata (Aubl.) Forsyth f.,0.6746388479942592,0.33402537324669906,0.4164011395062616,0.2582377084879976
0114,Cantleya corniculata (Becc.) R.A.Howard,0257,Entandrophragma candollei Harms,0.8390193538794288,0.5805310376179519,0.18916044854556002,0.25848831626147695
0554,Quercus robur L.,0648,Triplochiton scleroxylon K. Schum.,0.42304489225303793,0.11024859949584655,0.16453642510521302,0.25850846714782494
0245,Dryobalanops aromatica C.F.Gaertn.,0621,Tectona grandis L.,0.8002758258424776,0.08261225579476351,0.5414864270518914,0.25878939879058616
0244,Dryobalanops C.F.Gaertn.,0256,Entandrophragma angolense (Welw.) Panshin,0.5780925410235477,0.03512342815501089,0.319302552831661,0.2587899881918867
0073,Balfourodendron riedelianum (Engl.) Engl.,0258,Entandrophragma cylindricum (Sprague) Sprague,0.6431549453069257,0.38391787966371865,0.25242647174716004,0.2592370656432071
0091,Brachystegia Benth.,0114,Cantleya corniculata (Becc.) R.A.Howard,0.839879437784642,0.36962746064415636,0.5805310376179519,0.25934840016669014
0035,Anacardium giganteum Hancock ex Engl.,0157,Ceriops tagal (Perr.) C.B. Robinson,0.5902370078040974,0.20568448529299813,0.33088565378713025,0.25935135401696713
0114,Cantleya corniculata (Becc.) R.A.Howard,0245,Dryobalanops aromatica C.F.Gaertn.,0.840689169409254,0.5805310376179519,0.08261225579476351,0.2601581317913021
0073,Balfourodendron riedelianum (Engl.) Engl.,0325,Guibourtia tessmannii (Harms) J.Léonard,0.6440854655686756,0.38391787966371865,0.19769310265299028,0.260167585904957
0085,Bobgunnia fistuloides (Harms) J.H. Kirkbr. & Wiersema,0478,Peltogyne Vogel,0.6728662015655765,0.4125872589275239,0.1811470023936011,0.2602789426380526
0157,Ceriops tagal (Perr.) C.B. Robinson,0214,Daniellia thurifera Benn.,0.6654792718766068,0.33088565378713025,0.4049723941201597,0.26050687775644715
0115,Carapa guianensis Aubl.,0371,Khaya grandifoliola C.DC.,0.7135200292841005,0.45301009815803,0.048818241280783575,0.2605099311260705
0114,Cantleya corniculata (Becc.) R.A.Howard,0353,Intsia Thouars,0.8413817456518452,0.5805310376179519,0.48641128958703317,0.2608507080338933
0080,Betula papyrifera Marshall,0238,Dipterocarpus kerrii King,0.6537798363028081,0.3923039267660832,0.03389503762998255,0.2614759095367249
0258,Entandrophragma cylindricum (Sprague) Sprague,0678,Albizia ferruginea (Guill. & Perr.) Benth.,0.6194944454413553,0.25242647174716004,0.35777892083270585,0.2617155246086495
0372,Khaya ivorensis A.Chev.,0380,Libidibia paraguariensis (D.Parodi) G.P.Lewis,0.8657666196278919,0.2514693324780144,0.6037041179533492,0.2620625016745427
0115,Carapa guianensis Aubl.,0296,Fraxinus ornus L.,0.7151579664614776,0.45301009815803,0.2704807546799976,0.26214786830344755
0380,Libidibia paraguariensis (D.Parodi) G.P.Lewis,0679,Aningeria Aubrév. & Pellegr.,0.8658769630542261,0.6037041179533492,0.2305382109200897,0.2621728451008769
0009,Leptolobium Vogel,0095,Brosimum alicastrum Swartz,0.7035758706772055,0.16101899818656135,0.4413660741827014,0.2622097964945041
0258,Entandrophragma cylindricum (Sprague) Sprague,0372,Khaya ivorensis A.Chev.,0.5152734093663827,0.25242647174716004,0.2514693324780144,0.2628469376192226
0297,Fraxinus mandshurica Rupr.,0648,Triplochiton scleroxylon K. Schum.,0.5608918472515285,0.29800823641994206,0.16453642510521302,0.26288361083158646
0269,Erythrophleum ivorense A. Chev,0478,Peltogyne Vogel,0.5532079812109298,0.2903085074707726,0.1811470023936011,0.26289947374015726
0461,Ochroma pyramidale (Cav. ex Lam.) Urb.,0542,Pycnanthus angolensis (Welw.) Warb.,0.3590670900125457,0.09605455767171649,0.07234546467128498,0.2630125323408292
0313,Grevillea robusta A.Cunn. ex R.Br.,0372,Khaya ivorensis A.Chev.,0.5471053667541051,0.2838740990600396,0.2514693324780144,0.2632312676940656
0071,Baikiaea plurijuga Harms,0550,Quercus mongolica Fisch. ex Ledeb.,0.8419771109041824,0.5781517144448926,0.0339628776830313,0.2638253964592898
0003,Acacia mangium Willd.,0269,Erythrophleum ivorense A. Chev,0.5543824874267884,0.23412845438956545,0.2903085074707726,0.26407397995601584
0270,Erythrophleum suaveolens (Guill. & Perr.) Brenan,0430,Milicia excelsa (Welw.) C.C. Berg,0.674074314607646,0.4099958913427453,0.2228508772324565,0.2640784232649007
0009,Leptolobium Vogel,0034,Anacardium L.,0.6333456284609402,0.16101899818656135,0.36896207906881207,0.26438354939212816
0073,Balfourodendron riedelianum (Engl.) Engl.,0461,Ochroma pyramidale (Cav. ex Lam.) Urb.,0.6483833988707262,0.38391787966371865,0.09605455767171649,0.2644655192070075
0003,Acacia mangium Willd.,0256,Entandrophragma angolense (Welw.) Panshin,0.5843352775661879,0.23412845438956545,0.319302552831661,0.2650327247345269
0129,Castanea crenata Siebold & Zucc.,0239,Dipteryx odorata (Aubl.) Forsyth f.,0.681668009390194,0.01642495583191611,0.4164011395062616,0.2652668698839324
0093,Brachystegia laurentii (De Wild.) Louis ex J.Léonard,0207,Dalbergia nigra (Vell.) Allemão ex Benth.,0.6849180725575195,0.3343633761708376,0.4194156315959103,0.2655024409616092
0323,Guibourtia demeusei (Harms) J.Léonard,0461,Ochroma pyramidale (Cav. ex Lam.) Urb.,0.6210746433691663,0.35528177474147954,0.09605455767171649,0.26579286862768675
0114,Cantleya corniculata (Becc.) R.A.Howard,0296,Fraxinus ornus L.,0.8464787405964959,0.5805310376179519,0.2704807546799976,0.265947702978544
0045,Anopyxis klaineana (Pierre) Engl.,0080,Betula papyrifera Marshall,0.6929525837505291,0.42664489754293794,0.3923039267660832,0.2663076862075912
0091,Brachystegia Benth.,0399,Lovoa trichilioides Harms,0.636043010588106,0.36962746064415636,0.3025441823946234,0.2664155499439496
0095,Brosimum alicastrum Swartz,0613,Tabebuia rosea (Bert.) DC.,0.7078257562786283,0.4413660741827014,0.27496924594578387,0.2664596820959269
0269,Erythrophleum ivorense A. Chev,0354,Intsia bijuga (Colebr.) Kuntze,0.560772990361847,0.2903085074707726,0.29407015717558727,0.26670283318625976
0092,Brachystegia cynometroides Harms,0678,Albizia ferruginea (Guill. & Perr.) Benth.,0.6250251164188403,0.05008607091450365,0.35777892083270585,0.26724619558613444
0071,Baikiaea plurijuga Harms,0085,Bobgunnia fistuloides (Harms) J.H. Kirkbr. & Wiersema,0.8454043608986644,0.5781517144448926,0.4125872589275239,0.2672526464537719
0030,Amburana cearensis (Allemão) A.C.Sm.,0301,Gilbertiodendron dewevrei (De Wild.) J.Léonard,0.5363528957568652,0.26876027711533945,0.15292725453998418,0.2675926186415257
0080,Betula papyrifera Marshall,0115,Carapa guianensis Aubl.,0.7207740671308488,0.3923039267660832,0.45301009815803,0.2677639689728188
0115,Carapa guianensis Aubl.,0147,Ceiba pentandra (L.) Gaertn.,0.720791031493403,0.45301009815803,0.09920852062625649,0.26778093333537295
0301,Gilbertiodendron dewevrei (De Wild.) J.Léonard,0621,Tectona grandis L.,0.8096418236757806,0.15292725453998418,0.5414864270518914,0.2681553966238892
0003,Acacia mangium Willd.,0613,Tabebuia rosea (Bert.) DC.,0.5436792977819126,0.23412845438956545,0.27496924594578387,0.2687100518361287
0157,Ceriops tagal (Perr.) C.B. Robinson,0293,Fraxinus americana L.,0.5998369618080901,0.33088565378713025,0.2006874935372814,0.26895130802095985
0269,Erythrophleum ivorense A. Chev,0426,Microberlinia brazzavillensis A. Chev.,0.5593715477872616,0.2903085074707726,0.23957417592531832,0.26906304031648903
0302,Gilbertiodendron preussii (Harms) J.Léonard,0375,Koompassia malaccensis Maing.,0.3866748758716967,0.1175198759908919,0.03982575224826281,0.26915499988080477
0238,Dipterocarpus kerrii King,0367,Juglans nigra L.,0.3036268631576757,0.03389503762998255,0.02005651109636719,0.26973182552769315
0070,Bagassa guianensis Aubl.,0072,Baillonella toxisperma Pierre,0.7228904177673365,0.4528924582382436,0.33402537324669906,0.26999795952909295
0092,Brachystegia cynometroides Harms,0324,Guibourtia pellegriniana J.Léonard,0.47315399348344167,0.05008607091450365,0.20301559578579392,0.27013839769764775
0552,Quercus alba L.,0648,Triplochiton scleroxylon K. Schum.,0.43473414742884225,0.11942757291818792,0.16453642510521302,0.27019772232362926
0552,Quercus alba L.,0679,Aningeria Aubrév. & Pellegr.,0.5009286486765313,0.11942757291818792,0.2305382109200897,0.2703904377564416
0034,Anacardium L.,0181,Cotylelobium Pierre,0.6395967030009315,0.36896207906881207,0.2627628502619556,0.27063462393211946
0071,Baikiaea plurijuga Harms,0244,Dryobalanops C.F.Gaertn.,0.8488698733049058,0.5781517144448926,0.03512342815501089,0.27071815886001327
0093,Brachystegia laurentii (De Wild.) Louis ex J.Léonard,0115,Carapa guianensis Aubl.,0.7238346626950474,0.3343633761708376,0.45301009815803,0.27082456453701736
0003,Acacia mangium Willd.,0621,Tectona grandis L.,0.8125707809641206,0.23412845438956545,0.5414864270518914,0.2710843539122292
0297,Fraxinus mandshurica Rupr.,0367,Juglans nigra L.,0.5693659130583302,0.29800823641994206,0.02005651109636719,0.2713576766383881
0239,Dipteryx odorata (Aubl.) Forsyth f.,0678,Albizia ferruginea (Guill. & Perr.) Benth.,0.6880343246333864,0.4164011395062616,0.35777892083270585,0.2716331851271248
0372,Khaya ivorensis A.Chev.,0461,Ochroma pyramidale (Cav. ex Lam.) Urb.,0.5231627151670493,0.2514693324780144,0.09605455767171649,0.27169338268903487
0114,Cantleya corniculata (Becc.) R.A.Howard,0430,Milicia excelsa (Welw.) C.C. Berg,0.8528524436074933,0.5805310376179519,0.2228508772324565,0.27232140598954147
0045,Anopyxis klaineana (Pierre) Engl.,0399,Lovoa trichilioides Harms,0.6995178315690969,0.42664489754293794,0.3025441823946234,0.2728729340261589
0243,Dracontomelon dao (Blanco) Merr. & Rolfe,0294,Fraxinus excelsior L.,0.6411729000469848,0.36823324125981255,0.17627665442045826,0.27293965878717225
0269,Erythrophleum ivorense A. Chev,0353,Intsia Thouars,0.7595127302883864,0.2903085074707726,0.48641128958703317,0.2731014407013532
0073,Balfourodendron riedelianum (Engl.) Engl.,0380,Libidibia paraguariensis (D.Parodi) G.P.Lewis,0.8768063457552041,0.38391787966371865,0.6037041179533492,0.2731022278018549
0070,Bagassa guianensis Aubl.,0195,Ctenolophon parvifolius Oliv.,0.7261622631007745,0.4528924582382436,0.23093942479410615,0.2732698048625309
0072,Baillonella toxisperma Pierre,0295,Fraxinus nigra Marshall,0.6075534058772658,0.33402537324669906,0.022324164890242817,0.27352803263056674
0073,Balfourodendron riedelianum (Engl.) Engl.,0326,Guibourtia ehie (A. Chev.) J. Léonard,0.657518844678514,0.38391787966371865,0.2984188053844587,0.2736009650147953
0085,Bobgunnia fistuloides (Harms) J.H. Kirkbr. & Wiersema,0313,Grevillea robusta A.Cunn. ex R.Br.,0.6863859100064227,0.4125872589275239,0.2838740990600396,0.2737986510788988
0157,Ceriops tagal (Perr.) C.B. Robinson,0297,Fraxinus mandshurica Rupr.,0.6052005133312797,0.33088565378713025,0.29800823641994206,0.2743148595441494
0195,Ctenolophon parvifolius Oliv.,0214,Daniellia thurifera Benn.,0.6793202792434978,0.23093942479410615,0.4049723941201597,0.27434788512333813
0081,Betula pendula Roth,0157,Ceriops tagal (Perr.) C.B. Robinson,0.6055962586784249,0.0025807385340572584,0.33088565378713025,0.2747106048912947
0244,Dryobalanops C.F.Gaertn.,0621,Tectona grandis L.,0.8169619331754874,0.03512342815501089,0.5414864270518914,0.27547550612359595
0302,Gilbertiodendron preussii (Harms) J.Léonard,0399,Lovoa trichilioides Harms,0.5780567741028382,0.1175198759908919,0.3025441823946234,0.2755125917082148
0354,Intsia bijuga (Colebr.) Kuntze,0613,Tabebuia rosea (Bert.) DC.,0.5696667855887523,0.29407015717558727,0.27496924594578387,0.275596628413165
0207,Dalbergia nigra (Vell.) Allemão ex Benth.,0613,Tabebuia rosea (Bert.) DC.,0.6952859755823306,0.4194156315959103,0.27496924594578387,0.27587034398642035
0147,Ceiba pentandra (L.) Gaertn.,0380,Libidibia paraguariensis (D.Parodi) G.P.Lewis,0.8799020099551804,0.09920852062625649,0.6037041179533492,0.2761978920018312
0003,Acacia mangium Willd.,0354,Intsia bijuga (Colebr.) Kuntze,0.5707412133379282,0.23412845438956545,0.29407015717558727,0.2766710561623409
0091,Brachystegia Benth.,0158,"Chlorocardium rodiei (R.H.Schomb.) Rohwer, H.G.Richt. & van der Werff",0.646444951102848,0.36962746064415636,0.10003326503781798,0.2768174904586917
0030,Amburana cearensis (Allemão) A.C.Sm.,0095,Brosimum alicastrum Swartz,0.7182778122746118,0.26876027711533945,0.4413660741827014,0.27691173809191044
0130,Castanea sativa Mill.,0550,Quercus mongolica Fisch. ex Ledeb.,0.43326832115690533,0.15586720528769307,0.0339628776830313,0.27740111586921223
0095,Brosimum alicastrum Swartz,0425,Mezilaurus ita-uba (Meisn.) Taub. ex Mez,0.7188263797714606,0.4413660741827014,0.2601673546959139,0.27746030558875917
0071,Baikiaea plurijuga Harms,0294,Fraxinus excelsior L.,0.8556512839409145,0.5781517144448926,0.17627665442045826,0.27749956949602195
0236,Dipterocarpus C.F.Gaertn.,0678,Albizia ferruginea (Guill. & Perr.) Benth.,0.6352906538259337,0.24925766087492005,0.35777892083270585,0.2775117329932279
0236,Dipterocarpus C.F.Gaertn.,0313,Grevillea robusta A.Cunn. ex R.Br.,0.561435221830827,0.24925766087492005,0.2838740990600396,0.27756112277078737
0323,Guibourtia demeusei (Harms) J.Léonard,0354,Intsia bijuga (Colebr.) Kuntze,0.6332956341428757,0.35528177474147954,0.29407015717558727,0.27801385940139617
0324,Guibourtia pellegriniana J.Léonard,0478,Peltogyne Vogel,0.48103270323643843,0.20301559578579392,0.1811470023936011,0.2780171074506445
0366,Juglans regia L.,0367,Juglans nigra L.,0.2980999998687917,0.0161593253050704,0.02005651109636719,0.2780434887724245
0034,Anacardium L.,0399,Lovoa trichilioides Harms,0.6475121443343896,0.36896207906881207,0.3025441823946234,0.2785500652655776
0080,Betula papyrifera Marshall,0554,Quercus robur L.,0.6710146753981282,0.3923039267660832,0.11024859949584655,0.278710748632045
0030,Amburana cearensis (Allemão) A.C.Sm.,0621,Tectona grandis L.,0.8204664217972422,0.26876027711533945,0.5414864270518914,0.27897999474535073
0353,Intsia Thouars,0399,Lovoa trichilioides Harms,0.7660357428319395,0.48641128958703317,0.3025441823946234,0.27962445324490637
0372,Khaya ivorensis A.Chev.,0606,Swietenia humilis Zucc.,0.5311732905955258,0.2514693324780144,0.03956854200666897,0.27970395811751136
0092,Brachystegia cynometroides Harms,0207,Dalbergia nigra (Vell.) Allemão ex Benth.,0.699281653799954,0.05008607091450365,0.4194156315959103,0.2798660222040437
0326,Guibourtia ehie (A. Chev.) J. Léonard,0479,Peltogyne catingae Ducke,0.5785662703699979,0.2984188053844587,0.05022355401665795,0.28014746498553916
0041,Aniba rosodora Ducke,0367,Juglans nigra L.,0.34586753244298335,0.0656528117264906,0.02005651109636719,0.2802147207164928
0245,Dryobalanops aromatica C.F.Gaertn.,0399,Lovoa trichilioides Harms,0.5828745916240592,0.08261225579476351,0.3025441823946234,0.2803304092294358
0096,Brosimum guianense (Aubl.) Huber ex Ducke,0430,Milicia excelsa (Welw.) C.C. Berg,0.7486626145417161,0.468233813156223,0.2228508772324565,0.28042880138549314
0367,Juglans nigra L.,0418,Mansonia altissima (A. Chev.) A. Chev.,0.3004859210422315,0.02005651109636719,0.012409313496156668,0.2804294099458643
0003,Acacia mangium Willd.,0243,Dracontomelon dao (Blanco) Merr. & Rolfe,0.6488293054276877,0.23412845438956545,0.36823324125981255,0.28059606416787514
0091,Brachystegia Benth.,0613,Tabebuia rosea (Bert.) DC.,0.6509104684711584,0.36962746064415636,0.27496924594578387,0.28128300782700205
0302,Gilbertiodendron preussii (Harms) J.Léonard,0426,Microberlinia brazzavillensis A. Chev.,0.5208937552077928,0.1175198759908919,0.23957417592531832,0.2813195792824745
0258,Entandrophragma cylindricum (Sprague) Sprague,0380,Libidibia paraguariensis (D.Parodi) G.P.Lewis,0.8851264639062484,0.25242647174716004,0.6037041179533492,0.28142234595289917
0080,Betula papyrifera Marshall,0181,Cotylelobium Pierre,0.6737361832272184,0.3923039267660832,0.2627628502619556,0.2814322564611352
0296,Fraxinus ornus L.,0613,Tabebuia rosea (Bert.) DC.,0.5564661414852217,0.2704807546799976,0.27496924594578387,0.2814968955394378
0080,Betula papyrifera Marshall,0239,Dipteryx odorata (Aubl.) Forsyth f.,0.698160682929351,0.3923039267660832,0.4164011395062616,0.28175954342308934
0066,Aucoumea klaineana Pierre,0070,Bagassa guianensis Aubl.,0.7347013966104778,0.1689848833310126,0.4528924582382436,0.28180893837223425
0324,Guibourtia pellegriniana J.Léonard,0625,Terminalia superba Engl.& Diels,0.6445976876857404,0.20301559578579392,0.36271194838005,0.28188573930569044
0045,Anopyxis klaineana (Pierre) Engl.,0425,Mezilaurus ita-uba (Meisn.) Taub. ex Mez,0.7085553854961455,0.42664489754293794,0.2601673546959139,0.28191048795320756
0003,Acacia mangium Willd.,0095,Brosimum alicastrum Swartz,0.7234258919349812,0.23412845438956545,0.4413660741827014,0.2820598177522798
0259,Entandrophragma utile (Dawe & Sprague) Sprague,0270,Erythrophleum suaveolens (Guill. & Perr.) Brenan,0.6921083070961427,0.2069978345154368,0.4099958913427453,0.2821124157533974
0041,Aniba rosodora Ducke,0114,Cantleya corniculata (Becc.) R.A.Howard,0.8632493651495009,0.0656528117264906,0.5805310376179519,0.282718327531549
0239,Dipteryx odorata (Aubl.) Forsyth f.,0542,Pycnanthus angolensis (Welw.) Warb.,0.6991651059173636,0.4164011395062616,0.07234546467128498,0.28276396641110196
0085,Bobgunnia fistuloides (Harms) J.H. Kirkbr. & Wiersema,0371,Khaya grandifoliola C.DC.,0.6953739255216951,0.4125872589275239,0.048818241280783575,0.2827866665941712
0181,Cotylelobium Pierre,0367,Juglans nigra L.,0.5456980148824135,0.2627628502619556,0.02005651109636719,0.2829351646204579
0324,Guibourtia pellegriniana J.Léonard,0621,Tectona grandis L.,0.8244693874299285,0.20301559578579392,0.5414864270518914,0.28298296037803705
0071,Baikiaea plurijuga Harms,0257,Entandrophragma candollei Harms,0.861286372438828,0.5781517144448926,0.18916044854556002,0.28313465799393545
0606,Swietenia humilis Zucc.,0607,Swietenia macrophylla King,0.3541735299298283,0.03956854200666897,0.07084689292776884,0.28332663700205946
0070,Bagassa guianensis Aubl.,0625,Terminalia superba Engl.& Diels,0.7366231262951036,0.4528924582382436,0.36271194838005,0.28373066805686004
0066,Aucoumea klaineana Pierre,0195,Ctenolophon parvifolius Oliv.,0.5147530854040914,0.1689848833310126,0.23093942479410615,0.28381366060998525
0071,Baikiaea plurijuga Harms,0297,Fraxinus mandshurica Rupr.,0.8620121316460687,0.5781517144448926,0.29800823641994206,0.28386041720117616
0115,Carapa guianensis Aubl.,0158,"Chlorocardium rodiei (R.H.Schomb.) Rohwer, H.G.Richt. & van der Werff",0.7371778501412031,0.45301009815803,0.10003326503781798,0.28416775198317307
0095,Brosimum alicastrum Swartz,0679,Aningeria Aubrév. & Pellegr.,0.7255572497221203,0.4413660741827014,0.2305382109200897,0.2841911755394189
0115,Carapa guianensis Aubl.,0257,Entandrophragma candollei Harms,0.7374358856170353,0.45301009815803,0.18916044854556002,0.2844257874590053
0181,Cotylelobium Pierre,0293,Fraxinus americana L.,0.5476649997240945,0.2627628502619556,0.2006874935372814,0.28490214946213893
0269,Erythrophleum ivorense A. Chev,0479,Peltogyne catingae Ducke,0.575371538503739,0.2903085074707726,0.05022355401665795,0.28506303103296643
0301,Gilbertiodendron dewevrei (De Wild.) J.Léonard,0480,Peltogyne mexicana Martínez,0.4382897909762907,0.15292725453998418,0.1079574407089981,0.28536253643630655
0115,Carapa guianensis Aubl.,0238,Dipterocarpus kerrii King,0.7383909628701711,0.45301009815803,0.03389503762998255,0.28538086471214114
0214,Daniellia thurifera Benn.,0678,Albizia ferruginea (Guill. & Perr.) Benth.,0.6905869378046882,0.4049723941201597,0.35777892083270585,0.2856145436845285
0070,Bagassa guianensis Aubl.,0295,Fraxinus nigra Marshall,0.7390017583889421,0.4528924582382436,0.022324164890242817,0.2861093001506985
0269,Erythrophleum ivorense A. Chev,0678,Albizia ferruginea (Guill. & Perr.) Benth.,0.644023628637578,0.2903085074707726,0.35777892083270585,0.28624470780487216
0073,Balfourodendron riedelianum (Engl.) Engl.,0092,Brachystegia cynometroides Harms,0.670342786553401,0.38391787966371865,0.05008607091450365,0.2864249068896823
0367,Juglans nigra L.,0553,Quercus petraea (Matt.) Liebl.,0.5448585382302439,0.02005651109636719,0.2581276659186852,0.2867308723115587
0301,Gilbertiodendron dewevrei (De Wild.) J.Léonard,0678,Albizia ferruginea (Guill. & Perr.) Benth.,0.6445563604717819,0.15292725453998418,0.35777892083270585,0.28677743963907604
0007,Acer pseudoplatanus L.,0542,Pycnanthus angolensis (Welw.) Warb.,0.5626643911804585,0.27538384172241354,0.07234546467128498,0.287280549458045
0071,Baikiaea plurijuga Harms,0606,Swietenia humilis Zucc.,0.8657997839661047,0.5781517144448926,0.03956854200666897,0.28764806952121214
0085,Bobgunnia fistuloides (Harms) J.H. Kirkbr. & Wiersema,0296,Fraxinus ornus L.,0.7006048720360073,0.4125872589275239,0.2704807546799976,0.2880176131084834
0034,Anacardium L.,0157,Ceriops tagal (Perr.) C.B. Robinson,0.6573320284624862,0.36896207906881207,0.33088565378713025,0.2883699493936741
0096,Brosimum guianense (Aubl.) Huber ex Ducke,0259,Entandrophragma utile (Dawe & Sprague) Sprague,0.7568831049661855,0.468233813156223,0.2069978345154368,0.2886492918099625
0114,Cantleya corniculata (Becc.) R.A.Howard,0648,Triplochiton scleroxylon K. Schum.,0.8693326426425733,0.5805310376179519,0.16453642510521302,0.2888016050246214
0130,Castanea sativa Mill.,0621,Tectona grandis L.,0.8304101541113549,0.15586720528769307,0.5414864270518914,0.28892372705946345
0326,Guibourtia ehie (A. Chev.) J. Léonard,0678,Albizia ferruginea (Guill. & Perr.) Benth.,0.6467598112657886,0.2984188053844587,0.35777892083270585,0.2889808904330828
0045,Anopyxis klaineana (Pierre) Engl.,0372,Khaya ivorensis A.Chev.,0.7158120612838369,0.42664489754293794,0.2514693324780144,0.28916716374089896
0324,Guibourtia pellegriniana J.Léonard,0426,Microberlinia brazzavillensis A. Chev.,0.5290744814148377,0.20301559578579392,0.23957417592531832,0.2895003054895194
0095,Brosimum alicastrum Swartz,0129,Castanea crenata Siebold & Zucc.,0.730905643902859,0.4413660741827014,0.01642495583191611,0.28953956972015754
0071,Baikiaea plurijuga Harms,0679,Aningeria Aubrév. & Pellegr.,0.8677116464358359,0.5781517144448926,0.2305382109200897,0.2895599319909433
0115,Carapa guianensis Aubl.,0399,Lovoa trichilioides Harms,0.7425880356081602,0.45301009815803,0.3025441823946234,0.2895779374501302
0073,Balfourodendron riedelianum (Engl.) Engl.,0324,Guibourtia pellegriniana J.Léonard,0.6737441415322811,0.38391787966371865,0.20301559578579392,0.2898262618685625
0081,Betula pendula Roth,0679,Aningeria Aubrév. & Pellegr.,0.5210844879776779,0.0025807385340572584,0.2305382109200897,0.29054627705758823
0009,Leptolobium Vogel,0425,Mezilaurus ita-uba (Meisn.) Taub. ex Mez,0.5509302515436025,0.16101899818656135,0.2601673546959139,0.29076289684768863
0071,Baikiaea plurijuga Harms,0431,Millettia laurentii De Wild.,0.8691745928265044,0.5781517144448926,0.14784264520810295,0.2910228783816119
0095,Brosimum alicastrum Swartz,0418,Mansonia altissima (A. Chev.) A. Chev.,0.7333496850086226,0.4413660741827014,0.012409313496156668,0.2919836108259212
0006,Acer platanoides L.,0621,Tectona grandis L.,0.8336627039505367,0.18973256215443007,0.5414864270518914,0.2921762768986452
0269,Erythrophleum ivorense A. Chev,0302,Gilbertiodendron preussii (Harms) J.Léonard,0.5826375877331424,0.2903085074707726,0.1175198759908919,0.29232908026236987
0324,Guibourtia pellegriniana J.Léonard,0399,Lovoa trichilioides Harms,0.5950598101499514,0.20301559578579392,0.3025441823946234,0.29251562775532797
0085,Bobgunnia fistuloides (Harms) J.H. Kirkbr. & Wiersema,0195,Ctenolophon parvifolius Oliv.,0.7060913060303904,0.4125872589275239,0.23093942479410615,0.2935040471028665
0114,Cantleya corniculata (Becc.) R.A.Howard,0293,Fraxinus americana L.,0.874049956520722,0.5805310376179519,0.2006874935372814,0.29351891890277015
0096,Brosimum guianense (Aubl.) Huber ex Ducke,0479,Peltogyne catingae Ducke,0.7618398931702934,0.468233813156223,0.05022355401665795,0.29360608001407046
0296,Fraxinus ornus L.,0648,Triplochiton scleroxylon K. Schum.,0.5641421864159306,0.2704807546799976,0.16453642510521302,0.293661431735933
0114,Cantleya corniculata (Becc.) R.A.Howard,0294,Fraxinus excelsior L.,0.8743323708537922,0.5805310376179519,0.17627665442045826,0.29380133323584035
0259,Entandrophragma utile (Dawe & Sprague) Sprague,0380,Libidibia paraguariensis (D.Parodi) G.P.Lewis,0.8978026997833775,0.2069978345154368,0.6037041179533492,0.29409858183002824
0158,"Chlorocardium rodiei (R.H.Schomb.) Rohwer, H.G.Richt. & van der Werff",0354,Intsia bijuga (Colebr.) Kuntze,0.5881757629548061,0.10003326503781798,0.29407015717558727,0.29410560577921885
0071,Baikiaea plurijuga Harms,0259,Entandrophragma utile (Dawe & Sprague) Sprague,0.8722824501666956,0.5781517144448926,0.2069978345154368,0.29413073572180304
0093,Brachystegia laurentii (De Wild.) Louis ex J.Léonard,0426,Microberlinia brazzavillensis A. Chev.,0.6286760870105411,0.3343633761708376,0.23957417592531832,0.2943127108397035
0080,Betula papyrifera Marshall,0541,Pterygota macrocarpa K. Schum.,0.6866452971700789,0.3923039267660832,0.016821229975053267,0.2943413704039957
0066,Aucoumea klaineana Pierre,0147,Ceiba pentandra (L.) Gaertn.,0.4636174430416801,0.1689848833310126,0.09920852062625649,0.2946325597106675
0070,Bagassa guianensis Aubl.,0256,Entandrophragma angolense (Welw.) Panshin,0.7476129689923908,0.4528924582382436,0.319302552831661,0.29472051075414724
0007,Acer pseudoplatanus L.,0071,Baikiaea plurijuga Harms,0.8729744035098619,0.27538384172241354,0.5781517144448926,0.29482268906496933
0114,Cantleya corniculata (Becc.) R.A.Howard,0431,Millettia laurentii De Wild.,0.8755164948102043,0.5805310376179519,0.14784264520810295,0.29498545719225244
0091,Brachystegia Benth.,0621,Tectona grandis L.,0.8370329206611011,0.36962746064415636,0.5414864270518914,0.2955464936092097
0093,Brachystegia laurentii (De Wild.) Louis ex J.Léonard,0479,Peltogyne catingae Ducke,0.6302482845991917,0.3343633761708376,0.05022355401665795,0.2958849084283541
0114,Cantleya corniculata (Becc.) R.A.Howard,0297,Fraxinus mandshurica Rupr.,0.8765604957597046,0.5805310376179519,0.29800823641994206,0.29602945814175274
0302,Gilbertiodendron preussii (Harms) J.Léonard,0625,Terminalia superba Engl.& Diels,0.658937375218554,0.1175198759908919,0.36271194838005,0.296225426838504
0033,Anacardium excelsum (Bertero & Balb. ex Kunth) Skeels,0115,Carapa guianensis Aubl.,0.7493039166376055,0.07482690115830566,0.45301009815803,0.29629381847957553
0325,Guibourtia tessmannii (Harms) J.Léonard,0380,Libidibia paraguariensis (D.Parodi) G.P.Lewis,0.900046236941169,0.19769310265299028,0.6037041179533492,0.2963421189878198
0366,Juglans regia L.,0371,Khaya grandifoliola C.DC.,0.3452001630561281,0.0161593253050704,0.048818241280783575,0.2963819217753445
0095,Brosimum alicastrum Swartz,0542,Pycnanthus angolensis (Welw.) Warb.,0.7377792843487009,0.4413660741827014,0.07234546467128498,0.2964132101659995
0070,Bagassa guianensis Aubl.,0399,Lovoa trichilioides Harms,0.7493104498832226,0.4528924582382436,0.3025441823946234,0.296417991644979
0115,Carapa guianensis Aubl.,0181,Cotylelobium Pierre,0.749446634585885,0.45301009815803,0.2627628502619556,0.296436536427855
0006,Acer platanoides L.,0353,Intsia Thouars,0.7832994910835724,0.18973256215443007,0.48641128958703317,0.2968882014965393
0114,Cantleya corniculata (Becc.) R.A.Howard,0367,Juglans nigra L.,0.8775050848565475,0.5805310376179519,0.02005651109636719,0.29697404723859566
0030,Amburana cearensis (Allemão) A.C.Sm.,0258,Entandrophragma cylindricum (Sprague) Sprague,0.5658510221744644,0.26876027711533945,0.25242647174716004,0.2970907450591249
0553,Quercus petraea (Matt.) Liebl.,0648,Triplochiton scleroxylon K. Schum.,0.5552412947154762,0.2581276659186852,0.16453642510521302,0.29711362879679104
0181,Cotylelobium Pierre,0648,Triplochiton scleroxylon K. Schum.,0.5605866547748458,0.2627628502619556,0.16453642510521302,0.2978238045128902
0096,Brosimum guianense (Aubl.) Huber ex Ducke,0313,Grevillea robusta A.Cunn. ex R.Br.,0.7660779783306597,0.468233813156223,0.2838740990600396,0.29784416517443674
0066,Aucoumea klaineana Pierre,0236,Dipterocarpus C.F.Gaertn.,0.5472097778798589,0.1689848833310126,0.24925766087492005,0.29795211700493884
0095,Brosimum alicastrum Swartz,0399,Lovoa trichilioides Harms,0.7394560019863907,0.4413660741827014,0.3025441823946234,0.2980899278036893
0258,Entandrophragma cylindricum (Sprague) Sprague,0353,Intsia Thouars,0.7845617187219306,0.25242647174716004,0.48641128958703317,0.2981504291348974
0207,Dalbergia nigra (Vell.) Allemão ex Benth.,0371,Khaya grandifoliola C.DC.,0.7176572775687682,0.4194156315959103,0.048818241280783575,0.2982416459728579
0080,Betula papyrifera Marshall,0214,Daniellia thurifera Benn.,0.7034178723301883,0.3923039267660832,0.4049723941201597,0.2984454782100286
0033,Anacardium excelsum (Bertero & Balb. ex Kunth) Skeels,0034,Anacardium L.,0.6674416761413214,0.07482690115830566,0.36896207906881207,0.2984795970725094
0095,Brosimum alicastrum Swartz,0430,Milicia excelsa (Welw.) C.C. Berg,0.7404268146249388,0.4413660741827014,0.2228508772324565,0.29906074044223735
0353,Intsia Thouars,0607,Swietenia macrophylla King,0.7855173383650434,0.48641128958703317,0.07084689292776884,0.2991060487780103
0096,Brosimum guianense (Aubl.) Huber ex Ducke,0157,Ceriops tagal (Perr.) C.B. Robinson,0.7674393167514785,0.468233813156223,0.33088565378713025,0.2992055035952555
0147,Ceiba pentandra (L.) Gaertn.,0367,Juglans nigra L.,0.39864411352105433,0.09920852062625649,0.02005651109636719,0.2994355928947978
0095,Brosimum alicastrum Swartz,0366,Juglans regia L.,0.7409172759241716,0.4413660741827014,0.0161593253050704,0.29955120174147015
0092,Brachystegia cynometroides Harms,0115,Carapa guianensis Aubl.,0.7527279322967669,0.05008607091450365,0.45301009815803,0.2997178341387369
0009,Leptolobium Vogel,0375,Koompassia malaccensis Maing.,0.46076673614932695,0.16101899818656135,0.03982575224826281,0.2997477379627656
0066,Aucoumea klaineana Pierre,0073,Balfourodendron riedelianum (Engl.) Engl.,0.6837282227073896,0.1689848833310126,0.38391787966371865,0.299810343043671
0130,Castanea sativa Mill.,0380,Libidibia paraguariensis (D.Parodi) G.P.Lewis,0.9037104092727042,0.15586720528769307,0.6037041179533492,0.30000629131935497
0072,Baillonella toxisperma Pierre,0238,Dipterocarpus kerrii King,0.6340869518597284,0.33402537324669906,0.03389503762998255,0.30006157861302934
0035,Anacardium giganteum Hancock ex Engl.,0648,Triplochiton scleroxylon K. Schum.,0.5061829884814261,0.20568448529299813,0.16453642510521302,0.30049850318842797
0114,Cantleya corniculata (Becc.) R.A.Howard,0461,Ochroma pyramidale (Cav. ex Lam.) Urb.,0.8810814213163893,0.5805310376179519,0.09605455767171649,0.30055038369843745
0243,Dracontomelon dao (Blanco) Merr. & Rolfe,0367,Juglans nigra L.,0.6688062401477675,0.36823324125981255,0.02005651109636719,0.3005729988879549
0214,Daniellia thurifera Benn.,0243,Dracontomelon dao (Blanco) Merr. & Rolfe,0.7057288970428828,0.4049723941201597,0.36823324125981255,0.3007565029227231
0258,Entandrophragma cylindricum (Sprague) Sprague,0294,Fraxinus excelsior L.,0.5532457203280051,0.25242647174716004,0.17627665442045826,0.3008192485808451
0006,Acer platanoides L.,0114,Cantleya corniculata (Becc.) R.A.Howard,0.881547754202844,0.18973256215443007,0.5805310376179519,0.30101671658489215
0207,Dalbergia nigra (Vell.) Allemão ex Benth.,0606,Swietenia humilis Zucc.,0.7204428164631146,0.4194156315959103,0.03956854200666897,0.3010271848672043
0318,Leplaea cedrata (A.Chev.) E.J.M.Koenen & J.J.de Wilde,0621,Tectona grandis L.,0.8427337920889493,0.015638624237181115,0.5414864270518914,0.30124736503705785
0367,Juglans nigra L.,0554,Quercus robur L.,0.41152489606975023,0.02005651109636719,0.11024859949584655,0.3012762965739037
0066,Aucoumea klaineana Pierre,0081,Betula pendula Roth,0.47078639805313316,0.1689848833310126,0.0025807385340572584,0.3018015147221206
0207,Dalbergia nigra (Vell.) Allemão ex Benth.,0326,Guibourtia ehie (A. Chev.) J. Léonard,0.7212474657545196,0.4194156315959103,0.2984188053844587,0.3018318341586093
0371,Khaya grandifoliola C.DC.,0418,Mansonia altissima (A. Chev.) A. Chev.,0.3510291624511091,0.048818241280783575,0.012409313496156668,0.30221092117032555
0425,Mezilaurus ita-uba (Meisn.) Taub. ex Mez,0648,Triplochiton scleroxylon K. Schum.,0.5624938550916105,0.2601673546959139,0.16453642510521302,0.30232650039569664
0072,Baillonella toxisperma Pierre,0550,Quercus mongolica Fisch. ex Ledeb.,0.6363768004294608,0.33402537324669906,0.0339628776830313,0.3023514271827617
0070,Bagassa guianensis Aubl.,0301,Gilbertiodendron dewevrei (De Wild.) J.Léonard,0.7555103907958224,0.4528924582382436,0.15292725453998418,0.3026179325575788
0071,Baikiaea plurijuga Harms,0115,Carapa guianensis Aubl.,0.8807713834739049,0.5781517144448926,0.45301009815803,0.3026196690290124
0207,Dalbergia nigra (Vell.) Allemão ex Benth.,0324,Guibourtia pellegriniana J.Léonard,0.7226816192108643,0.4194156315959103,0.20301559578579392,0.303265987614954
0115,Carapa guianensis Aubl.,0353,Intsia Thouars,0.7898096624119455,0.45301009815803,0.48641128958703317,0.30339837282491233
0007,Acer pseudoplatanus L.,0621,Tectona grandis L.,0.8448975013382444,0.27538384172241354,0.5414864270518914,0.30341107428635294
0006,Acer platanoides L.,0542,Pycnanthus angolensis (Welw.) Warb.,0.493412615513158,0.18973256215443007,0.07234546467128498,0.30368005335872794
0035,Anacardium giganteum Hancock ex Engl.,0207,Dalbergia nigra (Vell.) Allemão ex Benth.,0.7231600035265966,0.20568448529299813,0.4194156315959103,0.3037443719306863
0258,Entandrophragma cylindricum (Sprague) Sprague,0326,Guibourtia ehie (A. Chev.) J. Léonard,0.6021656402630138,0.25242647174716004,0.2984188053844587,0.3037468348785551
0006,Acer platanoides L.,0157,Ceriops tagal (Perr.) C.B. Robinson,0.6348997773035873,0.18973256215443007,0.33088565378713025,0.304014123516457
0080,Betula papyrifera Marshall,0552,Quercus alba L.,0.6963393479315634,0.3923039267660832,0.11942757291818792,0.30403542116548016
0207,Dalbergia nigra (Vell.) Allemão ex Benth.,0236,Dipterocarpus C.F.Gaertn.,0.7235050575626107,0.4194156315959103,0.24925766087492005,0.30408942596670047
0114,Cantleya corniculata (Becc.) R.A.Howard,0479,Peltogyne catingae Ducke,0.8846873752804228,0.5805310376179519,0.05022355401665795,0.30415633766247097
0030,Amburana cearensis (Allemão) A.C.Sm.,0354,Intsia bijuga (Colebr.) Kuntze,0.5983230570452817,0.26876027711533945,0.29407015717558727,0.3042528998696944
0380,Libidibia paraguariensis (D.Parodi) G.P.Lewis,0550,Quercus mongolica Fisch. ex Ledeb.,0.9079889940107828,0.6037041179533492,0.0339628776830313,0.3042848760574336
0296,Fraxinus ornus L.,0367,Juglans nigra L.,0.5751615921857417,0.2704807546799976,0.02005651109636719,0.3046808375057441
0480,Peltogyne mexicana Martínez,0621,Tectona grandis L.,0.8464803751148957,0.1079574407089981,0.5414864270518914,0.3049939480630043
0091,Brachystegia Benth.,0625,Terminalia superba Engl.& Diels,0.6749018482494659,0.36962746064415636,0.36271194838005,0.3052743876053095
0093,Brachystegia laurentii (De Wild.) Louis ex J.Léonard,0214,Daniellia thurifera Benn.,0.7103498651451176,0.3343633761708376,0.4049723941201597,0.3053774710249579
0072,Baillonella toxisperma Pierre,0542,Pycnanthus angolensis (Welw.) Warb.,0.6394231403006774,0.33402537324669906,0.07234546467128498,0.3053977670539783
0096,Brosimum guianense (Aubl.) Huber ex Ducke,0181,Cotylelobium Pierre,0.7737244378265257,0.468233813156223,0.2627628502619556,0.3054906246703027
0324,Guibourtia pellegriniana J.Léonard,0608,Swietenia mahagoni (L.) Jacq.,0.5085309241536712,0.20301559578579392,0.02812049764059408,0.30551532836787726
0367,Juglans nigra L.,0542,Pycnanthus angolensis (Welw.) Warb.,0.37856190092904163,0.02005651109636719,0.07234546467128498,0.30621643625775663
0239,Dipteryx odorata (Aubl.) Forsyth f.,0613,Tabebuia rosea (Bert.) DC.,0.7227665296973202,0.4164011395062616,0.27496924594578387,0.30636539019105863
0207,Dalbergia nigra (Vell.) Allemão ex Benth.,0426,Microberlinia brazzavillensis A. Chev.,0.7259026292695134,0.4194156315959103,0.23957417592531832,0.30648699767360316
0066,Aucoumea klaineana Pierre,0181,Cotylelobium Pierre,0.5694604808013564,0.1689848833310126,0.2627628502619556,0.30669763053940075
0034,Anacardium L.,0294,Fraxinus excelsior L.,0.6758422091380167,0.36896207906881207,0.17627665442045826,0.30688013006920467
0353,Intsia Thouars,0678,Albizia ferruginea (Guill. & Perr.) Benth.,0.7933579787082092,0.48641128958703317,0.35777892083270585,0.30694668912117606
0114,Cantleya corniculata (Becc.) R.A.Howard,0553,Quercus petraea (Matt.) Liebl.,0.8875663933513432,0.5805310376179519,0.2581276659186852,0.30703535573339136
0071,Baikiaea plurijuga Harms,0214,Daniellia thurifera Benn.,0.885279867994727,0.5781517144448926,0.4049723941201597,0.30712815354983447
0239,Dipteryx odorata (Aubl.) Forsyth f.,0553,Quercus petraea (Matt.) Liebl.,0.7236504907792596,0.4164011395062616,0.2581276659186852,0.30724935127299796
0147,Ceiba pentandra (L.) Gaertn.,0294,Fraxinus excelsior L.,0.48435811254079336,0.09920852062625649,0.17627665442045826,0.3080814581203351
0297,Fraxinus mandshurica Rupr.,0313,Grevillea robusta A.Cunn. ex R.Br.,0.606179141923316,0.29800823641994206,0.2838740990600396,0.30817090550337395
0326,Guibourtia ehie (A. Chev.) J. Léonard,0621,Tectona grandis L.,0.8499136981253193,0.2984188053844587,0.5414864270518914,0.3084272710734278
0003,Acacia mangium Willd.,0302,Gilbertiodendron preussii (Harms) J.Léonard,0.5429506201876928,0.23412845438956545,0.1175198759908919,0.3088221657981274
0006,Acer platanoides L.,0380,Libidibia paraguariensis (D.Parodi) G.P.Lewis,0.9128043603928828,0.18973256215443007,0.6037041179533492,0.3091002424395336
0070,Bagassa guianensis Aubl.,0081,Betula pendula Roth,0.7621855270267829,0.4528924582382436,0.0025807385340572584,0.3092930687885393
0072,Baillonella toxisperma Pierre,0195,Ctenolophon parvifolius Oliv.,0.6434015820366046,0.33402537324669906,0.23093942479410615,0.3093762087899055
0035,Anacardium giganteum Hancock ex Engl.,0115,Carapa guianensis Aubl.,0.762649956621748,0.20568448529299813,0.45301009815803,0.30963985846371794
0033,Anacardium excelsum (Bertero & Balb. ex Kunth) Skeels,0066,Aucoumea klaineana Pierre,0.47877037404384637,0.07482690115830566,0.1689848833310126,0.3097854907128338
0085,Bobgunnia fistuloides (Harms) J.H. Kirkbr. & Wiersema,0207,Dalbergia nigra (Vell.) Allemão ex Benth.,0.7294366441122646,0.4125872589275239,0.4194156315959103,0.31002101251635433
0003,Acacia mangium Willd.,0045,Anopyxis klaineana (Pierre) Engl.,0.7369004743722615,0.23412845438956545,0.42664489754293794,0.31025557682932353
0181,Cotylelobium Pierre,0207,Dalbergia nigra (Vell.) Allemão ex Benth.,0.7297180301990076,0.2627628502619556,0.4194156315959103,0.31030239860309733
0085,Bobgunnia fistuloides (Harms) J.H. Kirkbr. & Wiersema,0354,Intsia bijuga (Colebr.) Kuntze,0.7232228078880767,0.4125872589275239,0.29407015717558727,0.3106355489605528
0207,Dalbergia nigra (Vell.) Allemão ex Benth.,0245,Dryobalanops aromatica C.F.Gaertn.,0.7302130066773458,0.4194156315959103,0.08261225579476351,0.3107973750814355
0426,Microberlinia brazzavillensis A. Chev.,0431,Millettia laurentii De Wild.,0.5504769908143337,0.23957417592531832,0.14784264520810295,0.31090281488901533
0096,Brosimum guianense (Aubl.) Huber ex Ducke,0621,Tectona grandis L.,0.8529437347390048,0.468233813156223,0.5414864270518914,0.3114573076871133
0045,Anopyxis klaineana (Pierre) Engl.,0554,Quercus robur L.,0.7383920009837797,0.42664489754293794,0.11024859949584655,0.3117471034408417
0214,Daniellia thurifera Benn.,0257,Entandrophragma candollei Harms,0.7170771668916787,0.4049723941201597,0.18916044854556002,0.312104772771519
0045,Anopyxis klaineana (Pierre) Engl.,0129,Castanea crenata Siebold & Zucc.,0.739376882042438,0.42664489754293794,0.01642495583191611,0.31273198449950007
0035,Anacardium giganteum Hancock ex Engl.,0096,Brosimum guianense (Aubl.) Huber ex Ducke,0.7812383792777534,0.20568448529299813,0.468233813156223,0.31300456612153044
0066,Aucoumea klaineana Pierre,0542,Pycnanthus angolensis (Welw.) Warb.,0.4820875465295075,0.1689848833310126,0.07234546467128498,0.3131026631984949
0129,Castanea crenata Siebold & Zucc.,0648,Triplochiton scleroxylon K. Schum.,0.4776398294073793,0.01642495583191611,0.16453642510521302,0.3131034043021663
0080,Betula papyrifera Marshall,0129,Castanea crenata Siebold & Zucc.,0.7055270728157265,0.3923039267660832,0.01642495583191611,0.31322314604964324
0092,Brachystegia cynometroides Harms,0256,Entandrophragma angolense (Welw.) Panshin,0.632589034792257,0.05008607091450365,0.319302552831661,0.31328648196059605
0071,Baikiaea plurijuga Harms,0678,Albizia ferruginea (Guill. & Perr.) Benth.,0.8920721862180747,0.5781517144448926,0.35777892083270585,0.31392047177318216
0080,Betula papyrifera Marshall,0195,Ctenolophon parvifolius Oliv.,0.706427550450868,0.3923039267660832,0.23093942479410615,0.3141236236847848
0045,Anopyxis klaineana (Pierre) Engl.,0552,Quercus alba L.,0.7408577987003411,0.42664489754293794,0.11942757291818792,0.31421290115740313
0324,Guibourtia pellegriniana J.Léonard,0607,Swietenia macrophylla King,0.5173200298496892,0.20301559578579392,0.07084689292776884,0.31430443406389524
0073,Balfourodendron riedelianum (Engl.) Engl.,0418,Mansonia altissima (A. Chev.) A. Chev.,0.6982269734138934,0.38391787966371865,0.012409313496156668,0.31430909375017474
0157,Ceriops tagal (Perr.) C.B. Robinson,0461,Ochroma pyramidale (Cav. ex Lam.) Urb.,0.6454076066648247,0.33088565378713025,0.09605455767171649,0.3145219528776944
0115,Carapa guianensis Aubl.,0236,Dipterocarpus C.F.Gaertn.,0.7676494822220848,0.45301009815803,0.24925766087492005,0.31463938406405484
0071,Baikiaea plurijuga Harms,0096,Brosimum guianense (Aubl.) Huber ex Ducke,0.8929881176626016,0.5781517144448926,0.468233813156223,0.314836403217709
0157,Ceriops tagal (Perr.) C.B. Robinson,0294,Fraxinus excelsior L.,0.6458676967363475,0.33088565378713025,0.17627665442045826,0.3149820429492172
0158,"Chlorocardium rodiei (R.H.Schomb.) Rohwer, H.G.Richt. & van der Werff",0256,Entandrophragma angolense (Welw.) Panshin,0.634478929611176,0.10003326503781798,0.319302552831661,0.31517637677951504
0006,Acer platanoides L.,0418,Mansonia altissima (A. Chev.) A. Chev.,0.5049711943100677,0.18973256215443007,0.012409313496156668,0.3152386321556376
0114,Cantleya corniculata (Becc.) R.A.Howard,0550,Quercus mongolica Fisch. ex Ledeb.,0.8957702041261084,0.5805310376179519,0.0339628776830313,0.31523916650815653
0158,"Chlorocardium rodiei (R.H.Schomb.) Rohwer, H.G.Richt. & van der Werff",0326,Guibourtia ehie (A. Chev.) J. Léonard,0.6139898283282894,0.10003326503781798,0.2984188053844587,0.3155710229438307
0045,Anopyxis klaineana (Pierre) Engl.,0072,Baillonella toxisperma Pierre,0.7422253841461106,0.42664489754293794,0.33402537324669906,0.31558048660317267
0071,Baikiaea plurijuga Harms,0608,Swietenia mahagoni (L.) Jacq.,0.8942554900682493,0.5781517144448926,0.02812049764059408,0.3161037756233568
0035,Anacardium giganteum Hancock ex Engl.,0293,Fraxinus americana L.,0.5219688925133379,0.20568448529299813,0.2006874935372814,0.3162844072203398
0114,Cantleya corniculata (Becc.) R.A.Howard,0318,Leplaea cedrata (A.Chev.) E.J.M.Koenen & J.J.de Wilde,0.8969569407891927,0.5805310376179519,0.015638624237181115,0.31642590317124086
0009,Leptolobium Vogel,0625,Terminalia superba Engl.& Diels,0.6793740385082683,0.16101899818656135,0.36271194838005,0.3166620901282183
0066,Aucoumea klaineana Pierre,0552,Quercus alba L.,0.4856553678531551,0.1689848833310126,0.11942757291818792,0.3166704845221425
0081,Betula pendula Roth,0115,Carapa guianensis Aubl.,0.7696998886857235,0.0025807385340572584,0.45301009815803,0.31668979052769347
0431,Millettia laurentii De Wild.,0530,Pterocarpus soyauxii Taub.,0.5164460022531724,0.14784264520810295,0.19955695100455761,0.3168890512486148
0256,Entandrophragma angolense (Welw.) Panshin,0461,Ochroma pyramidale (Cav. ex Lam.) Urb.,0.6362653442821515,0.319302552831661,0.09605455767171649,0.31696279145049056
0033,Anacardium excelsum (Bertero & Balb. ex Kunth) Skeels,0080,Betula papyrifera Marshall,0.7092964931658957,0.07482690115830566,0.3923039267660832,0.3169925663998125
0245,Dryobalanops aromatica C.F.Gaertn.,0353,Intsia Thouars,0.8035000317894332,0.08261225579476351,0.48641128958703317,0.3170887422024
0041,Aniba rosodora Ducke,0181,Cotylelobium Pierre,0.5803187489780965,0.0656528117264906,0.2627628502619556,0.3175558987161409
0006,Acer platanoides L.,0323,Guibourtia demeusei (Harms) J.Léonard,0.6729174151893877,0.18973256215443007,0.35528177474147954,0.3176356404479082
0259,Entandrophragma utile (Dawe & Sprague) Sprague,0607,Swietenia macrophylla King,0.5247029582831374,0.2069978345154368,0.07084689292776884,0.3177051237677006
0147,Ceiba pentandra (L.) Gaertn.,0214,Daniellia thurifera Benn.,0.722840777545313,0.09920852062625649,0.4049723941201597,0.3178683834251533
0092,Brachystegia cynometroides Harms,0214,Daniellia thurifera Benn.,0.7228775021697177,0.05008607091450365,0.4049723941201597,0.317905108049558
0071,Baikiaea plurijuga Harms,0607,Swietenia macrophylla King,0.8960629219528942,0.5781517144448926,0.07084689292776884,0.3179112075080016
0243,Dracontomelon dao (Blanco) Merr. & Rolfe,0648,Triplochiton scleroxylon K. Schum.,0.6861597121556826,0.36823324125981255,0.16453642510521302,0.31792647089587006
0258,Entandrophragma cylindricum (Sprague) Sprague,0399,Lovoa trichilioides Harms,0.6206028851066765,0.25242647174716004,0.3025441823946234,0.3180587027120531
0396,Lophira alata Banks ex C.F.Gaertn.,0530,Pterocarpus soyauxii Taub.,0.5176199343034703,0.027865923684178843,0.19955695100455761,0.3180629832989127
0034,Anacardium L.,0479,Peltogyne catingae Ducke,0.6873718182258786,0.36896207906881207,0.05022355401665795,0.3184097391570665
0157,Ceriops tagal (Perr.) C.B. Robinson,0259,Entandrophragma utile (Dawe & Sprague) Sprague,0.6493169020888312,0.33088565378713025,0.2069978345154368,0.31843124830170094
0258,Entandrophragma cylindricum (Sprague) Sprague,0259,Entandrophragma utile (Dawe & Sprague) Sprague,0.5714491290051973,0.25242647174716004,0.2069978345154368,0.31902265725803725
0550,Quercus mongolica Fisch. ex Ledeb.,0554,Quercus robur L.,0.4295265504356388,0.0339628776830313,0.11024859949584655,0.3192779509397923
0091,Brachystegia Benth.,0256,Entandrophragma angolense (Welw.) Panshin,0.6891020513066062,0.36962746064415636,0.319302552831661,0.3194745906624498
0071,Baikiaea plurijuga Harms,0093,Brachystegia laurentii (De Wild.) Louis ex J.Léonard,0.8977812167269676,0.5781517144448926,0.3343633761708376,0.3196295022820751
0214,Daniellia thurifera Benn.,0238,Dipterocarpus kerrii King,0.7247905963911063,0.4049723941201597,0.03389503762998255,0.31981820227094665
0045,Anopyxis klaineana (Pierre) Engl.,0256,Entandrophragma angolense (Welw.) Panshin,0.7466209330963135,0.42664489754293794,0.319302552831661,0.31997603555337556
0207,Dalbergia nigra (Vell.) Allemão ex Benth.,0301,Gilbertiodendron dewevrei (De Wild.) J.Léonard,0.739447397459241,0.4194156315959103,0.15292725453998418,0.32003176586333076
0157,Ceriops tagal (Perr.) C.B. Robinson,0158,"Chlorocardium rodiei (R.H.Schomb.) Rohwer, H.G.Richt. & van der Werff",0.6518241435152059,0.33088565378713025,0.10003326503781798,0.32093848972807565
0353,Intsia Thouars,0606,Swietenia humilis Zucc.,0.8075564250303835,0.48641128958703317,0.03956854200666897,0.3211451354433503
0181,Cotylelobium Pierre,0294,Fraxinus excelsior L.,0.5840034379496044,0.2627628502619556,0.17627665442045826,0.3212405876876488
0195,Ctenolophon parvifolius Oliv.,0294,Fraxinus excelsior L.,0.5522082531564935,0.23093942479410615,0.17627665442045826,0.32126882836238735
0071,Baikiaea plurijuga Harms,0302,Gilbertiodendron preussii (Harms) J.Léonard,0.8994849179194085,0.5781517144448926,0.1175198759908919,0.321333203474516
0073,Balfourodendron riedelianum (Engl.) Engl.,0478,Peltogyne Vogel,0.7053299626464178,0.38391787966371865,0.1811470023936011,0.32141208298269913
0606,Swietenia humilis Zucc.,0608,Swietenia mahagoni (L.) Jacq.,0.36108844138249585,0.03956854200666897,0.02812049764059408,0.32151989937582687
0006,Acer platanoides L.,0366,Juglans regia L.,0.5113217129040045,0.18973256215443007,0.0161593253050704,0.32158915074957445
0041,Aniba rosodora Ducke,0073,Balfourodendron riedelianum (Engl.) Engl.,0.7055081887338465,0.0656528117264906,0.38391787966371865,0.3215903090701278
0367,Juglans nigra L.,0552,Quercus alba L.,0.44114091882479,0.02005651109636719,0.11942757291818792,0.32171334590660206
0034,Anacardium L.,0430,Milicia excelsa (Welw.) C.C. Berg,0.6907005485774791,0.36896207906881207,0.2228508772324565,0.321738469508667
0030,Amburana cearensis (Allemão) A.C.Sm.,0256,Entandrophragma angolense (Welw.) Panshin,0.6410992169621772,0.26876027711533945,0.319302552831661,0.3217966641305162
0158,"Chlorocardium rodiei (R.H.Schomb.) Rohwer, H.G.Richt. & van der Werff",0621,Tectona grandis L.,0.8633331807678399,0.10003326503781798,0.5414864270518914,0.3218467537159485
0073,Balfourodendron riedelianum (Engl.) Engl.,0679,Aningeria Aubrév. & Pellegr.,0.7058763700713437,0.38391787966371865,0.2305382109200897,0.3219584904076251
0073,Balfourodendron riedelianum (Engl.) Engl.,0366,Juglans regia L.,0.7058964455108162,0.38391787966371865,0.0161593253050704,0.32197856584709755
0007,Acer pseudoplatanus L.,0323,Guibourtia demeusei (Harms) J.Léonard,0.677348256793052,0.27538384172241354,0.35528177474147954,0.32206648205157246
0007,Acer pseudoplatanus L.,0114,Cantleya corniculata (Becc.) R.A.Howard,0.9027437342559114,0.27538384172241354,0.5805310376179519,0.3222126966379595
0072,Baillonella toxisperma Pierre,0313,Grevillea robusta A.Cunn. ex R.Br.,0.6562412405500938,0.33402537324669906,0.2838740990600396,0.32221586730339474
0009,Leptolobium Vogel,0080,Betula papyrifera Marshall,0.714542919931999,0.16101899818656135,0.3923039267660832,0.3222389931659158
0542,Pycnanthus angolensis (Welw.) Warb.,0553,Quercus petraea (Matt.) Liebl.,0.580426368268645,0.07234546467128498,0.2581276659186852,0.32229870234995983
0009,Leptolobium Vogel,0243,Dracontomelon dao (Blanco) Merr. & Rolfe,0.6908010420298059,0.16101899818656135,0.36823324125981255,0.3225678007699933
0375,Koompassia malaccensis Maing.,0678,Albizia ferruginea (Guill. & Perr.) Benth.,0.6803572385995185,0.03982575224826281,0.35777892083270585,0.3225783177668126
0431,Millettia laurentii De Wild.,0621,Tectona grandis L.,0.8647745074913701,0.14784264520810295,0.5414864270518914,0.32328808043947865
0009,Leptolobium Vogel,0371,Khaya grandifoliola C.DC.,0.48449488933067486,0.16101899818656135,0.048818241280783575,0.3234758911441135
0181,Cotylelobium Pierre,0678,Albizia ferruginea (Guill. & Perr.) Benth.,0.6813650911112423,0.2627628502619556,0.35777892083270585,0.3235861702785365
0033,Anacardium excelsum (Bertero & Balb. ex Kunth) Skeels,0678,Albizia ferruginea (Guill. & Perr.) Benth.,0.6813815342585139,0.07482690115830566,0.35777892083270585,0.32360261342580804
0207,Dalbergia nigra (Vell.) Allemão ex Benth.,0353,Intsia Thouars,0.8100895264471291,0.4194156315959103,0.48641128958703317,0.3236782368600959
0045,Anopyxis klaineana (Pierre) Engl.,0625,Terminalia superba Engl.& Diels,0.7508631291859654,0.42664489754293794,0.36271194838005,0.3242182316430275
0258,Entandrophragma cylindricum (Sprague) Sprague,0331,Heritiera utilis (Sprague) Sprague,0.5769281027593999,0.25242647174716004,0.21354296220717087,0.32450163101223983
0066,Aucoumea klaineana Pierre,0114,Cantleya corniculata (Becc.) R.A.Howard,0.9051728798835681,0.1689848833310126,0.5805310376179519,0.3246418422656162
0034,Anacardium L.,0214,Daniellia thurifera Benn.,0.7296737832150368,0.36896207906881207,0.4049723941201597,0.32470138909487717
0066,Aucoumea klaineana Pierre,0554,Quercus robur L.,0.4939096453740232,0.1689848833310126,0.11024859949584655,0.3249247620430106
0070,Bagassa guianensis Aubl.,0071,Baikiaea plurijuga Harms,0.9033472469935718,0.4528924582382436,0.5781517144448926,0.3251955325486793
0009,Leptolobium Vogel,0323,Guibourtia demeusei (Harms) J.Léonard,0.6809156093718027,0.16101899818656135,0.35528177474147954,0.3256338346303232
0096,Brosimum guianense (Aubl.) Huber ex Ducke,0257,Entandrophragma candollei Harms,0.7944289507775981,0.468233813156223,0.18916044854556002,0.32619513762137514
0236,Dipterocarpus C.F.Gaertn.,0625,Terminalia superba Engl.& Diels,0.6890050699858172,0.24925766087492005,0.36271194838005,0.32629312160576723
0354,Intsia bijuga (Colebr.) Kuntze,0621,Tectona grandis L.,0.8678861482116369,0.29407015717558727,0.5414864270518914,0.32639972115974547
0302,Gilbertiodendron preussii (Harms) J.Léonard,0621,Tectona grandis L.,0.86790503437694,0.1175198759908919,0.5414864270518914,0.32641860732504857
0207,Dalbergia nigra (Vell.) Allemão ex Benth.,0607,Swietenia macrophylla King,0.746314361924364,0.4194156315959103,0.07084689292776884,0.3268987303284537
0258,Entandrophragma cylindricum (Sprague) Sprague,0323,Guibourtia demeusei (Harms) J.Léonard,0.6824009999320109,0.25242647174716004,0.35528177474147954,0.3271192251905313
0096,Brosimum guianense (Aubl.) Huber ex Ducke,0236,Dipterocarpus C.F.Gaertn.,0.7955714724038707,0.468233813156223,0.24925766087492005,0.32733765924764774
0072,Baillonella toxisperma Pierre,0147,Ceiba pentandra (L.) Gaertn.,0.6614271600425713,0.33402537324669906,0.09920852062625649,0.32740178679587223
0214,Daniellia thurifera Benn.,0380,Libidibia paraguariensis (D.Parodi) G.P.Lewis,0.9311436203889241,0.4049723941201597,0.6037041179533492,0.32743950243557485
0035,Anacardium giganteum Hancock ex Engl.,0367,Juglans nigra L.,0.5331522828168551,0.20568448529299813,0.02005651109636719,0.327467797523857
0093,Brachystegia laurentii (De Wild.) Louis ex J.Léonard,0256,Entandrophragma angolense (Welw.) Panshin,0.6619184898966592,0.3343633761708376,0.319302552831661,0.32755511372582163
0323,Guibourtia demeusei (Harms) J.Léonard,0479,Peltogyne catingae Ducke,0.6829475025355535,0.35528177474147954,0.05022355401665795,0.32766572779407394
0207,Dalbergia nigra (Vell.) Allemão ex Benth.,0239,Dipteryx odorata (Aubl.) Forsyth f.,0.7471851657599755,0.4194156315959103,0.4164011395062616,0.32776953416406523
0071,Baikiaea plurijuga Harms,0354,Intsia bijuga (Colebr.) Kuntze,0.9060311722172746,0.5781517144448926,0.29407015717558727,0.32787945777238203
0380,Libidibia paraguariensis (D.Parodi) G.P.Lewis,0461,Ochroma pyramidale (Cav. ex Lam.) Urb.,0.9319019919165733,0.6037041179533492,0.09605455767171649,0.3281978739632241
0095,Brosimum alicastrum Swartz,0625,Terminalia superba Engl.& Diels,0.7698254691895137,0.4413660741827014,0.36271194838005,0.32845939500681226
0326,Guibourtia ehie (A. Chev.) J. Léonard,0480,Peltogyne mexicana Martínez,0.6271423212322961,0.2984188053844587,0.1079574407089981,0.3287235158478374
0009,Leptolobium Vogel,0426,Microberlinia brazzavillensis A. Chev.,0.5688218074343244,0.16101899818656135,0.23957417592531832,0.3292476315090061
0009,Leptolobium Vogel,0326,Guibourtia ehie (A. Chev.) J. Léonard,0.6276745245054935,0.16101899818656135,0.2984188053844587,0.32925571912103485
0072,Baillonella toxisperma Pierre,0129,Castanea crenata Siebold & Zucc.,0.6634689675843825,0.33402537324669906,0.01642495583191611,0.3294435943376834
0041,Aniba rosodora Ducke,0371,Khaya grandifoliola C.DC.,0.39562758375653534,0.0656528117264906,0.048818241280783575,0.32997477203004477
0009,Leptolobium Vogel,0158,"Chlorocardium rodiei (R.H.Schomb.) Rohwer, H.G.Richt. & van der Werff",0.49100394317987395,0.16101899818656135,0.10003326503781798,0.3299849449933126
0294,Fraxinus excelsior L.,0353,Intsia Thouars,0.8164691029575517,0.17627665442045826,0.48641128958703317,0.33005781337051854
0080,Betula papyrifera Marshall,0372,Khaya ivorensis A.Chev.,0.7224309269350607,0.3923039267660832,0.2514693324780144,0.3301270001689775
0325,Guibourtia tessmannii (Harms) J.Léonard,0607,Swietenia macrophylla King,0.5278505683569624,0.19769310265299028,0.07084689292776884,0.33015746570397214
0426,Microberlinia brazzavillensis A. Chev.,0613,Tabebuia rosea (Bert.) DC.,0.6053028977941481,0.23957417592531832,0.27496924594578387,0.3303336518483643
0114,Cantleya corniculata (Becc.) R.A.Howard,0552,Quercus alba L.,0.9110853437029762,0.5805310376179519,0.11942757291818792,0.33055430608502434
0080,Betula papyrifera Marshall,0095,Brosimum alicastrum Swartz,0.7719341086790789,0.3923039267660832,0.4413660741827014,0.33056803449637745
0114,Cantleya corniculata (Becc.) R.A.Howard,0129,Castanea crenata Siebold & Zucc.,0.9113268306125384,0.5805310376179519,0.01642495583191611,0.3307957929945865
0236,Dipterocarpus C.F.Gaertn.,0245,Dryobalanops aromatica C.F.Gaertn.,0.5800582401782635,0.24925766087492005,0.08261225579476351,0.3308005793033434
0006,Acer platanoides L.,0331,Heritiera utilis (Sprague) Sprague,0.5444247488625914,0.18973256215443007,0.21354296220717087,0.33088178665542056
0095,Brosimum alicastrum Swartz,0550,Quercus mongolica Fisch. ex Ledeb.,0.7723046531957112,0.4413660741827014,0.0339628776830313,0.33093857901300977
0326,Guibourtia ehie (A. Chev.) J. Léonard,0331,Heritiera utilis (Sprague) Sprague,0.629413144529597,0.2984188053844587,0.21354296220717087,0.33099433914513826
0030,Amburana cearensis (Allemão) A.C.Sm.,0239,Dipteryx odorata (Aubl.) Forsyth f.,0.747438481384087,0.26876027711533945,0.4164011395062616,0.33103734187782535
0030,Amburana cearensis (Allemão) A.C.Sm.,0214,Daniellia thurifera Benn.,0.7360268959483789,0.26876027711533945,0.4049723941201597,0.3310545018282192
0070,Bagassa guianensis Aubl.,0302,Gilbertiodendron preussii (Harms) J.Léonard,0.7839690397034644,0.4528924582382436,0.1175198759908919,0.33107658146522084
0003,Acacia mangium Willd.,0372,Khaya ivorensis A.Chev.,0.5827273940778464,0.23412845438956545,0.2514693324780144,0.33125806159983195
0091,Brachystegia Benth.,0207,Dalbergia nigra (Vell.) Allemão ex Benth.,0.7507177752289538,0.36962746064415636,0.4194156315959103,0.3313021436330435
0080,Betula papyrifera Marshall,0542,Pycnanthus angolensis (Welw.) Warb.,0.7239313944062931,0.3923039267660832,0.07234546467128498,0.33162746764020984
0302,Gilbertiodendron preussii (Harms) J.Léonard,0480,Peltogyne mexicana Martínez,0.4491797787847752,0.1175198759908919,0.1079574407089981,0.3316599027938833
0073,Balfourodendron riedelianum (Engl.) Engl.,0313,Grevillea robusta A.Cunn. ex R.Br.,0.7158324864696841,0.38391787966371865,0.2838740990600396,0.33191460680596546
0313,Grevillea robusta A.Cunn. ex R.Br.,0554,Quercus robur L.,0.6162600113002773,0.2838740990600396,0.11024859949584655,0.3323859122402377
0033,Anacardium excelsum (Bertero & Balb. ex Kunth) Skeels,0367,Juglans nigra L.,0.40736098123858433,0.07482690115830566,0.02005651109636719,0.3325340800802787
0115,Carapa guianensis Aubl.,0313,Grevillea robusta A.Cunn. ex R.Br.,0.7856100510109602,0.45301009815803,0.2838740990600396,0.33259995285293015
0270,Erythrophleum suaveolens (Guill. & Perr.) Brenan,0293,Fraxinus americana L.,0.7427948185428348,0.4099958913427453,0.2006874935372814,0.3327989272000895
0243,Dracontomelon dao (Blanco) Merr. & Rolfe,0625,Terminalia superba Engl.& Diels,0.7012073232149254,0.36823324125981255,0.36271194838005,0.33297408195511286
0236,Dipterocarpus C.F.Gaertn.,0244,Dryobalanops C.F.Gaertn.,0.5822810733178675,0.24925766087492005,0.03512342815501089,0.3330234124429474
0081,Betula pendula Roth,0214,Daniellia thurifera Benn.,0.7380106136520045,0.0025807385340572584,0.4049723941201597,0.3330382195318448
0071,Baikiaea plurijuga Harms,0625,Terminalia superba Engl.& Diels,0.9115616794695868,0.5781517144448926,0.36271194838005,0.3334099650246942
0114,Cantleya corniculata (Becc.) R.A.Howard,0554,Quercus robur L.,0.9142879175064192,0.5805310376179519,0.11024859949584655,0.33375687988846736
0158,"Chlorocardium rodiei (R.H.Schomb.) Rohwer, H.G.Richt. & van der Werff",0236,Dipterocarpus C.F.Gaertn.,0.5830238520701161,0.10003326503781798,0.24925766087492005,0.333766191195196
0080,Betula papyrifera Marshall,0147,Ceiba pentandra (L.) Gaertn.,0.7261532254162489,0.3923039267660832,0.09920852062625649,0.3338492986501657
0550,Quercus mongolica Fisch. ex Ledeb.,0621,Tectona grandis L.,0.8754495612171697,0.0339628776830313,0.5414864270518914,0.33396313416527823
0297,Fraxinus mandshurica Rupr.,0430,Milicia excelsa (Welw.) C.C. Berg,0.6321291119944272,0.29800823641994206,0.2228508772324565,0.33412087557448517
0003,Acacia mangium Willd.,0296,Fraxinus ornus L.,0.6046347794884769,0.23412845438956545,0.2704807546799976,0.3341540248084793
0095,Brosimum alicastrum Swartz,0256,Entandrophragma angolense (Welw.) Panshin,0.7756761652779566,0.4413660741827014,0.319302552831661,0.33431009109525517
0081,Betula pendula Roth,0353,Intsia Thouars,0.8207526237651247,0.0025807385340572584,0.48641128958703317,0.33434133417809153
0045,Anopyxis klaineana (Pierre) Engl.,0081,Betula pendula Roth,0.7609972772801966,0.42664489754293794,0.0025807385340572584,0.3343523797372587
0181,Cotylelobium Pierre,0214,Daniellia thurifera Benn.,0.7395869256667735,0.2627628502619556,0.4049723941201597,0.33461453154661386
0006,Acer platanoides L.,0066,Aucoumea klaineana Pierre,0.5244867841579286,0.18973256215443007,0.1689848833310126,0.3347542220034985
0256,Entandrophragma angolense (Welw.) Panshin,0606,Swietenia humilis Zucc.,0.6544356239358647,0.319302552831661,0.03956854200666897,0.33513307110420376
0396,Lophira alata Banks ex C.F.Gaertn.,0621,Tectona grandis L.,0.8766491485467192,0.027865923684178843,0.5414864270518914,0.33516272149482773
0115,Carapa guianensis Aubl.,0380,Libidibia paraguariensis (D.Parodi) G.P.Lewis,0.938873344592005,0.45301009815803,0.6037041179533492,0.3351692266386558
0269,Erythrophleum ivorense A. Chev,0430,Milicia excelsa (Welw.) C.C. Berg,0.6258932099459988,0.2903085074707726,0.2228508772324565,0.33558470247522626
0245,Dryobalanops aromatica C.F.Gaertn.,0269,Erythrophleum ivorense A. Chev,0.6263166380207439,0.08261225579476351,0.2903085074707726,0.3360081305499713
0034,Anacardium L.,0258,Entandrophragma cylindricum (Sprague) Sprague,0.7049757550861266,0.36896207906881207,0.25242647174716004,0.3360136760173146
0007,Acer pseudoplatanus L.,0380,Libidibia paraguariensis (D.Parodi) G.P.Lewis,0.9397195154548963,0.27538384172241354,0.6037041179533492,0.3360153975015471
0318,Leplaea cedrata (A.Chev.) E.J.M.Koenen & J.J.de Wilde,0530,Pterocarpus soyauxii Taub.,0.5356072652319737,0.015638624237181115,0.19955695100455761,0.33605031422741605
0259,Entandrophragma utile (Dawe & Sprague) Sprague,0608,Swietenia mahagoni (L.) Jacq.,0.5436382978780187,0.2069978345154368,0.02812049764059408,0.33664046336258185
0085,Bobgunnia fistuloides (Harms) J.H. Kirkbr. & Wiersema,0091,Brachystegia Benth.,0.749360061732318,0.4125872589275239,0.36962746064415636,0.33677280280479405
0553,Quercus petraea (Matt.) Liebl.,0679,Aningeria Aubrév. & Pellegr.,0.5949411732832273,0.2581276659186852,0.2305382109200897,0.3368135073645421
0072,Baillonella toxisperma Pierre,0418,Mansonia altissima (A. Chev.) A. Chev.,0.6710427046322524,0.33402537324669906,0.012409313496156668,0.3370173313855533
0003,Acacia mangium Willd.,0009,Leptolobium Vogel,0.5711476650056189,0.23412845438956545,0.16101899818656135,0.33701921061605344
0003,Acacia mangium Willd.,0071,Baikiaea plurijuga Harms,0.915411037032985,0.23412845438956545,0.5781517144448926,0.33725932258809244
0096,Brosimum guianense (Aubl.) Huber ex Ducke,0244,Dryobalanops C.F.Gaertn.,0.8055030275128809,0.468233813156223,0.03512342815501089,0.33726921435665796
0096,Brosimum guianense (Aubl.) Huber ex Ducke,0245,Dryobalanops aromatica C.F.Gaertn.,0.8055588010687877,0.468233813156223,0.08261225579476351,0.33732498791256477
0399,Lovoa trichilioides Harms,0479,Peltogyne catingae Ducke,0.6400262564658966,0.3025441823946234,0.05022355401665795,0.33748207407127323
0072,Baillonella toxisperma Pierre,0366,Juglans regia L.,0.671594885621765,0.33402537324669906,0.0161593253050704,0.3375695123750659
0007,Acer pseudoplatanus L.,0072,Baillonella toxisperma Pierre,0.6719111714955868,0.27538384172241354,0.33402537324669906,0.3378857982488877
0033,Anacardium excelsum (Bertero & Balb. ex Kunth) Skeels,0294,Fraxinus excelsior L.,0.5143222412134131,0.07482690115830566,0.17627665442045826,0.3380455867929548
0006,Acer platanoides L.,0041,Aniba rosodora Ducke,0.5280417274650856,0.18973256215443007,0.0656528117264906,0.3383091653106555
0243,Dracontomelon dao (Blanco) Merr. & Rolfe,0399,Lovoa trichilioides Harms,0.7067226625988472,0.36823324125981255,0.3025441823946234,0.33848942133903465
0009,Leptolobium Vogel,0313,Grevillea robusta A.Cunn. ex R.Br.,0.6229842102247463,0.16101899818656135,0.2838740990600396,0.3391101111647067
0096,Brosimum guianense (Aubl.) Huber ex Ducke,0431,Millettia laurentii De Wild.,0.8074951955419559,0.468233813156223,0.14784264520810295,0.33926138238573295
0257,Entandrophragma candollei Harms,0625,Terminalia superba Engl.& Diels,0.7020279687367127,0.18916044854556002,0.36271194838005,0.3393160203566627
0257,Entandrophragma candollei Harms,0621,Tectona grandis L.,0.8812287314857423,0.18916044854556002,0.5414864270518914,0.3397423044338509
0034,Anacardium L.,0478,Peltogyne Vogel,0.7090143840258802,0.36896207906881207,0.1811470023936011,0.3400523049570682
0239,Dipteryx odorata (Aubl.) Forsyth f.,0430,Milicia excelsa (Welw.) C.C. Berg,0.7564830049742464,0.4164011395062616,0.2228508772324565,0.34008186546798475
0030,Amburana cearensis (Allemão) A.C.Sm.,0375,Koompassia malaccensis Maing.,0.6089767792543219,0.26876027711533945,0.03982575224826281,0.34021650213898247
0257,Entandrophragma candollei Harms,0530,Pterocarpus soyauxii Taub.,0.5399039899970532,0.18916044854556002,0.19955695100455761,0.34034703899249563
0214,Daniellia thurifera Benn.,0353,Intsia Thouars,0.8268449750979792,0.4049723941201597,0.48641128958703317,0.340433685510946
0041,Aniba rosodora Ducke,0072,Baillonella toxisperma Pierre,0.6744681716473788,0.0656528117264906,0.33402537324669906,0.34044279840067976
0372,Khaya ivorensis A.Chev.,0678,Albizia ferruginea (Guill. & Perr.) Benth.,0.6983620881600698,0.2514693324780144,0.35777892083270585,0.340583167327364
0081,Betula pendula Roth,0239,Dipteryx odorata (Aubl.) Forsyth f.,0.7572342624520726,0.0025807385340572584,0.4164011395062616,0.340833122945811
0296,Fraxinus ornus L.,0313,Grevillea robusta A.Cunn. ex R.Br.,0.624739876949789,0.2704807546799976,0.2838740990600396,0.3408657778897495
0114,Cantleya corniculata (Becc.) R.A.Howard,0396,Lophira alata Banks ex C.F.Gaertn.,0.9216221272112611,0.5805310376179519,0.027865923684178843,0.34109108959330925
0066,Aucoumea klaineana Pierre,0297,Fraxinus mandshurica Rupr.,0.6391679243791282,0.1689848833310126,0.29800823641994206,0.3411596879591861
0214,Daniellia thurifera Benn.,0399,Lovoa trichilioides Harms,0.7462216345010939,0.4049723941201597,0.3025441823946234,0.34124924038093424
0093,Brachystegia laurentii (De Wild.) Louis ex J.Léonard,0158,"Chlorocardium rodiei (R.H.Schomb.) Rohwer, H.G.Richt. & van der Werff",0.6756729455202029,0.3343633761708376,0.10003326503781798,0.34130956934936524
0071,Baikiaea plurijuga Harms,0331,Heritiera utilis (Sprague) Sprague,0.9199400815404748,0.5781517144448926,0.21354296220717087,0.34178836709558225
0181,Cotylelobium Pierre,0418,Mansonia altissima (A. Chev.) A. Chev.,0.6046801595065052,0.2627628502619556,0.012409313496156668,0.3419173092445496
0070,Bagassa guianensis Aubl.,0096,Brosimum guianense (Aubl.) Huber ex Ducke,0.8103072603276701,0.4528924582382436,0.468233813156223,0.3420734471714471
0006,Acer platanoides L.,0372,Khaya ivorensis A.Chev.,0.5936534193957683,0.18973256215443007,0.2514693324780144,0.3421840869177539
0071,Baikiaea plurijuga Harms,0301,Gilbertiodendron dewevrei (De Wild.) J.Léonard,0.9204362319834156,0.5781517144448926,0.15292725453998418,0.34228451753852307
0323,Guibourtia demeusei (Harms) J.Léonard,0480,Peltogyne mexicana Martínez,0.6976470771888673,0.35528177474147954,0.1079574407089981,0.3423653024473878
0244,Dryobalanops C.F.Gaertn.,0542,Pycnanthus angolensis (Welw.) Warb.,0.41478070160112773,0.03512342815501089,0.07234546467128498,0.34243523692984273
0072,Baillonella toxisperma Pierre,0114,Cantleya corniculata (Becc.) R.A.Howard,0.9233066934388283,0.33402537324669906,0.5805310376179519,0.34277565582087643
0256,Entandrophragma angolense (Welw.) Panshin,0625,Terminalia superba Engl.& Diels,0.7056458134769128,0.319302552831661,0.36271194838005,0.3429338650968628
0354,Intsia bijuga (Colebr.) Kuntze,0479,Peltogyne catingae Ducke,0.6371331572961976,0.29407015717558727,0.05022355401665795,0.3430630001206103
0157,Ceriops tagal (Perr.) C.B. Robinson,0606,Swietenia humilis Zucc.,0.6740724176754564,0.33088565378713025,0.03956854200666897,0.3431867638883262
0326,Guibourtia ehie (A. Chev.) J. Léonard,0375,Koompassia malaccensis Maing.,0.6416836102280464,0.2984188053844587,0.03982575224826281,0.34326480484358773
0115,Carapa guianensis Aubl.,0478,Peltogyne Vogel,0.7965009496627924,0.45301009815803,0.1811470023936011,0.3434908515047624
0195,Ctenolophon parvifolius Oliv.,0372,Khaya ivorensis A.Chev.,0.5952759048685248,0.23093942479410615,0.2514693324780144,0.3438065723905104
0214,Daniellia thurifera Benn.,0313,Grevillea robusta A.Cunn. ex R.Br.,0.7490930532742099,0.4049723941201597,0.2838740990600396,0.34412065915405027
0207,Dalbergia nigra (Vell.) Allemão ex Benth.,0425,Mezilaurus ita-uba (Meisn.) Taub. ex Mez,0.763786794151116,0.4194156315959103,0.2601673546959139,0.3443711625552058
0375,Koompassia malaccensis Maing.,0478,Peltogyne Vogel,0.5259968433240225,0.03982575224826281,0.1811470023936011,0.3448498409304214
0157,Ceriops tagal (Perr.) C.B. Robinson,0679,Aningeria Aubrév. & Pellegr.,0.6758583470039715,0.33088565378713025,0.2305382109200897,0.34497269321684126
0181,Cotylelobium Pierre,0625,Terminalia superba Engl.& Diels,0.7079494911996471,0.2627628502619556,0.36271194838005,0.3452375428195971
0293,Fraxinus americana L.,0313,Grevillea robusta A.Cunn. ex R.Br.,0.6291912490414089,0.2006874935372814,0.2838740990600396,0.3453171499813693
0366,Juglans regia L.,0461,Ochroma pyramidale (Cav. ex Lam.) Urb.,0.44155629863908363,0.0161593253050704,0.09605455767171649,0.34550174096736713
0081,Betula pendula Roth,0313,Grevillea robusta A.Cunn. ex R.Br.,0.6299323504592476,0.0025807385340572584,0.2838740990600396,0.346058251399208
0239,Dipteryx odorata (Aubl.) Forsyth f.,0372,Khaya ivorensis A.Chev.,0.7626841432126368,0.4164011395062616,0.2514693324780144,0.34628300370637516
0003,Acacia mangium Willd.,0353,Intsia Thouars,0.8327711785961998,0.23412845438956545,0.48641128958703317,0.3463598890091666
0245,Dryobalanops aromatica C.F.Gaertn.,0297,Fraxinus mandshurica Rupr.,0.6446593863764852,0.08261225579476351,0.29800823641994206,0.34665114995654317
0207,Dalbergia nigra (Vell.) Allemão ex Benth.,0259,Entandrophragma utile (Dawe & Sprague) Sprague,0.7661791166978159,0.4194156315959103,0.2069978345154368,0.34676348510190563
0243,Dracontomelon dao (Blanco) Merr. & Rolfe,0372,Khaya ivorensis A.Chev.,0.715211637001314,0.36823324125981255,0.2514693324780144,0.3469783957415014
0293,Fraxinus americana L.,0399,Lovoa trichilioides Harms,0.6496054882775001,0.2006874935372814,0.3025441823946234,0.3470613058828767
0071,Baikiaea plurijuga Harms,0092,Brachystegia cynometroides Harms,0.9252465560287817,0.5781517144448926,0.05008607091450365,0.34709484158388915
0207,Dalbergia nigra (Vell.) Allemão ex Benth.,0608,Swietenia mahagoni (L.) Jacq.,0.766736300501254,0.4194156315959103,0.02812049764059408,0.3473206689053437
0066,Aucoumea klaineana Pierre,0129,Castanea crenata Siebold & Zucc.,0.5164528822902688,0.1689848833310126,0.01642495583191611,0.3474679989592562
0323,Guibourtia demeusei (Harms) J.Léonard,0621,Tectona grandis L.,0.8892866449701433,0.35528177474147954,0.5414864270518914,0.3478002179182519
0066,Aucoumea klaineana Pierre,0679,Aningeria Aubrév. & Pellegr.,0.5783593599125474,0.1689848833310126,0.2305382109200897,0.3478211489924577
0085,Bobgunnia fistuloides (Harms) J.H. Kirkbr. & Wiersema,0096,Brosimum guianense (Aubl.) Huber ex Ducke,0.816516974822965,0.4125872589275239,0.468233813156223,0.34828316166674206
0092,Brachystegia cynometroides Harms,0399,Lovoa trichilioides Harms,0.6512215187980908,0.05008607091450365,0.3025441823946234,0.3486773364034674
0092,Brachystegia cynometroides Harms,0480,Peltogyne mexicana Martínez,0.4569577531444865,0.05008607091450365,0.1079574407089981,0.3490003124354884
0270,Erythrophleum suaveolens (Guill. & Perr.) Brenan,0325,Guibourtia tessmannii (Harms) J.Léonard,0.7589986226573969,0.4099958913427453,0.19769310265299028,0.34900273131465165
0066,Aucoumea klaineana Pierre,0553,Quercus petraea (Matt.) Liebl.,0.6075060174030711,0.1689848833310126,0.2581276659186852,0.3493783514843859
0380,Libidibia paraguariensis (D.Parodi) G.P.Lewis,0606,Swietenia humilis Zucc.,0.9531485290953257,0.6037041179533492,0.03956854200666897,0.34944441114197644
0371,Khaya grandifoliola C.DC.,0625,Terminalia superba Engl.& Diels,0.7123779247663269,0.048818241280783575,0.36271194838005,0.3496659763862769
0085,Bobgunnia fistuloides (Harms) J.H. Kirkbr. & Wiersema,0095,Brosimum alicastrum Swartz,0.7912970292013333,0.4125872589275239,0.4413660741827014,0.34993095501863186
0270,Erythrophleum suaveolens (Guill. & Perr.) Brenan,0621,Tectona grandis L.,0.8914760349052947,0.4099958913427453,0.5414864270518914,0.3499896078534033
0009,Leptolobium Vogel,0030,Amburana cearensis (Allemão) A.C.Sm.,0.6194279474885338,0.16101899818656135,0.26876027711533945,0.35066767037319435
0066,Aucoumea klaineana Pierre,0296,Fraxinus ornus L.,0.6214089486775101,0.1689848833310126,0.2704807546799976,0.35092819399751246
0259,Entandrophragma utile (Dawe & Sprague) Sprague,0372,Khaya ivorensis A.Chev.,0.60244500991218,0.2069978345154368,0.2514693324780144,0.3509756774341656
0243,Dracontomelon dao (Blanco) Merr. & Rolfe,0245,Dryobalanops aromatica C.F.Gaertn.,0.7193567318756813,0.36823324125981255,0.08261225579476351,0.3511234906158687
0129,Castanea crenata Siebold & Zucc.,0313,Grevillea robusta A.Cunn. ex R.Br.,0.6351073411608725,0.01642495583191611,0.2838740990600396,0.35123324210083295
0071,Baikiaea plurijuga Harms,0426,Microberlinia brazzavillensis A. Chev.,0.9298050836481923,0.5781517144448926,0.23957417592531832,0.3516533692032997
0006,Acer platanoides L.,0256,Entandrophragma angolense (Welw.) Panshin,0.6712049580938096,0.18973256215443007,0.319302552831661,0.35190240526214867
0181,Cotylelobium Pierre,0366,Juglans regia L.,0.6146915220811087,0.2627628502619556,0.0161593253050704,0.35192867181915305
0418,Mansonia altissima (A. Chev.) A. Chev.,0461,Ochroma pyramidale (Cav. ex Lam.) Urb.,0.4486514970163219,0.012409313496156668,0.09605455767171649,0.3525969393446054
0606,Swietenia humilis Zucc.,0625,Terminalia superba Engl.& Diels,0.7154917223864778,0.03956854200666897,0.36271194838005,0.35277977400642785
0244,Dryobalanops C.F.Gaertn.,0297,Fraxinus mandshurica Rupr.,0.6509167300422479,0.03512342815501089,0.29800823641994206,0.35290849362230586
0034,Anacardium L.,0625,Terminalia superba Engl.& Diels,0.7221870083125834,0.36896207906881207,0.36271194838005,0.35322492924377136
0007,Acer pseudoplatanus L.,0066,Aucoumea klaineana Pierre,0.6286859445787156,0.27538384172241354,0.1689848833310126,0.3533021028563021
0006,Acer platanoides L.,0081,Betula pendula Roth,0.5430646073486722,0.18973256215443007,0.0025807385340572584,0.35333204519424216
0114,Cantleya corniculata (Becc.) R.A.Howard,0418,Mansonia altissima (A. Chev.) A. Chev.,0.9340792114831908,0.5805310376179519,0.012409313496156668,0.35354817386523896
0093,Brachystegia laurentii (De Wild.) Louis ex J.Léonard,0399,Lovoa trichilioides Harms,0.6880224855348471,0.3343633761708376,0.3025441823946234,0.3536591093640095
0009,Leptolobium Vogel,0092,Brachystegia cynometroides Harms,0.5147935929020367,0.16101899818656135,0.05008607091450365,0.3537745947154754
0095,Brosimum alicastrum Swartz,0372,Khaya ivorensis A.Chev.,0.795164880960898,0.4413660741827014,0.2514693324780144,0.3537988067781966
0080,Betula papyrifera Marshall,0425,Mezilaurus ita-uba (Meisn.) Taub. ex Mez,0.7465656672080447,0.3923039267660832,0.2601673546959139,0.3542617404419615
0114,Cantleya corniculata (Becc.) R.A.Howard,0130,Castanea sativa Mill.,0.9348253330878791,0.5805310376179519,0.15586720528769307,0.3542942954699272
0095,Brosimum alicastrum Swartz,0115,Carapa guianensis Aubl.,0.8074210128073075,0.4413660741827014,0.45301009815803,0.3544109146492775
0093,Brachystegia laurentii (De Wild.) Louis ex J.Léonard,0325,Guibourtia tessmannii (Harms) J.Léonard,0.6888540477699344,0.3343633761708376,0.19769310265299028,0.3544906715990968
0096,Brosimum guianense (Aubl.) Huber ex Ducke,0115,Carapa guianensis Aubl.,0.8227732520907325,0.468233813156223,0.45301009815803,0.3545394389345095
0041,Aniba rosodora Ducke,0096,Brosimum guianense (Aubl.) Huber ex Ducke,0.8229211022591665,0.0656528117264906,0.468233813156223,0.3546872891029435
0301,Gilbertiodendron dewevrei (De Wild.) J.Léonard,0324,Guibourtia pellegriniana J.Léonard,0.557826470713179,0.15292725453998418,0.20301559578579392,0.3548108749273851
0158,"Chlorocardium rodiei (R.H.Schomb.) Rohwer, H.G.Richt. & van der Werff",0181,Cotylelobium Pierre,0.6175946637959844,0.10003326503781798,0.2627628502619556,0.35483181353402876
0326,Guibourtia ehie (A. Chev.) J. Léonard,0461,Ochroma pyramidale (Cav. ex Lam.) Urb.,0.6533944138172338,0.2984188053844587,0.09605455767171649,0.35497560843277515
0296,Fraxinus ornus L.,0399,Lovoa trichilioides Harms,0.6578828469412403,0.2704807546799976,0.3025441823946234,0.35533866454661694
0418,Mansonia altissima (A. Chev.) A. Chev.,0679,Aningeria Aubrév. & Pellegr.,0.5859119649823228,0.012409313496156668,0.2305382109200897,0.3553737540622331
0071,Baikiaea plurijuga Harms,0480,Peltogyne mexicana Martínez,0.9336101132093833,0.5781517144448926,0.1079574407089981,0.3554583987644907
0313,Grevillea robusta A.Cunn. ex R.Br.,0552,Quercus alba L.,0.6393470157262956,0.2838740990600396,0.11942757291818792,0.355472916666256
0096,Brosimum guianense (Aubl.) Huber ex Ducke,0296,Fraxinus ornus L.,0.823724305536562,0.468233813156223,0.2704807546799976,0.355490492380339
0085,Bobgunnia fistuloides (Harms) J.H. Kirkbr. & Wiersema,0613,Tabebuia rosea (Bert.) DC.,0.7681547595337002,0.4125872589275239,0.27496924594578387,0.35556750060617626
0093,Brachystegia laurentii (De Wild.) Louis ex J.Léonard,0258,Entandrophragma cylindricum (Sprague) Sprague,0.6899792077910518,0.3343633761708376,0.25242647174716004,0.3556158316202142
0070,Bagassa guianensis Aubl.,0080,Betula papyrifera Marshall,0.8088346381425527,0.4528924582382436,0.3923039267660832,0.35594217990430915
0096,Brosimum guianense (Aubl.) Huber ex Ducke,0425,Mezilaurus ita-uba (Meisn.) Taub. ex Mez,0.8242074351572587,0.468233813156223,0.2601673546959139,0.3559736220010357
0071,Baikiaea plurijuga Harms,0430,Milicia excelsa (Welw.) C.C. Berg,0.9341285894420583,0.5781517144448926,0.2228508772324565,0.3559768749971658
0366,Juglans regia L.,0679,Aningeria Aubrév. & Pellegr.,0.5870363654248173,0.0161593253050704,0.2305382109200897,0.3564981545047276
0071,Baikiaea plurijuga Harms,0375,Koompassia malaccensis Maing.,0.934683874970024,0.5781517144448926,0.03982575224826281,0.3565321605251315
0003,Acacia mangium Willd.,0236,Dipterocarpus C.F.Gaertn.,0.6063848135000378,0.23412845438956545,0.24925766087492005,0.35712715262511774
0256,Entandrophragma angolense (Welw.) Panshin,0399,Lovoa trichilioides Harms,0.676684932602518,0.319302552831661,0.3025441823946234,0.3573823797708571
0297,Fraxinus mandshurica Rupr.,0399,Lovoa trichilioides Harms,0.6599867240338815,0.29800823641994206,0.3025441823946234,0.3574425416392581
0033,Anacardium excelsum (Bertero & Balb. ex Kunth) Skeels,0207,Dalbergia nigra (Vell.) Allemão ex Benth.,0.7768695726462778,0.07482690115830566,0.4194156315959103,0.3574539410503675
0073,Balfourodendron riedelianum (Engl.) Engl.,0542,Pycnanthus angolensis (Welw.) Warb.,0.7413893956628528,0.38391787966371865,0.07234546467128498,0.3574715159991341
0085,Bobgunnia fistuloides (Harms) J.H. Kirkbr. & Wiersema,0244,Dryobalanops C.F.Gaertn.,0.7701930660501731,0.4125872589275239,0.03512342815501089,0.3576058071226492
0096,Brosimum guianense (Aubl.) Huber ex Ducke,0297,Fraxinus mandshurica Rupr.,0.8259009135869579,0.468233813156223,0.29800823641994206,0.35766710043073496
0066,Aucoumea klaineana Pierre,0425,Mezilaurus ita-uba (Meisn.) Taub. ex Mez,0.618133092425465,0.1689848833310126,0.2601673546959139,0.3579657377295511
0195,Ctenolophon parvifolius Oliv.,0207,Dalbergia nigra (Vell.) Allemão ex Benth.,0.7778197630427258,0.23093942479410615,0.4194156315959103,0.35840413144681554
0236,Dipterocarpus C.F.Gaertn.,0613,Tabebuia rosea (Bert.) DC.,0.6334491292637068,0.24925766087492005,0.27496924594578387,0.3584798833179229
0045,Anopyxis klaineana (Pierre) Engl.,0542,Pycnanthus angolensis (Welw.) Warb.,0.7851766581186228,0.42664489754293794,0.07234546467128498,0.35853176057568487
0243,Dracontomelon dao (Blanco) Merr. & Rolfe,0256,Entandrophragma angolense (Welw.) Panshin,0.7268312138311432,0.36823324125981255,0.319302552831661,0.3585979725713307
0035,Anacardium giganteum Hancock ex Engl.,0294,Fraxinus excelsior L.,0.5642933043580073,0.20568448529299813,0.17627665442045826,0.3586088190650092
0207,Dalbergia nigra (Vell.) Allemão ex Benth.,0296,Fraxinus ornus L.,0.7780936507644256,0.4194156315959103,0.2704807546799976,0.3586780191685153
0030,Amburana cearensis (Allemão) A.C.Sm.,0092,Brachystegia cynometroides Harms,0.6275185577273799,0.26876027711533945,0.05008607091450365,0.3587582806120404
0244,Dryobalanops C.F.Gaertn.,0270,Erythrophleum suaveolens (Guill. & Perr.) Brenan,0.7690130554046792,0.03512342815501089,0.4099958913427453,0.35901716406193396
0034,Anacardium L.,0270,Erythrophleum suaveolens (Guill. & Perr.) Brenan,0.7690141930453731,0.36896207906881207,0.4099958913427453,0.35901830170262783
0115,Carapa guianensis Aubl.,0293,Fraxinus americana L.,0.8120802588840446,0.45301009815803,0.2006874935372814,0.35907016072601455
0293,Fraxinus americana L.,0648,Triplochiton scleroxylon K. Schum.,0.5597772068121443,0.2006874935372814,0.16453642510521302,0.35908971327486283
0114,Cantleya corniculata (Becc.) R.A.Howard,0366,Juglans regia L.,0.9396413672111171,0.5805310376179519,0.0161593253050704,0.35911032959316525
0426,Microberlinia brazzavillensis A. Chev.,0530,Pterocarpus soyauxii Taub.,0.5986897197027429,0.23957417592531832,0.19955695100455761,0.35911554377742455
0033,Anacardium excelsum (Bertero & Balb. ex Kunth) Skeels,0072,Baillonella toxisperma Pierre,0.6931896317047495,0.07482690115830566,0.33402537324669906,0.3591642584580504
0085,Bobgunnia fistuloides (Harms) J.H. Kirkbr. & Wiersema,0367,Juglans nigra L.,0.771986601524989,0.4125872589275239,0.02005651109636719,0.3593993425974651
0071,Baikiaea plurijuga Harms,0091,Brachystegia Benth.,0.9377118515323719,0.5781517144448926,0.36962746064415636,0.35956013708747936
0207,Dalbergia nigra (Vell.) Allemão ex Benth.,0331,Heritiera utilis (Sprague) Sprague,0.7790857834464522,0.4194156315959103,0.21354296220717087,0.3596701518505419
0325,Guibourtia tessmannii (Harms) J.Léonard,0608,Swietenia mahagoni (L.) Jacq.,0.5574613141680077,0.19769310265299028,0.02812049764059408,0.3597682115150174
0269,Erythrophleum ivorense A. Chev,0621,Tectona grandis L.,0.9013130338893697,0.2903085074707726,0.5414864270518914,0.35982660683747825
0003,Acacia mangium Willd.,0085,Bobgunnia fistuloides (Harms) J.H. Kirkbr. & Wiersema,0.7727693899611117,0.23412845438956545,0.4125872589275239,0.36018213103358776
0296,Fraxinus ornus L.,0430,Milicia excelsa (Welw.) C.C. Berg,0.6306644290560587,0.2704807546799976,0.2228508772324565,0.3601836743760611
0085,Bobgunnia fistuloides (Harms) J.H. Kirkbr. & Wiersema,0430,Milicia excelsa (Welw.) C.C. Berg,0.7728031122385901,0.4125872589275239,0.2228508772324565,0.3602158533110662
0030,Amburana cearensis (Allemão) A.C.Sm.,0093,Brachystegia laurentii (De Wild.) Louis ex J.Léonard,0.6947047226651386,0.26876027711533945,0.3343633761708376,0.360341346494301
0041,Aniba rosodora Ducke,0679,Aningeria Aubrév. & Pellegr.,0.5913415996061488,0.0656528117264906,0.2305382109200897,0.36080338868605916
0243,Dracontomelon dao (Blanco) Merr. & Rolfe,0613,Tabebuia rosea (Bert.) DC.,0.7291025388659409,0.36823324125981255,0.27496924594578387,0.36086929760612835
0214,Daniellia thurifera Benn.,0295,Fraxinus nigra Marshall,0.7658635369831469,0.4049723941201597,0.022324164890242817,0.36089114286298724
0353,Intsia Thouars,0461,Ochroma pyramidale (Cav. ex Lam.) Urb.,0.8475631146076449,0.48641128958703317,0.09605455767171649,0.3611518250206117
0207,Dalbergia nigra (Vell.) Allemão ex Benth.,0431,Millettia laurentii De Wild.,0.7807188238428815,0.4194156315959103,0.14784264520810295,0.3613031922469712
0085,Bobgunnia fistuloides (Harms) J.H. Kirkbr. & Wiersema,0294,Fraxinus excelsior L.,0.7739523500555082,0.4125872589275239,0.17627665442045826,0.3613650911279843
0071,Baikiaea plurijuga Harms,0530,Pterocarpus soyauxii Taub.,0.9395260985304938,0.5781517144448926,0.19955695100455761,0.3613743840856013
0081,Betula pendula Roth,0095,Brosimum alicastrum Swartz,0.8028659443763486,0.0025807385340572584,0.4413660741827014,0.3614998701936472
0073,Balfourodendron riedelianum (Engl.) Engl.,0425,Mezilaurus ita-uba (Meisn.) Taub. ex Mez,0.7455148312613993,0.38391787966371865,0.2601673546959139,0.3615969515976806
0003,Acacia mangium Willd.,0091,Brachystegia Benth.,0.7314668840201234,0.23412845438956545,0.36962746064415636,0.36183942337596703
0033,Anacardium excelsum (Bertero & Balb. ex Kunth) Skeels,0096,Brosimum guianense (Aubl.) Huber ex Ducke,0.8301271997653679,0.07482690115830566,0.468233813156223,0.3618933866091449
0066,Aucoumea klaineana Pierre,0243,Dracontomelon dao (Blanco) Merr. & Rolfe,0.7301373640236106,0.1689848833310126,0.36823324125981255,0.3619041227637981
0313,Grevillea robusta A.Cunn. ex R.Br.,0461,Ochroma pyramidale (Cav. ex Lam.) Urb.,0.6459131199352774,0.2838740990600396,0.09605455767171649,0.36203902087523787
0096,Brosimum guianense (Aubl.) Huber ex Ducke,0371,Khaya grandifoliola C.DC.,0.830437139178122,0.468233813156223,0.048818241280783575,0.36220332602189903
0157,Ceriops tagal (Perr.) C.B. Robinson,0207,Dalbergia nigra (Vell.) Allemão ex Benth.,0.7816822871268546,0.33088565378713025,0.4194156315959103,0.36226665553094434
0070,Bagassa guianensis Aubl.,0326,Guibourtia ehie (A. Chev.) J. Léonard,0.8153049461696825,0.4528924582382436,0.2984188053844587,0.36241248793143893
0243,Dracontomelon dao (Blanco) Merr. & Rolfe,0244,Dryobalanops C.F.Gaertn.,0.7307353382047108,0.36823324125981255,0.03512342815501089,0.36250209694489827
0033,Anacardium excelsum (Bertero & Balb. ex Kunth) Skeels,0214,Daniellia thurifera Benn.,0.7676165161505841,0.07482690115830566,0.4049723941201597,0.36264412203042445
0070,Bagassa guianensis Aubl.,0091,Brachystegia Benth.,0.81562451383329,0.4528924582382436,0.36962746064415636,0.36273205559504645
0293,Fraxinus americana L.,0367,Juglans nigra L.,0.5636271780908582,0.2006874935372814,0.02005651109636719,0.3629396845535767
0239,Dipteryx odorata (Aubl.) Forsyth f.,0399,Lovoa trichilioides Harms,0.7796148296157348,0.4164011395062616,0.3025441823946234,0.3632136901094732
0070,Bagassa guianensis Aubl.,0269,Erythrophleum ivorense A. Chev,0.8162532329001704,0.4528924582382436,0.2903085074707726,0.3633607746619268
0070,Bagassa guianensis Aubl.,0092,Brachystegia cynometroides Harms,0.8169251888633424,0.4528924582382436,0.05008607091450365,0.36403273062509883
0399,Lovoa trichilioides Harms,0430,Milicia excelsa (Welw.) C.C. Berg,0.6665806920398845,0.3025441823946234,0.2228508772324565,0.3640365096452611
0269,Erythrophleum ivorense A. Chev,0324,Guibourtia pellegriniana J.Léonard,0.654410082403358,0.2903085074707726,0.20301559578579392,0.3641015749325854
0256,Entandrophragma angolense (Welw.) Panshin,0301,Gilbertiodendron dewevrei (De Wild.) J.Léonard,0.683405931005725,0.319302552831661,0.15292725453998418,0.364103378174064
0115,Carapa guianensis Aubl.,0301,Gilbertiodendron dewevrei (De Wild.) J.Léonard,0.8172462467971987,0.45301009815803,0.15292725453998418,0.3642361486391687
0071,Baikiaea plurijuga Harms,0158,"Chlorocardium rodiei (R.H.Schomb.) Rohwer, H.G.Richt. & van der Werff",0.9424802615680088,0.5781517144448926,0.10003326503781798,0.36432854712311624
0081,Betula pendula Roth,0114,Cantleya corniculata (Becc.) R.A.Howard,0.9449355685704215,0.0025807385340572584,0.5805310376179519,0.3644045309524696
0129,Castanea crenata Siebold & Zucc.,0552,Quercus alba L.,0.48401083209196777,0.01642495583191611,0.11942757291818792,0.36458325917377987
0072,Baillonella toxisperma Pierre,0073,Balfourodendron riedelianum (Engl.) Engl.,0.748732575477085,0.33402537324669906,0.38391787966371865,0.3648146958133664
0030,Amburana cearensis (Allemão) A.C.Sm.,0326,Guibourtia ehie (A. Chev.) J. Léonard,0.6632920469225003,0.26876027711533945,0.2984188053844587,0.3648732415380416
0045,Anopyxis klaineana (Pierre) Engl.,0430,Milicia excelsa (Welw.) C.C. Berg,0.7915408246441594,0.42664489754293794,0.2228508772324565,0.3648959271012215
0096,Brosimum guianense (Aubl.) Huber ex Ducke,0293,Fraxinus americana L.,0.8331871174540558,0.468233813156223,0.2006874935372814,0.36495330429783285
0003,Acacia mangium Willd.,0093,Brachystegia laurentii (De Wild.) Louis ex J.Léonard,0.6993592390343659,0.23412845438956545,0.3343633761708376,0.3649958628635283
0070,Bagassa guianensis Aubl.,0479,Peltogyne catingae Ducke,0.8182135576359855,0.4528924582382436,0.05022355401665795,0.3653210993977419
0041,Aniba rosodora Ducke,0425,Mezilaurus ita-uba (Meisn.) Taub. ex Mez,0.6254962433532187,0.0656528117264906,0.2601673546959139,0.36532888865730484
0550,Quercus mongolica Fisch. ex Ledeb.,0552,Quercus alba L.,0.4850158926676849,0.0339628776830313,0.11942757291818792,0.365588319749497
0096,Brosimum guianense (Aubl.) Huber ex Ducke,0195,Ctenolophon parvifolius Oliv.,0.8340766829160045,0.468233813156223,0.23093942479410615,0.3658428697597815
0479,Peltogyne catingae Ducke,0621,Tectona grandis L.,0.9074055743297418,0.05022355401665795,0.5414864270518914,0.36591914727785035
0080,Betula papyrifera Marshall,0353,Intsia Thouars,0.8526833657103526,0.3923039267660832,0.48641128958703317,0.36627207612331947
0045,Anopyxis klaineana (Pierre) Engl.,0553,Quercus petraea (Matt.) Liebl.,0.7930482780423005,0.42664489754293794,0.2581276659186852,0.36640338049936255
0115,Carapa guianensis Aubl.,0297,Fraxinus mandshurica Rupr.,0.8201318445777693,0.45301009815803,0.29800823641994206,0.3671217464197393
0070,Bagassa guianensis Aubl.,0157,Ceriops tagal (Perr.) C.B. Robinson,0.8200901854721536,0.4528924582382436,0.33088565378713025,0.36719772723391003
0325,Guibourtia tessmannii (Harms) J.Léonard,0354,Intsia bijuga (Colebr.) Kuntze,0.6616861955414672,0.19769310265299028,0.29407015717558727,0.36761603836587997
0301,Gilbertiodendron dewevrei (De Wild.) J.Léonard,0375,Koompassia malaccensis Maing.,0.520858779601782,0.15292725453998418,0.03982575224826281,0.36793152506179777
0270,Erythrophleum suaveolens (Guill. & Perr.) Brenan,0323,Guibourtia demeusei (Harms) J.Léonard,0.778492925979542,0.4099958913427453,0.35528177474147954,0.3684970346367967
0244,Dryobalanops C.F.Gaertn.,0245,Dryobalanops aromatica C.F.Gaertn.,0.45113852055910436,0.03512342815501089,0.08261225579476351,0.36852626476434086
0009,Leptolobium Vogel,0478,Peltogyne Vogel,0.5498875520878783,0.16101899818656135,0.1811470023936011,0.3687405496942772
0030,Amburana cearensis (Allemão) A.C.Sm.,0071,Baikiaea plurijuga Harms,0.9468936315664732,0.26876027711533945,0.5781517144448926,0.36874191712158066
0157,Ceriops tagal (Perr.) C.B. Robinson,0554,Quercus robur L.,0.6997150915775423,0.33088565378713025,0.11024859949584655,0.36882943779041205
0093,Brachystegia laurentii (De Wild.) Louis ex J.Léonard,0608,Swietenia mahagoni (L.) Jacq.,0.7031946225682216,0.3343633761708376,0.02812049764059408,0.368831246397384
0115,Carapa guianensis Aubl.,0269,Erythrophleum ivorense A. Chev,0.8223623173246608,0.45301009815803,0.2903085074707726,0.3693522191666308
0045,Anopyxis klaineana (Pierre) Engl.,0115,Carapa guianensis Aubl.,0.8224256975016558,0.42664489754293794,0.45301009815803,0.36941559934362583
0071,Baikiaea plurijuga Harms,0207,Dalbergia nigra (Vell.) Allemão ex Benth.,0.947766084755226,0.5781517144448926,0.4194156315959103,0.3696143703103334
0035,Anacardium giganteum Hancock ex Engl.,0214,Daniellia thurifera Benn.,0.7746749566233262,0.20568448529299813,0.4049723941201597,0.3697025625031665
0007,Acer pseudoplatanus L.,0418,Mansonia altissima (A. Chev.) A. Chev.,0.6451285634560675,0.27538384172241354,0.012409313496156668,0.36974472173365397
0259,Entandrophragma utile (Dawe & Sprague) Sprague,0371,Khaya grandifoliola C.DC.,0.5768905263854778,0.2069978345154368,0.048818241280783575,0.369892691870041
0041,Aniba rosodora Ducke,0085,Bobgunnia fistuloides (Harms) J.H. Kirkbr. & Wiersema,0.7830318769581003,0.0656528117264906,0.4125872589275239,0.3704446180305764
0375,Koompassia malaccensis Maing.,0430,Milicia excelsa (Welw.) C.C. Berg,0.5934686322013838,0.03982575224826281,0.2228508772324565,0.3706177549689273
0353,Intsia Thouars,0625,Terminalia superba Engl.& Diels,0.8571489840050535,0.48641128958703317,0.36271194838005,0.3707376944180203
0380,Libidibia paraguariensis (D.Parodi) G.P.Lewis,0607,Swietenia macrophylla King,0.9745169632311249,0.6037041179533492,0.07084689292776884,0.3708128452777757
0207,Dalbergia nigra (Vell.) Allemão ex Benth.,0323,Guibourtia demeusei (Harms) J.Léonard,0.7903729831940174,0.4194156315959103,0.35528177474147954,0.3709573515981071
0091,Brachystegia Benth.,0258,Entandrophragma cylindricum (Sprague) Sprague,0.7407890845892231,0.36962746064415636,0.25242647174716004,0.37116162394506674
0372,Khaya ivorensis A.Chev.,0399,Lovoa trichilioides Harms,0.6737911883339173,0.2514693324780144,0.3025441823946234,0.3712470059392939
0080,Betula papyrifera Marshall,0553,Quercus petraea (Matt.) Liebl.,0.7637925251049057,0.3923039267660832,0.2581276659186852,0.3714885983388225
0115,Carapa guianensis Aubl.,0324,Guibourtia pellegriniana J.Léonard,0.8245060108845104,0.45301009815803,0.20301559578579392,0.37149591272648036
0380,Libidibia paraguariensis (D.Parodi) G.P.Lewis,0608,Swietenia mahagoni (L.) Jacq.,0.9752125100005302,0.6037041179533492,0.02812049764059408,0.371508392047181
0085,Bobgunnia fistuloides (Harms) J.H. Kirkbr. & Wiersema,0648,Triplochiton scleroxylon K. Schum.,0.7844691918810327,0.4125872589275239,0.16453642510521302,0.3718819329535088
0080,Betula papyrifera Marshall,0236,Dipterocarpus C.F.Gaertn.,0.7644723824403046,0.3923039267660832,0.24925766087492005,0.37216845567422135
0071,Baikiaea plurijuga Harms,0353,Intsia Thouars,0.9503493200283211,0.5781517144448926,0.48641128958703317,0.3721976055834285
0270,Erythrophleum suaveolens (Guill. & Perr.) Brenan,0297,Fraxinus mandshurica Rupr.,0.7823672604148124,0.4099958913427453,0.29800823641994206,0.37237136907206714
0207,Dalbergia nigra (Vell.) Allemão ex Benth.,0479,Peltogyne catingae Ducke,0.7918147330339753,0.4194156315959103,0.05022355401665795,0.37239910143806504
0323,Guibourtia demeusei (Harms) J.Léonard,0375,Koompassia malaccensis Maing.,0.7278331485225248,0.35528177474147954,0.03982575224826281,0.37255137378104525
0085,Bobgunnia fistuloides (Harms) J.H. Kirkbr. & Wiersema,0302,Gilbertiodendron preussii (Harms) J.Léonard,0.7853064432715168,0.4125872589275239,0.1175198759908919,0.37271918434399287
0085,Bobgunnia fistuloides (Harms) J.H. Kirkbr. & Wiersema,0239,Dipteryx odorata (Aubl.) Forsyth f.,0.7891992308266904,0.4125872589275239,0.4164011395062616,0.3727980913204288
0158,"Chlorocardium rodiei (R.H.Schomb.) Rohwer, H.G.Richt. & van der Werff",0296,Fraxinus ornus L.,0.6434428669569461,0.10003326503781798,0.2704807546799976,0.3729621122769485
0071,Baikiaea plurijuga Harms,0325,Guibourtia tessmannii (Harms) J.Léonard,0.9512189723384807,0.5781517144448926,0.19769310265299028,0.3730672578935882
0041,Aniba rosodora Ducke,0195,Ctenolophon parvifolius Oliv.,0.60400880956902,0.0656528117264906,0.23093942479410615,0.3730693847749139
0034,Anacardium L.,0296,Fraxinus ornus L.,0.7421245906712332,0.36896207906881207,0.2704807546799976,0.3731625116024211
0115,Carapa guianensis Aubl.,0679,Aningeria Aubrév. & Pellegr.,0.8265994367265916,0.45301009815803,0.2305382109200897,0.37358933856856164
0426,Microberlinia brazzavillensis A. Chev.,0621,Tectona grandis L.,0.9151319828163068,0.23957417592531832,0.5414864270518914,0.3736455557644154
0354,Intsia bijuga (Colebr.) Kuntze,0371,Khaya grandifoliola C.DC.,0.667733670669361,0.29407015717558727,0.048818241280783575,0.3736635134937737
0096,Brosimum guianense (Aubl.) Huber ex Ducke,0372,Khaya ivorensis A.Chev.,0.8421761488967953,0.468233813156223,0.2514693324780144,0.3739423357405723
0158,"Chlorocardium rodiei (R.H.Schomb.) Rohwer, H.G.Richt. & van der Werff",0269,Erythrophleum ivorense A. Chev,0.6643515551161883,0.10003326503781798,0.2903085074707726,0.3740430476454157
0072,Baillonella toxisperma Pierre,0181,Cotylelobium Pierre,0.7085987986089011,0.33402537324669906,0.2627628502619556,0.374573425362202
0009,Leptolobium Vogel,0073,Balfourodendron riedelianum (Engl.) Engl.,0.7593372576975719,0.16101899818656135,0.38391787966371865,0.3754193780338532
0080,Betula papyrifera Marshall,0114,Cantleya corniculata (Becc.) R.A.Howard,0.9559741384177677,0.3923039267660832,0.5805310376179519,0.3754431007998158
0478,Peltogyne Vogel,0678,Albizia ferruginea (Guill. & Perr.) Benth.,0.7334112482716819,0.1811470023936011,0.35777892083270585,0.37563232743897607
0157,Ceriops tagal (Perr.) C.B. Robinson,0541,Pterygota macrocarpa K. Schum.,0.7068013509367989,0.33088565378713025,0.016821229975053267,0.3759156971496686
0009,Leptolobium Vogel,0301,Gilbertiodendron dewevrei (De Wild.) J.Léonard,0.5369380956719548,0.16101899818656135,0.15292725453998418,0.3759190974853935
0157,Ceriops tagal (Perr.) C.B. Robinson,0625,Terminalia superba Engl.& Diels,0.7387942542394208,0.33088565378713025,0.36271194838005,0.3760823058593708
0294,Fraxinus excelsior L.,0625,Terminalia superba Engl.& Diels,0.7394358266999639,0.17627665442045826,0.36271194838005,0.3767238783199139
0331,Heritiera utilis (Sprague) Sprague,0461,Ochroma pyramidale (Cav. ex Lam.) Urb.,0.5902704016589699,0.21354296220717087,0.09605455767171649,0.3767274394517991
0354,Intsia bijuga (Colebr.) Kuntze,0430,Milicia excelsa (Welw.) C.C. Berg,0.6708971744348617,0.29407015717558727,0.2228508772324565,0.3768270172592745
0071,Baikiaea plurijuga Harms,0258,Entandrophragma cylindricum (Sprague) Sprague,0.955130734361664,0.5781517144448926,0.25242647174716004,0.3769790199167714
0007,Acer pseudoplatanus L.,0366,Juglans regia L.,0.652374657072889,0.27538384172241354,0.0161593253050704,0.37699081535047546
0066,Aucoumea klaineana Pierre,0115,Carapa guianensis Aubl.,0.8300551398300482,0.1689848833310126,0.45301009815803,0.3770450416720182
0130,Castanea sativa Mill.,0239,Dipteryx odorata (Aubl.) Forsyth f.,0.793515618870389,0.15586720528769307,0.4164011395062616,0.3771144793641274
0034,Anacardium L.,0480,Peltogyne mexicana Martínez,0.7461305093770654,0.36896207906881207,0.1079574407089981,0.3771684303082533
0030,Amburana cearensis (Allemão) A.C.Sm.,0480,Peltogyne mexicana Martínez,0.6461750265405193,0.26876027711533945,0.1079574407089981,0.37741474942517983
0115,Carapa guianensis Aubl.,0295,Fraxinus nigra Marshall,0.8305134332530476,0.45301009815803,0.022324164890242817,0.3775033350950176
0009,Leptolobium Vogel,0480,Peltogyne mexicana Martínez,0.5386879127809656,0.16101899818656135,0.1079574407089981,0.37766891459440427
0115,Carapa guianensis Aubl.,0302,Gilbertiodendron preussii (Harms) J.Léonard,0.8308548350945557,0.45301009815803,0.1175198759908919,0.3778447369365257
0301,Gilbertiodendron dewevrei (De Wild.) J.Léonard,0479,Peltogyne catingae Ducke,0.5313017118215588,0.15292725453998418,0.05022355401665795,0.37837445728157465
0325,Guibourtia tessmannii (Harms) J.Léonard,0621,Tectona grandis L.,0.9199324132777604,0.19769310265299028,0.5414864270518914,0.378445986225869
0071,Baikiaea plurijuga Harms,0478,Peltogyne Vogel,0.9573701002671947,0.5781517144448926,0.1811470023936011,0.37921838582230216
0085,Bobgunnia fistuloides (Harms) J.H. Kirkbr. & Wiersema,0372,Khaya ivorensis A.Chev.,0.791815424530094,0.4125872589275239,0.2514693324780144,0.3792281656025701
0375,Koompassia malaccensis Maing.,0621,Tectona grandis L.,0.9208239202764927,0.03982575224826281,0.5414864270518914,0.3793374932246013
0129,Castanea crenata Siebold & Zucc.,0554,Quercus robur L.,0.48998029248704694,0.01642495583191611,0.11024859949584655,0.3797316929912004
0426,Microberlinia brazzavillensis A. Chev.,0678,Albizia ferruginea (Guill. & Perr.) Benth.,0.7377052801410755,0.23957417592531832,0.35777892083270585,0.37992635930836965
0093,Brachystegia laurentii (De Wild.) Louis ex J.Léonard,0371,Khaya grandifoliola C.DC.,0.7143479583508668,0.3343633761708376,0.048818241280783575,0.37998458218002923
0092,Brachystegia cynometroides Harms,0258,Entandrophragma cylindricum (Sprague) Sprague,0.6326380159449015,0.05008607091450365,0.25242647174716004,0.3802115441977415
0045,Anopyxis klaineana (Pierre) Engl.,0214,Daniellia thurifera Benn.,0.8068631973942562,0.42664489754293794,0.4049723941201597,0.3802182998513182
0007,Acer pseudoplatanus L.,0256,Entandrophragma angolense (Welw.) Panshin,0.6996955305475228,0.27538384172241354,0.319302552831661,0.3803929777158618
0030,Amburana cearensis (Allemão) A.C.Sm.,0478,Peltogyne Vogel,0.6491560122992716,0.26876027711533945,0.1811470023936011,0.3803957351839321
0157,Ceriops tagal (Perr.) C.B. Robinson,0678,Albizia ferruginea (Guill. & Perr.) Benth.,0.7382740744366113,0.33088565378713025,0.35777892083270585,0.38049515360390546
0243,Dracontomelon dao (Blanco) Merr. & Rolfe,0258,Entandrophragma cylindricum (Sprague) Sprague,0.7488430314337041,0.36823324125981255,0.25242647174716004,0.38060979017389157
0613,Tabebuia rosea (Bert.) DC.,0621,Tectona grandis L.,0.9222116811625913,0.27496924594578387,0.5414864270518914,0.3807252541106999
0045,Anopyxis klaineana (Pierre) Engl.,0259,Entandrophragma utile (Dawe & Sprague) Sprague,0.807707522581782,0.42664489754293794,0.2069978345154368,0.3810626250388441
0115,Carapa guianensis Aubl.,0326,Guibourtia ehie (A. Chev.) J. Léonard,0.8342631454852485,0.45301009815803,0.2984188053844587,0.3812530473272185
0258,Entandrophragma cylindricum (Sprague) Sprague,0324,Guibourtia pellegriniana J.Léonard,0.6339846325401299,0.25242647174716004,0.20301559578579392,0.3815581607929699
0071,Baikiaea plurijuga Harms,0323,Guibourtia demeusei (Harms) J.Léonard,0.9597482551420775,0.5781517144448926,0.35528177474147954,0.38159654069718496
0034,Anacardium L.,0324,Guibourtia pellegriniana J.Léonard,0.7506623093947539,0.36896207906881207,0.20301559578579392,0.3817002303259418
0092,Brachystegia cynometroides Harms,0426,Microberlinia brazzavillensis A. Chev.,0.6212761180756123,0.05008607091450365,0.23957417592531832,0.381701942150294
0195,Ctenolophon parvifolius Oliv.,0625,Terminalia superba Engl.& Diels,0.7444344901157437,0.23093942479410615,0.36271194838005,0.3817225417356937
0461,Ochroma pyramidale (Cav. ex Lam.) Urb.,0621,Tectona grandis L.,0.9234251405429033,0.09605455767171649,0.5414864270518914,0.3819387134910118
0207,Dalbergia nigra (Vell.) Allemão ex Benth.,0297,Fraxinus mandshurica Rupr.,0.8015507218081721,0.4194156315959103,0.29800823641994206,0.38213509021226183
0301,Gilbertiodendron dewevrei (De Wild.) J.Léonard,0426,Microberlinia brazzavillensis A. Chev.,0.6219975410682769,0.15292725453998418,0.23957417592531832,0.38242336514295855
0072,Baillonella toxisperma Pierre,0236,Dipterocarpus C.F.Gaertn.,0.7165998025355506,0.33402537324669906,0.24925766087492005,0.3825744292888515
0070,Bagassa guianensis Aubl.,0093,Brachystegia laurentii (De Wild.) Louis ex J.Léonard,0.8359005899377892,0.4528924582382436,0.3343633761708376,0.38300813169954556
0093,Brachystegia laurentii (De Wild.) Louis ex J.Léonard,0607,Swietenia macrophylla King,0.7176790610376294,0.3343633761708376,0.07084689292776884,0.38331568486679174
0006,Acer platanoides L.,0326,Guibourtia ehie (A. Chev.) J. Léonard,0.6818174754563484,0.18973256215443007,0.2984188053844587,0.3833986700718897
0007,Acer pseudoplatanus L.,0679,Aningeria Aubrév. & Pellegr.,0.6589463493737654,0.27538384172241354,0.2305382109200897,0.38356250765135186
0006,Acer platanoides L.,0313,Grevillea robusta A.Cunn. ex R.Br.,0.667447049270273,0.18973256215443007,0.2838740990600396,0.3835729502102334
0009,Leptolobium Vogel,0115,Carapa guianensis Aubl.,0.8366924156135697,0.16101899818656135,0.45301009815803,0.38368231745553966
0324,Guibourtia pellegriniana J.Léonard,0613,Tabebuia rosea (Bert.) DC.,0.6586559087594452,0.20301559578579392,0.27496924594578387,0.38368666281366137
0080,Betula papyrifera Marshall,0297,Fraxinus mandshurica Rupr.,0.7761598373144535,0.3923039267660832,0.29800823641994206,0.38385591054837026
0045,Anopyxis klaineana (Pierre) Engl.,0679,Aningeria Aubrév. & Pellegr.,0.8107299956826686,0.42664489754293794,0.2305382109200897,0.38408509813973063
0259,Entandrophragma utile (Dawe & Sprague) Sprague,0297,Fraxinus mandshurica Rupr.,0.6823065672644381,0.2069978345154368,0.29800823641994206,0.384298330844496
0080,Betula papyrifera Marshall,0318,Leplaea cedrata (A.Chev.) E.J.M.Koenen & J.J.de Wilde,0.7771491323762381,0.3923039267660832,0.015638624237181115,0.38484520561015484
0072,Baillonella toxisperma Pierre,0293,Fraxinus americana L.,0.7192516835896348,0.33402537324669906,0.2006874935372814,0.3852263103429357
0073,Balfourodendron riedelianum (Engl.) Engl.,0085,Bobgunnia fistuloides (Harms) J.H. Kirkbr. & Wiersema,0.7982548826658934,0.38391787966371865,0.4125872589275239,0.3856676237383695
0256,Entandrophragma angolense (Welw.) Panshin,0270,Erythrophleum suaveolens (Guill. & Perr.) Brenan,0.7956720777385777,0.319302552831661,0.4099958913427453,0.38567618639583245
0324,Guibourtia pellegriniana J.Léonard,0479,Peltogyne catingae Ducke,0.5887783446648184,0.20301559578579392,0.05022355401665795,0.38576274887902445
0045,Anopyxis klaineana (Pierre) Engl.,0371,Khaya grandifoliola C.DC.,0.8125229842808923,0.42664489754293794,0.048818241280783575,0.3858780867379544
0301,Gilbertiodendron dewevrei (De Wild.) J.Léonard,0399,Lovoa trichilioides Harms,0.6886941469812669,0.15292725453998418,0.3025441823946234,0.38614996458664347
0214,Daniellia thurifera Benn.,0296,Fraxinus ornus L.,0.7913168380939155,0.4049723941201597,0.2704807546799976,0.38634444397375584
0256,Entandrophragma angolense (Welw.) Panshin,0302,Gilbertiodendron preussii (Harms) J.Léonard,0.7057362598429266,0.319302552831661,0.1175198759908919,0.38643370701126567
0092,Brachystegia cynometroides Harms,0269,Erythrophleum ivorense A. Chev,0.6769884424454999,0.05008607091450365,0.2903085074707726,0.38667993497472736
0325,Guibourtia tessmannii (Harms) J.Léonard,0461,Ochroma pyramidale (Cav. ex Lam.) Urb.,0.5844050176389519,0.19769310265299028,0.09605455767171649,0.38671191498596164
0207,Dalbergia nigra (Vell.) Allemão ex Benth.,0293,Fraxinus americana L.,0.8061666521267856,0.4194156315959103,0.2006874935372814,0.38675102053087534
0041,Aniba rosodora Ducke,0461,Ochroma pyramidale (Cav. ex Lam.) Urb.,0.48307731101992724,0.0656528117264906,0.09605455767171649,0.38702275334821074
0045,Anopyxis klaineana (Pierre) Engl.,0085,Bobgunnia fistuloides (Harms) J.H. Kirkbr. & Wiersema,0.8138724673240015,0.42664489754293794,0.4125872589275239,0.3872275697810636
0085,Bobgunnia fistuloides (Harms) J.H. Kirkbr. & Wiersema,0324,Guibourtia pellegriniana J.Léonard,0.799997159716419,0.4125872589275239,0.20301559578579392,0.38740990078889515
0035,Anacardium giganteum Hancock ex Engl.,0313,Grevillea robusta A.Cunn. ex R.Br.,0.6715076411996038,0.20568448529299813,0.2838740990600396,0.38763354213956425
0269,Erythrophleum ivorense A. Chev,0301,Gilbertiodendron dewevrei (De Wild.) J.Léonard,0.67802889480301,0.2903085074707726,0.15292725453998418,0.3877203873322374
0072,Baillonella toxisperma Pierre,0297,Fraxinus mandshurica Rupr.,0.7217528223782874,0.33402537324669906,0.29800823641994206,0.38772744913158835
0070,Bagassa guianensis Aubl.,0478,Peltogyne Vogel,0.8406844520850789,0.4528924582382436,0.1811470023936011,0.3877919938468353
0114,Cantleya corniculata (Becc.) R.A.Howard,0679,Aningeria Aubrév. & Pellegr.,0.9685409090716821,0.5805310376179519,0.2305382109200897,0.3880098714537302
0095,Brosimum alicastrum Swartz,0130,Castanea sativa Mill.,0.8297072764698921,0.4413660741827014,0.15586720528769307,0.38834120228719066
0258,Entandrophragma cylindricum (Sprague) Sprague,0296,Fraxinus ornus L.,0.6588748858811851,0.25242647174716004,0.2704807546799976,0.38839413120118754
0033,Anacardium excelsum (Bertero & Balb. ex Kunth) Skeels,0625,Terminalia superba Engl.& Diels,0.7514971297849677,0.07482690115830566,0.36271194838005,0.38878518140491775
0009,Leptolobium Vogel,0157,Ceriops tagal (Perr.) C.B. Robinson,0.7197527029416213,0.16101899818656135,0.33088565378713025,0.38886704915449105
0085,Bobgunnia fistuloides (Harms) J.H. Kirkbr. & Wiersema,0243,Dracontomelon dao (Blanco) Merr. & Rolfe,0.8016025714060709,0.4125872589275239,0.36823324125981255,0.38901531247854704
0007,Acer pseudoplatanus L.,0325,Guibourtia tessmannii (Harms) J.Léonard,0.6644373138517965,0.27538384172241354,0.19769310265299028,0.38905347212938296
0007,Acer pseudoplatanus L.,0041,Aniba rosodora Ducke,0.6645705603575958,0.27538384172241354,0.0656528117264906,0.3891867186351822
0372,Khaya ivorensis A.Chev.,0418,Mansonia altissima (A. Chev.) A. Chev.,0.6408937206792201,0.2514693324780144,0.012409313496156668,0.38942438820120573
0295,Fraxinus nigra Marshall,0372,Khaya ivorensis A.Chev.,0.6409240367729037,0.022324164890242817,0.2514693324780144,0.38945470429488926
0073,Balfourodendron riedelianum (Engl.) Engl.,0301,Gilbertiodendron dewevrei (De Wild.) J.Léonard,0.7734055065367876,0.38391787966371865,0.15292725453998418,0.389487626873069
0331,Heritiera utilis (Sprague) Sprague,0380,Libidibia paraguariensis (D.Parodi) G.P.Lewis,0.9932134602585158,0.21354296220717087,0.6037041179533492,0.38950934230516654
0066,Aucoumea klaineana Pierre,0085,Bobgunnia fistuloides (Harms) J.H. Kirkbr. & Wiersema,0.8024316449602265,0.1689848833310126,0.4125872589275239,0.38984438603270255
0239,Dipteryx odorata (Aubl.) Forsyth f.,0259,Entandrophragma utile (Dawe & Sprague) Sprague,0.8062510828000364,0.4164011395062616,0.2069978345154368,0.3898499432937748
0259,Entandrophragma utile (Dawe & Sprague) Sprague,0269,Erythrophleum ivorense A. Chev,0.680164780167223,0.2069978345154368,0.2903085074707726,0.38985627269645046
0296,Fraxinus ornus L.,0678,Albizia ferruginea (Guill. & Perr.) Benth.,0.7476393736839164,0.2704807546799976,0.35777892083270585,0.38986045285121057
0214,Daniellia thurifera Benn.,0324,Guibourtia pellegriniana J.Léonard,0.7949690498410504,0.4049723941201597,0.20301559578579392,0.38999665572089076
0147,Ceiba pentandra (L.) Gaertn.,0678,Albizia ferruginea (Guill. & Perr.) Benth.,0.7478079941080499,0.09920852062625649,0.35777892083270585,0.39002907327534403
0092,Brachystegia cynometroides Harms,0625,Terminalia superba Engl.& Diels,0.7528955538914004,0.05008607091450365,0.36271194838005,0.3901836055113504
0366,Juglans regia L.,0372,Khaya ivorensis A.Chev.,0.6416690297694645,0.0161593253050704,0.2514693324780144,0.3901996972914501
0085,Bobgunnia fistuloides (Harms) J.H. Kirkbr. & Wiersema,0258,Entandrophragma cylindricum (Sprague) Sprague,0.802843453856134,0.4125872589275239,0.25242647174716004,0.3902561949286101
0480,Peltogyne mexicana Martínez,0625,Terminalia superba Engl.& Diels,0.7531055932776831,0.1079574407089981,0.36271194838005,0.3903936448976331
0003,Acacia mangium Willd.,0239,Dipteryx odorata (Aubl.) Forsyth f.,0.806845878199377,0.23412845438956545,0.4164011395062616,0.3904447386931154
0034,Anacardium L.,0606,Swietenia humilis Zucc.,0.7598643556916376,0.36896207906881207,0.03956854200666897,0.3909022766228255
0259,Entandrophragma utile (Dawe & Sprague) Sprague,0399,Lovoa trichilioides Harms,0.6934919310164056,0.2069978345154368,0.3025441823946234,0.3909477486217822
0207,Dalbergia nigra (Vell.) Allemão ex Benth.,0257,Entandrophragma candollei Harms,0.8105136662063068,0.4194156315959103,0.18916044854556002,0.39109803461039655
0258,Entandrophragma cylindricum (Sprague) Sprague,0270,Erythrophleum suaveolens (Guill. & Perr.) Brenan,0.8011040428434562,0.25242647174716004,0.4099958913427453,0.3911081515007109
0607,Swietenia macrophylla King,0625,Terminalia superba Engl.& Diels,0.7539856597315001,0.07084689292776884,0.36271194838005,0.3912737113514501
0085,Bobgunnia fistuloides (Harms) J.H. Kirkbr. & Wiersema,0092,Brachystegia cynometroides Harms,0.8039396458589806,0.4125872589275239,0.05008607091450365,0.3913523869314567
0072,Baillonella toxisperma Pierre,0085,Bobgunnia fistuloides (Harms) J.H. Kirkbr. & Wiersema,0.8039941125656971,0.33402537324669906,0.4125872589275239,0.3914068536381732
0324,Guibourtia pellegriniana J.Léonard,0430,Milicia excelsa (Welw.) C.C. Berg,0.6143954254715971,0.20301559578579392,0.2228508772324565,0.3915445482391406
0006,Acer platanoides L.,0115,Carapa guianensis Aubl.,0.8452884788232082,0.18973256215443007,0.45301009815803,0.39227838066517823
0245,Dryobalanops aromatica C.F.Gaertn.,0480,Peltogyne mexicana Martínez,0.5005643672061353,0.08261225579476351,0.1079574407089981,0.3926069264971372
0085,Bobgunnia fistuloides (Harms) J.H. Kirkbr. & Wiersema,0418,Mansonia altissima (A. Chev.) A. Chev.,0.805395308025493,0.4125872589275239,0.012409313496156668,0.39280804909796907
0326,Guibourtia ehie (A. Chev.) J. Léonard,0399,Lovoa trichilioides Harms,0.695358239311621,0.2984188053844587,0.3025441823946234,0.3928140569169976
0295,Fraxinus nigra Marshall,0553,Quercus petraea (Matt.) Liebl.,0.6509494509385165,0.022324164890242817,0.2581276659186852,0.39282178501983134
0313,Grevillea robusta A.Cunn. ex R.Br.,0542,Pycnanthus angolensis (Welw.) Warb.,0.6766978703685287,0.2838740990600396,0.07234546467128498,0.3928237713084891
0243,Dracontomelon dao (Blanco) Merr. & Rolfe,0552,Quercus alba L.,0.7617366346261024,0.36823324125981255,0.11942757291818792,0.39350339336628987
0070,Bagassa guianensis Aubl.,0270,Erythrophleum suaveolens (Guill. & Perr.) Brenan,0.846402394456359,0.4528924582382436,0.4099958913427453,0.3935099362181154
0157,Ceriops tagal (Perr.) C.B. Robinson,0552,Quercus alba L.,0.7244207325358277,0.33088565378713025,0.11942757291818792,0.3935350787486975
0239,Dipteryx odorata (Aubl.) Forsyth f.,0256,Entandrophragma angolense (Welw.) Panshin,0.8099459267161024,0.4164011395062616,0.319302552831661,0.3935447872098408
0006,Acer platanoides L.,0072,Baillonella toxisperma Pierre,0.727688137205896,0.18973256215443007,0.33402537324669906,0.3936627639591969
0480,Peltogyne mexicana Martínez,0678,Albizia ferruginea (Guill. & Perr.) Benth.,0.7515305906992941,0.1079574407089981,0.35777892083270585,0.3937516698665882
0239,Dipteryx odorata (Aubl.) Forsyth f.,0679,Aningeria Aubrév. & Pellegr.,0.8108452415443369,0.4164011395062616,0.2305382109200897,0.3944441020380753
0003,Acacia mangium Willd.,0157,Ceriops tagal (Perr.) C.B. Robinson,0.7255402745256714,0.23412845438956545,0.33088565378713025,0.39465462073854113
0085,Bobgunnia fistuloides (Harms) J.H. Kirkbr. & Wiersema,0554,Quercus robur L.,0.8072651338594039,0.4125872589275239,0.11024859949584655,0.39467787493188
0302,Gilbertiodendron preussii (Harms) J.Léonard,0324,Guibourtia pellegriniana J.Léonard,0.5978517496416476,0.1175198759908919,0.20301559578579392,0.39483615385585363
0030,Amburana cearensis (Allemão) A.C.Sm.,0236,Dipterocarpus C.F.Gaertn.,0.6637658716917412,0.26876027711533945,0.24925766087492005,0.3950055945764017
0480,Peltogyne mexicana Martínez,0613,Tabebuia rosea (Bert.) DC.,0.6703447357877681,0.1079574407089981,0.27496924594578387,0.39537548984198423
0147,Ceiba pentandra (L.) Gaertn.,0207,Dalbergia nigra (Vell.) Allemão ex Benth.,0.8149606825194227,0.09920852062625649,0.4194156315959103,0.3955450509235124
0072,Baillonella toxisperma Pierre,0245,Dryobalanops aromatica C.F.Gaertn.,0.7297726583279733,0.33402537324669906,0.08261225579476351,0.39574728508127427
0353,Intsia Thouars,0431,Millettia laurentii De Wild.,0.882195420958754,0.48641128958703317,0.14784264520810295,0.39578413137172086
0096,Brosimum guianense (Aubl.) Huber ex Ducke,0214,Daniellia thurifera Benn.,0.8642442726597623,0.468233813156223,0.4049723941201597,0.39601045950353936
0158,"Chlorocardium rodiei (R.H.Schomb.) Rohwer, H.G.Richt. & van der Werff",0258,Entandrophragma cylindricum (Sprague) Sprague,0.6486241923152474,0.10003326503781798,0.25242647174716004,0.39619772056808733
0239,Dipteryx odorata (Aubl.) Forsyth f.,0625,Terminalia superba Engl.& Diels,0.8128189527739144,0.4164011395062616,0.36271194838005,0.39641781326765274
0294,Fraxinus excelsior L.,0313,Grevillea robusta A.Cunn. ex R.Br.,0.6810832532159377,0.17627665442045826,0.2838740990600396,0.3972091541558981
0085,Bobgunnia fistuloides (Harms) J.H. Kirkbr. & Wiersema,0366,Juglans regia L.,0.809821432054219,0.4125872589275239,0.0161593253050704,0.39723417312669507
0071,Baikiaea plurijuga Harms,0326,Guibourtia ehie (A. Chev.) J. Léonard,0.9753975771463309,0.5781517144448926,0.2984188053844587,0.39724586270143836
0245,Dryobalanops aromatica C.F.Gaertn.,0293,Fraxinus americana L.,0.5979966268837345,0.08261225579476351,0.2006874935372814,0.397309133346453
0096,Brosimum guianense (Aubl.) Huber ex Ducke,0418,Mansonia altissima (A. Chev.) A. Chev.,0.8657713336220436,0.468233813156223,0.012409313496156668,0.39753752046582064
0323,Guibourtia demeusei (Harms) J.Léonard,0678,Albizia ferruginea (Guill. & Perr.) Benth.,0.7554145928842328,0.35528177474147954,0.35777892083270585,0.397635672051527
0093,Brachystegia laurentii (De Wild.) Louis ex J.Léonard,0259,Entandrophragma utile (Dawe & Sprague) Sprague,0.7320275245749701,0.3343633761708376,0.2069978345154368,0.3976641484041325
0323,Guibourtia demeusei (Harms) J.Léonard,0372,Khaya ivorensis A.Chev.,0.7531157922526407,0.35528177474147954,0.2514693324780144,0.39783401751116115
0003,Acacia mangium Willd.,0375,Koompassia malaccensis Maing.,0.6323005190431237,0.23412845438956545,0.03982575224826281,0.39817206465355826
0426,Microberlinia brazzavillensis A. Chev.,0478,Peltogyne Vogel,0.6377916338051415,0.23957417592531832,0.1811470023936011,0.39821745787982316
0085,Bobgunnia fistuloides (Harms) J.H. Kirkbr. & Wiersema,0181,Cotylelobium Pierre,0.81103173101547,0.4125872589275239,0.2627628502619556,0.3984444720879461
0073,Balfourodendron riedelianum (Engl.) Engl.,0157,Ceriops tagal (Perr.) C.B. Robinson,0.7824553492106308,0.38391787966371865,0.33088565378713025,0.3985374695469121
0214,Daniellia thurifera Benn.,0269,Erythrophleum ivorense A. Chev,0.8046035415703086,0.4049723941201597,0.2903085074707726,0.3996311474501489
0085,Bobgunnia fistuloides (Harms) J.H. Kirkbr. & Wiersema,0295,Fraxinus nigra Marshall,0.8122653594611275,0.4125872589275239,0.022324164890242817,0.39967810053360364
0324,Guibourtia pellegriniana J.Léonard,0678,Albizia ferruginea (Guill. & Perr.) Benth.,0.7574751623950028,0.20301559578579392,0.35777892083270585,0.39969624156229694
0034,Anacardium L.,0071,Baikiaea plurijuga Harms,0.9778568706241485,0.36896207906881207,0.5781517144448926,0.39970515617925595
0003,Acacia mangium Willd.,0297,Fraxinus mandshurica Rupr.,0.6977593098740953,0.23412845438956545,0.29800823641994206,0.3997510734541532
0080,Betula papyrifera Marshall,0085,Bobgunnia fistuloides (Harms) J.H. Kirkbr. & Wiersema,0.8124318492040408,0.3923039267660832,0.4125872589275239,0.39984459027651686
0207,Dalbergia nigra (Vell.) Allemão ex Benth.,0294,Fraxinus excelsior L.,0.8194976998586179,0.4194156315959103,0.17627665442045826,0.4000820682627076
0070,Bagassa guianensis Aubl.,0648,Triplochiton scleroxylon K. Schum.,0.8531553949348278,0.4528924582382436,0.16453642510521302,0.40026293669658425
0214,Daniellia thurifera Benn.,0679,Aningeria Aubrév. & Pellegr.,0.805384076066737,0.4049723941201597,0.2305382109200897,0.40041168194657734
0070,Bagassa guianensis Aubl.,0480,Peltogyne mexicana Martínez,0.8533364073948233,0.4528924582382436,0.1079574407089981,0.4004439491565797
0243,Dracontomelon dao (Blanco) Merr. & Rolfe,0430,Milicia excelsa (Welw.) C.C. Berg,0.7689337027670204,0.36823324125981255,0.2228508772324565,0.4007004615072079
0158,"Chlorocardium rodiei (R.H.Schomb.) Rohwer, H.G.Richt. & van der Werff",0297,Fraxinus mandshurica Rupr.,0.6989798406524851,0.10003326503781798,0.29800823641994206,0.400971604232543
0007,Acer pseudoplatanus L.,0115,Carapa guianensis Aubl.,0.8540001817183451,0.27538384172241354,0.45301009815803,0.4009900835603151
0096,Brosimum guianense (Aubl.) Huber ex Ducke,0366,Juglans regia L.,0.8692847727471642,0.468233813156223,0.0161593253050704,0.4010509595909412
0371,Khaya grandifoliola C.DC.,0648,Triplochiton scleroxylon K. Schum.,0.5661136107530147,0.048818241280783575,0.16453642510521302,0.40157718564780165
0091,Brachystegia Benth.,0115,Carapa guianensis Aubl.,0.8546829975728223,0.36962746064415636,0.45301009815803,0.4016728994147923
0080,Betula papyrifera Marshall,0296,Fraxinus ornus L.,0.7942007845726788,0.3923039267660832,0.2704807546799976,0.4018968578065956
0085,Bobgunnia fistuloides (Harms) J.H. Kirkbr. & Wiersema,0353,Intsia Thouars,0.8884255901452791,0.4125872589275239,0.48641128958703317,0.40201430055824594
0243,Dracontomelon dao (Blanco) Merr. & Rolfe,0554,Quercus robur L.,0.7706813558985013,0.36823324125981255,0.11024859949584655,0.40244811463868874
0041,Aniba rosodora Ducke,0115,Carapa guianensis Aubl.,0.8554609926771284,0.0656528117264906,0.45301009815803,0.4024508945190984
0080,Betula papyrifera Marshall,0293,Fraxinus americana L.,0.7947663650826927,0.3923039267660832,0.2006874935372814,0.4024624383166095
0157,Ceriops tagal (Perr.) C.B. Robinson,0258,Entandrophragma cylindricum (Sprague) Sprague,0.733767528398872,0.33088565378713025,0.25242647174716004,0.4028818746117418
0085,Bobgunnia fistuloides (Harms) J.H. Kirkbr. & Wiersema,0552,Quercus alba L.,0.8155410495115728,0.4125872589275239,0.11942757291818792,0.4029537905840489
0034,Anacardium L.,0245,Dryobalanops aromatica C.F.Gaertn.,0.7721972078606558,0.36896207906881207,0.08261225579476351,0.40323512879184376
0095,Brosimum alicastrum Swartz,0214,Daniellia thurifera Benn.,0.8447145569989976,0.4413660741827014,0.4049723941201597,0.40334848281629615
0034,Anacardium L.,0041,Aniba rosodora Ducke,0.7724489023807508,0.36896207906881207,0.0656528117264906,0.40348682331193875
0214,Daniellia thurifera Benn.,0478,Peltogyne Vogel,0.8085014366915066,0.4049723941201597,0.1811470023936011,0.403529042571347
0259,Entandrophragma utile (Dawe & Sprague) Sprague,0313,Grevillea robusta A.Cunn. ex R.Br.,0.6875081319419585,0.2069978345154368,0.2838740990600396,0.4036340328819189
0085,Bobgunnia fistuloides (Harms) J.H. Kirkbr. & Wiersema,0236,Dipterocarpus C.F.Gaertn.,0.8162250821979224,0.4125872589275239,0.24925766087492005,0.40363782327039854
0096,Brosimum guianense (Aubl.) Huber ex Ducke,0258,Entandrophragma cylindricum (Sprague) Sprague,0.8719775079270451,0.468233813156223,0.25242647174716004,0.4037436947708221
0207,Dalbergia nigra (Vell.) Allemão ex Benth.,0313,Grevillea robusta A.Cunn. ex R.Br.,0.8232948598553902,0.4194156315959103,0.2838740990600396,0.4038792282594799
0214,Daniellia thurifera Benn.,0236,Dipterocarpus C.F.Gaertn.,0.8097261755603364,0.4049723941201597,0.24925766087492005,0.40475378144017676
0072,Baillonella toxisperma Pierre,0425,Mezilaurus ita-uba (Meisn.) Taub. ex Mez,0.7388273140141488,0.33402537324669906,0.2601673546959139,0.40480194076744974
0608,Swietenia mahagoni (L.) Jacq.,0625,Terminalia superba Engl.& Diels,0.7676295917922652,0.02812049764059408,0.36271194838005,0.4049176434122152
0045,Anopyxis klaineana (Pierre) Engl.,0606,Swietenia humilis Zucc.,0.8315922439952517,0.42664489754293794,0.03956854200666897,0.40494734645231373
0080,Betula papyrifera Marshall,0259,Entandrophragma utile (Dawe & Sprague) Sprague,0.7973913106221098,0.3923039267660832,0.2069978345154368,0.40508738385602655
0073,Balfourodendron riedelianum (Engl.) Engl.,0294,Fraxinus excelsior L.,0.7891070032844228,0.38391787966371865,0.17627665442045826,0.4051891236207042
0035,Anacardium giganteum Hancock ex Engl.,0625,Terminalia superba Engl.& Diels,0.7680588288679842,0.20568448529299813,0.36271194838005,0.40534688048793416
0478,Peltogyne Vogel,0625,Terminalia superba Engl.& Diels,0.7681470715412755,0.1811470023936011,0.36271194838005,0.4054351231612255
0115,Carapa guianensis Aubl.,0425,Mezilaurus ita-uba (Meisn.) Taub. ex Mez,0.8584523816040576,0.45301009815803,0.2601673546959139,0.40544228344602756
0095,Brosimum alicastrum Swartz,0259,Entandrophragma utile (Dawe & Sprague) Sprague,0.8469499906507924,0.4413660741827014,0.2069978345154368,0.40558391646809094
0297,Fraxinus mandshurica Rupr.,0554,Quercus robur L.,0.7036501496132113,0.29800823641994206,0.11024859949584655,0.4056419131932692
0081,Betula pendula Roth,0085,Bobgunnia fistuloides (Harms) J.H. Kirkbr. & Wiersema,0.8183404122316003,0.0025807385340572584,0.4125872589275239,0.40575315330407635
0034,Anacardium L.,0293,Fraxinus americana L.,0.7748541153225297,0.36896207906881207,0.2006874935372814,0.4058920362537176
0071,Baikiaea plurijuga Harms,0256,Entandrophragma angolense (Welw.) Panshin,0.9841050724220435,0.5781517144448926,0.319302552831661,0.40595335797715093
0073,Balfourodendron riedelianum (Engl.) Engl.,0318,Leplaea cedrata (A.Chev.) E.J.M.Koenen & J.J.de Wilde,0.7901293705273842,0.38391787966371865,0.015638624237181115,0.40621149086366554
0366,Juglans regia L.,0425,Mezilaurus ita-uba (Meisn.) Taub. ex Mez,0.6665396942807955,0.0161593253050704,0.2601673546959139,0.4063723395848816
0034,Anacardium L.,0238,Dipterocarpus kerrii King,0.7754657848649216,0.36896207906881207,0.03389503762998255,0.4065037057961095
0030,Amburana cearensis (Allemão) A.C.Sm.,0157,Ceriops tagal (Perr.) C.B. Robinson,0.7374239762013302,0.26876027711533945,0.33088565378713025,0.4065383224141999
0072,Baillonella toxisperma Pierre,0243,Dracontomelon dao (Blanco) Merr. & Rolfe,0.7750355506400057,0.33402537324669906,0.36823324125981255,0.4068023093801932
0195,Ctenolophon parvifolius Oliv.,0554,Quercus robur L.,0.6379291124866935,0.23093942479410615,0.11024859949584655,0.40698968769258737
0034,Anacardium L.,0297,Fraxinus mandshurica Rupr.,0.7759797068115103,0.36896207906881207,0.29800823641994206,0.40701762774269823
0129,Castanea crenata Siebold & Zucc.,0243,Dracontomelon dao (Blanco) Merr. & Rolfe,0.775837197376092,0.01642495583191611,0.36823324125981255,0.4076039561162795
0034,Anacardium L.,0244,Dryobalanops C.F.Gaertn.,0.7766320932273986,0.36896207906881207,0.03512342815501089,0.4076700141585865
0293,Fraxinus americana L.,0430,Milicia excelsa (Welw.) C.C. Berg,0.6306769749280092,0.2006874935372814,0.2228508772324565,0.4078260976955527
0034,Anacardium L.,0147,Ceiba pentandra (L.) Gaertn.,0.7768191680918624,0.36896207906881207,0.09920852062625649,0.4078570890230503
0541,Pterygota macrocarpa K. Schum.,0621,Tectona grandis L.,0.9494104826769918,0.016821229975053267,0.5414864270518914,0.40792405562510037
0095,Brosimum alicastrum Swartz,0258,Entandrophragma cylindricum (Sprague) Sprague,0.849367438503003,0.4413660741827014,0.25242647174716004,0.4080013643203016
0085,Bobgunnia fistuloides (Harms) J.H. Kirkbr. & Wiersema,0129,Castanea crenata Siebold & Zucc.,0.8206279054429183,0.4125872589275239,0.01642495583191611,0.4080406465153944
0041,Aniba rosodora Ducke,0243,Dracontomelon dao (Blanco) Merr. & Rolfe,0.7762893741581485,0.0656528117264906,0.36823324125981255,0.4080561328983359
0071,Baikiaea plurijuga Harms,0270,Erythrophleum suaveolens (Guill. & Perr.) Brenan,0.9863034993540689,0.5781517144448926,0.4099958913427453,0.40815178490917636
0418,Mansonia altissima (A. Chev.) A. Chev.,0425,Mezilaurus ita-uba (Meisn.) Taub. ex Mez,0.6683557182147062,0.012409313496156668,0.2601673546959139,0.4081883635187923
0243,Dracontomelon dao (Blanco) Merr. & Rolfe,0259,Entandrophragma utile (Dawe & Sprague) Sprague,0.7766106773877955,0.36823324125981255,0.2069978345154368,0.408377436127983
0003,Acacia mangium Willd.,0326,Guibourtia ehie (A. Chev.) J. Léonard,0.706842874039567,0.23412845438956545,0.2984188053844587,0.40842406865510833
0606,Swietenia humilis Zucc.,0678,Albizia ferruginea (Guill. & Perr.) Benth.,0.7666873424140285,0.03956854200666897,0.35777892083270585,0.4089084215813226
0375,Koompassia malaccensis Maing.,0480,Peltogyne mexicana Martínez,0.5170048476792801,0.03982575224826281,0.1079574407089981,0.409047406970282
0147,Ceiba pentandra (L.) Gaertn.,0625,Terminalia superba Engl.& Diels,0.7718193920600638,0.09920852062625649,0.36271194838005,0.4091074436800138
0093,Brachystegia laurentii (De Wild.) Louis ex J.Léonard,0269,Erythrophleum ivorense A. Chev,0.7435283621790099,0.3343633761708376,0.2903085074707726,0.40916498600817225
0295,Fraxinus nigra Marshall,0425,Mezilaurus ita-uba (Meisn.) Taub. ex Mez,0.669507673411775,0.022324164890242817,0.2601673546959139,0.4093403187158611
0035,Anacardium giganteum Hancock ex Engl.,0066,Aucoumea klaineana Pierre,0.615266680805636,0.20568448529299813,0.1689848833310126,0.40958219551263786
0080,Betula papyrifera Marshall,0331,Heritiera utilis (Sprague) Sprague,0.8024142671272809,0.3923039267660832,0.21354296220717087,0.4101103403611977
0207,Dalbergia nigra (Vell.) Allemão ex Benth.,0679,Aningeria Aubrév. & Pellegr.,0.8297570205522512,0.4194156315959103,0.2305382109200897,0.4103413889563409
0070,Bagassa guianensis Aubl.,0367,Juglans nigra L.,0.8632734119423418,0.4528924582382436,0.02005651109636719,0.41038095370409816
0034,Anacardium L.,0366,Juglans regia L.,0.7793753616079574,0.36896207906881207,0.0161593253050704,0.41041328253914533
0034,Anacardium L.,0375,Koompassia malaccensis Maing.,0.7798382279701449,0.36896207906881207,0.03982575224826281,0.41087614890133284
0071,Baikiaea plurijuga Harms,0399,Lovoa trichilioides Harms,0.9891247273976174,0.5781517144448926,0.3025441823946234,0.4109730129527248
0115,Carapa guianensis Aubl.,0431,Millettia laurentii De Wild.,0.8640591184331087,0.45301009815803,0.14784264520810295,0.41104902027507867
0130,Castanea sativa Mill.,0648,Triplochiton scleroxylon K. Schum.,0.5757029026483753,0.15586720528769307,0.16453642510521302,0.41116647754316227
0045,Anopyxis klaineana (Pierre) Engl.,0130,Castanea sativa Mill.,0.837949731766786,0.42664489754293794,0.15586720528769307,0.41130483422384806
0041,Aniba rosodora Ducke,0372,Khaya ivorensis A.Chev.,0.6628580947644341,0.0656528117264906,0.2514693324780144,0.41138876228641974
0007,Acer pseudoplatanus L.,0608,Swietenia mahagoni (L.) Jacq.,0.6869190929681097,0.27538384172241354,0.02812049764059408,0.4115352512456962
0270,Erythrophleum suaveolens (Guill. & Perr.) Brenan,0296,Fraxinus ornus L.,0.8215741877535937,0.4099958913427453,0.2704807546799976,0.4115782964108484
0214,Daniellia thurifera Benn.,0425,Mezilaurus ita-uba (Meisn.) Taub. ex Mez,0.8166423872698511,0.4049723941201597,0.2601673546959139,0.4116699931496914
0479,Peltogyne catingae Ducke,0613,Tabebuia rosea (Bert.) DC.,0.6866397374960518,0.05022355401665795,0.27496924594578387,0.4116704915502679
0324,Guibourtia pellegriniana J.Léonard,0480,Peltogyne mexicana Martínez,0.6147631598096531,0.20301559578579392,0.1079574407089981,0.4117475640238592
0353,Intsia Thouars,0372,Khaya ivorensis A.Chev.,0.8982706607293057,0.48641128958703317,0.2514693324780144,0.41185937114227256
0066,Aucoumea klaineana Pierre,0214,Daniellia thurifera Benn.,0.8169246858391164,0.1689848833310126,0.4049723941201597,0.4119522917189567
0007,Acer pseudoplatanus L.,0157,Ceriops tagal (Perr.) C.B. Robinson,0.742886803770338,0.27538384172241354,0.33088565378713025,0.41200114998320775
0085,Bobgunnia fistuloides (Harms) J.H. Kirkbr. & Wiersema,0115,Carapa guianensis Aubl.,0.8650820865112496,0.4125872589275239,0.45301009815803,0.4120719883532196
0181,Cotylelobium Pierre,0372,Khaya ivorensis A.Chev.,0.6749290509821981,0.2627628502619556,0.2514693324780144,0.4121662007202425
0033,Anacardium excelsum (Bertero & Balb. ex Kunth) Skeels,0425,Mezilaurus ita-uba (Meisn.) Taub. ex Mez,0.6725375636806856,0.07482690115830566,0.2601673546959139,0.4123702089847717
0115,Carapa guianensis Aubl.,0318,Leplaea cedrata (A.Chev.) E.J.M.Koenen & J.J.de Wilde,0.8654072328004689,0.45301009815803,0.015638624237181115,0.41239713464243893
0114,Cantleya corniculata (Becc.) R.A.Howard,0530,Pterocarpus soyauxii Taub.,0.9929513531973626,0.5805310376179519,0.19955695100455761,0.4124203155794107
0034,Anacardium L.,0418,Mansonia altissima (A. Chev.) A. Chev.,0.7815898153572541,0.36896207906881207,0.012409313496156668,0.41262773628844207
0326,Guibourtia ehie (A. Chev.) J. Léonard,0426,Microberlinia brazzavillensis A. Chev.,0.7112271439570994,0.2984188053844587,0.23957417592531832,0.4128083385726407
0096,Brosimum guianense (Aubl.) Huber ex Ducke,0606,Swietenia humilis Zucc.,0.8810499144886076,0.468233813156223,0.03956854200666897,0.4128161013323846
0214,Daniellia thurifera Benn.,0297,Fraxinus mandshurica Rupr.,0.817942862725868,0.4049723941201597,0.29800823641994206,0.41297046860570835
0129,Castanea crenata Siebold & Zucc.,0157,Ceriops tagal (Perr.) C.B. Robinson,0.7439170491725213,0.01642495583191611,0.33088565378713025,0.4130313953853911
0007,Acer pseudoplatanus L.,0607,Swietenia macrophylla King,0.6884793834918312,0.27538384172241354,0.07084689292776884,0.4130955417694177
0207,Dalbergia nigra (Vell.) Allemão ex Benth.,0430,Milicia excelsa (Welw.) C.C. Berg,0.8325303387968604,0.4194156315959103,0.2228508772324565,0.41311470720095017
0431,Millettia laurentii De Wild.,0678,Albizia ferruginea (Guill. & Perr.) Benth.,0.7710846361612949,0.14784264520810295,0.35777892083270585,0.413305715328589
0091,Brachystegia Benth.,0245,Dryobalanops aromatica C.F.Gaertn.,0.7829448255533991,0.36962746064415636,0.08261225579476351,0.4133173649092427
0034,Anacardium L.,0426,Microberlinia brazzavillensis A. Chev.,0.7823896578861463,0.36896207906881207,0.23957417592531832,0.4134275788173343
0256,Entandrophragma angolense (Welw.) Panshin,0259,Entandrophragma utile (Dawe & Sprague) Sprague,0.7327443138711913,0.319302552831661,0.2069978345154368,0.41344176103953034
0073,Balfourodendron riedelianum (Engl.) Engl.,0091,Brachystegia Benth.,0.7973922333409645,0.38391787966371865,0.36962746064415636,0.4134743536772459
0003,Acacia mangium Willd.,0092,Brachystegia cynometroides Harms,0.6479941260900167,0.23412845438956545,0.05008607091450365,0.4138656717004513
0091,Brachystegia Benth.,0244,Dryobalanops C.F.Gaertn.,0.7835924988231673,0.36962746064415636,0.03512342815501089,0.4139650381790109
0157,Ceriops tagal (Perr.) C.B. Robinson,0425,Mezilaurus ita-uba (Meisn.) Taub. ex Mez,0.7448579295541244,0.33088565378713025,0.2601673546959139,0.4139722757669942
0091,Brachystegia Benth.,0214,Daniellia thurifera Benn.,0.8189947053047042,0.36962746064415636,0.4049723941201597,0.4140223111845445
0157,Ceriops tagal (Perr.) C.B. Robinson,0608,Swietenia mahagoni (L.) Jacq.,0.7450584118957859,0.33088565378713025,0.02812049764059408,0.41417275810865567
0318,Leplaea cedrata (A.Chev.) E.J.M.Koenen & J.J.de Wilde,0426,Microberlinia brazzavillensis A. Chev.,0.6539472833398613,0.015638624237181115,0.23957417592531832,0.414373107414543
0244,Dryobalanops C.F.Gaertn.,0293,Fraxinus americana L.,0.6151754611121525,0.03512342815501089,0.2006874935372814,0.41448796757487105
0115,Carapa guianensis Aubl.,0354,Intsia bijuga (Colebr.) Kuntze,0.8676567754883744,0.45301009815803,0.29407015717558727,0.4146466773303444
0294,Fraxinus excelsior L.,0606,Swietenia humilis Zucc.,0.5910184409443024,0.17627665442045826,0.03956854200666897,0.4147417865238442
0323,Guibourtia demeusei (Harms) J.Léonard,0426,Microberlinia brazzavillensis A. Chev.,0.7700386152694804,0.35528177474147954,0.23957417592531832,0.4147568405280008
0085,Bobgunnia fistuloides (Harms) J.H. Kirkbr. & Wiersema,0157,Ceriops tagal (Perr.) C.B. Robinson,0.8274284482020029,0.4125872589275239,0.33088565378713025,0.414841189274479
0371,Khaya grandifoliola C.DC.,0678,Albizia ferruginea (Guill. & Perr.) Benth.,0.7727747788579387,0.048818241280783575,0.35777892083270585,0.4149958580252328
0238,Dipterocarpus kerrii King,0372,Khaya ivorensis A.Chev.,0.6665096324077677,0.03389503762998255,0.2514693324780144,0.41504029992975333
0034,Anacardium L.,0295,Fraxinus nigra Marshall,0.7840572971807971,0.36896207906881207,0.022324164890242817,0.415095218111985
0007,Acer pseudoplatanus L.,0070,Bagassa guianensis Aubl.,0.8681990915877201,0.27538384172241354,0.4528924582382436,0.41530663334947654
0331,Heritiera utilis (Sprague) Sprague,0625,Terminalia superba Engl.& Diels,0.7781650530954939,0.21354296220717087,0.36271194838005,0.4154531047154439
0072,Baillonella toxisperma Pierre,0353,Intsia Thouars,0.9018845127167525,0.33402537324669906,0.48641128958703317,0.41547322312971935
0372,Khaya ivorensis A.Chev.,0542,Pycnanthus angolensis (Welw.) Warb.,0.6670622429404428,0.2514693324780144,0.07234546467128498,0.4155929104624284
0157,Ceriops tagal (Perr.) C.B. Robinson,0257,Entandrophragma candollei Harms,0.7465733549252863,0.33088565378713025,0.18916044854556002,0.41568770113815606
0207,Dalbergia nigra (Vell.) Allemão ex Benth.,0238,Dipterocarpus kerrii King,0.8351874197655015,0.4194156315959103,0.03389503762998255,0.4157717881695912
0045,Anopyxis klaineana (Pierre) Engl.,0326,Guibourtia ehie (A. Chev.) J. Léonard,0.8424572682247705,0.42664489754293794,0.2984188053844587,0.4158123706818326
0270,Erythrophleum suaveolens (Guill. & Perr.) Brenan,0431,Millettia laurentii De Wild.,0.8258151119703887,0.4099958913427453,0.14784264520810295,0.4158192206276434
0130,Castanea sativa Mill.,0367,Juglans nigra L.,0.5717733414981103,0.15586720528769307,0.02005651109636719,0.4159061362104173
0034,Anacardium L.,0269,Erythrophleum ivorense A. Chev,0.7851194439405583,0.36896207906881207,0.2903085074707726,0.41615736487174626
0006,Acer platanoides L.,0679,Aningeria Aubrév. & Pellegr.,0.6468713841492789,0.18973256215443007,0.2305382109200897,0.4163331732291892
0070,Bagassa guianensis Aubl.,0608,Swietenia mahagoni (L.) Jacq.,0.8694778421523774,0.4528924582382436,0.02812049764059408,0.41658538391413386
0270,Erythrophleum suaveolens (Guill. & Perr.) Brenan,0371,Khaya grandifoliola C.DC.,0.8267813179240155,0.4099958913427453,0.048818241280783575,0.41678542658127027
0157,Ceriops tagal (Perr.) C.B. Robinson,0613,Tabebuia rosea (Bert.) DC.,0.7477707257032011,0.33088565378713025,0.27496924594578387,0.4168850719160709
0214,Daniellia thurifera Benn.,0318,Leplaea cedrata (A.Chev.) E.J.M.Koenen & J.J.de Wilde,0.8218864135860423,0.4049723941201597,0.015638624237181115,0.41691401946588263
0070,Bagassa guianensis Aubl.,0324,Guibourtia pellegriniana J.Léonard,0.8698960591594626,0.4528924582382436,0.20301559578579392,0.41700360092121896
0326,Guibourtia ehie (A. Chev.) J. Léonard,0372,Khaya ivorensis A.Chev.,0.7158370093703599,0.2984188053844587,0.2514693324780144,0.4174182039859012
0353,Intsia Thouars,0542,Pycnanthus angolensis (Welw.) Warb.,0.9039599047358511,0.48641128958703317,0.07234546467128498,0.4175486151488179
0129,Castanea crenata Siebold & Zucc.,0550,Quercus mongolica Fisch. ex Ledeb.,0.4516050442074043,0.01642495583191611,0.0339628776830313,0.417642166524373
0214,Daniellia thurifera Benn.,0239,Dipteryx odorata (Aubl.) Forsyth f.,0.8342602703290809,0.4049723941201597,0.4164011395062616,0.4178591308228193
0073,Balfourodendron riedelianum (Engl.) Engl.,0195,Ctenolophon parvifolius Oliv.,0.8019456113647447,0.38391787966371865,0.23093942479410615,0.4180277317010261
0045,Anopyxis klaineana (Pierre) Engl.,0461,Ochroma pyramidale (Cav. ex Lam.) Urb.,0.8447470711983982,0.42664489754293794,0.09605455767171649,0.41810217365546026
0072,Baillonella toxisperma Pierre,0157,Ceriops tagal (Perr.) C.B. Robinson,0.752235740839934,0.33402537324669906,0.33088565378713025,0.418210367593235
0093,Brachystegia laurentii (De Wild.) Louis ex J.Léonard,0431,Millettia laurentii De Wild.,0.7529241258007053,0.3343633761708376,0.14784264520810295,0.4185607496298677
0093,Brachystegia laurentii (De Wild.) Louis ex J.Léonard,0625,Terminalia superba Engl.& Diels,0.7815124885467244,0.3343633761708376,0.36271194838005,0.4188005401666744
0207,Dalbergia nigra (Vell.) Allemão ex Benth.,0244,Dryobalanops C.F.Gaertn.,0.8386062686181903,0.4194156315959103,0.03512342815501089,0.41919063702228004
0085,Bobgunnia fistuloides (Harms) J.H. Kirkbr. & Wiersema,0553,Quercus petraea (Matt.) Liebl.,0.8319371255583983,0.4125872589275239,0.2581276659186852,0.41934986663087437
0426,Microberlinia brazzavillensis A. Chev.,0480,Peltogyne mexicana Martínez,0.6590034286283792,0.23957417592531832,0.1079574407089981,0.4194292527030609
0035,Anacardium giganteum Hancock ex Engl.,0072,Baillonella toxisperma Pierre,0.753834833033276,0.20568448529299813,0.33402537324669906,0.41980945978657697
0115,Carapa guianensis Aubl.,0239,Dipteryx odorata (Aubl.) Forsyth f.,0.8729139853290313,0.45301009815803,0.4164011395062616,0.4199038871710013
0326,Guibourtia ehie (A. Chev.) J. Léonard,0625,Terminalia superba Engl.& Diels,0.7828202935829174,0.2984188053844587,0.36271194838005,0.4201083452028674
0034,Anacardium L.,0323,Guibourtia demeusei (Harms) J.Léonard,0.7891178939007435,0.36896207906881207,0.35528177474147954,0.42015581483193143
0313,Grevillea robusta A.Cunn. ex R.Br.,0606,Swietenia humilis Zucc.,0.7040679683236312,0.2838740990600396,0.03956854200666897,0.4201938692635916
0238,Dipterocarpus kerrii King,0425,Mezilaurus ita-uba (Meisn.) Taub. ex Mez,0.6808726380254497,0.03389503762998255,0.2601673546959139,0.42070528332953583
0236,Dipterocarpus C.F.Gaertn.,0554,Quercus robur L.,0.670090433058268,0.24925766087492005,0.11024859949584655,0.4208327721833479
0115,Carapa guianensis Aubl.,0366,Juglans regia L.,0.8738743335213863,0.45301009815803,0.0161593253050704,0.4208642353633563
0070,Bagassa guianensis Aubl.,0354,Intsia bijuga (Colebr.) Kuntze,0.8739139468076864,0.4528924582382436,0.29407015717558727,0.4210214885694428
0007,Acer pseudoplatanus L.,0326,Guibourtia ehie (A. Chev.) J. Léonard,0.7194885360358507,0.27538384172241354,0.2984188053844587,0.421069730651392
0007,Acer pseudoplatanus L.,0372,Khaya ivorensis A.Chev.,0.6964764146635016,0.27538384172241354,0.2514693324780144,0.4210925729410881
0034,Anacardium L.,0325,Guibourtia tessmannii (Harms) J.Léonard,0.7902292933728341,0.36896207906881207,0.19769310265299028,0.42126721430402203
0115,Carapa guianensis Aubl.,0323,Guibourtia demeusei (Harms) J.Léonard,0.8743689424263004,0.45301009815803,0.35528177474147954,0.42135884426827036
0095,Brosimum alicastrum Swartz,0326,Guibourtia ehie (A. Chev.) J. Léonard,0.8627602320615604,0.4413660741827014,0.2984188053844587,0.421394157878859
0195,Ctenolophon parvifolius Oliv.,0542,Pycnanthus angolensis (Welw.) Warb.,0.6524703498343489,0.23093942479410615,0.07234546467128498,0.4215309250402428
0243,Dracontomelon dao (Blanco) Merr. & Rolfe,0606,Swietenia humilis Zucc.,0.7897834274042946,0.36823324125981255,0.03956854200666897,0.4215501861444821
0070,Bagassa guianensis Aubl.,0607,Swietenia macrophylla King,0.8744947918974482,0.4528924582382436,0.07084689292776884,0.4216023336592046
0095,Brosimum alicastrum Swartz,0530,Pterocarpus soyauxii Taub.,0.8629987024530041,0.4413660741827014,0.19955695100455761,0.42163262827030273
0214,Daniellia thurifera Benn.,0293,Fraxinus americana L.,0.8269352407110737,0.4049723941201597,0.2006874935372814,0.42196284659091404
0115,Carapa guianensis Aubl.,0396,Lophira alata Banks ex C.F.Gaertn.,0.8751010941428473,0.45301009815803,0.027865923684178843,0.4220909959848173
0071,Baikiaea plurijuga Harms,0479,Peltogyne catingae Ducke,1.0002797384410267,0.5781517144448926,0.05022355401665795,0.42212802399613414
0158,"Chlorocardium rodiei (R.H.Schomb.) Rohwer, H.G.Richt. & van der Werff",0214,Daniellia thurifera Benn.,0.8271282536674526,0.10003326503781798,0.4049723941201597,0.4221558595472929
0245,Dryobalanops aromatica C.F.Gaertn.,0296,Fraxinus ornus L.,0.6927647067368864,0.08261225579476351,0.2704807546799976,0.4222839520568888
0072,Baillonella toxisperma Pierre,0294,Fraxinus excelsior L.,0.7565794410651225,0.33402537324669906,0.17627665442045826,0.4225540678184235
0030,Amburana cearensis (Allemão) A.C.Sm.,0035,Anacardium giganteum Hancock ex Engl.,0.6916688062238578,0.26876027711533945,0.20568448529299813,0.4229085291085184
0006,Acer platanoides L.,0045,Anopyxis klaineana (Pierre) Engl.,0.8495845977205227,0.18973256215443007,0.42664489754293794,0.4229397001775848
0236,Dipterocarpus C.F.Gaertn.,0399,Lovoa trichilioides Harms,0.7255224904160732,0.24925766087492005,0.3025441823946234,0.4229783080214498
0115,Carapa guianensis Aubl.,0418,Mansonia altissima (A. Chev.) A. Chev.,0.8762389714279332,0.45301009815803,0.012409313496156668,0.42322887326990316
0239,Dipteryx odorata (Aubl.) Forsyth f.,0371,Khaya grandifoliola C.DC.,0.8396629823174222,0.4164011395062616,0.048818241280783575,0.4232618428111606
0302,Gilbertiodendron preussii (Harms) J.Léonard,0613,Tabebuia rosea (Bert.) DC.,0.6982920552543792,0.1175198759908919,0.27496924594578387,0.42332280930859534
0325,Guibourtia tessmannii (Harms) J.Léonard,0331,Heritiera utilis (Sprague) Sprague,0.6370483740582276,0.19769310265299028,0.21354296220717087,0.4235054118510567
0214,Daniellia thurifera Benn.,0302,Gilbertiodendron preussii (Harms) J.Léonard,0.8284998803250612,0.4049723941201597,0.1175198759908919,0.4235274862049015
0030,Amburana cearensis (Allemão) A.C.Sm.,0296,Fraxinus ornus L.,0.6941122490144023,0.26876027711533945,0.2704807546799976,0.42363149433440467
0157,Ceriops tagal (Perr.) C.B. Robinson,0607,Swietenia macrophylla King,0.7547611642075511,0.33088565378713025,0.07084689292776884,0.4238755104204209
0256,Entandrophragma angolense (Welw.) Panshin,0478,Peltogyne Vogel,0.7432171846304089,0.319302552831661,0.1811470023936011,0.4239146317987479
0238,Dipterocarpus kerrii King,0553,Quercus petraea (Matt.) Liebl.,0.6822611461285418,0.03389503762998255,0.2581276659186852,0.42413348020985664
0207,Dalbergia nigra (Vell.) Allemão ex Benth.,0554,Quercus robur L.,0.843581179726031,0.4194156315959103,0.11024859949584655,0.4241655481301207
0214,Daniellia thurifera Benn.,0366,Juglans regia L.,0.8292554059471257,0.4049723941201597,0.0161593253050704,0.424283011826966
0009,Leptolobium Vogel,0256,Entandrophragma angolense (Welw.) Panshin,0.7436862237156994,0.16101899818656135,0.319302552831661,0.4243836708840384
0396,Lophira alata Banks ex C.F.Gaertn.,0426,Microberlinia brazzavillensis A. Chev.,0.6640344772930302,0.027865923684178843,0.23957417592531832,0.4244603013677119
0181,Cotylelobium Pierre,0425,Mezilaurus ita-uba (Meisn.) Taub. ex Mez,0.687472414820844,0.2627628502619556,0.2601673546959139,0.42470956455888836
0195,Ctenolophon parvifolius Oliv.,0418,Mansonia altissima (A. Chev.) A. Chev.,0.6559990239503878,0.23093942479410615,0.012409313496156668,0.42505959915628166
0294,Fraxinus excelsior L.,0430,Milicia excelsa (Welw.) C.C. Berg,0.6479444032358437,0.17627665442045826,0.2228508772324565,0.4250935260033872
0313,Grevillea robusta A.Cunn. ex R.Br.,0625,Terminalia superba Engl.& Diels,0.787847875884877,0.2838740990600396,0.36271194838005,0.42513592750482704
0070,Bagassa guianensis Aubl.,0679,Aningeria Aubrév. & Pellegr.,0.8785552712548108,0.4528924582382436,0.2305382109200897,0.4256628130165672
0297,Fraxinus mandshurica Rupr.,0552,Quercus alba L.,0.7237398904431487,0.29800823641994206,0.11942757291818792,0.4257316540232066
0313,Grevillea robusta A.Cunn. ex R.Br.,0679,Aningeria Aubrév. & Pellegr.,0.709841111898458,0.2838740990600396,0.2305382109200897,0.4259670128384184
0195,Ctenolophon parvifolius Oliv.,0366,Juglans regia L.,0.6569371293559042,0.23093942479410615,0.0161593253050704,0.4259977045617981
0066,Aucoumea klaineana Pierre,0371,Khaya grandifoliola C.DC.,0.5951846564541128,0.1689848833310126,0.048818241280783575,0.4261997731231002
0207,Dalbergia nigra (Vell.) Allemão ex Benth.,0552,Quercus alba L.,0.8456694915862288,0.4194156315959103,0.11942757291818792,0.42625385999031856
0070,Bagassa guianensis Aubl.,0073,Balfourodendron riedelianum (Engl.) Engl.,0.8792494819232082,0.4528924582382436,0.38391787966371865,0.4263570236849646
0095,Brosimum alicastrum Swartz,0269,Erythrophleum ivorense A. Chev,0.8678014862483144,0.4413660741827014,0.2903085074707726,0.42643541206561303
0214,Daniellia thurifera Benn.,0301,Gilbertiodendron dewevrei (De Wild.) J.Léonard,0.8314778235327989,0.4049723941201597,0.15292725453998418,0.4265054294126392
0003,Acacia mangium Willd.,0293,Fraxinus americana L.,0.6607982566000636,0.23412845438956545,0.2006874935372814,0.4266698022104982
0129,Castanea crenata Siebold & Zucc.,0297,Fraxinus mandshurica Rupr.,0.7246881127639999,0.01642495583191611,0.29800823641994206,0.42667987634405785
0214,Daniellia thurifera Benn.,0418,Mansonia altissima (A. Chev.) A. Chev.,0.8317469581626841,0.4049723941201597,0.012409313496156668,0.4267745640425244
0080,Betula papyrifera Marshall,0130,Castanea sativa Mill.,0.8194824523617485,0.3923039267660832,0.15586720528769307,0.4271785255956653
0195,Ctenolophon parvifolius Oliv.,0552,Quercus alba L.,0.6581825737713654,0.23093942479410615,0.11942757291818792,0.42724314897725924
0072,Baillonella toxisperma Pierre,0244,Dryobalanops C.F.Gaertn.,0.761449691078468,0.33402537324669906,0.03512342815501089,0.427424317831769
0041,Aniba rosodora Ducke,0214,Daniellia thurifera Benn.,0.8326460218593906,0.0656528117264906,0.4049723941201597,0.42767362773923095
0006,Acer platanoides L.,0214,Daniellia thurifera Benn.,0.8328572759568313,0.18973256215443007,0.4049723941201597,0.42788488183667167
0071,Baikiaea plurijuga Harms,0269,Erythrophleum ivorense A. Chev,1.0062250934123322,0.5781517144448926,0.2903085074707726,0.4280733789674397
0096,Brosimum guianense (Aubl.) Huber ex Ducke,0530,Pterocarpus soyauxii Taub.,0.896355970215195,0.468233813156223,0.19955695100455761,0.428122157058972
0207,Dalbergia nigra (Vell.) Allemão ex Benth.,0530,Pterocarpus soyauxii Taub.,0.8475466507729601,0.4194156315959103,0.19955695100455761,0.4281310191770498
0070,Bagassa guianensis Aubl.,0425,Mezilaurus ita-uba (Meisn.) Taub. ex Mez,0.8810500772770173,0.4528924582382436,0.2601673546959139,0.42815761903877375
0243,Dracontomelon dao (Blanco) Merr. & Rolfe,0542,Pycnanthus angolensis (Welw.) Warb.,0.7965266070951149,0.36823324125981255,0.07234546467128498,0.42829336583530236
0085,Bobgunnia fistuloides (Harms) J.H. Kirkbr. & Wiersema,0238,Dipterocarpus kerrii King,0.8409109604803109,0.4125872589275239,0.03389503762998255,0.428323701552787
0034,Anacardium L.,0313,Grevillea robusta A.Cunn. ex R.Br.,0.7973940435436748,0.36896207906881207,0.2838740990600396,0.42843196447486276
0045,Anopyxis klaineana (Pierre) Engl.,0093,Brachystegia laurentii (De Wild.) Louis ex J.Léonard,0.8552865372491298,0.42664489754293794,0.3343633761708376,0.4286416397061919
0085,Bobgunnia fistuloides (Harms) J.H. Kirkbr. & Wiersema,0158,"Chlorocardium rodiei (R.H.Schomb.) Rohwer, H.G.Richt. & van der Werff",0.8412431959117919,0.4125872589275239,0.10003326503781798,0.42865593698426796
0301,Gilbertiodendron dewevrei (De Wild.) J.Léonard,0625,Terminalia superba Engl.& Diels,0.7918176430545902,0.15292725453998418,0.36271194838005,0.42910569467454024
0085,Bobgunnia fistuloides (Harms) J.H. Kirkbr. & Wiersema,0301,Gilbertiodendron dewevrei (De Wild.) J.Léonard,0.8418026013454682,0.4125872589275239,0.15292725453998418,0.42921534241794435
0331,Heritiera utilis (Sprague) Sprague,0678,Albizia ferruginea (Guill. & Perr.) Benth.,0.7872375789364021,0.21354296220717087,0.35777892083270585,0.42945865810369627
0114,Cantleya corniculata (Becc.) R.A.Howard,0541,Pterygota macrocarpa K. Schum.,1.0101014505376251,0.5805310376179519,0.016821229975053267,0.42957041291967324
0045,Anopyxis klaineana (Pierre) Engl.,0302,Gilbertiodendron preussii (Harms) J.Léonard,0.8564600610215569,0.42664489754293794,0.1175198759908919,0.429815163478619
0158,"Chlorocardium rodiei (R.H.Schomb.) Rohwer, H.G.Richt. & van der Werff",0302,Gilbertiodendron preussii (Harms) J.Léonard,0.5473624094203703,0.10003326503781798,0.1175198759908919,0.42984253342947837
0195,Ctenolophon parvifolius Oliv.,0371,Khaya grandifoliola C.DC.,0.6611162801433086,0.23093942479410615,0.048818241280783575,0.43017685534920247
0214,Daniellia thurifera Benn.,0396,Lophira alata Banks ex C.F.Gaertn.,0.8351492581611053,0.4049723941201597,0.027865923684178843,0.43017686404094563
0085,Bobgunnia fistuloides (Harms) J.H. Kirkbr. & Wiersema,0093,Brachystegia laurentii (De Wild.) Louis ex J.Léonard,0.8428051292748461,0.4125872589275239,0.3343633761708376,0.4302178703473222
0030,Amburana cearensis (Allemão) A.C.Sm.,0085,Bobgunnia fistuloides (Harms) J.H. Kirkbr. & Wiersema,0.842880609673089,0.26876027711533945,0.4125872589275239,0.4302933507455651
0550,Quercus mongolica Fisch. ex Ledeb.,0679,Aningeria Aubrév. & Pellegr.,0.6608379088029558,0.0339628776830313,0.2305382109200897,0.4302996978828661
0006,Acer platanoides L.,0325,Guibourtia tessmannii (Harms) J.Léonard,0.6289775300431024,0.18973256215443007,0.19769310265299028,0.43128442739011214
0294,Fraxinus excelsior L.,0648,Triplochiton scleroxylon K. Schum.,0.6076146651987084,0.17627665442045826,0.16453642510521302,0.4313380107782502
0070,Bagassa guianensis Aubl.,0130,Castanea sativa Mill.,0.88490651502756,0.4528924582382436,0.15586720528769307,0.4320140567893164
0323,Guibourtia demeusei (Harms) J.Léonard,0542,Pycnanthus angolensis (Welw.) Warb.,0.7874869091183762,0.35528177474147954,0.07234546467128498,0.4322051343768966
0045,Anopyxis klaineana (Pierre) Engl.,0353,Intsia Thouars,0.9187386852284881,0.42664489754293794,0.48641128958703317,0.43232739564145495
0093,Brachystegia laurentii (De Wild.) Louis ex J.Léonard,0430,Milicia excelsa (Welw.) C.C. Berg,0.7667583257922757,0.3343633761708376,0.2228508772324565,0.43239494962143804
0009,Leptolobium Vogel,0613,Tabebuia rosea (Bert.) DC.,0.7076800826719685,0.16101899818656135,0.27496924594578387,0.4327108367261846
0070,Bagassa guianensis Aubl.,0129,Castanea crenata Siebold & Zucc.,0.8857867941260402,0.4528924582382436,0.01642495583191611,0.43289433588779663
0115,Carapa guianensis Aubl.,0480,Peltogyne mexicana Martínez,0.8860784047482307,0.45301009815803,0.1079574407089981,0.43306830659020074
0157,Ceriops tagal (Perr.) C.B. Robinson,0542,Pycnanthus angolensis (Welw.) Warb.,0.7640295179662993,0.33088565378713025,0.07234546467128498,0.433143864179169
0030,Amburana cearensis (Allemão) A.C.Sm.,0293,Fraxinus americana L.,0.7020983792250968,0.26876027711533945,0.2006874935372814,0.4333381021097573
0238,Dipterocarpus kerrii King,0625,Terminalia superba Engl.& Diels,0.7964063510498778,0.03389503762998255,0.36271194838005,0.4336944026698278
0066,Aucoumea klaineana Pierre,0293,Fraxinus americana L.,0.6347155737590212,0.1689848833310126,0.2006874935372814,0.4340280802217398
0045,Anopyxis klaineana (Pierre) Engl.,0270,Erythrophleum suaveolens (Guill. & Perr.) Brenan,0.8609120005185125,0.42664489754293794,0.4099958913427453,0.4342671029755745
0181,Cotylelobium Pierre,0554,Quercus robur L.,0.6971555678598091,0.2627628502619556,0.11024859949584655,0.43439271759785353
0072,Baillonella toxisperma Pierre,0115,Carapa guianensis Aubl.,0.8874306811633723,0.33402537324669906,0.45301009815803,0.4344205830053423
0072,Baillonella toxisperma Pierre,0296,Fraxinus ornus L.,0.768488209607878,0.33402537324669906,0.2704807546799976,0.43446283636117894
0085,Bobgunnia fistuloides (Harms) J.H. Kirkbr. & Wiersema,0214,Daniellia thurifera Benn.,0.8474886004067064,0.4125872589275239,0.4049723941201597,0.43490134147918247
0045,Anopyxis klaineana (Pierre) Engl.,0257,Entandrophragma candollei Harms,0.8618527567435155,0.42664489754293794,0.18916044854556002,0.43520785920057753
0007,Acer pseudoplatanus L.,0214,Daniellia thurifera Benn.,0.8402155060686263,0.27538384172241354,0.4049723941201597,0.4352431119484666
0256,Entandrophragma angolense (Welw.) Panshin,0294,Fraxinus excelsior L.,0.7545636985547017,0.319302552831661,0.17627665442045826,0.43526114572304075
0301,Gilbertiodendron dewevrei (De Wild.) J.Léonard,0613,Tabebuia rosea (Bert.) DC.,0.7107152049087057,0.15292725453998418,0.27496924594578387,0.4357459589629218
0269,Erythrophleum ivorense A. Chev,0326,Guibourtia ehie (A. Chev.) J. Léonard,0.73418185337548,0.2903085074707726,0.2984188053844587,0.43576304799102134
0073,Balfourodendron riedelianum (Engl.) Engl.,0367,Juglans nigra L.,0.8197582530537513,0.38391787966371865,0.02005651109636719,0.4358403733900326
0070,Bagassa guianensis Aubl.,0606,Swietenia humilis Zucc.,0.8887699300910519,0.4528924582382436,0.03956854200666897,0.4358774718528083
0239,Dipteryx odorata (Aubl.) Forsyth f.,0550,Quercus mongolica Fisch. ex Ledeb.,0.8524765971242844,0.4164011395062616,0.0339628776830313,0.43607545761802274
0072,Baillonella toxisperma Pierre,0130,Castanea sativa Mill.,0.7701032105283556,0.33402537324669906,0.15586720528769307,0.43607783728165656
0244,Dryobalanops C.F.Gaertn.,0296,Fraxinus ornus L.,0.7067683978569536,0.03512342815501089,0.2704807546799976,0.43628764317695595
0129,Castanea crenata Siebold & Zucc.,0195,Ctenolophon parvifolius Oliv.,0.6675868642140315,0.01642495583191611,0.23093942479410615,0.43664743941992534
0258,Entandrophragma cylindricum (Sprague) Sprague,0269,Erythrophleum ivorense A. Chev,0.7269999228601227,0.25242647174716004,0.2903085074707726,0.43669141538935013
0195,Ctenolophon parvifolius Oliv.,0553,Quercus petraea (Matt.) Liebl.,0.6949264052148489,0.23093942479410615,0.2581276659186852,0.43679873929616375
0181,Cotylelobium Pierre,0552,Quercus alba L.,0.699741972632729,0.2627628502619556,0.11942757291818792,0.43697912237077335
0070,Bagassa guianensis Aubl.,0313,Grevillea robusta A.Cunn. ex R.Br.,0.8900632109361425,0.4528924582382436,0.2838740990600396,0.4371707526978989
0045,Anopyxis klaineana (Pierre) Engl.,0269,Erythrophleum ivorense A. Chev,0.8642035734926072,0.42664489754293794,0.2903085074707726,0.4375586759496693
0070,Bagassa guianensis Aubl.,0542,Pycnanthus angolensis (Welw.) Warb.,0.890558292896539,0.4528924582382436,0.07234546467128498,0.4376658346582954
0214,Daniellia thurifera Benn.,0354,Intsia bijuga (Colebr.) Kuntze,0.8427678068679101,0.4049723941201597,0.29407015717558727,0.4377954127477504
0080,Betula papyrifera Marshall,0294,Fraxinus excelsior L.,0.8301754380625883,0.3923039267660832,0.17627665442045826,0.4378715112965051
0214,Daniellia thurifera Benn.,0326,Guibourtia ehie (A. Chev.) J. Léonard,0.8428480738648367,0.4049723941201597,0.2984188053844587,0.43787567974467706
0313,Grevillea robusta A.Cunn. ex R.Br.,0553,Quercus petraea (Matt.) Liebl.,0.7218081445572796,0.2838740990600396,0.2581276659186852,0.43793404549724
0257,Entandrophragma candollei Harms,0678,Albizia ferruginea (Guill. & Perr.) Benth.,0.7960465906803502,0.18916044854556002,0.35777892083270585,0.43826766984764437
0259,Entandrophragma utile (Dawe & Sprague) Sprague,0325,Guibourtia tessmannii (Harms) J.Léonard,0.6458216439509123,0.2069978345154368,0.19769310265299028,0.43882380943547555
0009,Leptolobium Vogel,0041,Aniba rosodora Ducke,0.5998443182120312,0.16101899818656135,0.0656528117264906,0.43882532002546987
0256,Entandrophragma angolense (Welw.) Panshin,0479,Peltogyne catingae Ducke,0.7583307280653746,0.319302552831661,0.05022355401665795,0.4390281752337136
0243,Dracontomelon dao (Blanco) Merr. & Rolfe,0553,Quercus petraea (Matt.) Liebl.,0.8072902216867534,0.36823324125981255,0.2581276659186852,0.4390569804269408
0080,Betula papyrifera Marshall,0396,Lophira alata Banks ex C.F.Gaertn.,0.8315057944566713,0.3923039267660832,0.027865923684178843,0.43920186769058805
0095,Brosimum alicastrum Swartz,0606,Swietenia humilis Zucc.,0.8806319240382969,0.4413660741827014,0.03956854200666897,0.4392658498555955
0095,Brosimum alicastrum Swartz,0270,Erythrophleum suaveolens (Guill. & Perr.) Brenan,0.8807630618064417,0.4413660741827014,0.4099958913427453,0.4393969876237403
0259,Entandrophragma utile (Dawe & Sprague) Sprague,0353,Intsia Thouars,0.9258286722635691,0.2069978345154368,0.48641128958703317,0.43941738267653596
0607,Swietenia macrophylla King,0678,Albizia ferruginea (Guill. & Perr.) Benth.,0.797748965853512,0.07084689292776884,0.35777892083270585,0.4399700450208061
0003,Acacia mangium Willd.,0606,Swietenia humilis Zucc.,0.6741659036337636,0.23412845438956545,0.03956854200666897,0.4400374492441982
0353,Intsia Thouars,0371,Khaya grandifoliola C.DC.,0.9266520144702515,0.48641128958703317,0.048818241280783575,0.4402407248832183
0258,Entandrophragma cylindricum (Sprague) Sprague,0302,Gilbertiodendron preussii (Harms) J.Léonard,0.6928945602505416,0.25242647174716004,0.1175198759908919,0.4404680885033816
0257,Entandrophragma candollei Harms,0270,Erythrophleum suaveolens (Guill. & Perr.) Brenan,0.8505936370407905,0.18916044854556002,0.4099958913427453,0.4405977456980452
0129,Castanea crenata Siebold & Zucc.,0181,Cotylelobium Pierre,0.7034734768058996,0.01642495583191611,0.2627628502619556,0.44071062654394394
0073,Balfourodendron riedelianum (Engl.) Engl.,0648,Triplochiton scleroxylon K. Schum.,0.824785071858059,0.38391787966371865,0.16453642510521302,0.4408671921943404
0236,Dipterocarpus C.F.Gaertn.,0552,Quercus alba L.,0.6901905936413173,0.24925766087492005,0.11942757291818792,0.4409329327663972
0095,Brosimum alicastrum Swartz,0353,Intsia Thouars,0.9280257396429333,0.4413660741827014,0.48641128958703317,0.44161445005590017
0324,Guibourtia pellegriniana J.Léonard,0331,Heritiera utilis (Sprague) Sprague,0.6552300161106495,0.20301559578579392,0.21354296220717087,0.4416870539034786
0085,Bobgunnia fistuloides (Harms) J.H. Kirkbr. & Wiersema,0679,Aningeria Aubrév. & Pellegr.,0.8546500371706718,0.4125872589275239,0.2305382109200897,0.4420627782431479
0353,Intsia Thouars,0679,Aningeria Aubrév. & Pellegr.,0.9284922999053387,0.48641128958703317,0.2305382109200897,0.4420810103183055
0080,Betula papyrifera Marshall,0245,Dryobalanops aromatica C.F.Gaertn.,0.8344500933207455,0.3923039267660832,0.08261225579476351,0.44214616655466227
0071,Baikiaea plurijuga Harms,0324,Guibourtia pellegriniana J.Léonard,1.0203530752875232,0.5781517144448926,0.20301559578579392,0.4422013608426306
0085,Bobgunnia fistuloides (Harms) J.H. Kirkbr. & Wiersema,0257,Entandrophragma candollei Harms,0.8547908345972067,0.4125872589275239,0.18916044854556002,0.4422035756696828
0195,Ctenolophon parvifolius Oliv.,0678,Albizia ferruginea (Guill. & Perr.) Benth.,0.8000149385798853,0.23093942479410615,0.35777892083270585,0.4422360177471794
0007,Acer pseudoplatanus L.,0550,Quercus mongolica Fisch. ex Ledeb.,0.7179573793552336,0.27538384172241354,0.0339628776830313,0.4425735376328201
0007,Acer pseudoplatanus L.,0244,Dryobalanops C.F.Gaertn.,0.7179584144688572,0.27538384172241354,0.03512342815501089,0.4425745727464437
0115,Carapa guianensis Aubl.,0613,Tabebuia rosea (Bert.) DC.,0.8957643715399322,0.45301009815803,0.27496924594578387,0.44275427338190215
0256,Entandrophragma angolense (Welw.) Panshin,0613,Tabebuia rosea (Bert.) DC.,0.7622961132374322,0.319302552831661,0.27496924594578387,0.4429935604057712
0093,Brachystegia laurentii (De Wild.) Louis ex J.Léonard,0294,Fraxinus excelsior L.,0.7773753171310356,0.3343633761708376,0.17627665442045826,0.44301194096019797
0425,Mezilaurus ita-uba (Meisn.) Taub. ex Mez,0554,Quercus robur L.,0.7032831410155422,0.2601673546959139,0.11024859949584655,0.44311578631962834
0245,Dryobalanops aromatica C.F.Gaertn.,0613,Tabebuia rosea (Bert.) DC.,0.7181281664412837,0.08261225579476351,0.27496924594578387,0.4431589204954999
0257,Entandrophragma candollei Harms,0372,Khaya ivorensis A.Chev.,0.6946536279041802,0.18916044854556002,0.2514693324780144,0.4431842954261658
0041,Aniba rosodora Ducke,0081,Betula pendula Roth,0.508889987079122,0.0656528117264906,0.0025807385340572584,0.4432371753526314
0207,Dalbergia nigra (Vell.) Allemão ex Benth.,0318,Leplaea cedrata (A.Chev.) E.J.M.Koenen & J.J.de Wilde,0.8630296758077632,0.4194156315959103,0.015638624237181115,0.44361404421185296
0073,Balfourodendron riedelianum (Engl.) Engl.,0302,Gilbertiodendron preussii (Harms) J.Léonard,0.8275991446743532,0.38391787966371865,0.1175198759908919,0.4436812650106346
0009,Leptolobium Vogel,0214,Daniellia thurifera Benn.,0.8489399782315825,0.16101899818656135,0.4049723941201597,0.44396758411142284
0147,Ceiba pentandra (L.) Gaertn.,0553,Quercus petraea (Matt.) Liebl.,0.7021422523740585,0.09920852062625649,0.2581276659186852,0.4440145864553733
0093,Brachystegia laurentii (De Wild.) Louis ex J.Léonard,0095,Brosimum alicastrum Swartz,0.8854094214615373,0.3343633761708376,0.4413660741827014,0.44404334727883593
0236,Dipterocarpus C.F.Gaertn.,0425,Mezilaurus ita-uba (Meisn.) Taub. ex Mez,0.704266142110811,0.24925766087492005,0.2601673546959139,0.44409878741489706
0045,Anopyxis klaineana (Pierre) Engl.,0301,Gilbertiodendron dewevrei (De Wild.) J.Léonard,0.8707581367955558,0.42664489754293794,0.15292725453998418,0.44411323925261786
0147,Ceiba pentandra (L.) Gaertn.,0372,Khaya ivorensis A.Chev.,0.6955952213842572,0.09920852062625649,0.2514693324780144,0.4441258889062428
0478,Peltogyne Vogel,0613,Tabebuia rosea (Bert.) DC.,0.7191932326405672,0.1811470023936011,0.27496924594578387,0.44422398669478336
0295,Fraxinus nigra Marshall,0554,Quercus robur L.,0.5545374616817034,0.022324164890242817,0.11024859949584655,0.44428886218585684
0214,Daniellia thurifera Benn.,0325,Guibourtia tessmannii (Harms) J.Léonard,0.8495968199141941,0.4049723941201597,0.19769310265299028,0.44462442579403444
0158,"Chlorocardium rodiei (R.H.Schomb.) Rohwer, H.G.Richt. & van der Werff",0301,Gilbertiodendron dewevrei (De Wild.) J.Léonard,0.5977965057292411,0.10003326503781798,0.15292725453998418,0.44486925118925696
0239,Dipteryx odorata (Aubl.) Forsyth f.,0606,Swietenia humilis Zucc.,0.8613464022527406,0.4164011395062616,0.03956854200666897,0.444945262746479
0243,Dracontomelon dao (Blanco) Merr. & Rolfe,0366,Juglans regia L.,0.8132505255102007,0.36823324125981255,0.0161593253050704,0.44501728425038817
0258,Entandrophragma cylindricum (Sprague) Sprague,0297,Fraxinus mandshurica Rupr.,0.7430575698339632,0.25242647174716004,0.29800823641994206,0.44504933341402114
0258,Entandrophragma cylindricum (Sprague) Sprague,0301,Gilbertiodendron dewevrei (De Wild.) J.Léonard,0.6977040482230655,0.25242647174716004,0.15292725453998418,0.4452775764759055
0072,Baillonella toxisperma Pierre,0214,Daniellia thurifera Benn.,0.8507558318894471,0.33402537324669906,0.4049723941201597,0.44578343776928747
0080,Betula papyrifera Marshall,0096,Brosimum guianense (Aubl.) Huber ex Ducke,0.9141520127178339,0.3923039267660832,0.468233813156223,0.4459181995616109
0313,Grevillea robusta A.Cunn. ex R.Br.,0678,Albizia ferruginea (Guill. & Perr.) Benth.,0.8037511783933733,0.2838740990600396,0.35777892083270585,0.44597225756066744
0530,Pterocarpus soyauxii Taub.,0621,Tectona grandis L.,0.9876645677002476,0.19955695100455761,0.5414864270518914,0.44617814064835615
0207,Dalbergia nigra (Vell.) Allemão ex Benth.,0553,Quercus petraea (Matt.) Liebl.,0.8658093127558043,0.4194156315959103,0.2581276659186852,0.44639368115989403
0245,Dryobalanops aromatica C.F.Gaertn.,0479,Peltogyne catingae Ducke,0.5290783584209616,0.08261225579476351,0.05022355401665795,0.4464661026261981
0073,Balfourodendron riedelianum (Engl.) Engl.,0396,Lophira alata Banks ex C.F.Gaertn.,0.8304184957972129,0.38391787966371865,0.027865923684178843,0.4465006161334943
0095,Brosimum alicastrum Swartz,0371,Khaya grandifoliola C.DC.,0.8878942453417191,0.4413660741827014,0.048818241280783575,0.4465281711590177
0244,Dryobalanops C.F.Gaertn.,0324,Guibourtia pellegriniana J.Léonard,0.649570955985691,0.03512342815501089,0.20301559578579392,0.4465553601998971
0243,Dracontomelon dao (Blanco) Merr. & Rolfe,0418,Mansonia altissima (A. Chev.) A. Chev.,0.8149766169056543,0.36823324125981255,0.012409313496156668,0.4467433756458417
0243,Dracontomelon dao (Blanco) Merr. & Rolfe,0608,Swietenia mahagoni (L.) Jacq.,0.8150869257979728,0.36823324125981255,0.02812049764059408,0.44685368453816027
0035,Anacardium giganteum Hancock ex Engl.,0158,"Chlorocardium rodiei (R.H.Schomb.) Rohwer, H.G.Richt. & van der Werff",0.6525504297214006,0.20568448529299813,0.10003326503781798,0.44686594442840255
0297,Fraxinus mandshurica Rupr.,0542,Pycnanthus angolensis (Welw.) Warb.,0.7450713733901,0.29800823641994206,0.07234546467128498,0.4470631369701579
0259,Entandrophragma utile (Dawe & Sprague) Sprague,0426,Microberlinia brazzavillensis A. Chev.,0.6869881787712753,0.2069978345154368,0.23957417592531832,0.44741400284595695
0238,Dipterocarpus kerrii King,0678,Albizia ferruginea (Guill. & Perr.) Benth.,0.8052437973498081,0.03389503762998255,0.35777892083270585,0.44746487651710226
0070,Bagassa guianensis Aubl.,0259,Entandrophragma utile (Dawe & Sprague) Sprague,0.9004307753888221,0.4528924582382436,0.2069978345154368,0.4475383171505785
0259,Entandrophragma utile (Dawe & Sprague) Sprague,0354,Intsia bijuga (Colebr.) Kuntze,0.7416365092923971,0.2069978345154368,0.29407015717558727,0.44756635211680984
0324,Guibourtia pellegriniana J.Léonard,0372,Khaya ivorensis A.Chev.,0.6992524609022924,0.20301559578579392,0.2514693324780144,0.44778312842427803
0353,Intsia Thouars,0425,Mezilaurus ita-uba (Meisn.) Taub. ex Mez,0.934244985746672,0.48641128958703317,0.2601673546959139,0.44783369615963886
0096,Brosimum guianense (Aubl.) Huber ex Ducke,0318,Leplaea cedrata (A.Chev.) E.J.M.Koenen & J.J.de Wilde,0.9161969119473867,0.468233813156223,0.015638624237181115,0.44796309879116375
0129,Castanea crenata Siebold & Zucc.,0236,Dipterocarpus C.F.Gaertn.,0.6972442563476725,0.01642495583191611,0.24925766087492005,0.44798659547275244
0236,Dipterocarpus C.F.Gaertn.,0542,Pycnanthus angolensis (Welw.) Warb.,0.6973188244955251,0.24925766087492005,0.07234546467128498,0.448061163620605
0003,Acacia mangium Willd.,0480,Peltogyne mexicana Martínez,0.6824228036924697,0.23412845438956545,0.1079574407089981,0.44829434930290424
0269,Erythrophleum ivorense A. Chev,0293,Fraxinus americana L.,0.7387374841299543,0.2903085074707726,0.2006874935372814,0.44842897665918174
0045,Anopyxis klaineana (Pierre) Engl.,0354,Intsia bijuga (Colebr.) Kuntze,0.875143614296569,0.42664489754293794,0.29407015717558727,0.448498716753631
0425,Mezilaurus ita-uba (Meisn.) Taub. ex Mez,0542,Pycnanthus angolensis (Welw.) Warb.,0.7092186159009357,0.2601673546959139,0.07234546467128498,0.4490512612050218
0070,Bagassa guianensis Aubl.,0552,Quercus alba L.,0.9020225716487735,0.4528924582382436,0.11942757291818792,0.44913011341052994
0096,Brosimum guianense (Aubl.) Huber ex Ducke,0331,Heritiera utilis (Sprague) Sprague,0.9175306668311297,0.468233813156223,0.21354296220717087,0.44929685367490674
0313,Grevillea robusta A.Cunn. ex R.Br.,0318,Leplaea cedrata (A.Chev.) E.J.M.Koenen & J.J.de Wilde,0.7331855604964356,0.2838740990600396,0.015638624237181115,0.449311461436396
0372,Khaya ivorensis A.Chev.,0425,Mezilaurus ita-uba (Meisn.) Taub. ex Mez,0.7098871347462611,0.2514693324780144,0.2601673546959139,0.4497197800503472
0080,Betula papyrifera Marshall,0243,Dracontomelon dao (Blanco) Merr. & Rolfe,0.8421359985666754,0.3923039267660832,0.36823324125981255,0.4498320718005922
0530,Pterocarpus soyauxii Taub.,0625,Terminalia superba Engl.& Diels,0.8125848270059378,0.19955695100455761,0.36271194838005,0.4498728786258878
0006,Acer platanoides L.,0239,Dipteryx odorata (Aubl.) Forsyth f.,0.8662879433243447,0.18973256215443007,0.4164011395062616,0.44988680381808305
0354,Intsia bijuga (Colebr.) Kuntze,0431,Millettia laurentii De Wild.,0.7440449687415147,0.29407015717558727,0.14784264520810295,0.44997481156592745
0003,Acacia mangium Willd.,0035,Anacardium giganteum Hancock ex Engl.,0.6841549292189943,0.23412845438956545,0.20568448529299813,0.4500264748294289
0045,Anopyxis klaineana (Pierre) Engl.,0479,Peltogyne catingae Ducke,0.8770247321181768,0.42664489754293794,0.05022355401665795,0.45037983457523884
0207,Dalbergia nigra (Vell.) Allemão ex Benth.,0325,Guibourtia tessmannii (Harms) J.Léonard,0.8700772649133336,0.4194156315959103,0.19769310265299028,0.4506616333174233
0425,Mezilaurus ita-uba (Meisn.) Taub. ex Mez,0552,Quercus alba L.,0.7114134042613646,0.2601673546959139,0.11942757291818792,0.45124604956545067
0313,Grevillea robusta A.Cunn. ex R.Br.,0541,Pterygota macrocarpa K. Schum.,0.7351674157201754,0.2838740990600396,0.016821229975053267,0.45129331666013583
0608,Swietenia mahagoni (L.) Jacq.,0678,Albizia ferruginea (Guill. & Perr.) Benth.,0.8091788362219682,0.02812049764059408,0.35777892083270585,0.45139991538926233
0269,Erythrophleum ivorense A. Chev,0296,Fraxinus ornus L.,0.7417792603126652,0.2903085074707726,0.2704807546799976,0.4514707528418926
0243,Dracontomelon dao (Blanco) Merr. & Rolfe,0607,Swietenia macrophylla King,0.819791952310475,0.36823324125981255,0.07084689292776884,0.4515587110506624
0045,Anopyxis klaineana (Pierre) Engl.,0550,Quercus mongolica Fisch. ex Ledeb.,0.8782146802780152,0.42664489754293794,0.0339628776830313,0.45156978273507725
0296,Fraxinus ornus L.,0552,Quercus alba L.,0.7223402784112842,0.2704807546799976,0.11942757291818792,0.4518595237312866
0326,Guibourtia ehie (A. Chev.) J. Léonard,0613,Tabebuia rosea (Bert.) DC.,0.7503192260642281,0.2984188053844587,0.27496924594578387,0.4519004206797694
0045,Anopyxis klaineana (Pierre) Engl.,0426,Microberlinia brazzavillensis A. Chev.,0.878817013732037,0.42664489754293794,0.23957417592531832,0.4521721161890991
0006,Acer platanoides L.,0095,Brosimum alicastrum Swartz,0.8935460990849617,0.18973256215443007,0.4413660741827014,0.45218002490226034
0318,Leplaea cedrata (A.Chev.) E.J.M.Koenen & J.J.de Wilde,0425,Mezilaurus ita-uba (Meisn.) Taub. ex Mez,0.7124105389002147,0.015638624237181115,0.2601673546959139,0.45224318420430076
0245,Dryobalanops aromatica C.F.Gaertn.,0678,Albizia ferruginea (Guill. & Perr.) Benth.,0.8101287446369327,0.08261225579476351,0.35777892083270585,0.4523498238042269
0045,Anopyxis klaineana (Pierre) Engl.,0608,Swietenia mahagoni (L.) Jacq.,0.8791532695143139,0.42664489754293794,0.02812049764059408,0.452508371971376
0207,Dalbergia nigra (Vell.) Allemão ex Benth.,0295,Fraxinus nigra Marshall,0.8722605039869813,0.4194156315959103,0.022324164890242817,0.452844872391071
0243,Dracontomelon dao (Blanco) Merr. & Rolfe,0353,Intsia Thouars,0.9395138273382995,0.36823324125981255,0.48641128958703317,0.4531025377512663
0072,Baillonella toxisperma Pierre,0207,Dalbergia nigra (Vell.) Allemão ex Benth.,0.8725321537832821,0.33402537324669906,0.4194156315959103,0.4531165221873718
0096,Brosimum guianense (Aubl.) Huber ex Ducke,0608,Swietenia mahagoni (L.) Jacq.,0.9214796682647393,0.468233813156223,0.02812049764059408,0.4532458551085163
0085,Bobgunnia fistuloides (Harms) J.H. Kirkbr. & Wiersema,0318,Leplaea cedrata (A.Chev.) E.J.M.Koenen & J.J.de Wilde,0.8658979636623025,0.4125872589275239,0.015638624237181115,0.45331070473477864
0073,Balfourodendron riedelianum (Engl.) Engl.,0550,Quercus mongolica Fisch. ex Ledeb.,0.8373957660893117,0.38391787966371865,0.0339628776830313,0.453477886425593
0045,Anopyxis klaineana (Pierre) Engl.,0607,Swietenia macrophylla King,0.8802479663759112,0.42664489754293794,0.07084689292776884,0.45360306883297324
0030,Amburana cearensis (Allemão) A.C.Sm.,0181,Cotylelobium Pierre,0.7224780516427316,0.26876027711533945,0.2627628502619556,0.45371777452739215
0297,Fraxinus mandshurica Rupr.,0418,Mansonia altissima (A. Chev.) A. Chev.,0.751926597527914,0.29800823641994206,0.012409313496156668,0.45391836110797196
0085,Bobgunnia fistuloides (Harms) J.H. Kirkbr. & Wiersema,0326,Guibourtia ehie (A. Chev.) J. Léonard,0.8665085323991931,0.4125872589275239,0.2984188053844587,0.4539212734716692
0096,Brosimum guianense (Aubl.) Huber ex Ducke,0396,Lophira alata Banks ex C.F.Gaertn.,0.9222012275860281,0.468233813156223,0.027865923684178843,0.4539674144298051
0071,Baikiaea plurijuga Harms,0613,Tabebuia rosea (Bert.) DC.,1.0321679437509188,0.5781517144448926,0.27496924594578387,0.45401622930602625
0003,Acacia mangium Willd.,0301,Gilbertiodendron dewevrei (De Wild.) J.Léonard,0.6883320514397095,0.23412845438956545,0.15292725453998418,0.4542035970501441
0006,Acer platanoides L.,0608,Swietenia mahagoni (L.) Jacq.,0.6439713230328447,0.18973256215443007,0.02812049764059408,0.4542387608784146
0070,Bagassa guianensis Aubl.,0375,Koompassia malaccensis Maing.,0.907161822485203,0.4528924582382436,0.03982575224826281,0.45426936424695946
0096,Brosimum guianense (Aubl.) Huber ex Ducke,0607,Swietenia macrophylla King,0.9225298614834063,0.468233813156223,0.07084689292776884,0.45429604832718334
0009,Leptolobium Vogel,0070,Bagassa guianensis Aubl.,0.9072244005399523,0.16101899818656135,0.4528924582382436,0.45433194230170876
0243,Dracontomelon dao (Blanco) Merr. & Rolfe,0257,Entandrophragma candollei Harms,0.8227914008142108,0.36823324125981255,0.18916044854556002,0.4545581595543982
0006,Acer platanoides L.,0607,Swietenia macrophylla King,0.6445024806317873,0.18973256215443007,0.07084689292776884,0.4547699184773572
0115,Carapa guianensis Aubl.,0270,Erythrophleum suaveolens (Guill. & Perr.) Brenan,0.9078657411921672,0.45301009815803,0.4099958913427453,0.4548556430341372
0073,Balfourodendron riedelianum (Engl.) Engl.,0480,Peltogyne mexicana Martínez,0.8387853089754255,0.38391787966371865,0.1079574407089981,0.4548674293117068
0129,Castanea crenata Siebold & Zucc.,0367,Juglans nigra L.,0.47503329008931205,0.01642495583191611,0.02005651109636719,0.45497677899294486
0244,Dryobalanops C.F.Gaertn.,0678,Albizia ferruginea (Guill. & Perr.) Benth.,0.8129092566871843,0.03512342815501089,0.35777892083270585,0.45513033585447843
0009,Leptolobium Vogel,0269,Erythrophleum ivorense A. Chev,0.7454462693151169,0.16101899818656135,0.2903085074707726,0.45513776184434435
0035,Anacardium giganteum Hancock ex Engl.,0080,Betula papyrifera Marshall,0.8477575015172423,0.20568448529299813,0.3923039267660832,0.45545357475115905
0294,Fraxinus excelsior L.,0367,Juglans nigra L.,0.6321285167731261,0.17627665442045826,0.02005651109636719,0.45585186235266784
0366,Juglans regia L.,0553,Quercus petraea (Matt.) Liebl.,0.7140496381225402,0.0161593253050704,0.2581276659186852,0.455921972203855
0256,Entandrophragma angolense (Welw.) Panshin,0354,Intsia bijuga (Colebr.) Kuntze,0.7753623490204302,0.319302552831661,0.29407015717558727,0.45605979618876924
0158,"Chlorocardium rodiei (R.H.Schomb.) Rohwer, H.G.Richt. & van der Werff",0293,Fraxinus americana L.,0.656756755444464,0.10003326503781798,0.2006874935372814,0.45606926190718255
0034,Anacardium L.,0195,Ctenolophon parvifolius Oliv.,0.8251752482623181,0.36896207906881207,0.23093942479410615,0.4562131691935061
0297,Fraxinus mandshurica Rupr.,0366,Juglans regia L.,0.7543059919391615,0.29800823641994206,0.0161593253050704,0.4562977555192194
0244,Dryobalanops C.F.Gaertn.,0613,Tabebuia rosea (Bert.) DC.,0.7315038574584771,0.03512342815501089,0.27496924594578387,0.45653461151269326
0095,Brosimum alicastrum Swartz,0479,Peltogyne catingae Ducke,0.8979983755166999,0.4413660741827014,0.05022355401665795,0.4566323013339985
0259,Entandrophragma utile (Dawe & Sprague) Sprague,0678,Albizia ferruginea (Guill. & Perr.) Benth.,0.8145231394369477,0.2069978345154368,0.35777892083270585,0.4567442186042418
0207,Dalbergia nigra (Vell.) Allemão ex Benth.,0396,Lophira alata Banks ex C.F.Gaertn.,0.8763957110579311,0.4194156315959103,0.027865923684178843,0.45698007946202085
0085,Bobgunnia fistuloides (Harms) J.H. Kirkbr. & Wiersema,0542,Pycnanthus angolensis (Welw.) Warb.,0.8697002412614905,0.4125872589275239,0.07234546467128498,0.4571129823339666
0073,Balfourodendron riedelianum (Engl.) Engl.,0244,Dryobalanops C.F.Gaertn.,0.8410332815546002,0.38391787966371865,0.03512342815501089,0.45711540189088157
0070,Bagassa guianensis Aubl.,0554,Quercus robur L.,0.9104596149465289,0.4528924582382436,0.11024859949584655,0.45756715670828535
0318,Leplaea cedrata (A.Chev.) E.J.M.Koenen & J.J.de Wilde,0371,Khaya grandifoliola C.DC.,0.506516005555402,0.015638624237181115,0.048818241280783575,0.4576977642746184
0091,Brachystegia Benth.,0606,Swietenia humilis Zucc.,0.827339799623173,0.36962746064415636,0.03956854200666897,0.4577123389790166
0295,Fraxinus nigra Marshall,0625,Terminalia superba Engl.& Diels,0.820461199655502,0.022324164890242817,0.36271194838005,0.457749251275452
0418,Mansonia altissima (A. Chev.) A. Chev.,0553,Quercus petraea (Matt.) Liebl.,0.7159684433790716,0.012409313496156668,0.2581276659186852,0.4578407774603864
0181,Cotylelobium Pierre,0613,Tabebuia rosea (Bert.) DC.,0.7331088610862121,0.2627628502619556,0.27496924594578387,0.4581396151404282
0045,Anopyxis klaineana (Pierre) Engl.,0325,Guibourtia tessmannii (Harms) J.Léonard,0.8848198524655284,0.42664489754293794,0.19769310265299028,0.45817495492259047
0157,Ceriops tagal (Perr.) C.B. Robinson,0318,Leplaea cedrata (A.Chev.) E.J.M.Koenen & J.J.de Wilde,0.7891601020357096,0.33088565378713025,0.015638624237181115,0.4582744482485794
0045,Anopyxis klaineana (Pierre) Engl.,0092,Brachystegia cynometroides Harms,0.884960756187113,0.42664489754293794,0.05008607091450365,0.45831585864417507
0095,Brosimum alicastrum Swartz,0302,Gilbertiodendron preussii (Harms) J.Léonard,0.8997165833628779,0.4413660741827014,0.1175198759908919,0.45835050918017645
0070,Bagassa guianensis Aubl.,0085,Bobgunnia fistuloides (Harms) J.H. Kirkbr. & Wiersema,0.911370756112347,0.4528924582382436,0.4125872589275239,0.4584782978741034
0297,Fraxinus mandshurica Rupr.,0553,Quercus petraea (Matt.) Liebl.,0.7565355830851983,0.29800823641994206,0.2581276659186852,0.45852734666525624
0096,Brosimum guianense (Aubl.) Huber ex Ducke,0295,Fraxinus nigra Marshall,0.9272624626149935,0.468233813156223,0.022324164890242817,0.4590286494587705
0095,Brosimum alicastrum Swartz,0426,Microberlinia brazzavillensis A. Chev.,0.9004162316274344,0.4413660741827014,0.23957417592531832,0.45905015744473304
0214,Daniellia thurifera Benn.,0480,Peltogyne mexicana Martínez,0.8640398861964625,0.4049723941201597,0.1079574407089981,0.4590674920763029
0034,Anacardium L.,0080,Betula papyrifera Marshall,0.8517935635030999,0.36896207906881207,0.3923039267660832,0.45948963673701665
0195,Ctenolophon parvifolius Oliv.,0259,Entandrophragma utile (Dawe & Sprague) Sprague,0.6905560753103774,0.23093942479410615,0.2069978345154368,0.4596166505162713
0003,Acacia mangium Willd.,0181,Cotylelobium Pierre,0.7224691128604235,0.23412845438956545,0.2627628502619556,0.45970626259846786
0070,Bagassa guianensis Aubl.,0426,Microberlinia brazzavillensis A. Chev.,0.9127147939266596,0.4528924582382436,0.23957417592531832,0.45982233568841596
0070,Bagassa guianensis Aubl.,0553,Quercus petraea (Matt.) Liebl.,0.9127207540482654,0.4528924582382436,0.2581276659186852,0.45982829581002177
0070,Bagassa guianensis Aubl.,0323,Guibourtia demeusei (Harms) J.Léonard,0.9128875481327486,0.4528924582382436,0.35528177474147954,0.45999508989450505
0096,Brosimum guianense (Aubl.) Huber ex Ducke,0238,Dipterocarpus kerrii King,0.9283421870919466,0.468233813156223,0.03389503762998255,0.4601083739357236
0181,Cotylelobium Pierre,0245,Dryobalanops aromatica C.F.Gaertn.,0.7228916700598138,0.2627628502619556,0.08261225579476351,0.4601288197978582
0257,Entandrophragma candollei Harms,0259,Entandrophragma utile (Dawe & Sprague) Sprague,0.6671371331467667,0.18916044854556002,0.2069978345154368,0.4601392986313299
0243,Dracontomelon dao (Blanco) Merr. & Rolfe,0270,Erythrophleum suaveolens (Guill. & Perr.) Brenan,0.8701672997972929,0.36823324125981255,0.4099958913427453,0.4601714084545476
0325,Guibourtia tessmannii (Harms) J.Léonard,0426,Microberlinia brazzavillensis A. Chev.,0.6997781730979402,0.19769310265299028,0.23957417592531832,0.4602039971726219
0045,Anopyxis klaineana (Pierre) Engl.,0541,Pterygota macrocarpa K. Schum.,0.8871314803872611,0.42664489754293794,0.016821229975053267,0.46048658284432314
0081,Betula pendula Roth,0096,Brosimum guianense (Aubl.) Huber ex Ducke,0.9293006843174028,0.0025807385340572584,0.468233813156223,0.4610668711611798
0258,Entandrophragma cylindricum (Sprague) Sprague,0478,Peltogyne Vogel,0.7137610795590772,0.25242647174716004,0.1811470023936011,0.46133460781191715
0214,Daniellia thurifera Benn.,0431,Millettia laurentii De Wild.,0.8667414894220035,0.4049723941201597,0.14784264520810295,0.4617690953018438
0034,Anacardium L.,0608,Swietenia mahagoni (L.) Jacq.,0.830803521001821,0.36896207906881207,0.02812049764059408,0.4618414419330089
0318,Leplaea cedrata (A.Chev.) E.J.M.Koenen & J.J.de Wilde,0372,Khaya ivorensis A.Chev.,0.7134128308624855,0.015638624237181115,0.2514693324780144,0.46194349838447113
0256,Entandrophragma angolense (Welw.) Panshin,0269,Erythrophleum ivorense A. Chev,0.7813514343525675,0.319302552831661,0.2903085074707726,0.4620488815209065
0296,Fraxinus ornus L.,0554,Quercus robur L.,0.7325513610611408,0.2704807546799976,0.11024859949584655,0.4620706063811432
0095,Brosimum alicastrum Swartz,0608,Swietenia mahagoni (L.) Jacq.,0.9034975915385475,0.4413660741827014,0.02812049764059408,0.46213151735584607
0323,Guibourtia demeusei (Harms) J.Léonard,0399,Lovoa trichilioides Harms,0.8175290725583704,0.35528177474147954,0.3025441823946234,0.46224729781689083
0297,Fraxinus mandshurica Rupr.,0678,Albizia ferruginea (Guill. & Perr.) Benth.,0.8202719838421342,0.29800823641994206,0.35777892083270585,0.46249306300942833
0239,Dipteryx odorata (Aubl.) Forsyth f.,0461,Ochroma pyramidale (Cav. ex Lam.) Urb.,0.8791048315364597,0.4164011395062616,0.09605455767171649,0.46270369203019807
0295,Fraxinus nigra Marshall,0552,Quercus alba L.,0.5821433266733845,0.022324164890242817,0.11942757291818792,0.4627157537551966
0256,Entandrophragma angolense (Welw.) Panshin,0480,Peltogyne mexicana Martínez,0.7821379503000824,0.319302552831661,0.1079574407089981,0.4628353974684214
0259,Entandrophragma utile (Dawe & Sprague) Sprague,0324,Guibourtia pellegriniana J.Léonard,0.6702975189774022,0.2069978345154368,0.20301559578579392,0.4632996844619654
0030,Amburana cearensis (Allemão) A.C.Sm.,0323,Guibourtia demeusei (Harms) J.Léonard,0.8186023184038584,0.26876027711533945,0.35528177474147954,0.4633205436623789
0479,Peltogyne catingae Ducke,0678,Albizia ferruginea (Guill. & Perr.) Benth.,0.8211189678124328,0.05022355401665795,0.35777892083270585,0.4633400469797269
0080,Betula papyrifera Marshall,0606,Swietenia humilis Zucc.,0.8557679474185644,0.3923039267660832,0.03956854200666897,0.4634640206524812
0293,Fraxinus americana L.,0678,Albizia ferruginea (Guill. & Perr.) Benth.,0.8212741015457568,0.2006874935372814,0.35777892083270585,0.4634951807130509
0080,Betula papyrifera Marshall,0550,Quercus mongolica Fisch. ex Ledeb.,0.8559190170632407,0.3923039267660832,0.0339628776830313,0.4636150902971575
0236,Dipterocarpus C.F.Gaertn.,0418,Mansonia altissima (A. Chev.) A. Chev.,0.7134624435621224,0.24925766087492005,0.012409313496156668,0.46420478268720233
0270,Erythrophleum suaveolens (Guill. & Perr.) Brenan,0372,Khaya ivorensis A.Chev.,0.8742076489980878,0.4099958913427453,0.2514693324780144,0.4642117576553425
0095,Brosimum alicastrum Swartz,0257,Entandrophragma candollei Harms,0.9059450555816235,0.4413660741827014,0.18916044854556002,0.4645789813989221
0092,Brachystegia cynometroides Harms,0095,Brosimum alicastrum Swartz,0.9059885521275393,0.05008607091450365,0.4413660741827014,0.46462247794483785
0066,Aucoumea klaineana Pierre,0130,Castanea sativa Mill.,0.6337355934048243,0.1689848833310126,0.15586720528769307,0.46475071007381175
0130,Castanea sativa Mill.,0554,Quercus robur L.,0.6206206522974597,0.15586720528769307,0.11024859949584655,0.4647534470097666
0092,Brachystegia cynometroides Harms,0375,Koompassia malaccensis Maing.,0.5150153096927799,0.05008607091450365,0.03982575224826281,0.4649292387782762
0130,Castanea sativa Mill.,0313,Grevillea robusta A.Cunn. ex R.Br.,0.7489522273931185,0.15586720528769307,0.2838740990600396,0.46507812833307893
0045,Anopyxis klaineana (Pierre) Engl.,0091,Brachystegia Benth.,0.8918763295013081,0.42664489754293794,0.36962746064415636,0.4652314319583702
0258,Entandrophragma cylindricum (Sprague) Sprague,0293,Fraxinus americana L.,0.7180120336838959,0.25242647174716004,0.2006874935372814,0.46558556193673584
0085,Bobgunnia fistuloides (Harms) J.H. Kirkbr. & Wiersema,0431,Millettia laurentii De Wild.,0.8782536202287763,0.4125872589275239,0.14784264520810295,0.4656663613012524
0003,Acacia mangium Willd.,0323,Guibourtia demeusei (Harms) J.Léonard,0.8213633230702437,0.23412845438956545,0.35528177474147954,0.4660815483287642
0236,Dipterocarpus C.F.Gaertn.,0366,Juglans regia L.,0.7153609983439253,0.24925766087492005,0.0161593253050704,0.46610333746900523
0269,Erythrophleum ivorense A. Chev,0297,Fraxinus mandshurica Rupr.,0.764151390682267,0.2903085074707726,0.29800823641994206,0.46614315426232494
0080,Betula papyrifera Marshall,0244,Dryobalanops C.F.Gaertn.,0.8585408330438487,0.3923039267660832,0.03512342815501089,0.46623690627776543
0003,Acacia mangium Willd.,0478,Peltogyne Vogel,0.7004088332744791,0.23412845438956545,0.1811470023936011,0.4662803788849137
0157,Ceriops tagal (Perr.) C.B. Robinson,0553,Quercus petraea (Matt.) Liebl.,0.7973368085044475,0.33088565378713025,0.2581276659186852,0.4664511547173173
0096,Brosimum guianense (Aubl.) Huber ex Ducke,0147,Ceiba pentandra (L.) Gaertn.,0.934733837884984,0.468233813156223,0.09920852062625649,0.466500024728761
0430,Milicia excelsa (Welw.) C.C. Berg,0530,Pterocarpus soyauxii Taub.,0.6893915359020433,0.2228508772324565,0.19955695100455761,0.46654065866958677
0236,Dipterocarpus C.F.Gaertn.,0270,Erythrophleum suaveolens (Guill. & Perr.) Brenan,0.8769804768885474,0.24925766087492005,0.4099958913427453,0.46698458554580213
0431,Millettia laurentii De Wild.,0625,Terminalia superba Engl.& Diels,0.8297481306486562,0.14784264520810295,0.36271194838005,0.46703618226860616
0085,Bobgunnia fistuloides (Harms) J.H. Kirkbr. & Wiersema,0606,Swietenia humilis Zucc.,0.8804877052253193,0.4125872589275239,0.03956854200666897,0.46790044629779537
0073,Balfourodendron riedelianum (Engl.) Engl.,0553,Quercus petraea (Matt.) Liebl.,0.8518910468181113,0.38391787966371865,0.2581276659186852,0.4679731671543927
0095,Brosimum alicastrum Swartz,0607,Swietenia macrophylla King,0.9095471992616819,0.4413660741827014,0.07084689292776884,0.4681811250789805
0244,Dryobalanops C.F.Gaertn.,0325,Guibourtia tessmannii (Harms) J.Léonard,0.666061273485807,0.03512342815501089,0.19769310265299028,0.46836817083281673
0331,Heritiera utilis (Sprague) Sprague,0606,Swietenia humilis Zucc.,0.6819672300770374,0.21354296220717087,0.03956854200666897,0.4684242678698666
0073,Balfourodendron riedelianum (Engl.) Engl.,0096,Brosimum guianense (Aubl.) Huber ex Ducke,0.936708028680515,0.38391787966371865,0.468233813156223,0.46847421552429197
0430,Milicia excelsa (Welw.) C.C. Berg,0678,Albizia ferruginea (Guill. & Perr.) Benth.,0.8265370465405288,0.2228508772324565,0.35777892083270585,0.468758125707823
0009,Leptolobium Vogel,0372,Khaya ivorensis A.Chev.,0.7204137572274957,0.16101899818656135,0.2514693324780144,0.4689444247494813
0045,Anopyxis klaineana (Pierre) Engl.,0258,Entandrophragma cylindricum (Sprague) Sprague,0.8956123046623454,0.42664489754293794,0.25242647174716004,0.4689674071194075
0072,Baillonella toxisperma Pierre,0371,Khaya grandifoliola C.DC.,0.8032963418716197,0.33402537324669906,0.048818241280783575,0.4692709686249206
0256,Entandrophragma angolense (Welw.) Panshin,0542,Pycnanthus angolensis (Welw.) Warb.,0.7887621291918894,0.319302552831661,0.07234546467128498,0.4694595763602284
0073,Balfourodendron riedelianum (Engl.) Engl.,0207,Dalbergia nigra (Vell.) Allemão ex Benth.,0.8889946529777999,0.38391787966371865,0.4194156315959103,0.4695790213818896
0095,Brosimum alicastrum Swartz,0354,Intsia bijuga (Colebr.) Kuntze,0.9109684711725894,0.4413660741827014,0.29407015717558727,0.469602396989888
0041,Aniba rosodora Ducke,0553,Quercus petraea (Matt.) Liebl.,0.7277448826673183,0.0656528117264906,0.2581276659186852,0.4696172167486331
0095,Brosimum alicastrum Swartz,0431,Millettia laurentii De Wild.,0.9110986599837815,0.4413660741827014,0.14784264520810295,0.46973258580108007
0033,Anacardium excelsum (Bertero & Balb. ex Kunth) Skeels,0372,Khaya ivorensis A.Chev.,0.7212711728591381,0.07482690115830566,0.2514693324780144,0.4698018403811237
0115,Carapa guianensis Aubl.,0325,Guibourtia tessmannii (Harms) J.Léonard,0.9229975082300197,0.45301009815803,0.19769310265299028,0.4699874100719897
0041,Aniba rosodora Ducke,0297,Fraxinus mandshurica Rupr.,0.7680846514483897,0.0656528117264906,0.29800823641994206,0.4700764150284476
0095,Brosimum alicastrum Swartz,0461,Ochroma pyramidale (Cav. ex Lam.) Urb.,0.9115883186175573,0.4413660741827014,0.09605455767171649,0.4702222444348559
0045,Anopyxis klaineana (Pierre) Engl.,0375,Koompassia malaccensis Maing.,0.8969406146455042,0.42664489754293794,0.03982575224826281,0.4702957171025663
0034,Anacardium L.,0259,Entandrophragma utile (Dawe & Sprague) Sprague,0.8392633416229289,0.36896207906881207,0.2069978345154368,0.47030126255411686
0009,Leptolobium Vogel,0418,Mansonia altissima (A. Chev.) A. Chev.,0.6313993300083736,0.16101899818656135,0.012409313496156668,0.4703803318218122
0091,Brachystegia Benth.,0431,Millettia laurentii De Wild.,0.8402402328022829,0.36962746064415636,0.14784264520810295,0.4706127721581265
0243,Dracontomelon dao (Blanco) Merr. & Rolfe,0269,Erythrophleum ivorense A. Chev,0.8394457344671198,0.36823324125981255,0.2903085074707726,0.47121249320730724
0006,Acer platanoides L.,0070,Bagassa guianensis Aubl.,0.924134803903066,0.18973256215443007,0.4528924582382436,0.4712423456648224
0035,Anacardium giganteum Hancock ex Engl.,0613,Tabebuia rosea (Bert.) DC.,0.746332433293536,0.20568448529299813,0.27496924594578387,0.4713631873477522
0353,Intsia Thouars,0550,Quercus mongolica Fisch. ex Ledeb.,0.9577967970102443,0.48641128958703317,0.0339628776830313,0.47138550742321117
0236,Dipterocarpus C.F.Gaertn.,0353,Intsia Thouars,0.957978389529121,0.24925766087492005,0.48641128958703317,0.4715670999420878
0147,Ceiba pentandra (L.) Gaertn.,0542,Pycnanthus angolensis (Welw.) Warb.,0.570819051978825,0.09920852062625649,0.07234546467128498,0.4716105313525685
0030,Amburana cearensis (Allemão) A.C.Sm.,0426,Microberlinia brazzavillensis A. Chev.,0.740404190328749,0.26876027711533945,0.23957417592531832,0.4716439132134096
0073,Balfourodendron riedelianum (Engl.) Engl.,0354,Intsia bijuga (Colebr.) Kuntze,0.8555815705452308,0.38391787966371865,0.29407015717558727,0.4716636908815121
0236,Dipterocarpus C.F.Gaertn.,0430,Milicia excelsa (Welw.) C.C. Berg,0.7213993420999671,0.24925766087492005,0.2228508772324565,0.47214168122504707
0259,Entandrophragma utile (Dawe & Sprague) Sprague,0296,Fraxinus ornus L.,0.7426567247571529,0.2069978345154368,0.2704807546799976,0.47217597007715534
0006,Acer platanoides L.,0244,Dryobalanops C.F.Gaertn.,0.6620216685444789,0.18973256215443007,0.03512342815501089,0.4722891063900488
0095,Brosimum alicastrum Swartz,0480,Peltogyne mexicana Martínez,0.9139004757817801,0.4413660741827014,0.1079574407089981,0.4725344015990787
0318,Leplaea cedrata (A.Chev.) E.J.M.Koenen & J.J.de Wilde,0353,Intsia Thouars,0.9590468598661182,0.015638624237181115,0.48641128958703317,0.472635570279085
0093,Brachystegia laurentii (De Wild.) Louis ex J.Léonard,0245,Dryobalanops aromatica C.F.Gaertn.,0.80706586210868,0.3343633761708376,0.08261225579476351,0.4727024859378424
0195,Ctenolophon parvifolius Oliv.,0606,Swietenia humilis Zucc.,0.7037025919418981,0.23093942479410615,0.03956854200666897,0.472763167147792
0081,Betula pendula Roth,0648,Triplochiton scleroxylon K. Schum.,0.6375941128151374,0.0025807385340572584,0.16453642510521302,0.4730576877099244
0035,Anacardium giganteum Hancock ex Engl.,0245,Dryobalanops aromatica C.F.Gaertn.,0.678807502273236,0.20568448529299813,0.08261225579476351,0.47312301698023795
0296,Fraxinus ornus L.,0418,Mansonia altissima (A. Chev.) A. Chev.,0.7437100676242311,0.2704807546799976,0.012409313496156668,0.4732293129442335
0130,Castanea sativa Mill.,0243,Dracontomelon dao (Blanco) Merr. & Rolfe,0.8417934149743205,0.15586720528769307,0.36823324125981255,0.4735601737145079
0034,Anacardium L.,0607,Swietenia macrophylla King,0.8428259406869136,0.36896207906881207,0.07084689292776884,0.47386386161810157
0181,Cotylelobium Pierre,0542,Pycnanthus angolensis (Welw.) Warb.,0.7369553511771718,0.2627628502619556,0.07234546467128498,0.4741925009152162
0158,"Chlorocardium rodiei (R.H.Schomb.) Rohwer, H.G.Richt. & van der Werff",0426,Microberlinia brazzavillensis A. Chev.,0.7138628091913601,0.10003326503781798,0.23957417592531832,0.4742886332660418
0325,Guibourtia tessmannii (Harms) J.Léonard,0678,Albizia ferruginea (Guill. & Perr.) Benth.,0.8321497096256112,0.19769310265299028,0.35777892083270585,0.47437078879290534
0045,Anopyxis klaineana (Pierre) Engl.,0480,Peltogyne mexicana Martínez,0.901113091016168,0.42664489754293794,0.1079574407089981,0.47446819347323005
0035,Anacardium giganteum Hancock ex Engl.,0425,Mezilaurus ita-uba (Meisn.) Taub. ex Mez,0.7347764626911372,0.20568448529299813,0.2601673546959139,0.47460910799522327
0045,Anopyxis klaineana (Pierre) Engl.,0478,Peltogyne Vogel,0.9012710356162699,0.42664489754293794,0.1811470023936011,0.4746261380733319
0085,Bobgunnia fistuloides (Harms) J.H. Kirkbr. & Wiersema,0147,Ceiba pentandra (L.) Gaertn.,0.8873418562621689,0.4125872589275239,0.09920852062625649,0.474754597334645
0003,Acacia mangium Willd.,0607,Swietenia macrophylla King,0.7090558233676354,0.23412845438956545,0.07084689292776884,0.47492736897807
0181,Cotylelobium Pierre,0399,Lovoa trichilioides Harms,0.7774939680537966,0.2627628502619556,0.3025441823946234,0.4749497856591732
0081,Betula pendula Roth,0418,Mansonia altissima (A. Chev.) A. Chev.,0.4873940113208686,0.0025807385340572584,0.012409313496156668,0.474984697824712
0238,Dipterocarpus kerrii King,0554,Quercus robur L.,0.5857183194231834,0.03389503762998255,0.11024859949584655,0.4754697199273369
0030,Amburana cearensis (Allemão) A.C.Sm.,0297,Fraxinus mandshurica Rupr.,0.7737790998659546,0.26876027711533945,0.29800823641994206,0.47577086344601255
0294,Fraxinus excelsior L.,0678,Albizia ferruginea (Guill. & Perr.) Benth.,0.8336264983269799,0.17627665442045826,0.35777892083270585,0.47584757749427403
0115,Carapa guianensis Aubl.,0430,Milicia excelsa (Welw.) C.C. Berg,0.9291290903610205,0.45301009815803,0.2228508772324565,0.47611899220299053
0430,Milicia excelsa (Welw.) C.C. Berg,0479,Peltogyne catingae Ducke,0.6990954715543835,0.2228508772324565,0.05022355401665795,0.47624459432192695
0030,Amburana cearensis (Allemão) A.C.Sm.,0479,Peltogyne catingae Ducke,0.745109389337158,0.26876027711533945,0.05022355401665795,0.4763491122218185
0003,Acacia mangium Willd.,0033,Anacardium excelsum (Bertero & Balb. ex Kunth) Skeels,0.7106247800592187,0.23412845438956545,0.07482690115830566,0.4764963256696533
0270,Erythrophleum suaveolens (Guill. & Perr.) Brenan,0530,Pterocarpus soyauxii Taub.,0.8866772545469424,0.4099958913427453,0.19955695100455761,0.4766813632041971
0236,Dipterocarpus C.F.Gaertn.,0256,Entandrophragma angolense (Welw.) Panshin,0.7960070945405276,0.24925766087492005,0.319302552831661,0.47670454170886667
0245,Dryobalanops aromatica C.F.Gaertn.,0625,Terminalia superba Engl.& Diels,0.8394620791525595,0.08261225579476351,0.36271194838005,0.47675013077250955
0158,"Chlorocardium rodiei (R.H.Schomb.) Rohwer, H.G.Richt. & van der Werff",0323,Guibourtia demeusei (Harms) J.Léonard,0.8321644122797571,0.10003326503781798,0.35528177474147954,0.4768826375382776
0007,Acer pseudoplatanus L.,0045,Anopyxis klaineana (Pierre) Engl.,0.9035555403956442,0.27538384172241354,0.42664489754293794,0.4769106428527063
0243,Dracontomelon dao (Blanco) Merr. & Rolfe,0331,Heritiera utilis (Sprague) Sprague,0.8451870306433469,0.36823324125981255,0.21354296220717087,0.47695378938353433
0297,Fraxinus mandshurica Rupr.,0372,Khaya ivorensis A.Chev.,0.7751288834638848,0.29800823641994206,0.2514693324780144,0.4771206470439427
0030,Amburana cearensis (Allemão) A.C.Sm.,0033,Anacardium excelsum (Bertero & Balb. ex Kunth) Skeels,0.7459090141990767,0.26876027711533945,0.07482690115830566,0.4771487370837373
0294,Fraxinus excelsior L.,0613,Tabebuia rosea (Bert.) DC.,0.7521496882372535,0.17627665442045826,0.27496924594578387,0.4771804422914696
0035,Anacardium giganteum Hancock ex Engl.,0542,Pycnanthus angolensis (Welw.) Warb.,0.6829527190178302,0.20568448529299813,0.07234546467128498,0.47726823372483207
0095,Brosimum alicastrum Swartz,0478,Peltogyne Vogel,0.9189428591497151,0.4413660741827014,0.1811470023936011,0.47757678496701367
0080,Betula papyrifera Marshall,0530,Pterocarpus soyauxii Taub.,0.8699024916954812,0.3923039267660832,0.19955695100455761,0.47759856492939795
0096,Brosimum guianense (Aubl.) Huber ex Ducke,0294,Fraxinus excelsior L.,0.9460914596511869,0.468233813156223,0.17627665442045826,0.47785764649496393
0353,Intsia Thouars,0418,Mansonia altissima (A. Chev.) A. Chev.,0.9643277300240922,0.48641128958703317,0.012409313496156668,0.47791644043705905
0073,Balfourodendron riedelianum (Engl.) Engl.,0479,Peltogyne catingae Ducke,0.8619006018942847,0.38391787966371865,0.05022355401665795,0.4779827222305661
0081,Betula pendula Roth,0366,Juglans regia L.,0.49416944656228073,0.0025807385340572584,0.0161593253050704,0.4780101212572103
0461,Ochroma pyramidale (Cav. ex Lam.) Urb.,0648,Triplochiton scleroxylon K. Schum.,0.6425768933842266,0.09605455767171649,0.16453642510521302,0.4780404682790136
0091,Brachystegia Benth.,0095,Brosimum alicastrum Swartz,0.9194229840274046,0.36962746064415636,0.4413660741827014,0.4780569098447032
0009,Leptolobium Vogel,0324,Guibourtia pellegriniana J.Léonard,0.6811778701169369,0.16101899818656135,0.20301559578579392,0.47816227433114294
0244,Dryobalanops C.F.Gaertn.,0399,Lovoa trichilioides Harms,0.7807208016763629,0.03512342815501089,0.3025441823946234,0.47817661928173955
0081,Betula pendula Roth,0181,Cotylelobium Pierre,0.7410036306055284,0.0025807385340572584,0.2627628502619556,0.4782407803435728
0041,Aniba rosodora Ducke,0207,Dalbergia nigra (Vell.) Allemão ex Benth.,0.8977731870327851,0.0656528117264906,0.4194156315959103,0.4783575554368748
0293,Fraxinus americana L.,0353,Intsia Thouars,0.9647765139544942,0.2006874935372814,0.48641128958703317,0.478365224367461
0066,Aucoumea klaineana Pierre,0353,Intsia Thouars,0.9649386074468443,0.1689848833310126,0.48641128958703317,0.4785273178598112
0239,Dipteryx odorata (Aubl.) Forsyth f.,0353,Intsia Thouars,0.9654114540573222,0.4164011395062616,0.48641128958703317,0.47900016447028904
0214,Daniellia thurifera Benn.,0270,Erythrophleum suaveolens (Guill. & Perr.) Brenan,0.8890564789658684,0.4049723941201597,0.4099958913427453,0.4790605876231231
0239,Dipteryx odorata (Aubl.) Forsyth f.,0257,Entandrophragma candollei Harms,0.8955314786491411,0.4164011395062616,0.18916044854556002,0.47913033914287945
0035,Anacardium giganteum Hancock ex Engl.,0244,Dryobalanops C.F.Gaertn.,0.6849736994877758,0.20568448529299813,0.03512342815501089,0.47928921419477766
0129,Castanea crenata Siebold & Zucc.,0296,Fraxinus ornus L.,0.7498426609647986,0.01642495583191611,0.2704807546799976,0.47936190628480096
0258,Entandrophragma cylindricum (Sprague) Sprague,0354,Intsia bijuga (Colebr.) Kuntze,0.7735301640216954,0.25242647174716004,0.29407015717558727,0.4794600068461081
0257,Entandrophragma candollei Harms,0426,Microberlinia brazzavillensis A. Chev.,0.7190393174434155,0.18916044854556002,0.23957417592531832,0.4794651415180972
0214,Daniellia thurifera Benn.,0323,Guibourtia demeusei (Harms) J.Léonard,0.8844422098976858,0.4049723941201597,0.35528177474147954,0.4794698157775262
0371,Khaya grandifoliola C.DC.,0399,Lovoa trichilioides Harms,0.7821546432013968,0.048818241280783575,0.3025441823946234,0.47961046080677344
0095,Brosimum alicastrum Swartz,0301,Gilbertiodendron dewevrei (De Wild.) J.Léonard,0.9211536789763166,0.4413660741827014,0.15292725453998418,0.4797876047936152
0478,Peltogyne Vogel,0606,Swietenia humilis Zucc.,0.6609398054843187,0.1811470023936011,0.03956854200666897,0.47979280309071765
0129,Castanea crenata Siebold & Zucc.,0425,Mezilaurus ita-uba (Meisn.) Taub. ex Mez,0.7399801415401002,0.01642495583191611,0.2601673546959139,0.47981278684418627
0093,Brachystegia laurentii (De Wild.) Louis ex J.Léonard,0244,Dryobalanops C.F.Gaertn.,0.8144297931514165,0.3343633761708376,0.03512342815501089,0.4800664169805789
0259,Entandrophragma utile (Dawe & Sprague) Sprague,0375,Koompassia malaccensis Maing.,0.6872854878907317,0.2069978345154368,0.03982575224826281,0.48028765337529494
0041,Aniba rosodora Ducke,0296,Fraxinus ornus L.,0.7508063025322761,0.0656528117264906,0.2704807546799976,0.4803255478522785
0181,Cotylelobium Pierre,0256,Entandrophragma angolense (Welw.) Panshin,0.7996973748289676,0.2627628502619556,0.319302552831661,0.48039482199730665
0115,Carapa guianensis Aubl.,0375,Koompassia malaccensis Maing.,0.9334972848447465,0.45301009815803,0.03982575224826281,0.48048718668671647
0353,Intsia Thouars,0366,Juglans regia L.,0.967090214261858,0.48641128958703317,0.0161593253050704,0.48067892467482487
0245,Dryobalanops aromatica C.F.Gaertn.,0430,Milicia excelsa (Welw.) C.C. Berg,0.7035378171998672,0.08261225579476351,0.2228508772324565,0.4806869399674107
0245,Dryobalanops aromatica C.F.Gaertn.,0354,Intsia bijuga (Colebr.) Kuntze,0.7748057977829055,0.08261225579476351,0.29407015717558727,0.4807356406073182
0033,Anacardium excelsum (Bertero & Balb. ex Kunth) Skeels,0553,Quercus petraea (Matt.) Liebl.,0.7390713566025708,0.07482690115830566,0.2581276659186852,0.48094369068388565
0095,Brosimum alicastrum Swartz,0324,Guibourtia pellegriniana J.Léonard,0.9224500505696428,0.4413660741827014,0.20301559578579392,0.4810839763869414
0325,Guibourtia tessmannii (Harms) J.Léonard,0625,Terminalia superba Engl.& Diels,0.8441614424556741,0.19769310265299028,0.36271194838005,0.48144949407562415
0009,Leptolobium Vogel,0366,Juglans regia L.,0.6425802665366795,0.16101899818656135,0.0161593253050704,0.4815612683501182
0181,Cotylelobium Pierre,0244,Dryobalanops C.F.Gaertn.,0.7444510424078561,0.2627628502619556,0.03512342815501089,0.4816881921459005
0296,Fraxinus ornus L.,0366,Juglans regia L.,0.7522376691272644,0.2704807546799976,0.0161593253050704,0.4817569144472668
0003,Acacia mangium Willd.,0371,Khaya grandifoliola C.DC.,0.7159729887677863,0.23412845438956545,0.048818241280783575,0.48184453437822083
0092,Brachystegia cynometroides Harms,0325,Guibourtia tessmannii (Harms) J.Léonard,0.6795380311295853,0.05008607091450365,0.19769310265299028,0.48184492847659505
0430,Milicia excelsa (Welw.) C.C. Berg,0478,Peltogyne Vogel,0.7049329739013573,0.2228508772324565,0.1811470023936011,0.48208209666890084
0353,Intsia Thouars,0396,Lophira alata Banks ex C.F.Gaertn.,0.9685829259528919,0.48641128958703317,0.027865923684178843,0.4821716363658587
0041,Aniba rosodora Ducke,0295,Fraxinus nigra Marshall,0.548052184437662,0.0656528117264906,0.022324164890242817,0.4823993727111714
0096,Brosimum guianense (Aubl.) Huber ex Ducke,0679,Aningeria Aubrév. & Pellegr.,0.9506459562304774,0.468233813156223,0.2305382109200897,0.48241214307425445
0085,Bobgunnia fistuloides (Harms) J.H. Kirkbr. & Wiersema,0530,Pterocarpus soyauxii Taub.,0.8950092650329762,0.4125872589275239,0.19955695100455761,0.4824220061054523
0041,Aniba rosodora Ducke,0236,Dipterocarpus C.F.Gaertn.,0.7317592579252754,0.0656528117264906,0.24925766087492005,0.48250159705035534
0270,Erythrophleum suaveolens (Guill. & Perr.) Brenan,0425,Mezilaurus ita-uba (Meisn.) Taub. ex Mez,0.8925211948273059,0.4099958913427453,0.2601673546959139,0.4825253034845606
0041,Aniba rosodora Ducke,0353,Intsia Thouars,0.9690170242913005,0.0656528117264906,0.48641128958703317,0.4826057347042674
0073,Balfourodendron riedelianum (Engl.) Engl.,0554,Quercus robur L.,0.8665241002336268,0.38391787966371865,0.11024859949584655,0.48260622056990815
0367,Juglans nigra L.,0679,Aningeria Aubrév. & Pellegr.,0.7132063014170977,0.02005651109636719,0.2305382109200897,0.48266809049700804
0006,Acer platanoides L.,0550,Quercus mongolica Fisch. ex Ledeb.,0.6724360158278142,0.18973256215443007,0.0339628776830313,0.48270345367338413
0072,Baillonella toxisperma Pierre,0331,Heritiera utilis (Sprague) Sprague,0.8167622394612609,0.33402537324669906,0.21354296220717087,0.48273686621456185
0095,Brosimum alicastrum Swartz,0375,Koompassia malaccensis Maing.,0.9242526667266591,0.4413660741827014,0.03982575224826281,0.48288659254395766
0030,Amburana cearensis (Allemão) A.C.Sm.,0430,Milicia excelsa (Welw.) C.C. Berg,0.7518315439885099,0.26876027711533945,0.2228508772324565,0.4830712668731705
0033,Anacardium excelsum (Bertero & Balb. ex Kunth) Skeels,0613,Tabebuia rosea (Bert.) DC.,0.7584709508994946,0.07482690115830566,0.27496924594578387,0.4835017049537107
0158,"Chlorocardium rodiei (R.H.Schomb.) Rohwer, H.G.Richt. & van der Werff",0313,Grevillea robusta A.Cunn. ex R.Br.,0.7673927981137046,0.10003326503781798,0.2838740990600396,0.48351869905366507
0542,Pycnanthus angolensis (Welw.) Warb.,0552,Quercus alba L.,0.6029844356084448,0.07234546467128498,0.11942757291818792,0.4835568626902569
0243,Dracontomelon dao (Blanco) Merr. & Rolfe,0371,Khaya grandifoliola C.DC.,0.8521009149193186,0.36823324125981255,0.048818241280783575,0.48386767365950606
0323,Guibourtia demeusei (Harms) J.Léonard,0550,Quercus mongolica Fisch. ex Ledeb.,0.8396957464384252,0.35528177474147954,0.0339628776830313,0.4844139716969456
0072,Baillonella toxisperma Pierre,0530,Pterocarpus soyauxii Taub.,0.8188321395727023,0.33402537324669906,0.19955695100455761,0.4848067663260032
0269,Erythrophleum ivorense A. Chev,0323,Guibourtia demeusei (Harms) J.Léonard,0.8401077011962506,0.2903085074707726,0.35528177474147954,0.484825926454771
0323,Guibourtia demeusei (Harms) J.Léonard,0431,Millettia laurentii De Wild.,0.8405291142494117,0.35528177474147954,0.14784264520810295,0.48524733950793214
0244,Dryobalanops C.F.Gaertn.,0553,Quercus petraea (Matt.) Liebl.,0.7435591552076434,0.03512342815501089,0.2581276659186852,0.4854314892889582
0085,Bobgunnia fistuloides (Harms) J.H. Kirkbr. & Wiersema,0607,Swietenia macrophylla King,0.8981582800972685,0.4125872589275239,0.07084689292776884,0.4855710211697446
0006,Acer platanoides L.,0648,Triplochiton scleroxylon K. Schum.,0.6753628589861327,0.18973256215443007,0.16453642510521302,0.4856302968317026
0239,Dipteryx odorata (Aubl.) Forsyth f.,0326,Guibourtia ehie (A. Chev.) J. Léonard,0.902050879545371,0.4164011395062616,0.2984188053844587,0.4856497400391094
0045,Anopyxis klaineana (Pierre) Engl.,0530,Pterocarpus soyauxii Taub.,0.9126740981605397,0.42664489754293794,0.19955695100455761,0.48602920061760174
0130,Castanea sativa Mill.,0425,Mezilaurus ita-uba (Meisn.) Taub. ex Mez,0.7462051042265472,0.15586720528769307,0.2601673546959139,0.4860377495306333
0007,Acer pseudoplatanus L.,0095,Brosimum alicastrum Swartz,0.9274308120125132,0.27538384172241354,0.4413660741827014,0.4860647378298118
0296,Fraxinus ornus L.,0542,Pycnanthus angolensis (Welw.) Warb.,0.756608196392476,0.2704807546799976,0.07234546467128498,0.4861274417124784
0130,Castanea sativa Mill.,0552,Quercus alba L.,0.6420433110165583,0.15586720528769307,0.11942757291818792,0.48617610572886527
0147,Ceiba pentandra (L.) Gaertn.,0552,Quercus alba L.,0.6056087396331626,0.09920852062625649,0.11942757291818792,0.4861811667149747
0238,Dipterocarpus kerrii King,0552,Quercus alba L.,0.6056130442969537,0.03389503762998255,0.11942757291818792,0.4861854713787658
0085,Bobgunnia fistuloides (Harms) J.H. Kirkbr. & Wiersema,0396,Lophira alata Banks ex C.F.Gaertn.,0.8989119320906664,0.4125872589275239,0.027865923684178843,0.48632467316314254
0006,Acer platanoides L.,0367,Juglans nigra L.,0.6761601503314228,0.18973256215443007,0.02005651109636719,0.4864275881769928
0035,Anacardium giganteum Hancock ex Engl.,0256,Entandrophragma angolense (Welw.) Panshin,0.8057433659810906,0.20568448529299813,0.319302552831661,0.48644081314942966
0295,Fraxinus nigra Marshall,0542,Pycnanthus angolensis (Welw.) Warb.,0.558803977454981,0.022324164890242817,0.07234546467128498,0.486458512783696
0245,Dryobalanops aromatica C.F.Gaertn.,0648,Triplochiton scleroxylon K. Schum.,0.6512042275384713,0.08261225579476351,0.16453642510521302,0.48666780243325825
0325,Guibourtia tessmannii (Harms) J.Léonard,0375,Koompassia malaccensis Maing.,0.684539423267536,0.19769310265299028,0.03982575224826281,0.48684632061454575
0295,Fraxinus nigra Marshall,0418,Mansonia altissima (A. Chev.) A. Chev.,0.5094439723673533,0.022324164890242817,0.012409313496156668,0.4871198074771105
0085,Bobgunnia fistuloides (Harms) J.H. Kirkbr. & Wiersema,0325,Guibourtia tessmannii (Harms) J.Léonard,0.9000620074900225,0.4125872589275239,0.19769310265299028,0.4874747485624986
0045,Anopyxis klaineana (Pierre) Engl.,0324,Guibourtia pellegriniana J.Léonard,0.9144752676172392,0.42664489754293794,0.20301559578579392,0.48783037007430124
0244,Dryobalanops C.F.Gaertn.,0430,Milicia excelsa (Welw.) C.C. Berg,0.7112510185146728,0.03512342815501089,0.2228508772324565,0.48840014128221626
0399,Lovoa trichilioides Harms,0606,Swietenia humilis Zucc.,0.7911073497749637,0.3025441823946234,0.03956854200666897,0.4885631673803403
0239,Dipteryx odorata (Aubl.) Forsyth f.,0608,Swietenia mahagoni (L.) Jacq.,0.904975308274507,0.4164011395062616,0.02812049764059408,0.4885741687682454
0366,Juglans regia L.,0554,Quercus robur L.,0.5990737696342551,0.0161593253050704,0.11024859949584655,0.48882517013840854
0294,Fraxinus excelsior L.,0399,Lovoa trichilioides Harms,0.7917973625513985,0.17627665442045826,0.3025441823946234,0.48925318015677516
0245,Dryobalanops aromatica C.F.Gaertn.,0478,Peltogyne Vogel,0.6706036152329092,0.08261225579476351,0.1811470023936011,0.48945661283930814
0073,Balfourodendron riedelianum (Engl.) Engl.,0552,Quercus alba L.,0.8737986360181519,0.38391787966371865,0.11942757291818792,0.48988075635443323
0007,Acer pseudoplatanus L.,0239,Dipteryx odorata (Aubl.) Forsyth f.,0.9064888319790891,0.27538384172241354,0.4164011395062616,0.4900876924728275
0418,Mansonia altissima (A. Chev.) A. Chev.,0554,Quercus robur L.,0.6003641152487007,0.012409313496156668,0.11024859949584655,0.49011551575285417
0295,Fraxinus nigra Marshall,0366,Juglans regia L.,0.5124644800990796,0.022324164890242817,0.0161593253050704,0.49014031520883683
0207,Dalbergia nigra (Vell.) Allemão ex Benth.,0366,Juglans regia L.,0.9096672414065048,0.4194156315959103,0.0161593253050704,0.4902516098105945
0009,Leptolobium Vogel,0181,Cotylelobium Pierre,0.7531131181116579,0.16101899818656135,0.2627628502619556,0.4903502678497023
0236,Dipterocarpus C.F.Gaertn.,0553,Quercus petraea (Matt.) Liebl.,0.7485294419629211,0.24925766087492005,0.2581276659186852,0.49040177604423596
0085,Bobgunnia fistuloides (Harms) J.H. Kirkbr. & Wiersema,0678,Albizia ferruginea (Guill. & Perr.) Benth.,0.9030735236748593,0.4125872589275239,0.35777892083270585,0.49048626474733537
0301,Gilbertiodendron dewevrei (De Wild.) J.Léonard,0430,Milicia excelsa (Welw.) C.C. Berg,0.7137309204954827,0.15292725453998418,0.2228508772324565,0.4908800432630262
0045,Anopyxis klaineana (Pierre) Engl.,0331,Heritiera utilis (Sprague) Sprague,0.917675625523529,0.42664489754293794,0.21354296220717087,0.49103072798059105
0003,Acacia mangium Willd.,0294,Fraxinus excelsior L.,0.7253373787164001,0.23412845438956545,0.17627665442045826,0.4912089243268347
0353,Intsia Thouars,0553,Quercus petraea (Matt.) Liebl.,0.9778189240483116,0.48641128958703317,0.2581276659186852,0.49140763446127844
0085,Bobgunnia fistuloides (Harms) J.H. Kirkbr. & Wiersema,0608,Swietenia mahagoni (L.) Jacq.,0.9039957502652587,0.4125872589275239,0.02812049764059408,0.4914084913377348
0207,Dalbergia nigra (Vell.) Allemão ex Benth.,0418,Mansonia altissima (A. Chev.) A. Chev.,0.9110172206190184,0.4194156315959103,0.012409313496156668,0.4916015890231081
0085,Bobgunnia fistuloides (Harms) J.H. Kirkbr. & Wiersema,0256,Entandrophragma angolense (Welw.) Panshin,0.9044099795875409,0.4125872589275239,0.319302552831661,0.491822720660017
0239,Dipteryx odorata (Aubl.) Forsyth f.,0269,Erythrophleum ivorense A. Chev,0.9082754407662961,0.4164011395062616,0.2903085074707726,0.49187430126003445
0081,Betula pendula Roth,0243,Dracontomelon dao (Blanco) Merr. & Rolfe,0.8604302798540273,0.0025807385340572584,0.36823324125981255,0.49219703859421476
0425,Mezilaurus ita-uba (Meisn.) Taub. ex Mez,0625,Terminalia superba Engl.& Diels,0.8550551321932434,0.2601673546959139,0.36271194838005,0.49234318381319336
0326,Guibourtia ehie (A. Chev.) J. Léonard,0430,Milicia excelsa (Welw.) C.C. Berg,0.7908914297097005,0.2984188053844587,0.2228508772324565,0.4924726243252418
0070,Bagassa guianensis Aubl.,0325,Guibourtia tessmannii (Harms) J.Léonard,0.9455515494275792,0.4528924582382436,0.19769310265299028,0.49265909118933565
0244,Dryobalanops C.F.Gaertn.,0354,Intsia bijuga (Colebr.) Kuntze,0.786763739500101,0.03512342815501089,0.29407015717558727,0.49269358232451377
0091,Brachystegia Benth.,0607,Swietenia macrophylla King,0.8625729287862725,0.36962746064415636,0.07084689292776884,0.4929454681421161
0073,Balfourodendron riedelianum (Engl.) Engl.,0129,Castanea crenata Siebold & Zucc.,0.8769123489218408,0.38391787966371865,0.01642495583191611,0.4929944692581221
0030,Amburana cearensis (Allemão) A.C.Sm.,0324,Guibourtia pellegriniana J.Léonard,0.761768254263766,0.26876027711533945,0.20301559578579392,0.4930079771484266
0070,Bagassa guianensis Aubl.,0257,Entandrophragma candollei Harms,0.9462535605046823,0.4528924582382436,0.18916044854556002,0.49336110226643876
0070,Bagassa guianensis Aubl.,0372,Khaya ivorensis A.Chev.,0.9462876491540071,0.4528924582382436,0.2514693324780144,0.4933951909157635
0066,Aucoumea klaineana Pierre,0461,Ochroma pyramidale (Cav. ex Lam.) Urb.,0.6626077623842861,0.1689848833310126,0.09605455767171649,0.4936228790532735
0244,Dryobalanops C.F.Gaertn.,0625,Terminalia superba Engl.& Diels,0.8564688160521724,0.03512342815501089,0.36271194838005,0.4937568676721224
0214,Daniellia thurifera Benn.,0375,Koompassia malaccensis Maing.,0.8991576794675145,0.4049723941201597,0.03982575224826281,0.4941852853473548
0293,Fraxinus americana L.,0553,Quercus petraea (Matt.) Liebl.,0.752625391514784,0.2006874935372814,0.2581276659186852,0.49449772559609884
0239,Dipteryx odorata (Aubl.) Forsyth f.,0607,Swietenia macrophylla King,0.9109245903496901,0.4164011395062616,0.07084689292776884,0.49452345084342847
0530,Pterocarpus soyauxii Taub.,0679,Aningeria Aubrév. & Pellegr.,0.7251122871229165,0.19955695100455761,0.2305382109200897,0.49457407620282684
0648,Triplochiton scleroxylon K. Schum.,0679,Aningeria Aubrév. & Pellegr.,0.7252090872849973,0.16453642510521302,0.2305382109200897,0.49467087636490764
0003,Acacia mangium Willd.,0608,Swietenia mahagoni (L.) Jacq.,0.7290972645204242,0.23412845438956545,0.02812049764059408,0.4949688101308588
0045,Anopyxis klaineana (Pierre) Engl.,0073,Balfourodendron riedelianum (Engl.) Engl.,0.9216158727876296,0.42664489754293794,0.38391787966371865,0.49497097524469164
0115,Carapa guianensis Aubl.,0426,Microberlinia brazzavillensis A. Chev.,0.9483989542325707,0.45301009815803,0.23957417592531832,0.4953888560745407
0030,Amburana cearensis (Allemão) A.C.Sm.,0245,Dryobalanops aromatica C.F.Gaertn.,0.7642334584806243,0.26876027711533945,0.08261225579476351,0.49547318136528484
0096,Brosimum guianense (Aubl.) Huber ex Ducke,0541,Pterygota macrocarpa K. Schum.,0.9641128582325382,0.468233813156223,0.016821229975053267,0.49587904507631525
0085,Bobgunnia fistuloides (Harms) J.H. Kirkbr. & Wiersema,0550,Quercus mongolica Fisch. ex Ledeb.,0.908686547484109,0.4125872589275239,0.0339628776830313,0.49609928855658514
0366,Juglans regia L.,0625,Terminalia superba Engl.& Diels,0.8591553691013539,0.0161593253050704,0.36271194838005,0.49644342072130393
0239,Dipteryx odorata (Aubl.) Forsyth f.,0270,Erythrophleum suaveolens (Guill. & Perr.) Brenan,0.912984537281006,0.4164011395062616,0.4099958913427453,0.4965833977747444
0073,Balfourodendron riedelianum (Engl.) Engl.,0257,Entandrophragma candollei Harms,0.8807332446347232,0.38391787966371865,0.18916044854556002,0.4968153649710046
0294,Fraxinus excelsior L.,0608,Swietenia mahagoni (L.) Jacq.,0.6737190497531669,0.17627665442045826,0.02812049764059408,0.4974423953327086
0073,Balfourodendron riedelianum (Engl.) Engl.,0095,Brosimum alicastrum Swartz,0.9389744282645747,0.38391787966371865,0.4413660741827014,0.49760835408187326
0259,Entandrophragma utile (Dawe & Sprague) Sprague,0294,Fraxinus excelsior L.,0.7046732851668812,0.2069978345154368,0.17627665442045826,0.4976754506514444
0081,Betula pendula Roth,0331,Heritiera utilis (Sprague) Sprague,0.7114077529431159,0.0025807385340572584,0.21354296220717087,0.49786479073594503
0034,Anacardium L.,0372,Khaya ivorensis A.Chev.,0.8669864042356626,0.36896207906881207,0.2514693324780144,0.4980243251668506
0239,Dipteryx odorata (Aubl.) Forsyth f.,0541,Pterygota macrocarpa K. Schum.,0.9146983852639239,0.4164011395062616,0.016821229975053267,0.49829724575766227
0081,Betula pendula Roth,0207,Dalbergia nigra (Vell.) Allemão ex Benth.,0.9177895726729473,0.0025807385340572584,0.4194156315959103,0.498373941077037
0093,Brachystegia laurentii (De Wild.) Louis ex J.Léonard,0613,Tabebuia rosea (Bert.) DC.,0.8328321100563323,0.3343633761708376,0.27496924594578387,0.4984687338854947
0096,Brosimum guianense (Aubl.) Huber ex Ducke,0461,Ochroma pyramidale (Cav. ex Lam.) Urb.,0.967025411412176,0.468233813156223,0.09605455767171649,0.49879159825595304
0157,Ceriops tagal (Perr.) C.B. Robinson,0399,Lovoa trichilioides Harms,0.8299519473792027,0.33088565378713025,0.3025441823946234,0.4990662935920725
0181,Cotylelobium Pierre,0553,Quercus petraea (Matt.) Liebl.,0.7621039244419487,0.2627628502619556,0.2581276659186852,0.4993410741799931
0035,Anacardium giganteum Hancock ex Engl.,0430,Milicia excelsa (Welw.) C.C. Berg,0.7222798439385287,0.20568448529299813,0.2228508772324565,0.49942896670607223
0091,Brachystegia Benth.,0294,Fraxinus excelsior L.,0.8690811718320359,0.36962746064415636,0.17627665442045826,0.49945371118787957
0092,Brachystegia cynometroides Harms,0613,Tabebuia rosea (Bert.) DC.,0.7746312874929635,0.05008607091450365,0.27496924594578387,0.49966204154717964
0418,Mansonia altissima (A. Chev.) A. Chev.,0625,Terminalia superba Engl.& Diels,0.8625953576105283,0.012409313496156668,0.36271194838005,0.4998834092304783
0353,Intsia Thouars,0530,Pterocarpus soyauxii Taub.,0.9863932464464614,0.48641128958703317,0.19955695100455761,0.49998195685942826
0073,Balfourodendron riedelianum (Engl.) Engl.,0431,Millettia laurentii De Wild.,0.8840107410903519,0.38391787966371865,0.14784264520810295,0.5000928614266333
0033,Anacardium excelsum (Bertero & Balb. ex Kunth) Skeels,0085,Bobgunnia fistuloides (Harms) J.H. Kirkbr. & Wiersema,0.9127373786519911,0.07482690115830566,0.4125872589275239,0.5001501197244672
0081,Betula pendula Roth,0297,Fraxinus mandshurica Rupr.,0.798241262557633,0.0025807385340572584,0.29800823641994206,0.5002330261376908
0371,Khaya grandifoliola C.DC.,0396,Lophira alata Banks ex C.F.Gaertn.,0.5490671493673203,0.048818241280783575,0.027865923684178843,0.5002489080865367
0095,Brosimum alicastrum Swartz,0331,Heritiera utilis (Sprague) Sprague,0.941731530225093,0.4413660741827014,0.21354296220717087,0.5003654560423916
0096,Brosimum guianense (Aubl.) Huber ex Ducke,0648,Triplochiton scleroxylon K. Schum.,0.9690603833733462,0.468233813156223,0.16453642510521302,0.5008265702171233
0245,Dryobalanops aromatica C.F.Gaertn.,0326,Guibourtia ehie (A. Chev.) J. Léonard,0.7993407861711999,0.08261225579476351,0.2984188053844587,0.5009219807867411
0085,Bobgunnia fistuloides (Harms) J.H. Kirkbr. & Wiersema,0323,Guibourtia demeusei (Harms) J.Léonard,0.913630815030716,0.4125872589275239,0.35528177474147954,0.5010435561031921
0041,Aniba rosodora Ducke,0070,Bagassa guianensis Aubl.,0.9541019785068243,0.0656528117264906,0.4528924582382436,0.5012095202685807
0296,Fraxinus ornus L.,0353,Intsia Thouars,0.9878144397760935,0.2704807546799976,0.48641128958703317,0.5014031501890603
0095,Brosimum alicastrum Swartz,0541,Pterygota macrocarpa K. Schum.,0.9430079051706897,0.4413660741827014,0.016821229975053267,0.5016418309879882
0147,Ceiba pentandra (L.) Gaertn.,0425,Mezilaurus ita-uba (Meisn.) Taub. ex Mez,0.7618544686993314,0.09920852062625649,0.2601673546959139,0.5016871140034175
0091,Brachystegia Benth.,0608,Swietenia mahagoni (L.) Jacq.,0.8715693533783035,0.36962746064415636,0.02812049764059408,0.5019418927341472
0313,Grevillea robusta A.Cunn. ex R.Br.,0353,Intsia Thouars,0.9884963967251859,0.2838740990600396,0.48641128958703317,0.5020851071381527
0093,Brachystegia laurentii (De Wild.) Louis ex J.Léonard,0425,Mezilaurus ita-uba (Meisn.) Taub. ex Mez,0.8365078274829467,0.3343633761708376,0.2601673546959139,0.5021444513121092
0301,Gilbertiodendron dewevrei (De Wild.) J.Léonard,0325,Guibourtia tessmannii (Harms) J.Léonard,0.6999336248274846,0.15292725453998418,0.19769310265299028,0.5022405221744943
0326,Guibourtia ehie (A. Chev.) J. Léonard,0542,Pycnanthus angolensis (Welw.) Warb.,0.8007246668015776,0.2984188053844587,0.07234546467128498,0.502305861417119
0323,Guibourtia demeusei (Harms) J.Léonard,0606,Swietenia humilis Zucc.,0.8576065153386334,0.35528177474147954,0.03956854200666897,0.5023247405971538
0238,Dipterocarpus kerrii King,0542,Pycnanthus angolensis (Welw.) Warb.,0.5755699696200653,0.03389503762998255,0.07234546467128498,0.5032245049487803
0293,Fraxinus americana L.,0554,Quercus robur L.,0.7040300808157234,0.2006874935372814,0.11024859949584655,0.5033425872784419
0070,Bagassa guianensis Aubl.,0550,Quercus mongolica Fisch. ex Ledeb.,0.9562903743056045,0.4528924582382436,0.0339628776830313,0.503397916067361
0045,Anopyxis klaineana (Pierre) Engl.,0431,Millettia laurentii De Wild.,0.9301406275376091,0.42664489754293794,0.14784264520810295,0.5034957299946712
0080,Betula papyrifera Marshall,0257,Entandrophragma candollei Harms,0.8960247262893635,0.3923039267660832,0.18916044854556002,0.5037207995232802
0324,Guibourtia pellegriniana J.Léonard,0606,Swietenia humilis Zucc.,0.706743171996611,0.20301559578579392,0.03956854200666897,0.5037275762108171
0096,Brosimum guianense (Aubl.) Huber ex Ducke,0367,Juglans nigra L.,0.9724478630636703,0.468233813156223,0.02005651109636719,0.5042140499074472
0461,Ochroma pyramidale (Cav. ex Lam.) Urb.,0607,Swietenia macrophylla King,0.6003530357023267,0.09605455767171649,0.07084689292776884,0.5042984780306102
0073,Balfourodendron riedelianum (Engl.) Engl.,0239,Dipteryx odorata (Aubl.) Forsyth f.,0.9208308364897353,0.38391787966371865,0.4164011395062616,0.5044296969834736
0257,Entandrophragma candollei Harms,0313,Grevillea robusta A.Cunn. ex R.Br.,0.7884934624046794,0.18916044854556002,0.2838740990600396,0.5046193633446399
0096,Brosimum guianense (Aubl.) Huber ex Ducke,0129,Castanea crenata Siebold & Zucc.,0.972853218349644,0.468233813156223,0.01642495583191611,0.504619405193421
0295,Fraxinus nigra Marshall,0678,Albizia ferruginea (Guill. & Perr.) Benth.,0.8624644281133329,0.022324164890242817,0.35777892083270585,0.5046855072806271
0313,Grevillea robusta A.Cunn. ex R.Br.,0396,Lophira alata Banks ex C.F.Gaertn.,0.7887114338418835,0.2838740990600396,0.027865923684178843,0.5048373347818439
0181,Cotylelobium Pierre,0259,Entandrophragma utile (Dawe & Sprague) Sprague,0.7679973628672805,0.2627628502619556,0.2069978345154368,0.5052345126053248
0366,Juglans regia L.,0552,Quercus alba L.,0.6246699010495398,0.0161593253050704,0.11942757291818792,0.5052423281313518
0245,Dryobalanops aromatica C.F.Gaertn.,0313,Grevillea robusta A.Cunn. ex R.Br.,0.7891717955816326,0.08261225579476351,0.2838740990600396,0.5052976965215931
0542,Pycnanthus angolensis (Welw.) Warb.,0550,Quercus mongolica Fisch. ex Ledeb.,0.577737827096586,0.07234546467128498,0.0339628776830313,0.5053923624253011
0244,Dryobalanops C.F.Gaertn.,0648,Triplochiton scleroxylon K. Schum.,0.6703187557524213,0.03512342815501089,0.16453642510521302,0.5057823306472082
0257,Entandrophragma candollei Harms,0399,Lovoa trichilioides Harms,0.8084154890702046,0.18916044854556002,0.3025441823946234,0.5058713066755811
0214,Daniellia thurifera Benn.,0430,Milicia excelsa (Welw.) C.C. Berg,0.9110568795368994,0.4049723941201597,0.2228508772324565,0.5060844854167397
0130,Castanea sativa Mill.,0157,Ceriops tagal (Perr.) C.B. Robinson,0.837169338883206,0.15586720528769307,0.33088565378713025,0.5062836850960757
0243,Dracontomelon dao (Blanco) Merr. & Rolfe,0326,Guibourtia ehie (A. Chev.) J. Léonard,0.8745278189422603,0.36823324125981255,0.2984188053844587,0.5062945776824477
0245,Dryobalanops aromatica C.F.Gaertn.,0553,Quercus petraea (Matt.) Liebl.,0.7648215575957088,0.08261225579476351,0.2581276659186852,0.5066938916770236
0542,Pycnanthus angolensis (Welw.) Warb.,0554,Quercus robur L.,0.6169623142985948,0.07234546467128498,0.11024859949584655,0.5067137148027483
0070,Bagassa guianensis Aubl.,0431,Millettia laurentii De Wild.,0.9596404883493277,0.4528924582382436,0.14784264520810295,0.506748030111084
0006,Acer platanoides L.,0096,Brosimum guianense (Aubl.) Huber ex Ducke,0.9754457843598614,0.18973256215443007,0.468233813156223,0.5072119712036385
0041,Aniba rosodora Ducke,0625,Terminalia superba Engl.& Diels,0.8699250639036451,0.0656528117264906,0.36271194838005,0.507213115523595
0093,Brachystegia laurentii (De Wild.) Louis ex J.Léonard,0239,Dipteryx odorata (Aubl.) Forsyth f.,0.9238205037892315,0.3343633761708376,0.4164011395062616,0.5074193642829699
0041,Aniba rosodora Ducke,0554,Quercus robur L.,0.6177926056960389,0.0656528117264906,0.11024859949584655,0.5075440062001924
0115,Carapa guianensis Aubl.,0648,Triplochiton scleroxylon K. Schum.,0.9605582174315597,0.45301009815803,0.16453642510521302,0.5075481192735296
0073,Balfourodendron riedelianum (Engl.) Engl.,0295,Fraxinus nigra Marshall,0.8914723111926582,0.38391787966371865,0.022324164890242817,0.5075544315289395
0367,Juglans nigra L.,0371,Khaya grandifoliola C.DC.,0.5568553938142469,0.02005651109636719,0.048818241280783575,0.5080371525334633
0158,"Chlorocardium rodiei (R.H.Schomb.) Rohwer, H.G.Richt. & van der Werff",0430,Milicia excelsa (Welw.) C.C. Berg,0.7314541409943203,0.10003326503781798,0.2228508772324565,0.5086032637618638
0372,Khaya ivorensis A.Chev.,0396,Lophira alata Banks ex C.F.Gaertn.,0.7601783879666011,0.2514693324780144,0.027865923684178843,0.5087090554885867
0007,Acer pseudoplatanus L.,0367,Juglans nigra L.,0.7842497792544345,0.27538384172241354,0.02005651109636719,0.508865937532021
0396,Lophira alata Banks ex C.F.Gaertn.,0425,Mezilaurus ita-uba (Meisn.) Taub. ex Mez,0.769128653427382,0.027865923684178843,0.2601673546959139,0.5089612987314681
0418,Mansonia altissima (A. Chev.) A. Chev.,0552,Quercus alba L.,0.6285279540075654,0.012409313496156668,0.11942757291818792,0.5091003810893775
0007,Acer pseudoplatanus L.,0313,Grevillea robusta A.Cunn. ex R.Br.,0.7930525604685712,0.27538384172241354,0.2838740990600396,0.5091784614085316
0003,Acacia mangium Willd.,0259,Entandrophragma utile (Dawe & Sprague) Sprague,0.7433703380438644,0.23412845438956545,0.2069978345154368,0.509241883654299
0157,Ceriops tagal (Perr.) C.B. Robinson,0331,Heritiera utilis (Sprague) Sprague,0.8401490189434393,0.33088565378713025,0.21354296220717087,0.509263365156309
0239,Dipteryx odorata (Aubl.) Forsyth f.,0479,Peltogyne catingae Ducke,0.9256856598776939,0.4164011395062616,0.05022355401665795,0.5092845203714322
0158,"Chlorocardium rodiei (R.H.Schomb.) Rohwer, H.G.Richt. & van der Werff",0478,Peltogyne Vogel,0.6909443529217815,0.10003326503781798,0.1811470023936011,0.5097973505281803
0003,Acacia mangium Willd.,0324,Guibourtia pellegriniana J.Léonard,0.7440539184565527,0.23412845438956545,0.20301559578579392,0.5099254640669872
0214,Daniellia thurifera Benn.,0648,Triplochiton scleroxylon K. Schum.,0.9148994064338475,0.4049723941201597,0.16453642510521302,0.5099270123136879
0181,Cotylelobium Pierre,0353,Intsia Thouars,0.9964480039913988,0.2627628502619556,0.48641128958703317,0.5100367144043656
0371,Khaya grandifoliola C.DC.,0679,Aningeria Aubrév. & Pellegr.,0.7408866965902106,0.048818241280783575,0.2305382109200897,0.5103484856701208
0080,Betula papyrifera Marshall,0625,Terminalia superba Engl.& Diels,0.90275751571386,0.3923039267660832,0.36271194838005,0.5104535889477768
0461,Ochroma pyramidale (Cav. ex Lam.) Urb.,0608,Swietenia mahagoni (L.) Jacq.,0.606577023167362,0.09605455767171649,0.02812049764059408,0.5105224654956455
0035,Anacardium giganteum Hancock ex Engl.,0399,Lovoa trichilioides Harms,0.8130677177053568,0.20568448529299813,0.3025441823946234,0.5105235353107334
0296,Fraxinus ornus L.,0372,Khaya ivorensis A.Chev.,0.7811401304116449,0.2704807546799976,0.2514693324780144,0.5106593757316473
0030,Amburana cearensis (Allemão) A.C.Sm.,0244,Dryobalanops C.F.Gaertn.,0.779506443576731,0.26876027711533945,0.03512342815501089,0.5107461664613916
0366,Juglans regia L.,0678,Albizia ferruginea (Guill. & Perr.) Benth.,0.8686924066520996,0.0161593253050704,0.35777892083270585,0.5109134858193938
0035,Anacardium giganteum Hancock ex Engl.,0552,Quercus alba L.,0.7168103545617178,0.20568448529299813,0.11942757291818792,0.5111258692687197
0425,Mezilaurus ita-uba (Meisn.) Taub. ex Mez,0553,Quercus petraea (Matt.) Liebl.,0.7716852090615878,0.2601673546959139,0.2581276659186852,0.5115178543656739
0085,Bobgunnia fistuloides (Harms) J.H. Kirkbr. & Wiersema,0130,Castanea sativa Mill.,0.9242129829848209,0.4125872589275239,0.15586720528769307,0.511625724057297
0091,Brachystegia Benth.,0293,Fraxinus americana L.,0.8819455616437365,0.36962746064415636,0.2006874935372814,0.5123181009995801
0066,Aucoumea klaineana Pierre,0096,Brosimum guianense (Aubl.) Huber ex Ducke,0.980717689996955,0.1689848833310126,0.468233813156223,0.512483876840732
0092,Brachystegia cynometroides Harms,0430,Milicia excelsa (Welw.) C.C. Berg,0.7353950038287554,0.05008607091450365,0.2228508772324565,0.5125441265962989
0297,Fraxinus mandshurica Rupr.,0353,Intsia Thouars,0.999154395714823,0.29800823641994206,0.48641128958703317,0.5127431061277898
0030,Amburana cearensis (Allemão) A.C.Sm.,0372,Khaya ivorensis A.Chev.,0.7815138698929309,0.26876027711533945,0.2514693324780144,0.5127535927775915
0091,Brachystegia Benth.,0371,Khaya grandifoliola C.DC.,0.8823962062955326,0.36962746064415636,0.048818241280783575,0.5127687456513763
0270,Erythrophleum suaveolens (Guill. & Perr.) Brenan,0294,Fraxinus excelsior L.,0.9229038884866214,0.4099958913427453,0.17627665442045826,0.5129079971438761
0034,Anacardium L.,0331,Heritiera utilis (Sprague) Sprague,0.8818944615902163,0.36896207906881207,0.21354296220717087,0.5129323825214043
0115,Carapa guianensis Aubl.,0479,Peltogyne catingae Ducke,0.9660444515378213,0.45301009815803,0.05022355401665795,0.5130343533797912
0073,Balfourodendron riedelianum (Engl.) Engl.,0625,Terminalia superba Engl.& Diels,0.8969721523795579,0.38391787966371865,0.36271194838005,0.5130542727158391
0399,Lovoa trichilioides Harms,0607,Swietenia macrophylla King,0.8156059042708367,0.3025441823946234,0.07084689292776884,0.5130617218762132
0426,Microberlinia brazzavillensis A. Chev.,0479,Peltogyne catingae Ducke,0.7531641351287846,0.23957417592531832,0.05022355401665795,0.5135899592034663
0270,Erythrophleum suaveolens (Guill. & Perr.) Brenan,0606,Swietenia humilis Zucc.,0.9238350058740568,0.4099958913427453,0.03956854200666897,0.5138391145313115
0130,Castanea sativa Mill.,0195,Ctenolophon parvifolius Oliv.,0.7449288608591249,0.15586720528769307,0.23093942479410615,0.5139894360650188
0080,Betula papyrifera Marshall,0158,"Chlorocardium rodiei (R.H.Schomb.) Rohwer, H.G.Richt. & van der Werff",0.9063050427176971,0.3923039267660832,0.10003326503781798,0.5140011159516138
0030,Amburana cearensis (Allemão) A.C.Sm.,0294,Fraxinus excelsior L.,0.7828420208156767,0.26876027711533945,0.17627665442045826,0.5140817437003372
0239,Dipteryx odorata (Aubl.) Forsyth f.,0258,Entandrophragma cylindricum (Sprague) Sprague,0.930531173819984,0.4164011395062616,0.25242647174716004,0.5141300343137223
0158,"Chlorocardium rodiei (R.H.Schomb.) Rohwer, H.G.Richt. & van der Werff",0195,Ctenolophon parvifolius Oliv.,0.7451688714773459,0.10003326503781798,0.23093942479410615,0.5142294466832398
0418,Mansonia altissima (A. Chev.) A. Chev.,0678,Albizia ferruginea (Guill. & Perr.) Benth.,0.8721718309515866,0.012409313496156668,0.35777892083270585,0.5143929101188807
0325,Guibourtia tessmannii (Harms) J.Léonard,0372,Khaya ivorensis A.Chev.,0.7658719391829996,0.19769310265299028,0.2514693324780144,0.5144026067049852
0096,Brosimum guianense (Aubl.) Huber ex Ducke,0552,Quercus alba L.,0.9830658704858513,0.468233813156223,0.11942757291818792,0.5148320573296283
0256,Entandrophragma angolense (Welw.) Panshin,0550,Quercus mongolica Fisch. ex Ledeb.,0.8342495274193229,0.319302552831661,0.0339628776830313,0.5149469745876619
0066,Aucoumea klaineana Pierre,0294,Fraxinus excelsior L.,0.691327168687117,0.1689848833310126,0.17627665442045826,0.5150505142666587
0293,Fraxinus americana L.,0552,Quercus alba L.,0.7158393104578566,0.2006874935372814,0.11942757291818792,0.5151518169205752
0207,Dalbergia nigra (Vell.) Allemão ex Benth.,0550,Quercus mongolica Fisch. ex Ledeb.,0.934719759089808,0.4194156315959103,0.0339628776830313,0.5153041274938976
0302,Gilbertiodendron preussii (Harms) J.Léonard,0479,Peltogyne catingae Ducke,0.6330795576345436,0.1175198759908919,0.05022355401665795,0.5155596816436517
0245,Dryobalanops aromatica C.F.Gaertn.,0294,Fraxinus excelsior L.,0.6918628805966431,0.08261225579476351,0.17627665442045826,0.5155862261761849
0095,Brosimum alicastrum Swartz,0325,Guibourtia tessmannii (Harms) J.Léonard,0.957164163255449,0.4413660741827014,0.19769310265299028,0.5157980890727476
0158,"Chlorocardium rodiei (R.H.Schomb.) Rohwer, H.G.Richt. & van der Werff",0324,Guibourtia pellegriniana J.Léonard,0.7188266237868999,0.10003326503781798,0.20301559578579392,0.5158110280011059
0257,Entandrophragma candollei Harms,0353,Intsia Thouars,1.0023324662837987,0.18916044854556002,0.48641128958703317,0.5159211766967655
0353,Intsia Thouars,0541,Pterygota macrocarpa K. Schum.,1.0024343766576984,0.48641128958703317,0.016821229975053267,0.5160230870706652
0214,Daniellia thurifera Benn.,0367,Juglans nigra L.,0.9210373543163732,0.4049723941201597,0.02005651109636719,0.5160649601962135
0006,Acer platanoides L.,0371,Khaya grandifoliola C.DC.,0.7059786938508525,0.18973256215443007,0.048818241280783575,0.5162461316964224
0129,Castanea crenata Siebold & Zucc.,0214,Daniellia thurifera Benn.,0.9214397888483034,0.01642495583191611,0.4049723941201597,0.5164673947281437
0239,Dipteryx odorata (Aubl.) Forsyth f.,0302,Gilbertiodendron preussii (Harms) J.Léonard,0.9329432559768425,0.4164011395062616,0.1175198759908919,0.5165421164705808
0181,Cotylelobium Pierre,0606,Swietenia humilis Zucc.,0.7793728579395085,0.2627628502619556,0.03956854200666897,0.5166100076775528
0243,Dracontomelon dao (Blanco) Merr. & Rolfe,0679,Aningeria Aubrév. & Pellegr.,0.884918516975369,0.36823324125981255,0.2305382109200897,0.5166852757155564
0080,Betula papyrifera Marshall,0207,Dalbergia nigra (Vell.) Allemão ex Benth.,0.9363177525583256,0.3923039267660832,0.4194156315959103,0.5169021209624154
0003,Acacia mangium Willd.,0195,Ctenolophon parvifolius Oliv.,0.7510972616863418,0.23412845438956545,0.23093942479410615,0.5169688072967764
0259,Entandrophragma utile (Dawe & Sprague) Sprague,0293,Fraxinus americana L.,0.7239688785294456,0.2069978345154368,0.2006874935372814,0.5169710440140087
0243,Dracontomelon dao (Blanco) Merr. & Rolfe,0302,Gilbertiodendron preussii (Harms) J.Léonard,0.8852569144767615,0.36823324125981255,0.1175198759908919,0.5170236732169489
0072,Baillonella toxisperma Pierre,0461,Ochroma pyramidale (Cav. ex Lam.) Urb.,0.8511669656752368,0.33402537324669906,0.09605455767171649,0.5171415924285376
0318,Leplaea cedrata (A.Chev.) E.J.M.Koenen & J.J.de Wilde,0625,Terminalia superba Engl.& Diels,0.8799330622912083,0.015638624237181115,0.36271194838005,0.5172211139111582
0115,Carapa guianensis Aubl.,0129,Castanea crenata Siebold & Zucc.,0.9703310266012084,0.45301009815803,0.01642495583191611,0.5173209284431783
0115,Carapa guianensis Aubl.,0461,Ochroma pyramidale (Cav. ex Lam.) Urb.,0.9703620806609692,0.45301009815803,0.09605455767171649,0.5173519825029391
0073,Balfourodendron riedelianum (Engl.) Engl.,0181,Cotylelobium Pierre,0.9014150950157518,0.38391787966371865,0.2627628502619556,0.5174972153520332
0093,Brachystegia laurentii (De Wild.) Louis ex J.Léonard,0243,Dracontomelon dao (Blanco) Merr. & Rolfe,0.8858978476637812,0.3343633761708376,0.36823324125981255,0.5176646064039687
0426,Microberlinia brazzavillensis A. Chev.,0541,Pterygota macrocarpa K. Schum.,0.7574631893983915,0.23957417592531832,0.016821229975053267,0.5178890134730731
0239,Dipteryx odorata (Aubl.) Forsyth f.,0530,Pterocarpus soyauxii Taub.,0.9349865817410066,0.4164011395062616,0.19955695100455761,0.5185854422347449
0041,Aniba rosodora Ducke,0552,Quercus alba L.,0.6381009611694086,0.0656528117264906,0.11942757291818792,0.5186733882512207
0258,Entandrophragma cylindricum (Sprague) Sprague,0613,Tabebuia rosea (Bert.) DC.,0.7936552530306558,0.25242647174716004,0.27496924594578387,0.5186860070848719
0461,Ochroma pyramidale (Cav. ex Lam.) Urb.,0553,Quercus petraea (Matt.) Liebl.,0.7770912858533391,0.09605455767171649,0.2581276659186852,0.5189636199346539
0236,Dipterocarpus C.F.Gaertn.,0372,Khaya ivorensis A.Chev.,0.7704446449747929,0.24925766087492005,0.2514693324780144,0.5189753124967785
0006,Acer platanoides L.,0085,Bobgunnia fistuloides (Harms) J.H. Kirkbr. & Wiersema,0.9316578951546534,0.18973256215443007,0.4125872589275239,0.5190706362271295
0091,Brachystegia Benth.,0297,Fraxinus mandshurica Rupr.,0.8889786845905827,0.36962746064415636,0.29800823641994206,0.5193512239464264
0066,Aucoumea klaineana Pierre,0245,Dryobalanops aromatica C.F.Gaertn.,0.6888918968115763,0.1689848833310126,0.08261225579476351,0.5199070134805637
0035,Anacardium giganteum Hancock ex Engl.,0353,Intsia Thouars,1.0063902735960242,0.20568448529299813,0.48641128958703317,0.519978984008991
0325,Guibourtia tessmannii (Harms) J.Léonard,0479,Peltogyne catingae Ducke,0.7177042841604715,0.19769310265299028,0.05022355401665795,0.5200111815074813
0115,Carapa guianensis Aubl.,0541,Pterygota macrocarpa K. Schum.,0.9730749263747944,0.45301009815803,0.016821229975053267,0.5200648282167644
0007,Acer pseudoplatanus L.,0096,Brosimum guianense (Aubl.) Huber ex Ducke,0.9883065089819445,0.27538384172241354,0.468233813156223,0.5200726958257216
0239,Dipteryx odorata (Aubl.) Forsyth f.,0325,Guibourtia tessmannii (Harms) J.Léonard,0.9366623549514487,0.4164011395062616,0.19769310265299028,0.5202612154451871
0147,Ceiba pentandra (L.) Gaertn.,0554,Quercus robur L.,0.6307456029327158,0.09920852062625649,0.11024859949584655,0.5204970034368692
0195,Ctenolophon parvifolius Oliv.,0258,Entandrophragma cylindricum (Sprague) Sprague,0.7731921088559235,0.23093942479410615,0.25242647174716004,0.5207656371087634
0129,Castanea crenata Siebold & Zucc.,0353,Intsia Thouars,1.0073723670622532,0.01642495583191611,0.48641128958703317,0.52096107747522
0256,Entandrophragma angolense (Welw.) Panshin,0375,Koompassia malaccensis Maing.,0.84033645493323,0.319302552831661,0.03982575224826281,0.521033902101569
0367,Juglans nigra L.,0372,Khaya ivorensis A.Chev.,0.772672915655395,0.02005651109636719,0.2514693324780144,0.5212035831773806
0371,Khaya grandifoliola C.DC.,0431,Millettia laurentii De Wild.,0.6690505966461195,0.048818241280783575,0.14784264520810295,0.5212079514380166
0072,Baillonella toxisperma Pierre,0096,Brosimum guianense (Aubl.) Huber ex Ducke,0.989793025030674,0.33402537324669906,0.468233813156223,0.521559211874451
0041,Aniba rosodora Ducke,0541,Pterygota macrocarpa K. Schum.,0.5877112633478719,0.0656528117264906,0.016821229975053267,0.5220584516213813
0354,Intsia bijuga (Colebr.) Kuntze,0425,Mezilaurus ita-uba (Meisn.) Taub. ex Mez,0.816161631378515,0.29407015717558727,0.2601673546959139,0.5220914742029278
0003,Acacia mangium Willd.,0426,Microberlinia brazzavillensis A. Chev.,0.7617290253848535,0.23412845438956545,0.23957417592531832,0.5221548494595352
0425,Mezilaurus ita-uba (Meisn.) Taub. ex Mez,0431,Millettia laurentii De Wild.,0.7823250548821776,0.2601673546959139,0.14784264520810295,0.5221577001862637
0007,Acer pseudoplatanus L.,0648,Triplochiton scleroxylon K. Schum.,0.7976177338877855,0.27538384172241354,0.16453642510521302,0.522233892165372
0372,Khaya ivorensis A.Chev.,0648,Triplochiton scleroxylon K. Schum.,0.7737032882925587,0.2514693324780144,0.16453642510521302,0.5222339558145443
0045,Anopyxis klaineana (Pierre) Engl.,0318,Leplaea cedrata (A.Chev.) E.J.M.Koenen & J.J.de Wilde,0.9490092268585191,0.42664489754293794,0.015638624237181115,0.5223643293155811
0115,Carapa guianensis Aubl.,0552,Quercus alba L.,0.9754562080081737,0.45301009815803,0.11942757291818792,0.5224461098501436
0269,Erythrophleum ivorense A. Chev,0325,Guibourtia tessmannii (Harms) J.Léonard,0.8128749140124762,0.2903085074707726,0.19769310265299028,0.5225664065417037
0214,Daniellia thurifera Benn.,0552,Quercus alba L.,0.9275592573799147,0.4049723941201597,0.11942757291818792,0.522586863259755
0239,Dipteryx odorata (Aubl.) Forsyth f.,0426,Microberlinia brazzavillensis A. Chev.,0.9390954811698421,0.4164011395062616,0.23957417592531832,0.5226943416635805
0270,Erythrophleum suaveolens (Guill. & Perr.) Brenan,0396,Lophira alata Banks ex C.F.Gaertn.,0.9327795871339715,0.4099958913427453,0.027865923684178843,0.5227836957912262
0080,Betula papyrifera Marshall,0431,Millettia laurentii De Wild.,0.9152035425325162,0.3923039267660832,0.14784264520810295,0.522899615766433
0096,Brosimum guianense (Aubl.) Huber ex Ducke,0554,Quercus robur L.,0.9913135320776127,0.468233813156223,0.11024859949584655,0.5230797189213898
0003,Acacia mangium Willd.,0257,Entandrophragma candollei Harms,0.7572424437949477,0.23412845438956545,0.18916044854556002,0.5231139894053822
0035,Anacardium giganteum Hancock ex Engl.,0553,Quercus petraea (Matt.) Liebl.,0.781606449509311,0.20568448529299813,0.2581276659186852,0.5234787835906258
0035,Anacardium giganteum Hancock ex Engl.,0554,Quercus robur L.,0.7291839437966667,0.20568448529299813,0.11024859949584655,0.5234994585036686
0080,Betula papyrifera Marshall,0608,Swietenia mahagoni (L.) Jacq.,0.9158509074031391,0.3923039267660832,0.02812049764059408,0.5235469806370558
0009,Leptolobium Vogel,0245,Dryobalanops aromatica C.F.Gaertn.,0.6847731670500896,0.16101899818656135,0.08261225579476351,0.5237541688635283
0243,Dracontomelon dao (Blanco) Merr. & Rolfe,0301,Gilbertiodendron dewevrei (De Wild.) J.Léonard,0.892596456630204,0.36823324125981255,0.15292725453998418,0.5243632153703914
0270,Erythrophleum suaveolens (Guill. & Perr.) Brenan,0318,Leplaea cedrata (A.Chev.) E.J.M.Koenen & J.J.de Wilde,0.9345451607671953,0.4099958913427453,0.015638624237181115,0.52454926942445
0115,Carapa guianensis Aubl.,0367,Juglans nigra L.,0.9777302914403501,0.45301009815803,0.02005651109636719,0.52472019328232
0479,Peltogyne catingae Ducke,0625,Terminalia superba Engl.& Diels,0.887530595489319,0.05022355401665795,0.36271194838005,0.5248186471092691
0258,Entandrophragma cylindricum (Sprague) Sprague,0371,Khaya grandifoliola C.DC.,0.7774128607388495,0.25242647174716004,0.048818241280783575,0.5249863889916895
0257,Entandrophragma candollei Harms,0269,Erythrophleum ivorense A. Chev,0.8153647646988197,0.18916044854556002,0.2903085074707726,0.525056257228047
0270,Erythrophleum suaveolens (Guill. & Perr.) Brenan,0313,Grevillea robusta A.Cunn. ex R.Br.,0.9353112779477468,0.4099958913427453,0.2838740990600396,0.5253153866050015
0080,Betula papyrifera Marshall,0607,Swietenia macrophylla King,0.9177444168550417,0.3923039267660832,0.07084689292776884,0.5254404900889584
0034,Anacardium L.,0081,Betula pendula Roth,0.894458194161037,0.36896207906881207,0.0025807385340572584,0.5254961150922249
0081,Betula pendula Roth,0625,Terminalia superba Engl.& Diels,0.8882612529084435,0.0025807385340572584,0.36271194838005,0.5255493045283934
0095,Brosimum alicastrum Swartz,0323,Guibourtia demeusei (Harms) J.Léonard,0.9670184665428052,0.4413660741827014,0.35528177474147954,0.5256523923601037
0258,Entandrophragma cylindricum (Sprague) Sprague,0480,Peltogyne mexicana Martínez,0.778098760912168,0.25242647174716004,0.1079574407089981,0.525672289165008
0092,Brachystegia cynometroides Harms,0259,Entandrophragma utile (Dawe & Sprague) Sprague,0.7328403748520826,0.05008607091450365,0.2069978345154368,0.5258425403366458
0243,Dracontomelon dao (Blanco) Merr. & Rolfe,0550,Quercus mongolica Fisch. ex Ledeb.,0.8941478115789274,0.36823324125981255,0.0339628776830313,0.5259145703191148
0096,Brosimum guianense (Aubl.) Huber ex Ducke,0130,Castanea sativa Mill.,0.9944348432245599,0.468233813156223,0.15586720528769307,0.5262010300683369
0297,Fraxinus mandshurica Rupr.,0425,Mezilaurus ita-uba (Meisn.) Taub. ex Mez,0.8243510016570311,0.29800823641994206,0.2601673546959139,0.5263427652370891
0294,Fraxinus excelsior L.,0607,Swietenia macrophylla King,0.702803074310187,0.17627665442045826,0.07084689292776884,0.5265264198897287
0366,Juglans regia L.,0541,Pterygota macrocarpa K. Schum.,0.5433839809355925,0.0161593253050704,0.016821229975053267,0.5265627509605392
0030,Amburana cearensis (Allemão) A.C.Sm.,0195,Ctenolophon parvifolius Oliv.,0.7953304506748577,0.26876027711533945,0.23093942479410615,0.5265701735595183
0244,Dryobalanops C.F.Gaertn.,0294,Fraxinus excelsior L.,0.7029200312841433,0.03512342815501089,0.17627665442045826,0.526643376863685
0070,Bagassa guianensis Aubl.,0366,Juglans regia L.,0.9798597859904332,0.4528924582382436,0.0161593253050704,0.5269673277521896
0003,Acacia mangium Willd.,0331,Heritiera utilis (Sprague) Sprague,0.7612413443237402,0.23412845438956545,0.21354296220717087,0.5271128899341748
0313,Grevillea robusta A.Cunn. ex R.Br.,0608,Swietenia mahagoni (L.) Jacq.,0.8111990904236385,0.2838740990600396,0.02812049764059408,0.5273249913635989
0214,Daniellia thurifera Benn.,0554,Quercus robur L.,0.9323393667162942,0.4049723941201597,0.11024859949584655,0.5273669725961345
0353,Intsia Thouars,0552,Quercus alba L.,1.0142622336211822,0.48641128958703317,0.11942757291818792,0.527850944034149
0157,Ceriops tagal (Perr.) C.B. Robinson,0256,Entandrophragma angolense (Welw.) Panshin,0.8587929970329578,0.33088565378713025,0.319302552831661,0.5279073432458274
0195,Ctenolophon parvifolius Oliv.,0245,Dryobalanops aromatica C.F.Gaertn.,0.7588824046357606,0.23093942479410615,0.08261225579476351,0.5279429798416545
0007,Acer pseudoplatanus L.,0085,Bobgunnia fistuloides (Harms) J.H. Kirkbr. & Wiersema,0.9406899114787449,0.27538384172241354,0.4125872589275239,0.528102652551221
0081,Betula pendula Roth,0372,Khaya ivorensis A.Chev.,0.7795744415971437,0.0025807385340572584,0.2514693324780144,0.5281051091191293
0035,Anacardium giganteum Hancock ex Engl.,0129,Castanea crenata Siebold & Zucc.,0.7338302332772103,0.20568448529299813,0.01642495583191611,0.5281457479842122
0430,Milicia excelsa (Welw.) C.C. Berg,0480,Peltogyne mexicana Martínez,0.7511216712545454,0.2228508772324565,0.1079574407089981,0.528270794022089
0129,Castanea crenata Siebold & Zucc.,0293,Fraxinus americana L.,0.7290305213687145,0.01642495583191611,0.2006874935372814,0.528343027831433
0294,Fraxinus excelsior L.,0553,Quercus petraea (Matt.) Liebl.,0.7865673620066562,0.17627665442045826,0.2581276659186852,0.528439696087971
0003,Acacia mangium Willd.,0073,Balfourodendron riedelianum (Engl.) Engl.,0.9126284396051604,0.23412845438956545,0.38391787966371865,0.5287105599414417
0092,Brachystegia cynometroides Harms,0479,Peltogyne catingae Ducke,0.5789518276723282,0.05008607091450365,0.05022355401665795,0.5287282736556703
0147,Ceiba pentandra (L.) Gaertn.,0258,Entandrophragma cylindricum (Sprague) Sprague,0.7811629962453198,0.09920852062625649,0.25242647174716004,0.5287365244981598
0270,Erythrophleum suaveolens (Guill. & Perr.) Brenan,0607,Swietenia macrophylla King,0.9387678455382082,0.4099958913427453,0.07084689292776884,0.528771954195463
0296,Fraxinus ornus L.,0553,Quercus petraea (Matt.) Liebl.,0.7994291940004933,0.2704807546799976,0.2581276659186852,0.5289484393204957
0399,Lovoa trichilioides Harms,0608,Swietenia mahagoni (L.) Jacq.,0.8316225738212393,0.3025441823946234,0.02812049764059408,0.529078391426616
0257,Entandrophragma candollei Harms,0258,Entandrophragma cylindricum (Sprague) Sprague,0.7816142559983589,0.18916044854556002,0.25242647174716004,0.5291877842511988
0034,Anacardium L.,0431,Millettia laurentii De Wild.,0.8982172169151599,0.36896207906881207,0.14784264520810295,0.5292551378463478
0244,Dryobalanops C.F.Gaertn.,0313,Grevillea robusta A.Cunn. ex R.Br.,0.8132966096843067,0.03512342815501089,0.2838740990600396,0.5294225106242672
0091,Brachystegia Benth.,0257,Entandrophragma candollei Harms,0.8991813337834833,0.36962746064415636,0.18916044854556002,0.529553873139327
0238,Dipterocarpus kerrii King,0366,Juglans regia L.,0.5635054253097656,0.03389503762998255,0.0161593253050704,0.529610387679783
0073,Balfourodendron riedelianum (Engl.) Engl.,0243,Dracontomelon dao (Blanco) Merr. & Rolfe,0.9136650454401508,0.38391787966371865,0.36823324125981255,0.5297471657764321
0157,Ceriops tagal (Perr.) C.B. Robinson,0396,Lophira alata Banks ex C.F.Gaertn.,0.8606517688139832,0.33088565378713025,0.027865923684178843,0.5297661150268529
0195,Ctenolophon parvifolius Oliv.,0399,Lovoa trichilioides Harms,0.8323543616538616,0.23093942479410615,0.3025441823946234,0.5298101792592382
0214,Daniellia thurifera Benn.,0613,Tabebuia rosea (Bert.) DC.,0.9355586063795558,0.4049723941201597,0.27496924594578387,0.5305862122593961
0418,Mansonia altissima (A. Chev.) A. Chev.,0541,Pterygota macrocarpa K. Schum.,0.5477337277358385,0.012409313496156668,0.016821229975053267,0.5309124977607852
0091,Brachystegia Benth.,0530,Pterocarpus soyauxii Taub.,0.9006241448093859,0.36962746064415636,0.19955695100455761,0.5309966841652296
0130,Castanea sativa Mill.,0236,Dipterocarpus C.F.Gaertn.,0.7802589800167283,0.15586720528769307,0.24925766087492005,0.5310013191418083
0096,Brosimum guianense (Aubl.) Huber ex Ducke,0553,Quercus petraea (Matt.) Liebl.,0.9993218079339984,0.468233813156223,0.2581276659186852,0.5310879947777754
0073,Balfourodendron riedelianum (Engl.) Engl.,0541,Pterygota macrocarpa K. Schum.,0.9151406106664235,0.38391787966371865,0.016821229975053267,0.5312227310027049
0092,Brachystegia cynometroides Harms,0239,Dipteryx odorata (Aubl.) Forsyth f.,0.9476364598953371,0.05008607091450365,0.4164011395062616,0.5312353203890754
0257,Entandrophragma candollei Harms,0297,Fraxinus mandshurica Rupr.,0.8293059992597579,0.18916044854556002,0.29800823641994206,0.5312977628398159
0115,Carapa guianensis Aubl.,0554,Quercus robur L.,0.9844083706423294,0.45301009815803,0.11024859949584655,0.5313982724842994
0323,Guibourtia demeusei (Harms) J.Léonard,0625,Terminalia superba Engl.& Diels,0.8942199603320491,0.35528177474147954,0.36271194838005,0.531508011951999
0214,Daniellia thurifera Benn.,0426,Microberlinia brazzavillensis A. Chev.,0.9366658758822419,0.4049723941201597,0.23957417592531832,0.5316934817620822
0399,Lovoa trichilioides Harms,0431,Millettia laurentii De Wild.,0.834488873005321,0.3025441823946234,0.14784264520810295,0.5319446906106977
0245,Dryobalanops aromatica C.F.Gaertn.,0425,Mezilaurus ita-uba (Meisn.) Taub. ex Mez,0.7924070990590129,0.08261225579476351,0.2601673546959139,0.532239744363099
0425,Mezilaurus ita-uba (Meisn.) Taub. ex Mez,0606,Swietenia humilis Zucc.,0.7924481850257313,0.2601673546959139,0.03956854200666897,0.5322808303298174
0239,Dipteryx odorata (Aubl.) Forsyth f.,0480,Peltogyne mexicana Martínez,0.9491249032040822,0.4164011395062616,0.1079574407089981,0.5327237636978206
0041,Aniba rosodora Ducke,0238,Dipterocarpus kerrii King,0.5983916367133667,0.0656528117264906,0.03389503762998255,0.5327388249868761
0157,Ceriops tagal (Perr.) C.B. Robinson,0245,Dryobalanops aromatica C.F.Gaertn.,0.8638200335006642,0.33088565378713025,0.08261225579476351,0.532934379713534
0239,Dipteryx odorata (Aubl.) Forsyth f.,0354,Intsia bijuga (Colebr.) Kuntze,0.949435617186488,0.4164011395062616,0.29407015717558727,0.5330344776802263
0297,Fraxinus mandshurica Rupr.,0375,Koompassia malaccensis Maing.,0.8311556677156646,0.29800823641994206,0.03982575224826281,0.5331474312957225
0323,Guibourtia demeusei (Harms) J.Léonard,0371,Khaya grandifoliola C.DC.,0.8887215446182513,0.35528177474147954,0.048818241280783575,0.5334397698767717
0371,Khaya grandifoliola C.DC.,0606,Swietenia humilis Zucc.,0.5822845920337922,0.048818241280783575,0.03956854200666897,0.5334663507530086
0147,Ceiba pentandra (L.) Gaertn.,0366,Juglans regia L.,0.6329377767424953,0.09920852062625649,0.0161593253050704,0.5337292561162388
0093,Brachystegia laurentii (De Wild.) Louis ex J.Léonard,0318,Leplaea cedrata (A.Chev.) E.J.M.Koenen & J.J.de Wilde,0.8681080348922162,0.3343633761708376,0.015638624237181115,0.5337446587213786
0033,Anacardium excelsum (Bertero & Balb. ex Kunth) Skeels,0256,Entandrophragma angolense (Welw.) Panshin,0.8530918067782323,0.07482690115830566,0.319302552831661,0.5337892539465713
0236,Dipterocarpus C.F.Gaertn.,0258,Entandrophragma cylindricum (Sprague) Sprague,0.786314240717608,0.24925766087492005,0.25242647174716004,0.533887768970448
0259,Entandrophragma utile (Dawe & Sprague) Sprague,0326,Guibourtia ehie (A. Chev.) J. Léonard,0.832384652398402,0.2069978345154368,0.2984188053844587,0.5339658470139432
0129,Castanea crenata Siebold & Zucc.,0207,Dalbergia nigra (Vell.) Allemão ex Benth.,0.9534288869590747,0.01642495583191611,0.4194156315959103,0.5340132553631645
0396,Lophira alata Banks ex C.F.Gaertn.,0625,Terminalia superba Engl.& Diels,0.8967775349055027,0.027865923684178843,0.36271194838005,0.5340655865254527
0045,Anopyxis klaineana (Pierre) Engl.,0323,Guibourtia demeusei (Harms) J.Léonard,0.9609060934286069,0.42664489754293794,0.35528177474147954,0.5342611958856689
0007,Acer pseudoplatanus L.,0371,Khaya grandifoliola C.DC.,0.8096671287640862,0.27538384172241354,0.048818241280783575,0.5342832870416727
0238,Dipterocarpus kerrii King,0418,Mansonia altissima (A. Chev.) A. Chev.,0.5681827370873079,0.03389503762998255,0.012409313496156668,0.5342876994573253
0256,Entandrophragma angolense (Welw.) Panshin,0430,Milicia excelsa (Welw.) C.C. Berg,0.8537963564473895,0.319302552831661,0.2228508772324565,0.5344938036157285
0293,Fraxinus americana L.,0542,Pycnanthus angolensis (Welw.) Warb.,0.7357638173681698,0.2006874935372814,0.07234546467128498,0.5350763238308883
0081,Betula pendula Roth,0553,Quercus petraea (Matt.) Liebl.,0.7933415561027448,0.0025807385340572584,0.2581276659186852,0.5352138901840596
0353,Intsia Thouars,0648,Triplochiton scleroxylon K. Schum.,1.0218161083818487,0.48641128958703317,0.16453642510521302,0.5354048187948155
0093,Brachystegia laurentii (De Wild.) Louis ex J.Léonard,0396,Lophira alata Banks ex C.F.Gaertn.,0.8699581879438696,0.3343633761708376,0.027865923684178843,0.535594811773032
0313,Grevillea robusta A.Cunn. ex R.Br.,0607,Swietenia macrophylla King,0.8195078478742295,0.2838740990600396,0.07084689292776884,0.5356337488141899
0181,Cotylelobium Pierre,0371,Khaya grandifoliola C.DC.,0.7984154124651298,0.2627628502619556,0.048818241280783575,0.5356525622031743
0243,Dracontomelon dao (Blanco) Merr. & Rolfe,0426,Microberlinia brazzavillensis A. Chev.,0.9038970438217258,0.36823324125981255,0.23957417592531832,0.5356638025619131
0353,Intsia Thouars,0554,Quercus robur L.,1.0220891824849727,0.48641128958703317,0.11024859949584655,0.5356778928979395
0325,Guibourtia tessmannii (Harms) J.Léonard,0399,Lovoa trichilioides Harms,0.8383386272755293,0.19769310265299028,0.3025441823946234,0.535794444880906
0181,Cotylelobium Pierre,0679,Aningeria Aubrév. & Pellegr.,0.7994061389601429,0.2627628502619556,0.2305382109200897,0.5366432886981873
0239,Dipteryx odorata (Aubl.) Forsyth f.,0375,Koompassia malaccensis Maing.,0.9535276496622529,0.4164011395062616,0.03982575224826281,0.5371265101559912
0080,Betula papyrifera Marshall,0613,Tabebuia rosea (Bert.) DC.,0.9298173722531539,0.3923039267660832,0.27496924594578387,0.5375134454870707
0041,Aniba rosodora Ducke,0678,Albizia ferruginea (Guill. & Perr.) Benth.,0.8954242939673551,0.0656528117264906,0.35777892083270585,0.5376453731346493
0195,Ctenolophon parvifolius Oliv.,0256,Entandrophragma angolense (Welw.) Panshin,0.8569738228499029,0.23093942479410615,0.319302552831661,0.5376712700182419
0259,Entandrophragma utile (Dawe & Sprague) Sprague,0430,Milicia excelsa (Welw.) C.C. Berg,0.7606969261467665,0.2069978345154368,0.2228508772324565,0.53784604891431
0239,Dipteryx odorata (Aubl.) Forsyth f.,0478,Peltogyne Vogel,0.9543156096675649,0.4164011395062616,0.1811470023936011,0.5379144701613032
0085,Bobgunnia fistuloides (Harms) J.H. Kirkbr. & Wiersema,0331,Heritiera utilis (Sprague) Sprague,0.9507194612117777,0.4125872589275239,0.21354296220717087,0.5381322022842538
0313,Grevillea robusta A.Cunn. ex R.Br.,0550,Quercus mongolica Fisch. ex Ledeb.,0.8220141476374846,0.2838740990600396,0.0339628776830313,0.538140048577445
0157,Ceriops tagal (Perr.) C.B. Robinson,0353,Intsia Thouars,1.0246376103640937,0.33088565378713025,0.48641128958703317,0.5382263207770606
0181,Cotylelobium Pierre,0270,Erythrophleum suaveolens (Guill. & Perr.) Brenan,0.9484167472401603,0.2627628502619556,0.4099958913427453,0.5384208558974151
0073,Balfourodendron riedelianum (Engl.) Engl.,0375,Koompassia malaccensis Maing.,0.9223477263279973,0.38391787966371865,0.03982575224826281,0.5384298466642787
0095,Brosimum alicastrum Swartz,0318,Leplaea cedrata (A.Chev.) E.J.M.Koenen & J.J.de Wilde,0.9798618783748011,0.4413660741827014,0.015638624237181115,0.5384958041920997
0130,Castanea sativa Mill.,0353,Intsia Thouars,1.0249463501885767,0.15586720528769307,0.48641128958703317,0.5385350606015435
0070,Bagassa guianensis Aubl.,0418,Mansonia altissima (A. Chev.) A. Chev.,0.9915300372330575,0.4528924582382436,0.012409313496156668,0.5386375789948139
0091,Brachystegia Benth.,0239,Dipteryx odorata (Aubl.) Forsyth f.,0.9550444599192722,0.36962746064415636,0.4164011395062616,0.5386433204130106
0257,Entandrophragma candollei Harms,0371,Khaya grandifoliola C.DC.,0.7278484153872781,0.18916044854556002,0.048818241280783575,0.538687966841718
0214,Daniellia thurifera Benn.,0553,Quercus petraea (Matt.) Liebl.,0.9441530928402981,0.4049723941201597,0.2581276659186852,0.5391806987201384
0331,Heritiera utilis (Sprague) Sprague,0542,Pycnanthus angolensis (Welw.) Warb.,0.7527829250280808,0.21354296220717087,0.07234546467128498,0.5392399628209099
0070,Bagassa guianensis Aubl.,0530,Pterocarpus soyauxii Taub.,0.9921912548539709,0.4528924582382436,0.19955695100455761,0.5392987966157272
0085,Bobgunnia fistuloides (Harms) J.H. Kirkbr. & Wiersema,0461,Ochroma pyramidale (Cav. ex Lam.) Urb.,0.9521574475749756,0.4125872589275239,0.09605455767171649,0.5395701886474517
0130,Castanea sativa Mill.,0238,Dipterocarpus kerrii King,0.6954398849937794,0.15586720528769307,0.03389503762998255,0.5395726797060864
0195,Ctenolophon parvifolius Oliv.,0257,Entandrophragma candollei Harms,0.7707273274298893,0.23093942479410615,0.18916044854556002,0.5397879026357831
0080,Betula papyrifera Marshall,0678,Albizia ferruginea (Guill. & Perr.) Benth.,0.9327454303703016,0.3923039267660832,0.35777892083270585,0.5404415036042183
0269,Erythrophleum ivorense A. Chev,0372,Khaya ivorensis A.Chev.,0.830859081827807,0.2903085074707726,0.2514693324780144,0.5405505743570345
0367,Juglans nigra L.,0461,Ochroma pyramidale (Cav. ex Lam.) Urb.,0.6366486036284682,0.02005651109636719,0.09605455767171649,0.5405940459567518
0257,Entandrophragma candollei Harms,0296,Fraxinus ornus L.,0.8111425810646296,0.18916044854556002,0.2704807546799976,0.5406618263846319
0073,Balfourodendron riedelianum (Engl.) Engl.,0399,Lovoa trichilioides Harms,0.9246499622270774,0.38391787966371865,0.3025441823946234,0.5407320825633588
0073,Balfourodendron riedelianum (Engl.) Engl.,0238,Dipterocarpus kerrii King,0.9247127708894693,0.38391787966371865,0.03389503762998255,0.5407948912257508
0035,Anacardium giganteum Hancock ex Engl.,0085,Bobgunnia fistuloides (Harms) J.H. Kirkbr. & Wiersema,0.9534652695724446,0.20568448529299813,0.4125872589275239,0.5408780106449207
0270,Erythrophleum suaveolens (Guill. & Perr.) Brenan,0331,Heritiera utilis (Sprague) Sprague,0.9509790577764113,0.4099958913427453,0.21354296220717087,0.5409831664336661
0072,Baillonella toxisperma Pierre,0372,Khaya ivorensis A.Chev.,0.8750757206583777,0.33402537324669906,0.2514693324780144,0.5410503474116786
0530,Pterocarpus soyauxii Taub.,0553,Quercus petraea (Matt.) Liebl.,0.7993147726905925,0.19955695100455761,0.2581276659186852,0.5411871067719073
0130,Castanea sativa Mill.,0297,Fraxinus mandshurica Rupr.,0.8392095284040345,0.15586720528769307,0.29800823641994206,0.5412012919840925
0294,Fraxinus excelsior L.,0326,Guibourtia ehie (A. Chev.) J. Léonard,0.8398794079008551,0.17627665442045826,0.2984188053844587,0.5414606025163964
0115,Carapa guianensis Aubl.,0130,Castanea sativa Mill.,0.9945164015604886,0.45301009815803,0.15586720528769307,0.5415063034024585
0147,Ceiba pentandra (L.) Gaertn.,0418,Mansonia altissima (A. Chev.) A. Chev.,0.6407361009397272,0.09920852062625649,0.012409313496156668,0.5415275803134707
0129,Castanea crenata Siebold & Zucc.,0147,Ceiba pentandra (L.) Gaertn.,0.6407633731726081,0.01642495583191611,0.09920852062625649,0.5415548525463516
0293,Fraxinus americana L.,0372,Khaya ivorensis A.Chev.,0.7933481091970243,0.2006874935372814,0.2514693324780144,0.5418787767190099
0259,Entandrophragma utile (Dawe & Sprague) Sprague,0331,Heritiera utilis (Sprague) Sprague,0.7554952441967443,0.2069978345154368,0.21354296220717087,0.5419522819895735
0396,Lophira alata Banks ex C.F.Gaertn.,0678,Albizia ferruginea (Guill. & Perr.) Benth.,0.8997403685649769,0.027865923684178843,0.35777892083270585,0.541961447732271
0239,Dipteryx odorata (Aubl.) Forsyth f.,0331,Heritiera utilis (Sprague) Sprague,0.9584089458269519,0.4164011395062616,0.21354296220717087,0.5420078063206903
0239,Dipteryx odorata (Aubl.) Forsyth f.,0301,Gilbertiodendron dewevrei (De Wild.) J.Léonard,0.9585857989410554,0.4164011395062616,0.15292725453998418,0.5421846594347939
0214,Daniellia thurifera Benn.,0461,Ochroma pyramidale (Cav. ex Lam.) Urb.,0.9471582700106906,0.4049723941201597,0.09605455767171649,0.5421858758905309
0009,Leptolobium Vogel,0244,Dryobalanops C.F.Gaertn.,0.7035547391895038,0.16101899818656135,0.03512342815501089,0.5425357410029426
0461,Ochroma pyramidale (Cav. ex Lam.) Urb.,0550,Quercus mongolica Fisch. ex Ledeb.,0.6387678779909678,0.09605455767171649,0.0339628776830313,0.5427133203192513
0009,Leptolobium Vogel,0236,Dipterocarpus C.F.Gaertn.,0.7923478340734682,0.16101899818656135,0.24925766087492005,0.5430901731985481
0259,Entandrophragma utile (Dawe & Sprague) Sprague,0425,Mezilaurus ita-uba (Meisn.) Taub. ex Mez,0.8032802907886871,0.2069978345154368,0.2601673546959139,0.5431129360927732
0115,Carapa guianensis Aubl.,0553,Quercus petraea (Matt.) Liebl.,0.9962042458687645,0.45301009815803,0.2581276659186852,0.5431941477107345
0323,Guibourtia demeusei (Harms) J.Léonard,0430,Milicia excelsa (Welw.) C.C. Berg,0.8988398111327283,0.35528177474147954,0.2228508772324565,0.5435580363912487
0073,Balfourodendron riedelianum (Engl.) Engl.,0426,Microberlinia brazzavillensis A. Chev.,0.9276864253848319,0.38391787966371865,0.23957417592531832,0.5437685457211132
0003,Acacia mangium Willd.,0147,Ceiba pentandra (L.) Gaertn.,0.7779339062022308,0.23412845438956545,0.09920852062625649,0.5438054518126654
0066,Aucoumea klaineana Pierre,0244,Dryobalanops C.F.Gaertn.,0.7128793993222683,0.1689848833310126,0.03512342815501089,0.5438945159912557
0366,Juglans regia L.,0542,Pycnanthus angolensis (Welw.) Warb.,0.6162843078926251,0.0161593253050704,0.07234546467128498,0.5439388432213401
0092,Brachystegia cynometroides Harms,0243,Dracontomelon dao (Blanco) Merr. & Rolfe,0.9124224030380796,0.05008607091450365,0.36823324125981255,0.544189161778267
0033,Anacardium excelsum (Bertero & Balb. ex Kunth) Skeels,0399,Lovoa trichilioides Harms,0.8468195883054681,0.07482690115830566,0.3025441823946234,0.5442754059108448
0302,Gilbertiodendron preussii (Harms) J.Léonard,0325,Guibourtia tessmannii (Harms) J.Léonard,0.7423482026275572,0.1175198759908919,0.19769310265299028,0.544655099974567
0096,Brosimum guianense (Aubl.) Huber ex Ducke,0542,Pycnanthus angolensis (Welw.) Warb.,1.0130543137570118,0.468233813156223,0.07234546467128498,0.5448205006007889
0003,Acacia mangium Willd.,0313,Grevillea robusta A.Cunn. ex R.Br.,0.8289916638892216,0.23412845438956545,0.2838740990600396,0.545117564829182
0009,Leptolobium Vogel,0195,Ctenolophon parvifolius Oliv.,0.7770214103684802,0.16101899818656135,0.23093942479410615,0.546081985574374
0033,Anacardium excelsum (Bertero & Balb. ex Kunth) Skeels,0554,Quercus robur L.,0.656814199106895,0.07482690115830566,0.11024859949584655,0.5465655996110484
0009,Leptolobium Vogel,0431,Millettia laurentii De Wild.,0.7076251561272245,0.16101899818656135,0.14784264520810295,0.5466061579406631
0243,Dracontomelon dao (Blanco) Merr. & Rolfe,0325,Guibourtia tessmannii (Harms) J.Léonard,0.9149168865978488,0.36823324125981255,0.19769310265299028,0.5466836453380362
0530,Pterocarpus soyauxii Taub.,0554,Quercus robur L.,0.7464325207294463,0.19955695100455761,0.11024859949584655,0.5468755697248887
0073,Balfourodendron riedelianum (Engl.) Engl.,0270,Erythrophleum suaveolens (Guill. & Perr.) Brenan,0.9568889016536091,0.38391787966371865,0.4099958913427453,0.5468930103108638
0270,Erythrophleum suaveolens (Guill. & Perr.) Brenan,0608,Swietenia mahagoni (L.) Jacq.,0.9568920273584407,0.4099958913427453,0.02812049764059408,0.5468961360156954
0096,Brosimum guianense (Aubl.) Huber ex Ducke,0550,Quercus mongolica Fisch. ex Ledeb.,1.01526704837237,0.468233813156223,0.0339628776830313,0.5470332352161471
0243,Dracontomelon dao (Blanco) Merr. & Rolfe,0478,Peltogyne Vogel,0.9160314929403921,0.36823324125981255,0.1811470023936011,0.5477982516805795
0066,Aucoumea klaineana Pierre,0372,Khaya ivorensis A.Chev.,0.7993356877472341,0.1689848833310126,0.2514693324780144,0.5478663552692197
0239,Dipteryx odorata (Aubl.) Forsyth f.,0324,Guibourtia pellegriniana J.Léonard,0.9644778762755224,0.4164011395062616,0.20301559578579392,0.5480767367692607
0091,Brachystegia Benth.,0243,Dracontomelon dao (Blanco) Merr. & Rolfe,0.9177163653906157,0.36962746064415636,0.36823324125981255,0.5480889047464594
0239,Dipteryx odorata (Aubl.) Forsyth f.,0431,Millettia laurentii De Wild.,0.9645033402697933,0.4164011395062616,0.14784264520810295,0.5481022007635317
0259,Entandrophragma utile (Dawe & Sprague) Sprague,0323,Guibourtia demeusei (Harms) J.Léonard,0.9034951194102532,0.2069978345154368,0.35528177474147954,0.5482133446687736
0354,Intsia bijuga (Colebr.) Kuntze,0606,Swietenia humilis Zucc.,0.8424026169835326,0.29407015717558727,0.03956854200666897,0.5483324598079453
0045,Anopyxis klaineana (Pierre) Engl.,0396,Lophira alata Banks ex C.F.Gaertn.,0.9751421313359332,0.42664489754293794,0.027865923684178843,0.5484972337929952
0239,Dipteryx odorata (Aubl.) Forsyth f.,0318,Leplaea cedrata (A.Chev.) E.J.M.Koenen & J.J.de Wilde,0.9649483040164775,0.4164011395062616,0.015638624237181115,0.5485471645102158
0243,Dracontomelon dao (Blanco) Merr. & Rolfe,0431,Millettia laurentii De Wild.,0.9168358272884696,0.36823324125981255,0.14784264520810295,0.548602586028657
0035,Anacardium giganteum Hancock ex Engl.,0372,Khaya ivorensis A.Chev.,0.8000868607615064,0.20568448529299813,0.2514693324780144,0.548617528283492
0033,Anacardium excelsum (Bertero & Balb. ex Kunth) Skeels,0353,Intsia Thouars,1.0351637929957571,0.07482690115830566,0.48641128958703317,0.548752503408724
0130,Castanea sativa Mill.,0296,Fraxinus ornus L.,0.8192839198738245,0.15586720528769307,0.2704807546799976,0.548803165193827
0353,Intsia Thouars,0367,Juglans nigra L.,1.0353228043756635,0.48641128958703317,0.02005651109636719,0.5489115147886303
0243,Dracontomelon dao (Blanco) Merr. & Rolfe,0324,Guibourtia pellegriniana J.Léonard,0.9171771833021116,0.36823324125981255,0.20301559578579392,0.548943942042299
0418,Mansonia altissima (A. Chev.) A. Chev.,0542,Pycnanthus angolensis (Welw.) Warb.,0.6212961978317451,0.012409313496156668,0.07234546467128498,0.5489507331604601
0034,Anacardium L.,0085,Bobgunnia fistuloides (Harms) J.H. Kirkbr. & Wiersema,0.9615758294769572,0.36896207906881207,0.4125872589275239,0.5489885705494333
0072,Baillonella toxisperma Pierre,0259,Entandrophragma utile (Dawe & Sprague) Sprague,0.8830279475050056,0.33402537324669906,0.2069978345154368,0.5490025742583065
0006,Acer platanoides L.,0553,Quercus petraea (Matt.) Liebl.,0.8072005502721009,0.18973256215443007,0.2581276659186852,0.5490728843534157
0034,Anacardium L.,0257,Entandrophragma candollei Harms,0.9182205351757662,0.36896207906881207,0.18916044854556002,0.5492584561069541
0091,Brachystegia Benth.,0296,Fraxinus ornus L.,0.918955749130502,0.36962746064415636,0.2704807546799976,0.5493282884863457
0158,"Chlorocardium rodiei (R.H.Schomb.) Rohwer, H.G.Richt. & van der Werff",0375,Koompassia malaccensis Maing.,0.6494345980706957,0.10003326503781798,0.03982575224826281,0.5494013330328777
0425,Mezilaurus ita-uba (Meisn.) Taub. ex Mez,0678,Albizia ferruginea (Guill. & Perr.) Benth.,0.9074251766965246,0.2601673546959139,0.35777892083270585,0.5496462558638187
0130,Castanea sativa Mill.,0295,Fraxinus nigra Marshall,0.705715559879272,0.15586720528769307,0.022324164890242817,0.549848354591579
0034,Anacardium L.,0648,Triplochiton scleroxylon K. Schum.,0.9190685582814442,0.36896207906881207,0.16453642510521302,0.5501064792126321
0034,Anacardium L.,0367,Juglans nigra L.,0.9192414673368017,0.36896207906881207,0.02005651109636719,0.5502793882679896
0195,Ctenolophon parvifolius Oliv.,0608,Swietenia mahagoni (L.) Jacq.,0.7812373060216122,0.23093942479410615,0.02812049764059408,0.5502978812275061
0081,Betula pendula Roth,0195,Ctenolophon parvifolius Oliv.,0.781267299138516,0.0025807385340572584,0.23093942479410615,0.5503278743444099
0257,Entandrophragma candollei Harms,0606,Swietenia humilis Zucc.,0.739730366560496,0.18916044854556002,0.03956854200666897,0.5505699180149359
0034,Anacardium L.,0679,Aningeria Aubrév. & Pellegr.,0.9195439059936266,0.36896207906881207,0.2305382109200897,0.5505818269248145
0244,Dryobalanops C.F.Gaertn.,0269,Erythrophleum ivorense A. Chev,0.8408996642117266,0.03512342815501089,0.2903085074707726,0.550591156740954
0181,Cotylelobium Pierre,0258,Entandrophragma cylindricum (Sprague) Sprague,0.8133816760090509,0.2627628502619556,0.25242647174716004,0.5506188257470952
0244,Dryobalanops C.F.Gaertn.,0461,Ochroma pyramidale (Cav. ex Lam.) Urb.,0.6466758607372844,0.03512342815501089,0.09605455767171649,0.550621303065568
0293,Fraxinus americana L.,0425,Mezilaurus ita-uba (Meisn.) Taub. ex Mez,0.8108610866129635,0.2006874935372814,0.2601673546959139,0.5506937319170496
0130,Castanea sativa Mill.,0181,Cotylelobium Pierre,0.8137414372447282,0.15586720528769307,0.2627628502619556,0.5509785869827726
0243,Dracontomelon dao (Blanco) Merr. & Rolfe,0375,Koompassia malaccensis Maing.,0.9192762046486725,0.36823324125981255,0.03982575224826281,0.55104296338886
0007,Acer pseudoplatanus L.,0324,Guibourtia pellegriniana J.Léonard,0.826447657310004,0.27538384172241354,0.20301559578579392,0.5510638155875904
0325,Guibourtia tessmannii (Harms) J.Léonard,0542,Pycnanthus angolensis (Welw.) Warb.,0.7488302166036495,0.19769310265299028,0.07234546467128498,0.5511371139506591
0035,Anacardium giganteum Hancock ex Engl.,0270,Erythrophleum suaveolens (Guill. & Perr.) Brenan,0.9612322968522446,0.20568448529299813,0.4099958913427453,0.5512364055094994
0259,Entandrophragma utile (Dawe & Sprague) Sprague,0613,Tabebuia rosea (Bert.) DC.,0.8264809552667703,0.2069978345154368,0.27496924594578387,0.5515117093209865
0195,Ctenolophon parvifolius Oliv.,0353,Intsia Thouars,1.0381340702445394,0.23093942479410615,0.48641128958703317,0.5517227806575062
0245,Dryobalanops aromatica C.F.Gaertn.,0323,Guibourtia demeusei (Harms) J.Léonard,0.9071695559159799,0.08261225579476351,0.35528177474147954,0.5518877811745004
0399,Lovoa trichilioides Harms,0425,Mezilaurus ita-uba (Meisn.) Taub. ex Mez,0.8544368226145533,0.3025441823946234,0.2601673546959139,0.55189264021993
0034,Anacardium L.,0073,Balfourodendron riedelianum (Engl.) Engl.,0.9358394803703418,0.36896207906881207,0.38391787966371865,0.5519216007066232
0243,Dracontomelon dao (Blanco) Merr. & Rolfe,0354,Intsia bijuga (Colebr.) Kuntze,0.9207590715856744,0.36823324125981255,0.29407015717558727,0.5525258303258618
0238,Dipterocarpus kerrii King,0258,Entandrophragma cylindricum (Sprague) Sprague,0.8052083499222122,0.03389503762998255,0.25242647174716004,0.5527818781750522
0033,Anacardium excelsum (Bertero & Balb. ex Kunth) Skeels,0418,Mansonia altissima (A. Chev.) A. Chev.,0.6276973004277024,0.07482690115830566,0.012409313496156668,0.5528703992693967
0009,Leptolobium Vogel,0072,Baillonella toxisperma Pierre,0.8872776814918328,0.16101899818656135,0.33402537324669906,0.5532523082451337
0092,Brachystegia cynometroides Harms,0158,"Chlorocardium rodiei (R.H.Schomb.) Rohwer, H.G.Richt. & van der Werff",0.6534153709275561,0.05008607091450365,0.10003326503781798,0.5533821058897381
0326,Guibourtia ehie (A. Chev.) J. Léonard,0606,Swietenia humilis Zucc.,0.8518279112598469,0.2984188053844587,0.03956854200666897,0.5534091058753883
0323,Guibourtia demeusei (Harms) J.Léonard,0425,Mezilaurus ita-uba (Meisn.) Taub. ex Mez,0.9086988732545852,0.35528177474147954,0.2601673546959139,0.5534170985131057
0093,Brachystegia laurentii (De Wild.) Louis ex J.Léonard,0372,Khaya ivorensis A.Chev.,0.887789451304093,0.3343633761708376,0.2514693324780144,0.5534260751332554
0214,Daniellia thurifera Benn.,0541,Pterygota macrocarpa K. Schum.,0.9590050671254515,0.4049723941201597,0.016821229975053267,0.5540326730052918
0080,Betula papyrifera Marshall,0093,Brachystegia laurentii (De Wild.) Louis ex J.Léonard,0.9463926803176059,0.3923039267660832,0.3343633761708376,0.5540887535515227
0530,Pterocarpus soyauxii Taub.,0552,Quercus alba L.,0.7537130808503508,0.19955695100455761,0.11942757291818792,0.5541561298457932
0256,Entandrophragma angolense (Welw.) Panshin,0257,Entandrophragma candollei Harms,0.8735027914883193,0.319302552831661,0.18916044854556002,0.5542002386566584
0302,Gilbertiodendron preussii (Harms) J.Léonard,0430,Milicia excelsa (Welw.) C.C. Berg,0.7771513074977948,0.1175198759908919,0.2228508772324565,0.5543004302653383
0256,Entandrophragma angolense (Welw.) Panshin,0296,Fraxinus ornus L.,0.8737046553656318,0.319302552831661,0.2704807546799976,0.5544021025339708
0207,Dalbergia nigra (Vell.) Allemão ex Benth.,0648,Triplochiton scleroxylon K. Schum.,0.973899914079815,0.4194156315959103,0.16453642510521302,0.5544842824839047
0297,Fraxinus mandshurica Rupr.,0679,Aningeria Aubrév. & Pellegr.,0.8525261821431852,0.29800823641994206,0.2305382109200897,0.5545179457232432
0256,Entandrophragma angolense (Welw.) Panshin,0426,Microberlinia brazzavillensis A. Chev.,0.873911485569929,0.319302552831661,0.23957417592531832,0.5546089327382681
0092,Brachystegia cynometroides Harms,0606,Swietenia humilis Zucc.,0.6047447518534672,0.05008607091450365,0.03956854200666897,0.5546586809389635
0181,Cotylelobium Pierre,0608,Swietenia mahagoni (L.) Jacq.,0.817445429978602,0.2627628502619556,0.02812049764059408,0.5546825797166464
0326,Guibourtia ehie (A. Chev.) J. Léonard,0550,Quercus mongolica Fisch. ex Ledeb.,0.8533512447991805,0.2984188053844587,0.0339628776830313,0.5549324394147217
0157,Ceriops tagal (Perr.) C.B. Robinson,0550,Quercus mongolica Fisch. ex Ledeb.,0.8858188861600633,0.33088565378713025,0.0339628776830313,0.554933232372933
0296,Fraxinus ornus L.,0425,Mezilaurus ita-uba (Meisn.) Taub. ex Mez,0.8255687840516064,0.2704807546799976,0.2601673546959139,0.5550880293716087
0331,Heritiera utilis (Sprague) Sprague,0399,Lovoa trichilioides Harms,0.8576931625280988,0.21354296220717087,0.3025441823946234,0.5551489801334755
0034,Anacardium L.,0461,Ochroma pyramidale (Cav. ex Lam.) Urb.,0.9241595667445868,0.36896207906881207,0.09605455767171649,0.5551974876757747
0130,Castanea sativa Mill.,0542,Pycnanthus angolensis (Welw.) Warb.,0.7111173756605015,0.15586720528769307,0.07234546467128498,0.5552501703728084
0003,Acacia mangium Willd.,0431,Millettia laurentii De Wild.,0.7895196480867996,0.23412845438956545,0.14784264520810295,0.5553911936972342
0158,"Chlorocardium rodiei (R.H.Schomb.) Rohwer, H.G.Richt. & van der Werff",0294,Fraxinus excelsior L.,0.7316845303310924,0.10003326503781798,0.17627665442045826,0.5554078759106341
0243,Dracontomelon dao (Blanco) Merr. & Rolfe,0480,Peltogyne mexicana Martínez,0.9241068768763636,0.36823324125981255,0.1079574407089981,0.555873635616551
0195,Ctenolophon parvifolius Oliv.,0607,Swietenia macrophylla King,0.7869169713055904,0.23093942479410615,0.07084689292776884,0.5559775465114842
0541,Pterygota macrocarpa K. Schum.,0648,Triplochiton scleroxylon K. Schum.,0.721364987443332,0.016821229975053267,0.16453642510521302,0.556828562338119
0325,Guibourtia tessmannii (Harms) J.Léonard,0430,Milicia excelsa (Welw.) C.C. Berg,0.7797659338803351,0.19769310265299028,0.2228508772324565,0.5569150566478787
0181,Cotylelobium Pierre,0607,Swietenia macrophylla King,0.8198106911068517,0.2627628502619556,0.07084689292776884,0.557047840844896
0130,Castanea sativa Mill.,0147,Ceiba pentandra (L.) Gaertn.,0.7131937162634887,0.15586720528769307,0.09920852062625649,0.5573265109757957
0034,Anacardium L.,0066,Aucoumea klaineana Pierre,0.9263601936926789,0.36896207906881207,0.1689848833310126,0.5573981146238668
0372,Khaya ivorensis A.Chev.,0553,Quercus petraea (Matt.) Liebl.,0.8155525362377157,0.2514693324780144,0.2581276659186852,0.5574248703190305
0072,Baillonella toxisperma Pierre,0541,Pterygota macrocarpa K. Schum.,0.8914999660294549,0.33402537324669906,0.016821229975053267,0.5574745927827558
0214,Daniellia thurifera Benn.,0479,Peltogyne catingae Ducke,0.9626447030147239,0.4049723941201597,0.05022355401665795,0.5576723088945643
0091,Brachystegia Benth.,0425,Mezilaurus ita-uba (Meisn.) Taub. ex Mez,0.927380561773031,0.36962746064415636,0.2601673546959139,0.5577531011288746
0030,Amburana cearensis (Allemão) A.C.Sm.,0606,Swietenia humilis Zucc.,0.8265502605165773,0.26876027711533945,0.03956854200666897,0.5577899834012379
0181,Cotylelobium Pierre,0257,Entandrophragma candollei Harms,0.8208307694405472,0.2627628502619556,0.18916044854556002,0.5580679191785916
0080,Betula papyrifera Marshall,0354,Intsia bijuga (Colebr.) Kuntze,0.9509075191637397,0.3923039267660832,0.29407015717558727,0.5586035923976564
0259,Entandrophragma utile (Dawe & Sprague) Sprague,0366,Juglans regia L.,0.7661181590458745,0.2069978345154368,0.0161593253050704,0.5591203245304377
0030,Amburana cearensis (Allemão) A.C.Sm.,0147,Ceiba pentandra (L.) Gaertn.,0.8279054288279231,0.26876027711533945,0.09920852062625649,0.5591451517125836
0080,Betula papyrifera Marshall,0302,Gilbertiodendron preussii (Harms) J.Léonard,0.9518852843119103,0.3923039267660832,0.1175198759908919,0.559581357545827
0259,Entandrophragma utile (Dawe & Sprague) Sprague,0418,Mansonia altissima (A. Chev.) A. Chev.,0.7666182031976054,0.2069978345154368,0.012409313496156668,0.5596203686821686
0550,Quercus mongolica Fisch. ex Ledeb.,0648,Triplochiton scleroxylon K. Schum.,0.7241788480151862,0.0339628776830313,0.16453642510521302,0.5596424229099731
0207,Dalbergia nigra (Vell.) Allemão ex Benth.,0367,Juglans nigra L.,0.9793416046251118,0.4194156315959103,0.02005651109636719,0.5599259730292014
0295,Fraxinus nigra Marshall,0679,Aningeria Aubrév. & Pellegr.,0.7906390766572563,0.022324164890242817,0.2305382109200897,0.5601008657371667
0081,Betula pendula Roth,0270,Erythrophleum suaveolens (Guill. & Perr.) Brenan,0.9702532708811541,0.0025807385340572584,0.4099958913427453,0.5602573795384088
0244,Dryobalanops C.F.Gaertn.,0425,Mezilaurus ita-uba (Meisn.) Taub. ex Mez,0.8208310879926466,0.03512342815501089,0.2601673546959139,0.5606637332967327
0033,Anacardium excelsum (Bertero & Balb. ex Kunth) Skeels,0552,Quercus alba L.,0.6801463929828732,0.07482690115830566,0.11942757291818792,0.5607188200646852
0157,Ceriops tagal (Perr.) C.B. Robinson,0270,Erythrophleum suaveolens (Guill. & Perr.) Brenan,0.9708375953526204,0.33088565378713025,0.4099958913427453,0.5608417040098751
0256,Entandrophragma angolense (Welw.) Panshin,0297,Fraxinus mandshurica Rupr.,0.8802762677711745,0.319302552831661,0.29800823641994206,0.5609737149395135
0294,Fraxinus excelsior L.,0372,Khaya ivorensis A.Chev.,0.8124576293307095,0.17627665442045826,0.2514693324780144,0.5609882968526951
0318,Leplaea cedrata (A.Chev.) E.J.M.Koenen & J.J.de Wilde,0354,Intsia bijuga (Colebr.) Kuntze,0.8550892959465737,0.015638624237181115,0.29407015717558727,0.5610191387709864
0033,Anacardium excelsum (Bertero & Balb. ex Kunth) Skeels,0366,Juglans regia L.,0.6362224878477964,0.07482690115830566,0.0161593253050704,0.5613955866894907
0256,Entandrophragma angolense (Welw.) Panshin,0431,Millettia laurentii De Wild.,0.8807201400130813,0.319302552831661,0.14784264520810295,0.5614175871814203
0326,Guibourtia ehie (A. Chev.) J. Léonard,0431,Millettia laurentii De Wild.,0.8600676289214317,0.2984188053844587,0.14784264520810295,0.561648823536973
0129,Castanea crenata Siebold & Zucc.,0542,Pycnanthus angolensis (Welw.) Warb.,0.6339969500982414,0.01642495583191611,0.07234546467128498,0.5616514854269564
0115,Carapa guianensis Aubl.,0550,Quercus mongolica Fisch. ex Ledeb.,1.0154660638836575,0.45301009815803,0.0339628776830313,0.5624559657256274
0003,Acacia mangium Willd.,0080,Betula papyrifera Marshall,0.9549635921528798,0.23412845438956545,0.3923039267660832,0.5626596653867966
0041,Aniba rosodora Ducke,0147,Ceiba pentandra (L.) Gaertn.,0.6625834651046458,0.0656528117264906,0.09920852062625649,0.5633749444783893
0297,Fraxinus mandshurica Rupr.,0426,Microberlinia brazzavillensis A. Chev.,0.8615715016173642,0.29800823641994206,0.23957417592531832,0.5635632651974221
0073,Balfourodendron riedelianum (Engl.) Engl.,0147,Ceiba pentandra (L.) Gaertn.,0.9476550646886988,0.38391787966371865,0.09920852062625649,0.5637371850249802
0181,Cotylelobium Pierre,0430,Milicia excelsa (Welw.) C.C. Berg,0.826507535847817,0.2627628502619556,0.2228508772324565,0.5637446855858614
0073,Balfourodendron riedelianum (Engl.) Engl.,0297,Fraxinus mandshurica Rupr.,0.9477037337059135,0.38391787966371865,0.29800823641994206,0.563785854042195
0256,Entandrophragma angolense (Welw.) Panshin,0293,Fraxinus americana L.,0.8830916902310146,0.319302552831661,0.2006874935372814,0.5637891373993537
0070,Bagassa guianensis Aubl.,0541,Pterygota macrocarpa K. Schum.,1.0167513947758249,0.4528924582382436,0.016821229975053267,0.5638589365375812
0461,Ochroma pyramidale (Cav. ex Lam.) Urb.,0679,Aningeria Aubrév. & Pellegr.,0.7945315549921834,0.09605455767171649,0.2305382109200897,0.5639933440720937
0006,Acer platanoides L.,0181,Cotylelobium Pierre,0.8268206758569356,0.18973256215443007,0.2627628502619556,0.56405782559498
0085,Bobgunnia fistuloides (Harms) J.H. Kirkbr. & Wiersema,0541,Pterygota macrocarpa K. Schum.,0.976678181278064,0.4125872589275239,0.016821229975053267,0.5640909223505401
0129,Castanea crenata Siebold & Zucc.,0295,Fraxinus nigra Marshall,0.5867509669284707,0.01642495583191611,0.022324164890242817,0.5644268020382279
0115,Carapa guianensis Aubl.,0542,Pycnanthus angolensis (Welw.) Warb.,1.0176146806072457,0.45301009815803,0.07234546467128498,0.5646045824492156
0195,Ctenolophon parvifolius Oliv.,0270,Erythrophleum suaveolens (Guill. & Perr.) Brenan,0.9747456532321055,0.23093942479410615,0.4099958913427453,0.5647497618893602
0325,Guibourtia tessmannii (Harms) J.Léonard,0478,Peltogyne Vogel,0.7624550391978414,0.19769310265299028,0.1811470023936011,0.5647619365448511
0003,Acacia mangium Willd.,0238,Dipterocarpus kerrii King,0.7992073294195754,0.23412845438956545,0.03389503762998255,0.56507887503001
0371,Khaya grandifoliola C.DC.,0461,Ochroma pyramidale (Cav. ex Lam.) Urb.,0.6613612651071207,0.048818241280783575,0.09605455767171649,0.5653067074354042
0080,Betula papyrifera Marshall,0399,Lovoa trichilioides Harms,0.9582066216519037,0.3923039267660832,0.3025441823946234,0.5659026948858206
0371,Khaya grandifoliola C.DC.,0553,Quercus petraea (Matt.) Liebl.,0.8241328192178774,0.048818241280783575,0.2581276659186852,0.5660051532991922
0158,"Chlorocardium rodiei (R.H.Schomb.) Rohwer, H.G.Richt. & van der Werff",0372,Khaya ivorensis A.Chev.,0.8176023629607188,0.10003326503781798,0.2514693324780144,0.5661330304827044
0371,Khaya grandifoliola C.DC.,0426,Microberlinia brazzavillensis A. Chev.,0.8059805962332764,0.048818241280783575,0.23957417592531832,0.5664064203079582
0072,Baillonella toxisperma Pierre,0430,Milicia excelsa (Welw.) C.C. Berg,0.9004992068226308,0.33402537324669906,0.2228508772324565,0.5664738335759318
0093,Brachystegia laurentii (De Wild.) Louis ex J.Léonard,0331,Heritiera utilis (Sprague) Sprague,0.9011098332364935,0.3343633761708376,0.21354296220717087,0.566746457065656
0313,Grevillea robusta A.Cunn. ex R.Br.,0399,Lovoa trichilioides Harms,0.8695957016099495,0.2838740990600396,0.3025441823946234,0.567051519215326
0034,Anacardium L.,0541,Pterygota macrocarpa K. Schum.,0.9360782063418459,0.36896207906881207,0.016821229975053267,0.5671161272730338
0318,Leplaea cedrata (A.Chev.) E.J.M.Koenen & J.J.de Wilde,0678,Albizia ferruginea (Guill. & Perr.) Benth.,0.9249212897800616,0.015638624237181115,0.35777892083270585,0.5671423689473558
0269,Erythrophleum ivorense A. Chev,0431,Millettia laurentii De Wild.,0.8574805895862869,0.2903085074707726,0.14784264520810295,0.5671720821155144
0081,Betula pendula Roth,0296,Fraxinus ornus L.,0.8377040735873158,0.0025807385340572584,0.2704807546799976,0.5672233189073181
0625,Terminalia superba Engl.& Diels,0679,Aningeria Aubrév. & Pellegr.,0.9304956702616585,0.36271194838005,0.2305382109200897,0.5677837218816084
0214,Daniellia thurifera Benn.,0542,Pycnanthus angolensis (Welw.) Warb.,0.9731155374800908,0.4049723941201597,0.07234546467128498,0.5681431433599311
0033,Anacardium excelsum (Bertero & Balb. ex Kunth) Skeels,0258,Entandrophragma cylindricum (Sprague) Sprague,0.8206766060939158,0.07482690115830566,0.25242647174716004,0.5682501343467558
0095,Brosimum alicastrum Swartz,0396,Lophira alata Banks ex C.F.Gaertn.,1.009711077182961,0.4413660741827014,0.027865923684178843,0.5683450030002595
0238,Dipterocarpus kerrii King,0259,Entandrophragma utile (Dawe & Sprague) Sprague,0.7754019813179502,0.03389503762998255,0.2069978345154368,0.5684041468025134
0007,Acer pseudoplatanus L.,0553,Quercus petraea (Matt.) Liebl.,0.8439156548772051,0.27538384172241354,0.2581276659186852,0.5685318131547916
0080,Betula papyrifera Marshall,0479,Peltogyne catingae Ducke,0.9617162275367923,0.3923039267660832,0.05022355401665795,0.569412300770709
0041,Aniba rosodora Ducke,0542,Pycnanthus angolensis (Welw.) Warb.,0.6426716988921238,0.0656528117264906,0.07234546467128498,0.5703262342208388
0297,Fraxinus mandshurica Rupr.,0550,Quercus mongolica Fisch. ex Ledeb.,0.8684014364679613,0.29800823641994206,0.0339628776830313,0.5703932000480192
0080,Betula papyrifera Marshall,0426,Microberlinia brazzavillensis A. Chev.,0.9627354385226494,0.3923039267660832,0.23957417592531832,0.5704315117565661
0294,Fraxinus excelsior L.,0554,Quercus robur L.,0.7468650592439312,0.17627665442045826,0.11024859949584655,0.570588404823473
0115,Carapa guianensis Aubl.,0245,Dryobalanops aromatica C.F.Gaertn.,1.0236647762338924,0.45301009815803,0.08261225579476351,0.5706546780758623
0372,Khaya ivorensis A.Chev.,0550,Quercus mongolica Fisch. ex Ledeb.,0.8226880364815397,0.2514693324780144,0.0339628776830313,0.5712187040035253
0034,Anacardium L.,0425,Mezilaurus ita-uba (Meisn.) Taub. ex Mez,0.9403087478998668,0.36896207906881207,0.2601673546959139,0.5713466688310548
0625,Terminalia superba Engl.& Diels,0648,Triplochiton scleroxylon K. Schum.,0.9342906105707764,0.36271194838005,0.16453642510521302,0.5715786621907264
0245,Dryobalanops aromatica C.F.Gaertn.,0367,Juglans nigra L.,0.6542429341657039,0.08261225579476351,0.02005651109636719,0.5716306783709404
0081,Betula pendula Roth,0236,Dipterocarpus C.F.Gaertn.,0.8209120348831778,0.0025807385340572584,0.24925766087492005,0.5716543740082577
0070,Bagassa guianensis Aubl.,0461,Ochroma pyramidale (Cav. ex Lam.) Urb.,1.0245516608694027,0.4528924582382436,0.09605455767171649,0.5716592026311591
0035,Anacardium giganteum Hancock ex Engl.,0130,Castanea sativa Mill.,0.7774195155945027,0.20568448529299813,0.15586720528769307,0.5717350303015046
0041,Aniba rosodora Ducke,0259,Entandrophragma utile (Dawe & Sprague) Sprague,0.7788008499335194,0.0656528117264906,0.2069978345154368,0.5718030154180826
0066,Aucoumea klaineana Pierre,0207,Dalbergia nigra (Vell.) Allemão ex Benth.,0.9916838313133107,0.1689848833310126,0.4194156315959103,0.5722681997174004
0073,Balfourodendron riedelianum (Engl.) Engl.,0130,Castanea sativa Mill.,0.9562455454590355,0.38391787966371865,0.15586720528769307,0.5723276657953169
0157,Ceriops tagal (Perr.) C.B. Robinson,0530,Pterocarpus soyauxii Taub.,0.9032187396979868,0.33088565378713025,0.19955695100455761,0.5723330859108566
0093,Brachystegia laurentii (De Wild.) Louis ex J.Léonard,0366,Juglans regia L.,0.9067390212385165,0.3343633761708376,0.0161593253050704,0.5723756450676789
0157,Ceriops tagal (Perr.) C.B. Robinson,0244,Dryobalanops C.F.Gaertn.,0.9038728228068817,0.33088565378713025,0.03512342815501089,0.5729871690197514
0093,Brachystegia laurentii (De Wild.) Louis ex J.Léonard,0418,Mansonia altissima (A. Chev.) A. Chev.,0.9074677636302927,0.3343633761708376,0.012409313496156668,0.573104387459455
0324,Guibourtia pellegriniana J.Léonard,0461,Ochroma pyramidale (Cav. ex Lam.) Urb.,0.7761923646467872,0.20301559578579392,0.09605455767171649,0.5731767688609932
0003,Acacia mangium Willd.,0425,Mezilaurus ita-uba (Meisn.) Taub. ex Mez,0.8333533514441338,0.23412845438956545,0.2601673546959139,0.5731859967482199
0293,Fraxinus americana L.,0418,Mansonia altissima (A. Chev.) A. Chev.,0.7739735407758708,0.2006874935372814,0.012409313496156668,0.5732860472385893
0129,Castanea crenata Siebold & Zucc.,0625,Terminalia superba Engl.& Diels,0.9361397755709454,0.01642495583191611,0.36271194838005,0.5734278271908955
0006,Acer platanoides L.,0034,Anacardium L.,0.9424715675328765,0.18973256215443007,0.36896207906881207,0.5735094884640645
0066,Aucoumea klaineana Pierre,0541,Pterygota macrocarpa K. Schum.,0.7426317529001627,0.1689848833310126,0.016821229975053267,0.5736468695691501
0073,Balfourodendron riedelianum (Engl.) Engl.,0678,Albizia ferruginea (Guill. & Perr.) Benth.,0.9579215501499123,0.38391787966371865,0.35777892083270585,0.5740036704861937
0259,Entandrophragma utile (Dawe & Sprague) Sprague,0295,Fraxinus nigra Marshall,0.7811625459344671,0.2069978345154368,0.022324164890242817,0.5741647114190302
0354,Intsia bijuga (Colebr.) Kuntze,0396,Lophira alata Banks ex C.F.Gaertn.,0.868416545170819,0.29407015717558727,0.027865923684178843,0.5743463879952317
0081,Betula pendula Roth,0678,Albizia ferruginea (Guill. & Perr.) Benth.,0.9322482428386358,0.0025807385340572584,0.35777892083270585,0.57446932200593
0091,Brachystegia Benth.,0318,Leplaea cedrata (A.Chev.) E.J.M.Koenen & J.J.de Wilde,0.9442114831616505,0.36962746064415636,0.015638624237181115,0.5745840225174941
0552,Quercus alba L.,0625,Terminalia superba Engl.& Diels,0.9373275033395604,0.11942757291818792,0.36271194838005,0.5746155549595104
0158,"Chlorocardium rodiei (R.H.Schomb.) Rohwer, H.G.Richt. & van der Werff",0480,Peltogyne mexicana Martínez,0.6825925490285729,0.10003326503781798,0.1079574407089981,0.5746351083195749
0302,Gilbertiodendron preussii (Harms) J.Léonard,0425,Mezilaurus ita-uba (Meisn.) Taub. ex Mez,0.8348535744298643,0.1175198759908919,0.2601673546959139,0.5746862197339504
0035,Anacardium giganteum Hancock ex Engl.,0258,Entandrophragma cylindricum (Sprague) Sprague,0.8271679264513733,0.20568448529299813,0.25242647174716004,0.5747414547042132
0080,Betula papyrifera Marshall,0325,Guibourtia tessmannii (Harms) J.Léonard,0.9673701162627767,0.3923039267660832,0.19769310265299028,0.5750661894966935
0214,Daniellia thurifera Benn.,0550,Quercus mongolica Fisch. ex Ledeb.,0.9801829218004381,0.4049723941201597,0.0339628776830313,0.5752105276802784
0207,Dalbergia nigra (Vell.) Allemão ex Benth.,0541,Pterygota macrocarpa K. Schum.,0.9947106532935381,0.4194156315959103,0.016821229975053267,0.5752950216976278
0115,Carapa guianensis Aubl.,0530,Pterocarpus soyauxii Taub.,1.0283085776840888,0.45301009815803,0.19955695100455761,0.5752984795260587
0270,Erythrophleum suaveolens (Guill. & Perr.) Brenan,0366,Juglans regia L.,0.9854499686322051,0.4099958913427453,0.0161593253050704,0.5754540772894599
0033,Anacardium excelsum (Bertero & Balb. ex Kunth) Skeels,0542,Pycnanthus angolensis (Welw.) Warb.,0.6503236815112073,0.07482690115830566,0.07234546467128498,0.5754967803529016
0372,Khaya ivorensis A.Chev.,0431,Millettia laurentii De Wild.,0.827004431725683,0.2514693324780144,0.14784264520810295,0.5755350992476687
0009,Leptolobium Vogel,0297,Fraxinus mandshurica Rupr.,0.873854545610546,0.16101899818656135,0.29800823641994206,0.5758463091906039
0091,Brachystegia Benth.,0396,Lophira alata Banks ex C.F.Gaertn.,0.9455697624883794,0.36962746064415636,0.027865923684178843,0.5759423018442231
0257,Entandrophragma candollei Harms,0430,Milicia excelsa (Welw.) C.C. Berg,0.7988027013945056,0.18916044854556002,0.2228508772324565,0.5759518241620492
0041,Aniba rosodora Ducke,0130,Castanea sativa Mill.,0.7321074456231136,0.0656528117264906,0.15586720528769307,0.5762402403354205
0245,Dryobalanops aromatica C.F.Gaertn.,0256,Entandrophragma angolense (Welw.) Panshin,0.8956630451403038,0.08261225579476351,0.319302552831661,0.5763604923086428
0033,Anacardium excelsum (Bertero & Balb. ex Kunth) Skeels,0041,Aniba rosodora Ducke,0.6515038407384737,0.07482690115830566,0.0656528117264906,0.576676939580168
0081,Betula pendula Roth,0425,Mezilaurus ita-uba (Meisn.) Taub. ex Mez,0.8368815867831552,0.0025807385340572584,0.2601673546959139,0.5767142320872413
0041,Aniba rosodora Ducke,0093,Brachystegia laurentii (De Wild.) Louis ex J.Léonard,0.9111397076316905,0.0656528117264906,0.3343633761708376,0.5767763314608529
0243,Dracontomelon dao (Blanco) Merr. & Rolfe,0479,Peltogyne catingae Ducke,0.9450628250499065,0.36823324125981255,0.05022355401665795,0.5768295837900939
0181,Cotylelobium Pierre,0461,Ochroma pyramidale (Cav. ex Lam.) Urb.,0.8396201494309389,0.2627628502619556,0.09605455767171649,0.5768572991689833
0009,Leptolobium Vogel,0258,Entandrophragma cylindricum (Sprague) Sprague,0.8293188040231797,0.16101899818656135,0.25242647174716004,0.5768923322760197
0147,Ceiba pentandra (L.) Gaertn.,0430,Milicia excelsa (Welw.) C.C. Berg,0.7999278711385602,0.09920852062625649,0.2228508772324565,0.5770769939061038
0030,Amburana cearensis (Allemão) A.C.Sm.,0080,Betula papyrifera Marshall,0.9694987729586712,0.26876027711533945,0.3923039267660832,0.577194846192588
0295,Fraxinus nigra Marshall,0613,Tabebuia rosea (Bert.) DC.,0.8522048199742809,0.022324164890242817,0.27496924594578387,0.577235574028497
0293,Fraxinus americana L.,0366,Juglans regia L.,0.7781466508152719,0.2006874935372814,0.0161593253050704,0.5774591572779905
0035,Anacardium giganteum Hancock ex Engl.,0366,Juglans regia L.,0.7831846949163429,0.20568448529299813,0.0161593253050704,0.5775002096233448
0030,Amburana cearensis (Allemão) A.C.Sm.,0238,Dipterocarpus kerrii King,0.8462633949530156,0.26876027711533945,0.03389503762998255,0.5775031178376762
0195,Ctenolophon parvifolius Oliv.,0244,Dryobalanops C.F.Gaertn.,0.8085731457908876,0.23093942479410615,0.03512342815501089,0.5776337209967815
0007,Acer pseudoplatanus L.,0541,Pterygota macrocarpa K. Schum.,0.8531568793867089,0.27538384172241354,0.016821229975053267,0.5777730376642953
0041,Aniba rosodora Ducke,0270,Erythrophleum suaveolens (Guill. & Perr.) Brenan,0.9877923295858355,0.0656528117264906,0.4099958913427453,0.5777964382430902
0030,Amburana cearensis (Allemão) A.C.Sm.,0257,Entandrophragma candollei Harms,0.846614939811878,0.26876027711533945,0.18916044854556002,0.5778546626965385
0269,Erythrophleum ivorense A. Chev,0606,Swietenia humilis Zucc.,0.8683466688130115,0.2903085074707726,0.03956854200666897,0.578038161342239
0080,Betula papyrifera Marshall,0480,Peltogyne mexicana Martínez,0.9705215351851315,0.3923039267660832,0.1079574407089981,0.5782176084190482
0030,Amburana cearensis (Allemão) A.C.Sm.,0431,Millettia laurentii De Wild.,0.8470547416019241,0.26876027711533945,0.14784264520810295,0.5782944644865846
0033,Anacardium excelsum (Bertero & Balb. ex Kunth) Skeels,0158,"Chlorocardium rodiei (R.H.Schomb.) Rohwer, H.G.Richt. & van der Werff",0.6783596823633988,0.07482690115830566,0.10003326503781798,0.5783264173255809
0073,Balfourodendron riedelianum (Engl.) Engl.,0269,Erythrophleum ivorense A. Chev,0.9624060915686399,0.38391787966371865,0.2903085074707726,0.5784882119049213
0269,Erythrophleum ivorense A. Chev,0371,Khaya grandifoliola C.DC.,0.8689426595410149,0.2903085074707726,0.048818241280783575,0.5786341520702423
0147,Ceiba pentandra (L.) Gaertn.,0259,Entandrophragma utile (Dawe & Sprague) Sprague,0.7856929018502198,0.09920852062625649,0.2069978345154368,0.578695067334783
0129,Castanea crenata Siebold & Zucc.,0294,Fraxinus excelsior L.,0.7551447163123248,0.01642495583191611,0.17627665442045826,0.5788680618918666
0331,Heritiera utilis (Sprague) Sprague,0371,Khaya grandifoliola C.DC.,0.7925051697609073,0.21354296220717087,0.048818241280783575,0.5789622075537365
0354,Intsia bijuga (Colebr.) Kuntze,0372,Khaya ivorensis A.Chev.,0.8733815615056342,0.29407015717558727,0.2514693324780144,0.5793114043300469
0207,Dalbergia nigra (Vell.) Allemão ex Benth.,0461,Ochroma pyramidale (Cav. ex Lam.) Urb.,0.9988391796908203,0.4194156315959103,0.09605455767171649,0.5794235480949099
0270,Erythrophleum suaveolens (Guill. & Perr.) Brenan,0418,Mansonia altissima (A. Chev.) A. Chev.,0.9895176457559653,0.4099958913427453,0.012409313496156668,0.5795217544132201
0269,Erythrophleum ivorense A. Chev,0607,Swietenia macrophylla King,0.869869767511847,0.2903085074707726,0.07084689292776884,0.5795612600410744
0207,Dalbergia nigra (Vell.) Allemão ex Benth.,0542,Pycnanthus angolensis (Welw.) Warb.,0.9991609429771354,0.4194156315959103,0.07234546467128498,0.5797453113812252
0270,Erythrophleum suaveolens (Guill. & Perr.) Brenan,0679,Aningeria Aubrév. & Pellegr.,0.9898154614984653,0.4099958913427453,0.2305382109200897,0.57981957015572
0035,Anacardium giganteum Hancock ex Engl.,0418,Mansonia altissima (A. Chev.) A. Chev.,0.7857995618252516,0.20568448529299813,0.012409313496156668,0.5801150765322535
0256,Entandrophragma angolense (Welw.) Panshin,0371,Khaya grandifoliola C.DC.,0.8994271352673029,0.319302552831661,0.048818241280783575,0.5801245824356419
0238,Dipterocarpus kerrii King,0679,Aningeria Aubrév. & Pellegr.,0.8109753726322407,0.03389503762998255,0.2305382109200897,0.5804371617121511
0092,Brachystegia cynometroides Harms,0294,Fraxinus excelsior L.,0.7567305436909477,0.05008607091450365,0.17627665442045826,0.5804538892704895
0375,Koompassia malaccensis Maing.,0425,Mezilaurus ita-uba (Meisn.) Taub. ex Mez,0.8406812649826186,0.03982575224826281,0.2601673546959139,0.5805139102867047
0243,Dracontomelon dao (Blanco) Merr. & Rolfe,0318,Leplaea cedrata (A.Chev.) E.J.M.Koenen & J.J.de Wilde,0.9488040918544568,0.36823324125981255,0.015638624237181115,0.5805708505946443
0073,Balfourodendron riedelianum (Engl.) Engl.,0293,Fraxinus americana L.,0.9645176663215145,0.38391787966371865,0.2006874935372814,0.5805997866577959
0091,Brachystegia Benth.,0331,Heritiera utilis (Sprague) Sprague,0.9505277621355745,0.36962746064415636,0.21354296220717087,0.5809003014914182
0323,Guibourtia demeusei (Harms) J.Léonard,0613,Tabebuia rosea (Bert.) DC.,0.9370425954764168,0.35528177474147954,0.27496924594578387,0.5817608207349372
0007,Acer pseudoplatanus L.,0207,Dalbergia nigra (Vell.) Allemão ex Benth.,1.0012870400790712,0.27538384172241354,0.4194156315959103,0.5818714084831609
0129,Castanea crenata Siebold & Zucc.,0679,Aningeria Aubrév. & Pellegr.,0.8125545726266218,0.01642495583191611,0.2305382109200897,0.5820163617065321
0130,Castanea sativa Mill.,0366,Juglans regia L.,0.7380700237995982,0.15586720528769307,0.0161593253050704,0.5822028185119051
0006,Acer platanoides L.,0207,Dalbergia nigra (Vell.) Allemão ex Benth.,1.0017928078460283,0.18973256215443007,0.4194156315959103,0.582377176250118
0147,Ceiba pentandra (L.) Gaertn.,0256,Entandrophragma angolense (Welw.) Panshin,0.9017742563615945,0.09920852062625649,0.319302552831661,0.5824717035299335
0130,Castanea sativa Mill.,0214,Daniellia thurifera Benn.,0.9874783046894664,0.15586720528769307,0.4049723941201597,0.5825059105693067
0041,Aniba rosodora Ducke,0129,Castanea crenata Siebold & Zucc.,0.6483166157067046,0.0656528117264906,0.01642495583191611,0.582663803980214
0080,Betula papyrifera Marshall,0375,Koompassia malaccensis Maing.,0.9752216773618778,0.3923039267660832,0.03982575224826281,0.5829177505957945
0530,Pterocarpus soyauxii Taub.,0613,Tabebuia rosea (Bert.) DC.,0.8579342219397013,0.19955695100455761,0.27496924594578387,0.5829649759939174
0554,Quercus robur L.,0625,Terminalia superba Engl.& Diels,0.9458542171235085,0.11024859949584655,0.36271194838005,0.5831422687434584
0129,Castanea crenata Siebold & Zucc.,0238,Dipterocarpus kerrii King,0.6170418303074303,0.01642495583191611,0.03389503762998255,0.5831467926774477
0257,Entandrophragma candollei Harms,0607,Swietenia macrophylla King,0.7723449343732329,0.18916044854556002,0.07084689292776884,0.5831844858276729
0034,Anacardium L.,0129,Castanea crenata Siebold & Zucc.,0.9524577770340376,0.36896207906881207,0.01642495583191611,0.5834956979652255
0325,Guibourtia tessmannii (Harms) J.Léonard,0613,Tabebuia rosea (Bert.) DC.,0.8585860583615982,0.19769310265299028,0.27496924594578387,0.5836168124158143
0258,Entandrophragma cylindricum (Sprague) Sprague,0325,Guibourtia tessmannii (Harms) J.Léonard,0.8362844632309974,0.25242647174716004,0.19769310265299028,0.5838579914838373
0030,Amburana cearensis (Allemão) A.C.Sm.,0313,Grevillea robusta A.Cunn. ex R.Br.,0.8679065041784537,0.26876027711533945,0.2838740990600396,0.5840324051184141
0033,Anacardium excelsum (Bertero & Balb. ex Kunth) Skeels,0430,Milicia excelsa (Welw.) C.C. Berg,0.8071064736777538,0.07482690115830566,0.2228508772324565,0.5842555964452973
0034,Anacardium L.,0530,Pterocarpus soyauxii Taub.,0.9533363715986105,0.36896207906881207,0.19955695100455761,0.5843742925297984
0030,Amburana cearensis (Allemão) A.C.Sm.,0259,Entandrophragma utile (Dawe & Sprague) Sprague,0.8532708521002588,0.26876027711533945,0.2069978345154368,0.5845105749849193
0243,Dracontomelon dao (Blanco) Merr. & Rolfe,0461,Ochroma pyramidale (Cav. ex Lam.) Urb.,0.9530269692154056,0.36823324125981255,0.09605455767171649,0.584793727955593
0041,Aniba rosodora Ducke,0293,Fraxinus americana L.,0.7856668391189219,0.0656528117264906,0.2006874935372814,0.5849793455816404
0073,Balfourodendron riedelianum (Engl.) Engl.,0245,Dryobalanops aromatica C.F.Gaertn.,0.9690560111697879,0.38391787966371865,0.08261225579476351,0.5851381315060693
0033,Anacardium excelsum (Bertero & Balb. ex Kunth) Skeels,0130,Castanea sativa Mill.,0.7415165639959684,0.07482690115830566,0.15586720528769307,0.5856493587082754
0236,Dipterocarpus C.F.Gaertn.,0269,Erythrophleum ivorense A. Chev,0.8759653659613664,0.24925766087492005,0.2903085074707726,0.5856568584905939
0080,Betula papyrifera Marshall,0258,Entandrophragma cylindricum (Sprague) Sprague,0.9780016704311028,0.3923039267660832,0.25242647174716004,0.5856977436650195
0372,Khaya ivorensis A.Chev.,0679,Aningeria Aubrév. & Pellegr.,0.8372906846043578,0.2514693324780144,0.2305382109200897,0.5858213521263435
0080,Betula papyrifera Marshall,0092,Brachystegia cynometroides Harms,0.9781651909132925,0.3923039267660832,0.05008607091450365,0.5858612641472092
0238,Dipterocarpus kerrii King,0613,Tabebuia rosea (Bert.) DC.,0.8611170328512704,0.03389503762998255,0.27496924594578387,0.5861477869054865
0294,Fraxinus excelsior L.,0478,Peltogyne Vogel,0.7674112552137458,0.17627665442045826,0.1811470023936011,0.5862642528201447
0258,Entandrophragma cylindricum (Sprague) Sprague,0375,Koompassia malaccensis Maing.,0.8387212760464697,0.25242647174716004,0.03982575224826281,0.5862948042993097
0245,Dryobalanops aromatica C.F.Gaertn.,0426,Microberlinia brazzavillensis A. Chev.,0.82589852279651,0.08261225579476351,0.23957417592531832,0.5863243468711916
0297,Fraxinus mandshurica Rupr.,0606,Swietenia humilis Zucc.,0.8843955216594268,0.29800823641994206,0.03956854200666897,0.5863872852394847
0147,Ceiba pentandra (L.) Gaertn.,0399,Lovoa trichilioides Harms,0.8892112354527436,0.09920852062625649,0.3025441823946234,0.5866670530581202
0239,Dipteryx odorata (Aubl.) Forsyth f.,0396,Lophira alata Banks ex C.F.Gaertn.,1.003309537604388,0.4164011395062616,0.027865923684178843,0.5869083980981262
0129,Castanea crenata Siebold & Zucc.,0270,Erythrophleum suaveolens (Guill. & Perr.) Brenan,0.997029368115713,0.01642495583191611,0.4099958913427453,0.5870334767729677
0294,Fraxinus excelsior L.,0552,Quercus alba L.,0.763456522807145,0.17627665442045826,0.11942757291818792,0.5871798683866868
0258,Entandrophragma cylindricum (Sprague) Sprague,0313,Grevillea robusta A.Cunn. ex R.Br.,0.8713169372938909,0.25242647174716004,0.2838740990600396,0.5874428382338513
0243,Dracontomelon dao (Blanco) Merr. & Rolfe,0323,Guibourtia demeusei (Harms) J.Léonard,0.9565042779181456,0.36823324125981255,0.35528177474147954,0.588271036658333
0195,Ctenolophon parvifolius Oliv.,0679,Aningeria Aubrév. & Pellegr.,0.8193419601351712,0.23093942479410615,0.2305382109200897,0.5884025353410651
0009,Leptolobium Vogel,0479,Peltogyne catingae Ducke,0.749605328120635,0.16101899818656135,0.05022355401665795,0.5885863299340737
0214,Daniellia thurifera Benn.,0530,Pterocarpus soyauxii Taub.,0.9937549733614687,0.4049723941201597,0.19955695100455761,0.5887825792413091
0034,Anacardium L.,0371,Khaya grandifoliola C.DC.,0.957991975596096,0.36896207906881207,0.048818241280783575,0.5890298965272839
0033,Anacardium excelsum (Bertero & Balb. ex Kunth) Skeels,0073,Balfourodendron riedelianum (Engl.) Engl.,0.9730190587445071,0.07482690115830566,0.38391787966371865,0.5891011790807885
0006,Acer platanoides L.,0243,Dracontomelon dao (Blanco) Merr. & Rolfe,0.9574886857962035,0.18973256215443007,0.36823324125981255,0.5892554445363909
0030,Amburana cearensis (Allemão) A.C.Sm.,0607,Swietenia macrophylla King,0.8586428619559205,0.26876027711533945,0.07084689292776884,0.5898825848405811
0323,Guibourtia demeusei (Harms) J.Léonard,0396,Lophira alata Banks ex C.F.Gaertn.,0.945174735697607,0.35528177474147954,0.027865923684178843,0.5898929609561274
0130,Castanea sativa Mill.,0418,Mansonia altissima (A. Chev.) A. Chev.,0.7459310497050899,0.15586720528769307,0.012409313496156668,0.5900638444173969
0372,Khaya ivorensis A.Chev.,0554,Quercus robur L.,0.8417907794642061,0.2514693324780144,0.11024859949584655,0.5903214469861917
0430,Milicia excelsa (Welw.) C.C. Berg,0431,Millettia laurentii De Wild.,0.8132655354937952,0.2228508772324565,0.14784264520810295,0.5904146582613388
0294,Fraxinus excelsior L.,0542,Pycnanthus angolensis (Welw.) Warb.,0.766841635204605,0.17627665442045826,0.07234546467128498,0.5905649807841468
0297,Fraxinus mandshurica Rupr.,0371,Khaya grandifoliola C.DC.,0.8886688132751897,0.29800823641994206,0.048818241280783575,0.5906605768552475
0130,Castanea sativa Mill.,0207,Dalbergia nigra (Vell.) Allemão ex Benth.,1.0101342940717326,0.15586720528769307,0.4194156315959103,0.5907186624758223
0257,Entandrophragma candollei Harms,0331,Heritiera utilis (Sprague) Sprague,0.8044083059175551,0.18916044854556002,0.21354296220717087,0.5908653437103842
0553,Quercus petraea (Matt.) Liebl.,0625,Terminalia superba Engl.& Diels,0.9535830247448509,0.2581276659186852,0.36271194838005,0.5908710763648009
0007,Acer pseudoplatanus L.,0295,Fraxinus nigra Marshall,0.8663487518066545,0.27538384172241354,0.022324164890242817,0.5909649100842409
0066,Aucoumea klaineana Pierre,0550,Quercus mongolica Fisch. ex Ledeb.,0.7602266202727447,0.1689848833310126,0.0339628776830313,0.5912417369417321
0244,Dryobalanops C.F.Gaertn.,0426,Microberlinia brazzavillensis A. Chev.,0.8312653080647061,0.03512342815501089,0.23957417592531832,0.5916911321393878
0243,Dracontomelon dao (Blanco) Merr. & Rolfe,0530,Pterocarpus soyauxii Taub.,0.9600192569007926,0.36823324125981255,0.19955695100455761,0.59178601564098
0243,Dracontomelon dao (Blanco) Merr. & Rolfe,0396,Lophira alata Banks ex C.F.Gaertn.,0.9604781756876638,0.36823324125981255,0.027865923684178843,0.5922449344278513
0425,Mezilaurus ita-uba (Meisn.) Taub. ex Mez,0679,Aningeria Aubrév. & Pellegr.,0.8527426824739824,0.2601673546959139,0.2305382109200897,0.5925753277780685
0425,Mezilaurus ita-uba (Meisn.) Taub. ex Mez,0426,Microberlinia brazzavillensis A. Chev.,0.8528677522751312,0.2601673546959139,0.23957417592531832,0.5927003975792173
0072,Baillonella toxisperma Pierre,0318,Leplaea cedrata (A.Chev.) E.J.M.Koenen & J.J.de Wilde,0.926737065470234,0.33402537324669906,0.015638624237181115,0.5927116922235349
0318,Leplaea cedrata (A.Chev.) E.J.M.Koenen & J.J.de Wilde,0323,Guibourtia demeusei (Harms) J.Léonard,0.9483714239411084,0.015638624237181115,0.35528177474147954,0.5930896491996289
0070,Bagassa guianensis Aubl.,0396,Lophira alata Banks ex C.F.Gaertn.,1.046137309451749,0.4528924582382436,0.027865923684178843,0.5932448512135053
0425,Mezilaurus ita-uba (Meisn.) Taub. ex Mez,0461,Ochroma pyramidale (Cav. ex Lam.) Urb.,0.8534874845521271,0.2601673546959139,0.09605455767171649,0.5933201298562132
0080,Betula papyrifera Marshall,0270,Erythrophleum suaveolens (Guill. & Perr.) Brenan,1.0038320972934012,0.3923039267660832,0.4099958913427453,0.5938362059506559
0080,Betula papyrifera Marshall,0301,Gilbertiodendron dewevrei (De Wild.) J.Léonard,0.9863487265316473,0.3923039267660832,0.15292725453998418,0.594044799765564
0030,Amburana cearensis (Allemão) A.C.Sm.,0371,Khaya grandifoliola C.DC.,0.8628746838417982,0.26876027711533945,0.048818241280783575,0.5941144067264588
0066,Aucoumea klaineana Pierre,0625,Terminalia superba Engl.& Diels,0.9570995693537463,0.1689848833310126,0.36271194838005,0.5943876209736962
0072,Baillonella toxisperma Pierre,0625,Terminalia superba Engl.& Diels,0.9571389865461203,0.33402537324669906,0.36271194838005,0.5944270381660703
0259,Entandrophragma utile (Dawe & Sprague) Sprague,0478,Peltogyne Vogel,0.8014617744007522,0.2069978345154368,0.1811470023936011,0.5944639398853153
0239,Dipteryx odorata (Aubl.) Forsyth f.,0323,Guibourtia demeusei (Harms) J.Léonard,1.01114426048321,0.4164011395062616,0.35528177474147954,0.5947431209769483
0256,Entandrophragma angolense (Welw.) Panshin,0313,Grevillea robusta A.Cunn. ex R.Br.,0.9146278464740133,0.319302552831661,0.2838740990600396,0.5953252936423523
0009,Leptolobium Vogel,0318,Leplaea cedrata (A.Chev.) E.J.M.Koenen & J.J.de Wilde,0.7565179730433378,0.16101899818656135,0.015638624237181115,0.5954989748567765
0244,Dryobalanops C.F.Gaertn.,0372,Khaya ivorensis A.Chev.,0.8472832918662868,0.03512342815501089,0.2514693324780144,0.5958139593882724
0367,Juglans nigra L.,0625,Terminalia superba Engl.& Diels,0.9587256877960678,0.02005651109636719,0.36271194838005,0.5960137394160179
0147,Ceiba pentandra (L.) Gaertn.,0353,Intsia Thouars,1.082504527772695,0.09920852062625649,0.48641128958703317,0.5960932381856618
0030,Amburana cearensis (Allemão) A.C.Sm.,0608,Swietenia mahagoni (L.) Jacq.,0.8649345207217836,0.26876027711533945,0.02812049764059408,0.5961742436064441
0007,Acer pseudoplatanus L.,0554,Quercus robur L.,0.8717427542203033,0.27538384172241354,0.11024859949584655,0.5963589124978899
0073,Balfourodendron riedelianum (Engl.) Engl.,0530,Pterocarpus soyauxii Taub.,0.9803202063625507,0.38391787966371865,0.19955695100455761,0.5964023266988321
0478,Peltogyne Vogel,0608,Swietenia mahagoni (L.) Jacq.,0.7775555702751997,0.1811470023936011,0.02812049764059408,0.5964085678815987
0006,Acer platanoides L.,0295,Fraxinus nigra Marshall,0.7865271012594626,0.18973256215443007,0.022324164890242817,0.5967945391050324
0257,Entandrophragma candollei Harms,0613,Tabebuia rosea (Bert.) DC.,0.8717949895988271,0.18916044854556002,0.27496924594578387,0.5968257436530432
0530,Pterocarpus soyauxii Taub.,0678,Albizia ferruginea (Guill. & Perr.) Benth.,0.9547029740142294,0.19955695100455761,0.35777892083270585,0.5969240531815236
0181,Cotylelobium Pierre,0550,Quercus mongolica Fisch. ex Ledeb.,0.8599345633862716,0.2627628502619556,0.0339628776830313,0.5971717131243159
0270,Erythrophleum suaveolens (Guill. & Perr.) Brenan,0552,Quercus alba L.,1.0071829891791027,0.4099958913427453,0.11942757291818792,0.5971870978363574
0080,Betula papyrifera Marshall,0478,Peltogyne Vogel,0.9896478154415238,0.3923039267660832,0.1811470023936011,0.5973438886754405
0030,Amburana cearensis (Allemão) A.C.Sm.,0331,Heritiera utilis (Sprague) Sprague,0.8663036553541379,0.26876027711533945,0.21354296220717087,0.5975433782387984
0147,Ceiba pentandra (L.) Gaertn.,0613,Tabebuia rosea (Bert.) DC.,0.8725262154237908,0.09920852062625649,0.27496924594578387,0.597556969478007
0366,Juglans regia L.,0530,Pterocarpus soyauxii Taub.,0.7972858457938513,0.0161593253050704,0.19955695100455761,0.5977288947892937
0297,Fraxinus mandshurica Rupr.,0354,Intsia bijuga (Colebr.) Kuntze,0.8958041173238276,0.29800823641994206,0.29407015717558727,0.5977958809038855
0354,Intsia bijuga (Colebr.) Kuntze,0530,Pterocarpus soyauxii Taub.,0.8919189221582535,0.29407015717558727,0.19955695100455761,0.5978487649826663
0034,Anacardium L.,0552,Quercus alba L.,0.9670032986109272,0.36896207906881207,0.11942757291818792,0.5980412195421151
0257,Entandrophragma candollei Harms,0608,Swietenia mahagoni (L.) Jacq.,0.7872602132938837,0.18916044854556002,0.02812049764059408,0.5980997647483237
0035,Anacardium giganteum Hancock ex Engl.,0041,Aniba rosodora Ducke,0.8039122068465151,0.20568448529299813,0.0656528117264906,0.598227721553517
0326,Guibourtia ehie (A. Chev.) J. Léonard,0371,Khaya grandifoliola C.DC.,0.8966908054395899,0.2984188053844587,0.048818241280783575,0.5982720000551311
0269,Erythrophleum ivorense A. Chev,0331,Heritiera utilis (Sprague) Sprague,0.8888178142255516,0.2903085074707726,0.21354296220717087,0.5985093067547791
0542,Pycnanthus angolensis (Welw.) Warb.,0679,Aningeria Aubrév. & Pellegr.,0.8292439765907329,0.07234546467128498,0.2305382109200897,0.5987057656706432
0295,Fraxinus nigra Marshall,0353,Intsia Thouars,1.0853076049704309,0.022324164890242817,0.48641128958703317,0.5988963153833977
0297,Fraxinus mandshurica Rupr.,0324,Guibourtia pellegriniana J.Léonard,0.897010598097903,0.29800823641994206,0.20301559578579392,0.599002361677961
0372,Khaya ivorensis A.Chev.,0552,Quercus alba L.,0.8505048413897219,0.2514693324780144,0.11942757291818792,0.5990355089117075
0007,Acer pseudoplatanus L.,0129,Castanea crenata Siebold & Zucc.,0.8744457360440955,0.27538384172241354,0.01642495583191611,0.5990618943216819
0257,Entandrophragma candollei Harms,0354,Intsia bijuga (Colebr.) Kuntze,0.8933729359728061,0.18916044854556002,0.29407015717558727,0.5993027787972188
0006,Acer platanoides L.,0541,Pterygota macrocarpa K. Schum.,0.7890554691380971,0.18973256215443007,0.016821229975053267,0.599322906983667
0354,Intsia bijuga (Colebr.) Kuntze,0418,Mansonia altissima (A. Chev.) A. Chev.,0.8934760362008067,0.29407015717558727,0.012409313496156668,0.5994058790252195
0295,Fraxinus nigra Marshall,0399,Lovoa trichilioides Harms,0.9021546661362312,0.022324164890242817,0.3025441823946234,0.5996104837416079
0033,Anacardium excelsum (Bertero & Balb. ex Kunth) Skeels,0270,Erythrophleum suaveolens (Guill. & Perr.) Brenan,1.0097586594661911,0.07482690115830566,0.4099958913427453,0.5997627681234459
0007,Acer pseudoplatanus L.,0243,Dracontomelon dao (Blanco) Merr. & Rolfe,0.9685580242192493,0.27538384172241354,0.36823324125981255,0.6003247829594367
0243,Dracontomelon dao (Blanco) Merr. & Rolfe,0541,Pterygota macrocarpa K. Schum.,0.968847893952564,0.36823324125981255,0.016821229975053267,0.6006146526927514
0313,Grevillea robusta A.Cunn. ex R.Br.,0431,Millettia laurentii De Wild.,0.8848196957776642,0.2838740990600396,0.14784264520810295,0.6009455967176246
0297,Fraxinus mandshurica Rupr.,0608,Swietenia mahagoni (L.) Jacq.,0.8992912326306974,0.29800823641994206,0.02812049764059408,0.6012829962107553
0296,Fraxinus ornus L.,0426,Microberlinia brazzavillensis A. Chev.,0.8718118210705632,0.2704807546799976,0.23957417592531832,0.6013310663905655
0296,Fraxinus ornus L.,0606,Swietenia humilis Zucc.,0.8720858747775482,0.2704807546799976,0.03956854200666897,0.6016051200975505
0269,Erythrophleum ivorense A. Chev,0608,Swietenia mahagoni (L.) Jacq.,0.8919159201224032,0.2903085074707726,0.02812049764059408,0.6016074126516306
0354,Intsia bijuga (Colebr.) Kuntze,0366,Juglans regia L.,0.8956945261174357,0.29407015717558727,0.0161593253050704,0.6016243689418485
0034,Anacardium L.,0554,Quercus robur L.,0.9708260737660922,0.36896207906881207,0.11024859949584655,0.6018639946972801
0270,Erythrophleum suaveolens (Guill. & Perr.) Brenan,0553,Quercus petraea (Matt.) Liebl.,1.0120305622771062,0.4099958913427453,0.2581276659186852,0.6020346709343609
0115,Carapa guianensis Aubl.,0244,Dryobalanops C.F.Gaertn.,1.055064477821208,0.45301009815803,0.03512342815501089,0.6020543796631779
0157,Ceriops tagal (Perr.) C.B. Robinson,0269,Erythrophleum ivorense A. Chev,0.9330990798477198,0.33088565378713025,0.2903085074707726,0.6022134260605896
0007,Acer pseudoplatanus L.,0034,Anacardium L.,0.9713331146483415,0.27538384172241354,0.36896207906881207,0.6023710355795294
0009,Leptolobium Vogel,0259,Entandrophragma utile (Dawe & Sprague) Sprague,0.8094477221939266,0.16101899818656135,0.2069978345154368,0.6024498876784898
0418,Mansonia altissima (A. Chev.) A. Chev.,0530,Pterocarpus soyauxii Taub.,0.8024297450064983,0.012409313496156668,0.19955695100455761,0.6028727940019407
0007,Acer pseudoplatanus L.,0552,Quercus alba L.,0.8785194884529566,0.27538384172241354,0.11942757291818792,0.6031356467305431
0425,Mezilaurus ita-uba (Meisn.) Taub. ex Mez,0480,Peltogyne mexicana Martínez,0.8635368730267061,0.2601673546959139,0.1079574407089981,0.6033695183307922
0238,Dipterocarpus kerrii King,0399,Lovoa trichilioides Harms,0.9061730372934422,0.03389503762998255,0.3025441823946234,0.6036288548988189
0073,Balfourodendron riedelianum (Engl.) Engl.,0296,Fraxinus ornus L.,0.987553363290651,0.38391787966371865,0.2704807546799976,0.6036354836269324
0297,Fraxinus mandshurica Rupr.,0530,Pterocarpus soyauxii Taub.,0.9017409895256349,0.29800823641994206,0.19955695100455761,0.6037327531056929
0091,Brachystegia Benth.,0366,Juglans regia L.,0.9734035375593885,0.36962746064415636,0.0161593253050704,0.603776076915232
0678,Albizia ferruginea (Guill. & Perr.) Benth.,0679,Aningeria Aubrév. & Pellegr.,0.961713414836863,0.35777892083270585,0.2305382109200897,0.6039344940041571
0301,Gilbertiodendron dewevrei (De Wild.) J.Léonard,0425,Mezilaurus ita-uba (Meisn.) Taub. ex Mez,0.8644155565564164,0.15292725453998418,0.2601673546959139,0.6042482018605025
0158,"Chlorocardium rodiei (R.H.Schomb.) Rohwer, H.G.Richt. & van der Werff",0245,Dryobalanops aromatica C.F.Gaertn.,0.7044087347239649,0.10003326503781798,0.08261225579476351,0.604375469686147
0541,Pterygota macrocarpa K. Schum.,0678,Albizia ferruginea (Guill. & Perr.) Benth.,0.9624045237984534,0.016821229975053267,0.35777892083270585,0.6046256029657475
0072,Baillonella toxisperma Pierre,0270,Erythrophleum suaveolens (Guill. & Perr.) Brenan,1.014657804416685,0.33402537324669906,0.4099958913427453,0.6046619130739397
0081,Betula pendula Roth,0093,Brachystegia laurentii (De Wild.) Louis ex J.Léonard,0.939321243863803,0.0025807385340572584,0.3343633761708376,0.6049578676929654
0091,Brachystegia Benth.,0418,Mansonia altissima (A. Chev.) A. Chev.,0.9745962712084744,0.36962746064415636,0.012409313496156668,0.6049688105643181
0070,Bagassa guianensis Aubl.,0318,Leplaea cedrata (A.Chev.) E.J.M.Koenen & J.J.de Wilde,1.0578756040911776,0.4528924582382436,0.015638624237181115,0.604983145852934
0147,Ceiba pentandra (L.) Gaertn.,0679,Aningeria Aubrév. & Pellegr.,0.8356975577561203,0.09920852062625649,0.2305382109200897,0.6051593468360306
0007,Acer pseudoplatanus L.,0181,Cotylelobium Pierre,0.8805933745368536,0.27538384172241354,0.2627628502619556,0.60520953281444
0093,Brachystegia laurentii (De Wild.) Louis ex J.Léonard,0313,Grevillea robusta A.Cunn. ex R.Br.,0.939582350840789,0.3343633761708376,0.2838740990600396,0.6052189746699514
0041,Aniba rosodora Ducke,0091,Brachystegia Benth.,0.9748842365345921,0.0656528117264906,0.36962746064415636,0.6052567758904357
0478,Peltogyne Vogel,0607,Swietenia macrophylla King,0.7864282845080504,0.1811470023936011,0.07084689292776884,0.6052812821144493
0034,Anacardium L.,0072,Baillonella toxisperma Pierre,0.9746281734229072,0.36896207906881207,0.33402537324669906,0.6056660943540951
0245,Dryobalanops aromatica C.F.Gaertn.,0302,Gilbertiodendron preussii (Harms) J.Léonard,0.7232545012569442,0.08261225579476351,0.1175198759908919,0.6057346252660524
0541,Pterygota macrocarpa K. Schum.,0679,Aningeria Aubrév. & Pellegr.,0.836538854943687,0.016821229975053267,0.2305382109200897,0.6060006440235972
0081,Betula pendula Roth,0091,Brachystegia Benth.,0.9757437034277068,0.0025807385340572584,0.36962746064415636,0.6061162427835505
0238,Dipterocarpus kerrii King,0353,Intsia Thouars,1.092554788928373,0.03389503762998255,0.48641128958703317,0.6061434993413399
0129,Castanea crenata Siebold & Zucc.,0372,Khaya ivorensis A.Chev.,0.8577027044575906,0.01642495583191611,0.2514693324780144,0.6062333719795762
0030,Amburana cearensis (Allemão) A.C.Sm.,0073,Balfourodendron riedelianum (Engl.) Engl.,0.9904781655702919,0.26876027711533945,0.38391787966371865,0.6065602859065733
0033,Anacardium excelsum (Bertero & Balb. ex Kunth) Skeels,0129,Castanea crenata Siebold & Zucc.,0.6816228351402599,0.07482690115830566,0.01642495583191611,0.6067959339819542
0244,Dryobalanops C.F.Gaertn.,0301,Gilbertiodendron dewevrei (De Wild.) J.Léonard,0.759924517281789,0.03512342815501089,0.15292725453998418,0.6069972627418048
0244,Dryobalanops C.F.Gaertn.,0302,Gilbertiodendron preussii (Harms) J.Léonard,0.7246287807172689,0.03512342815501089,0.1175198759908919,0.607108904726377
0081,Betula pendula Roth,0259,Entandrophragma utile (Dawe & Sprague) Sprague,0.8144520830108202,0.0025807385340572584,0.2069978345154368,0.6074542484953833
0073,Balfourodendron riedelianum (Engl.) Engl.,0430,Milicia excelsa (Welw.) C.C. Berg,0.9913792722638362,0.38391787966371865,0.2228508772324565,0.6074613926001176
0080,Betula papyrifera Marshall,0326,Guibourtia ehie (A. Chev.) J. Léonard,1.0001436088984526,0.3923039267660832,0.2984188053844587,0.6078396821323693
0331,Heritiera utilis (Sprague) Sprague,0550,Quercus mongolica Fisch. ex Ledeb.,0.821468571987472,0.21354296220717087,0.0339628776830313,0.6079256097803012
0238,Dipterocarpus kerrii King,0430,Milicia excelsa (Welw.) C.C. Berg,0.8308967551662618,0.03389503762998255,0.2228508772324565,0.6080458779338054
0009,Leptolobium Vogel,0325,Guibourtia tessmannii (Harms) J.Léonard,0.8059978633264153,0.16101899818656135,0.19769310265299028,0.6083047606734251
0195,Ctenolophon parvifolius Oliv.,0550,Quercus mongolica Fisch. ex Ledeb.,0.8393473500968369,0.23093942479410615,0.0339628776830313,0.6084079253027308
0238,Dipterocarpus kerrii King,0256,Entandrophragma angolense (Welw.) Panshin,0.9277831327049397,0.03389503762998255,0.319302552831661,0.6084805798732787
0080,Betula papyrifera Marshall,0091,Brachystegia Benth.,1.0009921969350764,0.3923039267660832,0.36962746064415636,0.6086882701689931
0399,Lovoa trichilioides Harms,0530,Pterocarpus soyauxii Taub.,0.9113093683593896,0.3025441823946234,0.19955695100455761,0.6087651859647663
0325,Guibourtia tessmannii (Harms) J.Léonard,0480,Peltogyne mexicana Martínez,0.8065135150680587,0.19769310265299028,0.1079574407089981,0.6088204124150685
0302,Gilbertiodendron preussii (Harms) J.Léonard,0431,Millettia laurentii De Wild.,0.7566857865803485,0.1175198759908919,0.14784264520810295,0.6088431413722455
0296,Fraxinus ornus L.,0354,Intsia bijuga (Colebr.) Kuntze,0.9030051479375074,0.2704807546799976,0.29407015717558727,0.6089349907619201
0418,Mansonia altissima (A. Chev.) A. Chev.,0613,Tabebuia rosea (Bert.) DC.,0.8840783548247055,0.012409313496156668,0.27496924594578387,0.6091091088789217
0093,Brachystegia laurentii (De Wild.) Louis ex J.Léonard,0257,Entandrophragma candollei Harms,0.9435131726826047,0.3343633761708376,0.18916044854556002,0.6091497965117671
0294,Fraxinus excelsior L.,0323,Guibourtia demeusei (Harms) J.Léonard,0.9645222076026553,0.17627665442045826,0.35528177474147954,0.6092404328611758
0041,Aniba rosodora Ducke,0354,Intsia bijuga (Colebr.) Kuntze,0.9033772269653628,0.0656528117264906,0.29407015717558727,0.6093070697897756
0318,Leplaea cedrata (A.Chev.) E.J.M.Koenen & J.J.de Wilde,0399,Lovoa trichilioides Harms,0.9119274911400832,0.015638624237181115,0.3025441823946234,0.6093833087454599
0245,Dryobalanops aromatica C.F.Gaertn.,0301,Gilbertiodendron dewevrei (De Wild.) J.Léonard,0.7624679737402743,0.08261225579476351,0.15292725453998418,0.6095407192002902
0313,Grevillea robusta A.Cunn. ex R.Br.,0331,Heritiera utilis (Sprague) Sprague,0.8934388711149776,0.2838740990600396,0.21354296220717087,0.609564772054938
0006,Acer platanoides L.,0425,Mezilaurus ita-uba (Meisn.) Taub. ex Mez,0.8701497541107762,0.18973256215443007,0.2601673546959139,0.6099823994148623
0073,Balfourodendron riedelianum (Engl.) Engl.,0158,"Chlorocardium rodiei (R.H.Schomb.) Rohwer, H.G.Richt. & van der Werff",0.9939004029395659,0.38391787966371865,0.10003326503781798,0.6099825232758473
0081,Betula pendula Roth,0399,Lovoa trichilioides Harms,0.9127680817518853,0.0025807385340572584,0.3025441823946234,0.610223899357262
0258,Entandrophragma cylindricum (Sprague) Sprague,0479,Peltogyne catingae Ducke,0.8629580441301308,0.25242647174716004,0.05022355401665795,0.6105315723829707
0293,Fraxinus americana L.,0354,Intsia bijuga (Colebr.) Kuntze,0.9047600810530898,0.2006874935372814,0.29407015717558727,0.6106899238775025
0371,Khaya grandifoliola C.DC.,0607,Swietenia macrophylla King,0.6817494768424457,0.048818241280783575,0.07084689292776884,0.6109025839146769
0007,Acer pseudoplatanus L.,0238,Dipterocarpus kerrii King,0.8863019215075593,0.27538384172241354,0.03389503762998255,0.6109180797851457
0244,Dryobalanops C.F.Gaertn.,0478,Peltogyne Vogel,0.792110684628399,0.03512342815501089,0.1811470023936011,0.6109636822347979
0129,Castanea crenata Siebold & Zucc.,0366,Juglans regia L.,0.6274828941262778,0.01642495583191611,0.0161593253050704,0.6110579382943617
0269,Erythrophleum ivorense A. Chev,0294,Fraxinus excelsior L.,0.9015841488343099,0.2903085074707726,0.17627665442045826,0.6112756413635374
0181,Cotylelobium Pierre,0331,Heritiera utilis (Sprague) Sprague,0.8743832780811233,0.2627628502619556,0.21354296220717087,0.6116204278191677
0003,Acacia mangium Willd.,0245,Dryobalanops aromatica C.F.Gaertn.,0.8461418109227377,0.23412845438956545,0.08261225579476351,0.6120133565331722
0080,Betula papyrifera Marshall,0256,Entandrophragma angolense (Welw.) Panshin,1.00452555920172,0.3923039267660832,0.319302552831661,0.6122216324356367
0270,Erythrophleum suaveolens (Guill. & Perr.) Brenan,0554,Quercus robur L.,1.0222382589593908,0.4099958913427453,0.11024859949584655,0.6122423676166455
0195,Ctenolophon parvifolius Oliv.,0331,Heritiera utilis (Sprague) Sprague,0.8432511893105124,0.23093942479410615,0.21354296220717087,0.6123117645164062
0034,Anacardium L.,0130,Castanea sativa Mill.,0.9813041652479171,0.36896207906881207,0.15586720528769307,0.612342086179105
0009,Leptolobium Vogel,0679,Aningeria Aubrév. & Pellegr.,0.8430534416485167,0.16101899818656135,0.2305382109200897,0.612515230728427
0425,Mezilaurus ita-uba (Meisn.) Taub. ex Mez,0550,Quercus mongolica Fisch. ex Ledeb.,0.8726877523344856,0.2601673546959139,0.0339628776830313,0.6125203976385717
0425,Mezilaurus ita-uba (Meisn.) Taub. ex Mez,0478,Peltogyne Vogel,0.8735048232784904,0.2601673546959139,0.1811470023936011,0.6133374685825765
0461,Ochroma pyramidale (Cav. ex Lam.) Urb.,0678,Albizia ferruginea (Guill. & Perr.) Benth.,0.9713822853998351,0.09605455767171649,0.35777892083270585,0.6136033645671293
0129,Castanea crenata Siebold & Zucc.,0678,Albizia ferruginea (Guill. & Perr.) Benth.,0.9713833143956719,0.01642495583191611,0.35777892083270585,0.613604393562966
0157,Ceriops tagal (Perr.) C.B. Robinson,0326,Guibourtia ehie (A. Chev.) J. Léonard,0.9449397008026799,0.33088565378713025,0.2984188053844587,0.6140540470155496
0366,Juglans regia L.,0613,Tabebuia rosea (Bert.) DC.,0.8892638883752528,0.0161593253050704,0.27496924594578387,0.614294642429469
0072,Baillonella toxisperma Pierre,0396,Lophira alata Banks ex C.F.Gaertn.,0.9489146960521756,0.33402537324669906,0.027865923684178843,0.6148893228054766
0297,Fraxinus mandshurica Rupr.,0607,Swietenia macrophylla King,0.9130311686762935,0.29800823641994206,0.07084689292776884,0.6150229322563514
0214,Daniellia thurifera Benn.,0245,Dryobalanops aromatica C.F.Gaertn.,1.020079255693381,0.4049723941201597,0.08261225579476351,0.6151068615732214
0313,Grevillea robusta A.Cunn. ex R.Br.,0613,Tabebuia rosea (Bert.) DC.,0.8989912755159903,0.2838740990600396,0.27496924594578387,0.6151171764559508
0158,"Chlorocardium rodiei (R.H.Schomb.) Rohwer, H.G.Richt. & van der Werff",0479,Peltogyne catingae Ducke,0.7151763144853702,0.10003326503781798,0.05022355401665795,0.6151430494475523
0157,Ceriops tagal (Perr.) C.B. Robinson,0431,Millettia laurentii De Wild.,0.9460640510522186,0.33088565378713025,0.14784264520810295,0.6151783972650884
0294,Fraxinus excelsior L.,0425,Mezilaurus ita-uba (Meisn.) Taub. ex Mez,0.8753613055043263,0.17627665442045826,0.2601673546959139,0.6151939508084124
0073,Balfourodendron riedelianum (Engl.) Engl.,0236,Dipterocarpus C.F.Gaertn.,0.9991513585096437,0.38391787966371865,0.24925766087492005,0.615233478845925
0302,Gilbertiodendron preussii (Harms) J.Léonard,0371,Khaya grandifoliola C.DC.,0.7328779452924803,0.1175198759908919,0.048818241280783575,0.6153580693015884
0041,Aniba rosodora Ducke,0530,Pterocarpus soyauxii Taub.,0.8150715799541077,0.0656528117264906,0.19955695100455761,0.6155146289495501
0158,"Chlorocardium rodiei (R.H.Schomb.) Rohwer, H.G.Richt. & van der Werff",0244,Dryobalanops C.F.Gaertn.,0.7156581565283557,0.10003326503781798,0.03512342815501089,0.6156248914905378
0129,Castanea crenata Siebold & Zucc.,0418,Mansonia altissima (A. Chev.) A. Chev.,0.6321765741607863,0.01642495583191611,0.012409313496156668,0.6157516183288703
0195,Ctenolophon parvifolius Oliv.,0613,Tabebuia rosea (Bert.) DC.,0.8908295438009523,0.23093942479410615,0.27496924594578387,0.6158602978551684
0296,Fraxinus ornus L.,0375,Koompassia malaccensis Maing.,0.8864227129141193,0.2704807546799976,0.03982575224826281,0.6159419582341217
0006,Acer platanoides L.,0324,Guibourtia pellegriniana J.Léonard,0.819160945361668,0.18973256215443007,0.20301559578579392,0.616145349575874
0091,Brachystegia Benth.,0236,Dipterocarpus C.F.Gaertn.,0.9860295751898892,0.36962746064415636,0.24925766087492005,0.6164021145457328
0041,Aniba rosodora Ducke,0613,Tabebuia rosea (Bert.) DC.,0.8917734124968553,0.0656528117264906,0.27496924594578387,0.6168041665510714
0256,Entandrophragma angolense (Welw.) Panshin,0295,Fraxinus nigra Marshall,0.9362425293914121,0.319302552831661,0.022324164890242817,0.6169399765597511
0296,Fraxinus ornus L.,0608,Swietenia mahagoni (L.) Jacq.,0.887536480579059,0.2704807546799976,0.02812049764059408,0.6170557258990614
0259,Entandrophragma utile (Dawe & Sprague) Sprague,0302,Gilbertiodendron preussii (Harms) J.Léonard,0.8243317750595329,0.2069978345154368,0.1175198759908919,0.6173339405440961
0181,Cotylelobium Pierre,0541,Pterygota macrocarpa K. Schum.,0.8800982654107672,0.2627628502619556,0.016821229975053267,0.6173354151488115
0003,Acacia mangium Willd.,0295,Fraxinus nigra Marshall,0.851586075297222,0.23412845438956545,0.022324164890242817,0.6174576209076565
0030,Amburana cearensis (Allemão) A.C.Sm.,0425,Mezilaurus ita-uba (Meisn.) Taub. ex Mez,0.8862756872847677,0.26876027711533945,0.2601673546959139,0.6175154101694282
0648,Triplochiton scleroxylon K. Schum.,0678,Albizia ferruginea (Guill. & Perr.) Benth.,0.9755245195970919,0.16453642510521302,0.35777892083270585,0.6177455987643861
0354,Intsia bijuga (Colebr.) Kuntze,0607,Swietenia macrophylla King,0.9119422954289025,0.29407015717558727,0.07084689292776884,0.6178721382533152
0295,Fraxinus nigra Marshall,0430,Milicia excelsa (Welw.) C.C. Berg,0.8408055615962449,0.022324164890242817,0.2228508772324565,0.6179546843637884
0259,Entandrophragma utile (Dawe & Sprague) Sprague,0301,Gilbertiodendron dewevrei (De Wild.) J.Léonard,0.8254308424993088,0.2069978345154368,0.15292725453998418,0.618433007983872
0147,Ceiba pentandra (L.) Gaertn.,0331,Heritiera utilis (Sprague) Sprague,0.8321454573860629,0.09920852062625649,0.21354296220717087,0.6186024951788921
0081,Betula pendula Roth,0367,Juglans nigra L.,0.6386834735461732,0.0025807385340572584,0.02005651109636719,0.618626962449806
0006,Acer platanoides L.,0297,Fraxinus mandshurica Rupr.,0.9168391791994311,0.18973256215443007,0.29800823641994206,0.6188309427794891
0236,Dipterocarpus C.F.Gaertn.,0550,Quercus mongolica Fisch. ex Ledeb.,0.8683912536118406,0.24925766087492005,0.0339628776830313,0.6191335927369205
0147,Ceiba pentandra (L.) Gaertn.,0270,Erythrophleum suaveolens (Guill. & Perr.) Brenan,1.0292900872340178,0.09920852062625649,0.4099958913427453,0.6192941958912725
0009,Leptolobium Vogel,0367,Juglans nigra L.,0.7805634589543607,0.16101899818656135,0.02005651109636719,0.6195444607677993
0269,Erythrophleum ivorense A. Chev,0530,Pterocarpus soyauxii Taub.,0.9101758400180164,0.2903085074707726,0.19955695100455761,0.6198673325472439
0181,Cotylelobium Pierre,0269,Erythrophleum ivorense A. Chev,0.9102539099487708,0.2627628502619556,0.2903085074707726,0.6199454024779982
0091,Brachystegia Benth.,0679,Aningeria Aubrév. & Pellegr.,0.9896537032181667,0.36962746064415636,0.2305382109200897,0.6200262425740104
0296,Fraxinus ornus L.,0679,Aningeria Aubrév. & Pellegr.,0.8906407000954437,0.2704807546799976,0.2305382109200897,0.6201599454154461
0081,Betula pendula Roth,0371,Khaya grandifoliola C.DC.,0.6691414770487184,0.0025807385340572584,0.048818241280783575,0.6203232357679348
0081,Betula pendula Roth,0293,Fraxinus americana L.,0.8212545854050975,0.0025807385340572584,0.2006874935372814,0.6205670918678161
0092,Brachystegia cynometroides Harms,0425,Mezilaurus ita-uba (Meisn.) Taub. ex Mez,0.8808171390436876,0.05008607091450365,0.2601673546959139,0.6206497843477737
0296,Fraxinus ornus L.,0550,Quercus mongolica Fisch. ex Ledeb.,0.8914112300043032,0.2704807546799976,0.0339628776830313,0.6209304753243057
0461,Ochroma pyramidale (Cav. ex Lam.) Urb.,0625,Terminalia superba Engl.& Diels,0.9837881774224468,0.09605455767171649,0.36271194838005,0.6210762290423968
0033,Anacardium excelsum (Bertero & Balb. ex Kunth) Skeels,0245,Dryobalanops aromatica C.F.Gaertn.,0.7038341993692578,0.07482690115830566,0.08261225579476351,0.6212219435744943
0257,Entandrophragma candollei Harms,0425,Mezilaurus ita-uba (Meisn.) Taub. ex Mez,0.8818561519171484,0.18916044854556002,0.2601673546959139,0.6216887972212345
0372,Khaya ivorensis A.Chev.,0375,Koompassia malaccensis Maing.,0.8733680963117731,0.2514693324780144,0.03982575224826281,0.6218987638337587
0259,Entandrophragma utile (Dawe & Sprague) Sprague,0318,Leplaea cedrata (A.Chev.) E.J.M.Koenen & J.J.de Wilde,0.8289420305852119,0.2069978345154368,0.015638624237181115,0.6219441960697751
0270,Erythrophleum suaveolens (Guill. & Perr.) Brenan,0550,Quercus mongolica Fisch. ex Ledeb.,1.0321325059434783,0.4099958913427453,0.0339628776830313,0.622136614600733
0007,Acer pseudoplatanus L.,0479,Peltogyne catingae Ducke,0.8975217465228085,0.27538384172241354,0.05022355401665795,0.622137904800395
0009,Leptolobium Vogel,0081,Betula pendula Roth,0.7832599825426464,0.16101899818656135,0.0025807385340572584,0.622240984356085
0072,Baillonella toxisperma Pierre,0606,Swietenia humilis Zucc.,0.9564856846511844,0.33402537324669906,0.03956854200666897,0.6224603114044853
0070,Bagassa guianensis Aubl.,0371,Khaya grandifoliola C.DC.,1.0754071991038365,0.4528924582382436,0.048818241280783575,0.6225147408655929
0034,Anacardium L.,0553,Quercus petraea (Matt.) Liebl.,0.9917677129052711,0.36896207906881207,0.2581276659186852,0.622805633836459
0270,Erythrophleum suaveolens (Guill. & Perr.) Brenan,0541,Pterygota macrocarpa K. Schum.,1.033002937028341,0.4099958913427453,0.016821229975053267,0.6230070456855956
0325,Guibourtia tessmannii (Harms) J.Léonard,0550,Quercus mongolica Fisch. ex Ledeb.,0.8209576991485561,0.19769310265299028,0.0339628776830313,0.6232645964955659
0541,Pterygota macrocarpa K. Schum.,0625,Terminalia superba Engl.& Diels,0.9861866334267423,0.016821229975053267,0.36271194838005,0.6234746850466923
0372,Khaya ivorensis A.Chev.,0613,Tabebuia rosea (Bert.) DC.,0.8989104148936202,0.2514693324780144,0.27496924594578387,0.6239411689478364
0259,Entandrophragma utile (Dawe & Sprague) Sprague,0679,Aningeria Aubrév. & Pellegr.,0.85494779681067,0.2069978345154368,0.2305382109200897,0.6244095858905803
0195,Ctenolophon parvifolius Oliv.,0318,Leplaea cedrata (A.Chev.) E.J.M.Koenen & J.J.de Wilde,0.8556471407793325,0.23093942479410615,0.015638624237181115,0.6247077159852263
0006,Acer platanoides L.,0554,Quercus robur L.,0.8144453546731811,0.18973256215443007,0.11024859949584655,0.624712792518751
0006,Acer platanoides L.,0625,Terminalia superba Engl.& Diels,0.9875105560601158,0.18973256215443007,0.36271194838005,0.6247986076800658
0270,Erythrophleum suaveolens (Guill. & Perr.) Brenan,0295,Fraxinus nigra Marshall,1.034889284750963,0.4099958913427453,0.022324164890242817,0.6248933934082177
0147,Ceiba pentandra (L.) Gaertn.,0257,Entandrophragma candollei Harms,0.8142469268394181,0.09920852062625649,0.18916044854556002,0.6250864782938581
0007,Acer pseudoplatanus L.,0147,Ceiba pentandra (L.) Gaertn.,0.9014900179278329,0.27538384172241354,0.09920852062625649,0.6261061762054194
0244,Dryobalanops C.F.Gaertn.,0258,Entandrophragma cylindricum (Sprague) Sprague,0.8789460044682837,0.03512342815501089,0.25242647174716004,0.6265195327211237
0066,Aucoumea klaineana Pierre,0678,Albizia ferruginea (Guill. & Perr.) Benth.,0.9843979766779959,0.1689848833310126,0.35777892083270585,0.62661905584529
0256,Entandrophragma angolense (Welw.) Panshin,0425,Mezilaurus ita-uba (Meisn.) Taub. ex Mez,0.9459257068671189,0.319302552831661,0.2601673546959139,0.6266231540354579
0375,Koompassia malaccensis Maing.,0431,Millettia laurentii De Wild.,0.7745989793725664,0.03982575224826281,0.14784264520810295,0.6267563341644634
0009,Leptolobium Vogel,0648,Triplochiton scleroxylon K. Schum.,0.7913271191881837,0.16101899818656135,0.16453642510521302,0.6267906940829706
0034,Anacardium L.,0542,Pycnanthus angolensis (Welw.) Warb.,0.9960154800883538,0.36896207906881207,0.07234546467128498,0.6270534010195418
0130,Castanea sativa Mill.,0293,Fraxinus americana L.,0.8281847622040817,0.15586720528769307,0.2006874935372814,0.6274972686668002
0296,Fraxinus ornus L.,0607,Swietenia macrophylla King,0.8981692482417309,0.2704807546799976,0.07084689292776884,0.6276884935617333
0003,Acacia mangium Willd.,0244,Dryobalanops C.F.Gaertn.,0.8620492652594316,0.23412845438956545,0.03512342815501089,0.6279208108698662
0093,Brachystegia laurentii (De Wild.) Louis ex J.Léonard,0679,Aningeria Aubrév. & Pellegr.,0.9623178431436709,0.3343633761708376,0.2305382109200897,0.6279544669728332
0375,Koompassia malaccensis Maing.,0530,Pterocarpus soyauxii Taub.,0.8278370934375412,0.03982575224826281,0.19955695100455761,0.6282801424329836
0294,Fraxinus excelsior L.,0418,Mansonia altissima (A. Chev.) A. Chev.,0.8046532955312717,0.17627665442045826,0.012409313496156668,0.6283766411108135
0195,Ctenolophon parvifolius Oliv.,0430,Milicia excelsa (Welw.) C.C. Berg,0.8594111302137084,0.23093942479410615,0.2228508772324565,0.6284717054196023
0006,Acer platanoides L.,0195,Ctenolophon parvifolius Oliv.,0.8594225899291901,0.18973256215443007,0.23093942479410615,0.628483165135084
0033,Anacardium excelsum (Bertero & Balb. ex Kunth) Skeels,0679,Aningeria Aubrév. & Pellegr.,0.8592798090517049,0.07482690115830566,0.2305382109200897,0.6287415981316151
0425,Mezilaurus ita-uba (Meisn.) Taub. ex Mez,0541,Pterygota macrocarpa K. Schum.,0.8890213597198633,0.2601673546959139,0.016821229975053267,0.6288540050239494
0313,Grevillea robusta A.Cunn. ex R.Br.,0530,Pterocarpus soyauxii Taub.,0.9127921109649613,0.2838740990600396,0.19955695100455761,0.6289180119049217
0258,Entandrophragma cylindricum (Sprague) Sprague,0430,Milicia excelsa (Welw.) C.C. Berg,0.8816136792735412,0.25242647174716004,0.2228508772324565,0.6291872075263811
0006,Acer platanoides L.,0238,Dipterocarpus kerrii King,0.8193186455649283,0.18973256215443007,0.03389503762998255,0.6295860834104983
0006,Acer platanoides L.,0296,Fraxinus ornus L.,0.9001074971642785,0.18973256215443007,0.2704807546799976,0.629626742484281
0375,Koompassia malaccensis Maing.,0479,Peltogyne catingae Ducke,0.6799021323258785,0.03982575224826281,0.05022355401665795,0.6296785783092206
0236,Dipterocarpus C.F.Gaertn.,0326,Guibourtia ehie (A. Chev.) J. Léonard,0.9284501939487384,0.24925766087492005,0.2984188053844587,0.6300313885642796
0091,Brachystegia Benth.,0181,Cotylelobium Pierre,0.9997172472249353,0.36962746064415636,0.2627628502619556,0.6300897865807789
0130,Castanea sativa Mill.,0270,Erythrophleum suaveolens (Guill. & Perr.) Brenan,1.0403558467785339,0.15586720528769307,0.4099958913427453,0.6303599554357886
0007,Acer pseudoplatanus L.,0318,Leplaea cedrata (A.Chev.) E.J.M.Koenen & J.J.de Wilde,0.9058405656421269,0.27538384172241354,0.015638624237181115,0.6304567239197134
0072,Baillonella toxisperma Pierre,0607,Swietenia macrophylla King,0.964598157058622,0.33402537324669906,0.07084689292776884,0.6305727838119228
0293,Fraxinus americana L.,0375,Koompassia malaccensis Maing.,0.8315730000339725,0.2006874935372814,0.03982575224826281,0.6308855064966911
0294,Fraxinus excelsior L.,0366,Juglans regia L.,0.8075023679283715,0.17627665442045826,0.0161593253050704,0.6312257135079132
0425,Mezilaurus ita-uba (Meisn.) Taub. ex Mez,0608,Swietenia mahagoni (L.) Jacq.,0.8915805983465088,0.2601673546959139,0.02812049764059408,0.6314132436505949
0236,Dipterocarpus C.F.Gaertn.,0679,Aningeria Aubrév. & Pellegr.,0.880694867393798,0.24925766087492005,0.2305382109200897,0.6314372065188779
0035,Anacardium giganteum Hancock ex Engl.,0269,Erythrophleum ivorense A. Chev,0.9219514222989748,0.20568448529299813,0.2903085074707726,0.6316429148282021
0425,Mezilaurus ita-uba (Meisn.) Taub. ex Mez,0607,Swietenia macrophylla King,0.8918379310857723,0.2601673546959139,0.07084689292776884,0.6316705763898584
0093,Brachystegia laurentii (De Wild.) Louis ex J.Léonard,0181,Cotylelobium Pierre,0.9660959765239021,0.3343633761708376,0.2627628502619556,0.6317326003530646
0035,Anacardium giganteum Hancock ex Engl.,0091,Brachystegia Benth.,1.0014474494661023,0.20568448529299813,0.36962746064415636,0.631819988821946
0007,Acer pseudoplatanus L.,0270,Erythrophleum suaveolens (Guill. & Perr.) Brenan,1.0419300891038135,0.27538384172241354,0.4099958913427453,0.6319341977610682
0270,Erythrophleum suaveolens (Guill. & Perr.) Brenan,0648,Triplochiton scleroxylon K. Schum.,1.042161968100595,0.4099958913427453,0.16453642510521302,0.6321660767578496
0081,Betula pendula Roth,0554,Quercus robur L.,0.7424306199073893,0.0025807385340572584,0.11024859949584655,0.6321820204115428
0072,Baillonella toxisperma Pierre,0608,Swietenia mahagoni (L.) Jacq.,0.9662864038088386,0.33402537324669906,0.02812049764059408,0.6322610305621394
0258,Entandrophragma cylindricum (Sprague) Sprague,0295,Fraxinus nigra Marshall,0.8851671563317878,0.25242647174716004,0.022324164890242817,0.6327406845846277
0542,Pycnanthus angolensis (Welw.) Warb.,0625,Terminalia superba Engl.& Diels,0.9955749059699066,0.07234546467128498,0.36271194838005,0.6328629575898566
0552,Quercus alba L.,0678,Albizia ferruginea (Guill. & Perr.) Benth.,0.9907264230276513,0.11942757291818792,0.35777892083270585,0.6329475021949456
0081,Betula pendula Roth,0552,Quercus alba L.,0.7523901826605129,0.0025807385340572584,0.11942757291818792,0.632962609742325
0293,Fraxinus americana L.,0326,Guibourtia ehie (A. Chev.) J. Léonard,0.9314675846020551,0.2006874935372814,0.2984188053844587,0.6330487792175965
0371,Khaya grandifoliola C.DC.,0554,Quercus robur L.,0.7433110348910892,0.048818241280783575,0.11024859949584655,0.6330624353952427
0091,Brachystegia Benth.,0372,Khaya ivorensis A.Chev.,1.0027323362097451,0.36962746064415636,0.2514693324780144,0.6331048755655888
0245,Dryobalanops aromatica C.F.Gaertn.,0552,Quercus alba L.,0.7526361487141233,0.08261225579476351,0.11942757291818792,0.6332085757959354
0007,Acer pseudoplatanus L.,0425,Mezilaurus ita-uba (Meisn.) Taub. ex Mez,0.9087831480444735,0.27538384172241354,0.2601673546959139,0.63339930632206
0072,Baillonella toxisperma Pierre,0399,Lovoa trichilioides Harms,0.9676360885435143,0.33402537324669906,0.3025441823946234,0.6336107152968153
0269,Erythrophleum ivorense A. Chev,0425,Mezilaurus ita-uba (Meisn.) Taub. ex Mez,0.9244209800434131,0.2903085074707726,0.2601673546959139,0.6341124725726406
0003,Acacia mangium Willd.,0430,Milicia excelsa (Welw.) C.C. Berg,0.8682435644180685,0.23412845438956545,0.2228508772324565,0.6341151100285031
0371,Khaya grandifoliola C.DC.,0478,Peltogyne Vogel,0.8153400906035742,0.048818241280783575,0.1811470023936011,0.6341930882099731
0041,Aniba rosodora Ducke,0318,Leplaea cedrata (A.Chev.) E.J.M.Koenen & J.J.de Wilde,0.7002482902098452,0.0656528117264906,0.015638624237181115,0.6345954784833546
0072,Baillonella toxisperma Pierre,0257,Entandrophragma candollei Harms,0.9688857248638245,0.33402537324669906,0.18916044854556002,0.6348603516171254
0009,Leptolobium Vogel,0296,Fraxinus ornus L.,0.9054650372906399,0.16101899818656135,0.2704807546799976,0.6349842826106422
0195,Ctenolophon parvifolius Oliv.,0461,Ochroma pyramidale (Cav. ex Lam.) Urb.,0.8662040108894167,0.23093942479410615,0.09605455767171649,0.6352645860953106
0033,Anacardium excelsum (Bertero & Balb. ex Kunth) Skeels,0259,Entandrophragma utile (Dawe & Sprague) Sprague,0.84229487115271,0.07482690115830566,0.2069978345154368,0.6352970366372732
0007,Acer pseudoplatanus L.,0195,Ctenolophon parvifolius Oliv.,0.9109076858813716,0.27538384172241354,0.23093942479410615,0.6355238441589581
0093,Brachystegia laurentii (De Wild.) Louis ex J.Léonard,0530,Pterocarpus soyauxii Taub.,0.9700163206762362,0.3343633761708376,0.19955695100455761,0.6356529445053987
0257,Entandrophragma candollei Harms,0293,Fraxinus americana L.,0.8365688567178511,0.18916044854556002,0.2006874935372814,0.6358813631805696
0396,Lophira alata Banks ex C.F.Gaertn.,0399,Lovoa trichilioides Harms,0.9384665063734685,0.027865923684178843,0.3025441823946234,0.6359223239788452
0297,Fraxinus mandshurica Rupr.,0461,Ochroma pyramidale (Cav. ex Lam.) Urb.,0.933971819352204,0.29800823641994206,0.09605455767171649,0.6359635829322619
0236,Dipterocarpus C.F.Gaertn.,0606,Swietenia humilis Zucc.,0.8853021443192586,0.24925766087492005,0.03956854200666897,0.6360444834443385
0270,Erythrophleum suaveolens (Guill. & Perr.) Brenan,0461,Ochroma pyramidale (Cav. ex Lam.) Urb.,1.0460953146739254,0.4099958913427453,0.09605455767171649,0.6360994233311801
0041,Aniba rosodora Ducke,0294,Fraxinus excelsior L.,0.8123884320456496,0.0656528117264906,0.17627665442045826,0.6361117776251913
0296,Fraxinus ornus L.,0371,Khaya grandifoliola C.DC.,0.9066839067196477,0.2704807546799976,0.048818241280783575,0.63620315203965
0293,Fraxinus americana L.,0679,Aningeria Aubrév. & Pellegr.,0.8671377984085749,0.2006874935372814,0.2305382109200897,0.6365995874884851
0006,Acer platanoides L.,0552,Quercus alba L.,0.8264561072989498,0.18973256215443007,0.11942757291818792,0.6367235451445197
0257,Entandrophragma candollei Harms,0323,Guibourtia demeusei (Harms) J.Léonard,0.9920958409707328,0.18916044854556002,0.35528177474147954,0.6368140662292532
0236,Dipterocarpus C.F.Gaertn.,0259,Entandrophragma utile (Dawe & Sprague) Sprague,0.8863088143733273,0.24925766087492005,0.2069978345154368,0.6370511534984072
0195,Ctenolophon parvifolius Oliv.,0269,Erythrophleum ivorense A. Chev,0.927688097531485,0.23093942479410615,0.2903085074707726,0.6373795900607124
0093,Brachystegia laurentii (De Wild.) Louis ex J.Léonard,0236,Dipterocarpus C.F.Gaertn.,0.9718243472296719,0.3343633761708376,0.24925766087492005,0.6374609710588344
0006,Acer platanoides L.,0129,Castanea crenata Siebold & Zucc.,0.8272756671725345,0.18973256215443007,0.01642495583191611,0.6375431050181044
0238,Dipterocarpus kerrii King,0257,Entandrophragma candollei Harms,0.8268141542066145,0.03389503762998255,0.18916044854556002,0.6376537056610545
0007,Acer pseudoplatanus L.,0033,Anacardium excelsum (Bertero & Balb. ex Kunth) Skeels,0.9131376011316862,0.27538384172241354,0.07482690115830566,0.6377537594092726
0550,Quercus mongolica Fisch. ex Ledeb.,0625,Terminalia superba Engl.& Diels,1.0005418595606148,0.0339628776830313,0.36271194838005,0.6378299111805648
0157,Ceriops tagal (Perr.) C.B. Robinson,0430,Milicia excelsa (Welw.) C.C. Berg,0.9689619028706755,0.33088565378713025,0.2228508772324565,0.6380762490835452
0259,Entandrophragma utile (Dawe & Sprague) Sprague,0396,Lophira alata Banks ex C.F.Gaertn.,0.8451041998986538,0.2069978345154368,0.027865923684178843,0.6381063653832171
0214,Daniellia thurifera Benn.,0244,Dryobalanops C.F.Gaertn.,1.0432117825258982,0.4049723941201597,0.03512342815501089,0.6382393884057385
0371,Khaya grandifoliola C.DC.,0552,Quercus alba L.,0.7577671524392335,0.048818241280783575,0.11942757291818792,0.6383395795210456
0238,Dipterocarpus kerrii King,0270,Erythrophleum suaveolens (Guill. & Perr.) Brenan,1.0486144268540372,0.03389503762998255,0.4099958913427453,0.6386185355112919
0372,Khaya ivorensis A.Chev.,0541,Pterygota macrocarpa K. Schum.,0.8901575417090063,0.2514693324780144,0.016821229975053267,0.6386882092309919
0158,"Chlorocardium rodiei (R.H.Schomb.) Rohwer, H.G.Richt. & van der Werff",0425,Mezilaurus ita-uba (Meisn.) Taub. ex Mez,0.8993032707657116,0.10003326503781798,0.2601673546959139,0.6391359160697977
0244,Dryobalanops C.F.Gaertn.,0479,Peltogyne catingae Ducke,0.689599897963215,0.03512342815501089,0.05022355401665795,0.6393763439465571
0181,Cotylelobium Pierre,0326,Guibourtia ehie (A. Chev.) J. Léonard,0.9379166874250531,0.2627628502619556,0.2984188053844587,0.6394978820405943
0259,Entandrophragma utile (Dawe & Sprague) Sprague,0553,Quercus petraea (Matt.) Liebl.,0.8977809885588446,0.2069978345154368,0.2581276659186852,0.6396533226401594
0091,Brachystegia Benth.,0129,Castanea crenata Siebold & Zucc.,1.0093434083364126,0.36962746064415636,0.01642495583191611,0.6397159476922563
0006,Acer platanoides L.,0678,Albizia ferruginea (Guill. & Perr.) Benth.,0.9977056182298227,0.18973256215443007,0.35777892083270585,0.6399266973971169
0081,Betula pendula Roth,0256,Entandrophragma angolense (Welw.) Panshin,0.9593139847179577,0.0025807385340572584,0.319302552831661,0.6400114318862967
0006,Acer platanoides L.,0270,Erythrophleum suaveolens (Guill. & Perr.) Brenan,1.0504091289611315,0.18973256215443007,0.4099958913427453,0.6404132376183862
0080,Betula papyrifera Marshall,0430,Milicia excelsa (Welw.) C.C. Berg,1.0330530282516264,0.3923039267660832,0.2228508772324565,0.6407491014855431
0041,Aniba rosodora Ducke,0399,Lovoa trichilioides Harms,0.9433255105755813,0.0656528117264906,0.3025441823946234,0.640781328180958
0354,Intsia bijuga (Colebr.) Kuntze,0608,Swietenia mahagoni (L.) Jacq.,0.935199575699487,0.29407015717558727,0.02812049764059408,0.6411294185238997
0007,Acer pseudoplatanus L.,0625,Terminalia superba Engl.& Diels,1.0041896729171433,0.27538384172241354,0.36271194838005,0.6414777245370933
0034,Anacardium L.,0318,Leplaea cedrata (A.Chev.) E.J.M.Koenen & J.J.de Wilde,1.0105381658717931,0.36896207906881207,0.015638624237181115,0.6415760868029811
0259,Entandrophragma utile (Dawe & Sprague) Sprague,0530,Pterocarpus soyauxii Taub.,0.8488260414188709,0.2069978345154368,0.19955695100455761,0.641828206903434
0007,Acer pseudoplatanus L.,0130,Castanea sativa Mill.,0.9174934765310768,0.27538384172241354,0.15586720528769307,0.6421096348086632
0066,Aucoumea klaineana Pierre,0270,Erythrophleum suaveolens (Guill. & Perr.) Brenan,1.0522224234486373,0.1689848833310126,0.4099958913427453,0.642226532105892
0461,Ochroma pyramidale (Cav. ex Lam.) Urb.,0541,Pterygota macrocarpa K. Schum.,0.7384310943133261,0.09605455767171649,0.016821229975053267,0.6423765366416097
0080,Betula papyrifera Marshall,0269,Erythrophleum ivorense A. Chev,1.0346980952839866,0.3923039267660832,0.2903085074707726,0.6423941685179033
0035,Anacardium giganteum Hancock ex Engl.,0093,Brachystegia laurentii (De Wild.) Louis ex J.Léonard,0.9769776726991009,0.20568448529299813,0.3343633761708376,0.6426142965282633
0030,Amburana cearensis (Allemão) A.C.Sm.,0041,Aniba rosodora Ducke,0.9114979317137546,0.26876027711533945,0.0656528117264906,0.6427376545984151
0092,Brachystegia cynometroides Harms,0607,Swietenia macrophylla King,0.713668736918065,0.05008607091450365,0.07084689292776884,0.6428218439902962
0326,Guibourtia ehie (A. Chev.) J. Léonard,0425,Mezilaurus ita-uba (Meisn.) Taub. ex Mez,0.9419305529523396,0.2984188053844587,0.2601673546959139,0.6435117475678809
0236,Dipterocarpus C.F.Gaertn.,0371,Khaya grandifoliola C.DC.,0.8928609890106256,0.24925766087492005,0.048818241280783575,0.6436033281357055
0430,Milicia excelsa (Welw.) C.C. Berg,0648,Triplochiton scleroxylon K. Schum.,0.8664654219605918,0.2228508772324565,0.16453642510521302,0.6436145447281354
0091,Brachystegia Benth.,0313,Grevillea robusta A.Cunn. ex R.Br.,1.0136179563804097,0.36962746064415636,0.2838740990600396,0.6439904957362534
0430,Milicia excelsa (Welw.) C.C. Berg,0541,Pterygota macrocarpa K. Schum.,0.8668579553487847,0.2228508772324565,0.016821229975053267,0.6440070781163283
0245,Dryobalanops aromatica C.F.Gaertn.,0554,Quercus robur L.,0.7542603186734426,0.08261225579476351,0.11024859949584655,0.644011719177596
0007,Acer pseudoplatanus L.,0297,Fraxinus mandshurica Rupr.,0.9421714463081013,0.27538384172241354,0.29800823641994206,0.6441632098881593
0367,Juglans nigra L.,0678,Albizia ferruginea (Guill. & Perr.) Benth.,1.0020058007709864,0.02005651109636719,0.35777892083270585,0.6442268799382806
0256,Entandrophragma angolense (Welw.) Panshin,0553,Quercus petraea (Matt.) Liebl.,0.9635665551141197,0.319302552831661,0.2581276659186852,0.6442640022824587
0093,Brachystegia laurentii (De Wild.) Louis ex J.Léonard,0157,Ceriops tagal (Perr.) C.B. Robinson,0.978758383049533,0.3343633761708376,0.33088565378713025,0.6443950068786954
0009,Leptolobium Vogel,0066,Aucoumea klaineana Pierre,0.8134637450943735,0.16101899818656135,0.1689848833310126,0.6444788617633609
0091,Brachystegia Benth.,0541,Pterygota macrocarpa K. Schum.,1.0146008623348561,0.36962746064415636,0.016821229975053267,0.6449734016906998
0007,Acer pseudoplatanus L.,0009,Leptolobium Vogel,0.9204435407559559,0.27538384172241354,0.16101899818656135,0.6450596990335424
0270,Erythrophleum suaveolens (Guill. & Perr.) Brenan,0542,Pycnanthus angolensis (Welw.) Warb.,1.055241457093302,0.4099958913427453,0.07234546467128498,0.6452455657505567
0313,Grevillea robusta A.Cunn. ex R.Br.,0354,Intsia bijuga (Colebr.) Kuntze,0.9393198606403492,0.2838740990600396,0.29407015717558727,0.645249703464762
0431,Millettia laurentii De Wild.,0478,Peltogyne Vogel,0.8264964989931217,0.14784264520810295,0.1811470023936011,0.6453494965995206
0009,Leptolobium Vogel,0430,Milicia excelsa (Welw.) C.C. Berg,0.8682281101160434,0.16101899818656135,0.2228508772324565,0.645377232883587
0034,Anacardium L.,0550,Quercus mongolica Fisch. ex Ledeb.,1.0143848439783085,0.36896207906881207,0.0339628776830313,0.6454227649094965
0072,Baillonella toxisperma Pierre,0431,Millettia laurentii De Wild.,0.9795560363228749,0.33402537324669906,0.14784264520810295,0.6455306630761759
0430,Milicia excelsa (Welw.) C.C. Berg,0553,Quercus petraea (Matt.) Liebl.,0.9040308140368104,0.2228508772324565,0.2581276659186852,0.6459031481181252
0081,Betula pendula Roth,0461,Ochroma pyramidale (Cav. ex Lam.) Urb.,0.7421945916729473,0.0025807385340572584,0.09605455767171649,0.6461400340012309
0296,Fraxinus ornus L.,0324,Guibourtia pellegriniana J.Léonard,0.9166303425097185,0.2704807546799976,0.20301559578579392,0.646149587829721
0257,Entandrophragma candollei Harms,0295,Fraxinus nigra Marshall,0.8354512804358674,0.18916044854556002,0.022324164890242817,0.6462908318903073
0313,Grevillea robusta A.Cunn. ex R.Br.,0326,Guibourtia ehie (A. Chev.) J. Léonard,0.9448538184175974,0.2838740990600396,0.2984188053844587,0.6464350130331387
0399,Lovoa trichilioides Harms,0418,Mansonia altissima (A. Chev.) A. Chev.,0.9490138874379473,0.3025441823946234,0.012409313496156668,0.6464697050433239
0244,Dryobalanops C.F.Gaertn.,0367,Juglans nigra L.,0.6818164774627219,0.03512342815501089,0.02005651109636719,0.646693049307711
0003,Acacia mangium Willd.,0479,Peltogyne catingae Ducke,0.8808236856064158,0.23412845438956545,0.05022355401665795,0.6466952312168504
0296,Fraxinus ornus L.,0530,Pterocarpus soyauxii Taub.,0.9174633244418932,0.2704807546799976,0.19955695100455761,0.6469825697618956
0296,Fraxinus ornus L.,0461,Ochroma pyramidale (Cav. ex Lam.) Urb.,0.9175099325386831,0.2704807546799976,0.09605455767171649,0.6470291778586854
0092,Brachystegia cynometroides Harms,0431,Millettia laurentii De Wild.,0.7949166433332557,0.05008607091450365,0.14784264520810295,0.6470739981251528
0258,Entandrophragma cylindricum (Sprague) Sprague,0431,Millettia laurentii De Wild.,0.8995684690954775,0.25242647174716004,0.14784264520810295,0.6471419973483175
0093,Brachystegia laurentii (De Wild.) Louis ex J.Léonard,0129,Castanea crenata Siebold & Zucc.,0.9815453857324512,0.3343633761708376,0.01642495583191611,0.6471820095616136
0007,Acer pseudoplatanus L.,0678,Albizia ferruginea (Guill. & Perr.) Benth.,1.0051492072295876,0.27538384172241354,0.35777892083270585,0.6473702863968818
0296,Fraxinus ornus L.,0331,Heritiera utilis (Sprague) Sprague,0.9179664111511193,0.2704807546799976,0.21354296220717087,0.6474856564711218
0034,Anacardium L.,0396,Lophira alata Banks ex C.F.Gaertn.,1.0165064220464797,0.36896207906881207,0.027865923684178843,0.6475443429776676
0331,Heritiera utilis (Sprague) Sprague,0354,Intsia bijuga (Colebr.) Kuntze,0.9417245305402445,0.21354296220717087,0.29407015717558727,0.6476543733646573
0072,Baillonella toxisperma Pierre,0678,Albizia ferruginea (Guill. & Perr.) Benth.,1.0055283924882035,0.33402537324669906,0.35777892083270585,0.6477494716554977
0318,Leplaea cedrata (A.Chev.) E.J.M.Koenen & J.J.de Wilde,0679,Aningeria Aubrév. & Pellegr.,0.8785133751264933,0.015638624237181115,0.2305382109200897,0.6479751642064036
0366,Juglans regia L.,0399,Lovoa trichilioides Harms,0.9506049151807976,0.0161593253050704,0.3025441823946234,0.6480607327861743
0181,Cotylelobium Pierre,0530,Pterocarpus soyauxii Taub.,0.9108537126821441,0.2627628502619556,0.19955695100455761,0.6480908624201884
0294,Fraxinus excelsior L.,0324,Guibourtia pellegriniana J.Léonard,0.8511690252103736,0.17627665442045826,0.20301559578579392,0.6481534294245797
0399,Lovoa trichilioides Harms,0679,Aningeria Aubrév. & Pellegr.,0.9507239264871985,0.3025441823946234,0.2305382109200897,0.6481797440925752
0541,Pterygota macrocarpa K. Schum.,0553,Quercus petraea (Matt.) Liebl.,0.9063809727667317,0.016821229975053267,0.2581276659186852,0.6482533068480465
0007,Acer pseudoplatanus L.,0258,Entandrophragma cylindricum (Sprague) Sprague,0.9237508564589403,0.27538384172241354,0.25242647174716004,0.6483670147365268
0245,Dryobalanops aromatica C.F.Gaertn.,0679,Aningeria Aubrév. & Pellegr.,0.8790494607269994,0.08261225579476351,0.2305382109200897,0.6485112498069097
0323,Guibourtia demeusei (Harms) J.Léonard,0530,Pterocarpus soyauxii Taub.,1.0041018862133217,0.35528177474147954,0.19955695100455761,0.6488201114718422
0297,Fraxinus mandshurica Rupr.,0326,Guibourtia ehie (A. Chev.) J. Léonard,0.9473931196358751,0.29800823641994206,0.2984188053844587,0.6489743142514164
0259,Entandrophragma utile (Dawe & Sprague) Sprague,0648,Triplochiton scleroxylon K. Schum.,0.8560039260823644,0.2069978345154368,0.16453642510521302,0.6490060915669276
0323,Guibourtia demeusei (Harms) J.Léonard,0553,Quercus petraea (Matt.) Liebl.,1.0045331623147775,0.35528177474147954,0.2581276659186852,0.6492513875732979
0301,Gilbertiodendron dewevrei (De Wild.) J.Léonard,0606,Swietenia humilis Zucc.,0.8026421061455291,0.15292725453998418,0.03956854200666897,0.6497148516055449
0006,Acer platanoides L.,0236,Dipterocarpus C.F.Gaertn.,0.8990959277090917,0.18973256215443007,0.24925766087492005,0.6498382668341717
0030,Amburana cearensis (Allemão) A.C.Sm.,0325,Guibourtia tessmannii (Harms) J.Léonard,0.9186809502391875,0.26876027711533945,0.19769310265299028,0.649920673123848
0006,Acer platanoides L.,0033,Anacardium excelsum (Bertero & Balb. ex Kunth) Skeels,0.8399658498619158,0.18973256215443007,0.07482690115830566,0.6502332877074857
0236,Dipterocarpus C.F.Gaertn.,0257,Entandrophragma candollei Harms,0.8997253839269077,0.24925766087492005,0.18916044854556002,0.6504677230519876
0245,Dryobalanops aromatica C.F.Gaertn.,0295,Fraxinus nigra Marshall,0.7336895645391619,0.08261225579476351,0.022324164890242817,0.6510773087443984
0072,Baillonella toxisperma Pierre,0426,Microberlinia brazzavillensis A. Chev.,0.9852271962618023,0.33402537324669906,0.23957417592531832,0.6512018230151033
0244,Dryobalanops C.F.Gaertn.,0552,Quercus alba L.,0.7706933920542782,0.03512342815501089,0.11942757291818792,0.6512658191360903
0553,Quercus petraea (Matt.) Liebl.,0678,Albizia ferruginea (Guill. & Perr.) Benth.,1.0090631830712868,0.2581276659186852,0.35777892083270585,0.651284262238581
0035,Anacardium giganteum Hancock ex Engl.,0073,Balfourodendron riedelianum (Engl.) Engl.,1.0353264465075502,0.20568448529299813,0.38391787966371865,0.6514085668438316
0530,Pterocarpus soyauxii Taub.,0550,Quercus mongolica Fisch. ex Ledeb.,0.8510518187036193,0.19955695100455761,0.0339628776830313,0.6514948676990617
0093,Brachystegia laurentii (De Wild.) Louis ex J.Léonard,0541,Pterygota macrocarpa K. Schum.,0.9858656612138403,0.3343633761708376,0.016821229975053267,0.6515022850430028
0009,Leptolobium Vogel,0553,Quercus petraea (Matt.) Liebl.,0.9101822590567216,0.16101899818656135,0.2581276659186852,0.6520545931380364
0270,Erythrophleum suaveolens (Guill. & Perr.) Brenan,0367,Juglans nigra L.,1.0621204592713198,0.4099958913427453,0.02005651109636719,0.6521245679285745
0003,Acacia mangium Willd.,0318,Leplaea cedrata (A.Chev.) E.J.M.Koenen & J.J.de Wilde,0.8864564629212507,0.23412845438956545,0.015638624237181115,0.6523280085316853
0554,Quercus robur L.,0678,Albizia ferruginea (Guill. & Perr.) Benth.,1.0103455511237769,0.11024859949584655,0.35777892083270585,0.6525666302910711
0091,Brachystegia Benth.,0552,Quercus alba L.,1.0226081901375954,0.36962746064415636,0.11942757291818792,0.6529807294934391
0425,Mezilaurus ita-uba (Meisn.) Taub. ex Mez,0430,Milicia excelsa (Welw.) C.C. Berg,0.9133323135281666,0.2601673546959139,0.2228508772324565,0.6531649588322527
0080,Betula papyrifera Marshall,0323,Guibourtia demeusei (Harms) J.Léonard,1.0456392701561912,0.3923039267660832,0.35528177474147954,0.6533353433901079
0009,Leptolobium Vogel,0396,Lophira alata Banks ex C.F.Gaertn.,0.8143554730403693,0.16101899818656135,0.027865923684178843,0.653336474853808
0007,Acer pseudoplatanus L.,0396,Lophira alata Banks ex C.F.Gaertn.,0.9288808035636169,0.27538384172241354,0.027865923684178843,0.6534969618412034
0257,Entandrophragma candollei Harms,0418,Mansonia altissima (A. Chev.) A. Chev.,0.8431031268669137,0.18916044854556002,0.012409313496156668,0.6539426783213537
0293,Fraxinus americana L.,0426,Microberlinia brazzavillensis A. Chev.,0.8939338722894055,0.2006874935372814,0.23957417592531832,0.6543596963640872
0257,Entandrophragma candollei Harms,0366,Juglans regia L.,0.8436698887754932,0.18916044854556002,0.0161593253050704,0.6545094402299332
0157,Ceriops tagal (Perr.) C.B. Robinson,0479,Peltogyne catingae Ducke,0.9855529982285626,0.33088565378713025,0.05022355401665795,0.6546673444414324
0294,Fraxinus excelsior L.,0679,Aningeria Aubrév. & Pellegr.,0.8852450108676058,0.17627665442045826,0.2305382109200897,0.654706799947516
0157,Ceriops tagal (Perr.) C.B. Robinson,0302,Gilbertiodendron preussii (Harms) J.Léonard,0.985856394992201,0.33088565378713025,0.1175198759908919,0.6549707412050707
0030,Amburana cearensis (Allemão) A.C.Sm.,0295,Fraxinus nigra Marshall,0.9238477836075383,0.26876027711533945,0.022324164890242817,0.6550875064921988
0325,Guibourtia tessmannii (Harms) J.Léonard,0530,Pterocarpus soyauxii Taub.,0.8549226064311787,0.19769310265299028,0.19955695100455761,0.6553656554266211
0081,Betula pendula Roth,0323,Guibourtia demeusei (Harms) J.Léonard,1.0108959154726955,0.0025807385340572584,0.35528177474147954,0.6556141407312159
0157,Ceriops tagal (Perr.) C.B. Robinson,0354,Intsia bijuga (Colebr.) Kuntze,0.9868212411208492,0.33088565378713025,0.29407015717558727,0.6559355873337189
0367,Juglans nigra L.,0430,Milicia excelsa (Welw.) C.C. Berg,0.8790196156732432,0.02005651109636719,0.2228508772324565,0.6561687384407866
0030,Amburana cearensis (Allemão) A.C.Sm.,0366,Juglans regia L.,0.925010963198495,0.26876027711533945,0.0161593253050704,0.6562506860831555
0072,Baillonella toxisperma Pierre,0479,Peltogyne catingae Ducke,0.9902802392100246,0.33402537324669906,0.05022355401665795,0.6562548659633256
0399,Lovoa trichilioides Harms,0552,Quercus alba L.,0.9593602868057494,0.3025441823946234,0.11942757291818792,0.656816104411126
0072,Baillonella toxisperma Pierre,0091,Brachystegia Benth.,1.0267138933728044,0.33402537324669906,0.36962746064415636,0.6570864327286481
0033,Anacardium excelsum (Bertero & Balb. ex Kunth) Skeels,0244,Dryobalanops C.F.Gaertn.,0.732290364570015,0.07482690115830566,0.03512342815501089,0.6574634634117092
0269,Erythrophleum ivorense A. Chev,0318,Leplaea cedrata (A.Chev.) E.J.M.Koenen & J.J.de Wilde,0.9477892573552034,0.2903085074707726,0.015638624237181115,0.6574807498844308
0258,Entandrophragma cylindricum (Sprague) Sprague,0461,Ochroma pyramidale (Cav. ex Lam.) Urb.,0.9099767657001339,0.25242647174716004,0.09605455767171649,0.6575502939529738
0318,Leplaea cedrata (A.Chev.) E.J.M.Koenen & J.J.de Wilde,0648,Triplochiton scleroxylon K. Schum.,0.82237056224188,0.015638624237181115,0.16453642510521302,0.6578341371366669
0236,Dipterocarpus C.F.Gaertn.,0461,Ochroma pyramidale (Cav. ex Lam.) Urb.,0.9071181801092388,0.24925766087492005,0.09605455767171649,0.6578605192343188
0297,Fraxinus mandshurica Rupr.,0331,Heritiera utilis (Sprague) Sprague,0.9559246938655515,0.29800823641994206,0.21354296220717087,0.6579164574456093
0072,Baillonella toxisperma Pierre,0158,"Chlorocardium rodiei (R.H.Schomb.) Rohwer, H.G.Richt. & van der Werff",0.9920216760929669,0.33402537324669906,0.10003326503781798,0.6579963028462679
0257,Entandrophragma candollei Harms,0326,Guibourtia ehie (A. Chev.) J. Léonard,0.9564768858167211,0.18916044854556002,0.2984188053844587,0.6580580804322624
0542,Pycnanthus angolensis (Welw.) Warb.,0678,Albizia ferruginea (Guill. & Perr.) Benth.,1.0160098261461186,0.07234546467128498,0.35777892083270585,0.6582309053134128
0244,Dryobalanops C.F.Gaertn.,0331,Heritiera utilis (Sprague) Sprague,0.8718685064622841,0.03512342815501089,0.21354296220717087,0.6583255442551132
0258,Entandrophragma cylindricum (Sprague) Sprague,0426,Microberlinia brazzavillensis A. Chev.,0.910969588010741,0.25242647174716004,0.23957417592531832,0.658543116263581
0081,Betula pendula Roth,0294,Fraxinus excelsior L.,0.8348318740695979,0.0025807385340572584,0.17627665442045826,0.6585552196491397
0238,Dipterocarpus kerrii King,0245,Dryobalanops aromatica C.F.Gaertn.,0.7412181469388779,0.03389503762998255,0.08261225579476351,0.6586058911441144
0093,Brachystegia laurentii (De Wild.) Louis ex J.Léonard,0648,Triplochiton scleroxylon K. Schum.,0.9932325140494849,0.3343633761708376,0.16453642510521302,0.6588691378786473
0258,Entandrophragma cylindricum (Sprague) Sprague,0318,Leplaea cedrata (A.Chev.) E.J.M.Koenen & J.J.de Wilde,0.9113648787681656,0.25242647174716004,0.015638624237181115,0.6589384070210056
0007,Acer pseudoplatanus L.,0091,Brachystegia Benth.,1.0286310494431266,0.27538384172241354,0.36962746064415636,0.6590035887989703
0035,Anacardium giganteum Hancock ex Engl.,0326,Guibourtia ehie (A. Chev.) J. Léonard,0.9575999414552039,0.20568448529299813,0.2984188053844587,0.6591811360707451
0269,Erythrophleum ivorense A. Chev,0396,Lophira alata Banks ex C.F.Gaertn.,0.9496069583123983,0.2903085074707726,0.027865923684178843,0.6592984508416257
0091,Brachystegia Benth.,0553,Quercus petraea (Matt.) Liebl.,1.0291573127583902,0.36962746064415636,0.2581276659186852,0.6595298521142339
0066,Aucoumea klaineana Pierre,0259,Entandrophragma utile (Dawe & Sprague) Sprague,0.8666136195483944,0.1689848833310126,0.2069978345154368,0.6596157850329576
0081,Betula pendula Roth,0354,Intsia bijuga (Colebr.) Kuntze,0.9538010774878578,0.0025807385340572584,0.29407015717558727,0.6597309203122705
0371,Khaya grandifoliola C.DC.,0608,Swietenia mahagoni (L.) Jacq.,0.7087120082390186,0.048818241280783575,0.02812049764059408,0.659893766958235
0081,Betula pendula Roth,0613,Tabebuia rosea (Bert.) DC.,0.9349741781507852,0.0025807385340572584,0.27496924594578387,0.6600049322050013
0033,Anacardium excelsum (Bertero & Balb. ex Kunth) Skeels,0257,Entandrophragma candollei Harms,0.8492713672998988,0.07482690115830566,0.18916044854556002,0.6601109187543388
0430,Milicia excelsa (Welw.) C.C. Berg,0542,Pycnanthus angolensis (Welw.) Warb.,0.8830345308503862,0.2228508772324565,0.07234546467128498,0.6601836536179297
0129,Castanea crenata Siebold & Zucc.,0399,Lovoa trichilioides Harms,0.9629132262461623,0.01642495583191611,0.3025441823946234,0.6603690438515388
0259,Entandrophragma utile (Dawe & Sprague) Sprague,0367,Juglans nigra L.,0.8676122607530733,0.2069978345154368,0.02005651109636719,0.6606144262376366
0006,Acer platanoides L.,0258,Entandrophragma cylindricum (Sprague) Sprague,0.9132491991375473,0.18973256215443007,0.25242647174716004,0.6608227273903873
0041,Aniba rosodora Ducke,0323,Guibourtia demeusei (Harms) J.Léonard,1.0162375489239446,0.0656528117264906,0.35528177474147954,0.660955774182465
0093,Brachystegia laurentii (De Wild.) Louis ex J.Léonard,0461,Ochroma pyramidale (Cav. ex Lam.) Urb.,0.995422059063142,0.3343633761708376,0.09605455767171649,0.6610586828923044
0093,Brachystegia laurentii (De Wild.) Louis ex J.Léonard,0552,Quercus alba L.,0.9954372756168026,0.3343633761708376,0.11942757291818792,0.6610738994459651
0236,Dipterocarpus C.F.Gaertn.,0354,Intsia bijuga (Colebr.) Kuntze,0.9551791395460494,0.24925766087492005,0.29407015717558727,0.6611089823704621
0324,Guibourtia pellegriniana J.Léonard,0542,Pycnanthus angolensis (Welw.) Warb.,0.8647181895401135,0.20301559578579392,0.07234546467128498,0.6617025937543195
0256,Entandrophragma angolense (Welw.) Panshin,0318,Leplaea cedrata (A.Chev.) E.J.M.Koenen & J.J.de Wilde,0.9811558733268545,0.319302552831661,0.015638624237181115,0.6618533204951935
0244,Dryobalanops C.F.Gaertn.,0554,Quercus robur L.,0.7721025555812158,0.03512342815501089,0.11024859949584655,0.6618539560853692
0130,Castanea sativa Mill.,0678,Albizia ferruginea (Guill. & Perr.) Benth.,1.0197950155989095,0.15586720528769307,0.35777892083270585,0.6620160947662037
0030,Amburana cearensis (Allemão) A.C.Sm.,0418,Mansonia altissima (A. Chev.) A. Chev.,0.9309290514162823,0.26876027711533945,0.012409313496156668,0.6621687743009429
0195,Ctenolophon parvifolius Oliv.,0396,Lophira alata Banks ex C.F.Gaertn.,0.8931939548046758,0.23093942479410615,0.027865923684178843,0.6622545300105697
0399,Lovoa trichilioides Harms,0553,Quercus petraea (Matt.) Liebl.,0.9650397067898239,0.3025441823946234,0.2581276659186852,0.6624955243952004
0325,Guibourtia tessmannii (Harms) J.Léonard,0371,Khaya grandifoliola C.DC.,0.8602475924437133,0.19769310265299028,0.048818241280783575,0.662554489790723
0553,Quercus petraea (Matt.) Liebl.,0607,Swietenia macrophylla King,0.9207386439142683,0.2581276659186852,0.07084689292776884,0.6626109779955831
0130,Castanea sativa Mill.,0625,Terminalia superba Engl.& Diels,1.0253602749580042,0.15586720528769307,0.36271194838005,0.6626483265779541
0245,Dryobalanops aromatica C.F.Gaertn.,0542,Pycnanthus angolensis (Welw.) Warb.,0.7453648998484044,0.08261225579476351,0.07234546467128498,0.6627526440536409
0318,Leplaea cedrata (A.Chev.) E.J.M.Koenen & J.J.de Wilde,0366,Juglans regia L.,0.6791748636374394,0.015638624237181115,0.0161593253050704,0.663015538332369
0244,Dryobalanops C.F.Gaertn.,0679,Aningeria Aubrév. & Pellegr.,0.8935868247126357,0.03512342815501089,0.2305382109200897,0.663048613792546
0296,Fraxinus ornus L.,0326,Guibourtia ehie (A. Chev.) J. Léonard,0.9616154938244635,0.2704807546799976,0.2984188053844587,0.6631966884400049
0093,Brachystegia laurentii (De Wild.) Louis ex J.Léonard,0195,Ctenolophon parvifolius Oliv.,0.9981063157321907,0.3343633761708376,0.23093942479410615,0.663742939561353
0297,Fraxinus mandshurica Rupr.,0479,Peltogyne catingae Ducke,0.9617726436706668,0.29800823641994206,0.05022355401665795,0.6637644072507247
0323,Guibourtia demeusei (Harms) J.Léonard,0366,Juglans regia L.,1.0192386789422565,0.35528177474147954,0.0161593253050704,0.6639569042007769
0006,Acer platanoides L.,0147,Ceiba pentandra (L.) Gaertn.,0.8537432179587374,0.18973256215443007,0.09920852062625649,0.6640106558043073
0072,Baillonella toxisperma Pierre,0093,Brachystegia laurentii (De Wild.) Louis ex J.Léonard,0.9984109512521026,0.33402537324669906,0.3343633761708376,0.6640475750812649
0318,Leplaea cedrata (A.Chev.) E.J.M.Koenen & J.J.de Wilde,0418,Mansonia altissima (A. Chev.) A. Chev.,0.6798524067571894,0.015638624237181115,0.012409313496156668,0.6642137825200083
0553,Quercus petraea (Matt.) Liebl.,0608,Swietenia mahagoni (L.) Jacq.,0.9223716097450715,0.2581276659186852,0.02812049764059408,0.6642439438263863
0256,Entandrophragma angolense (Welw.) Panshin,0396,Lophira alata Banks ex C.F.Gaertn.,0.9837082074822812,0.319302552831661,0.027865923684178843,0.6644056546506202
0130,Castanea sativa Mill.,0679,Aningeria Aubrév. & Pellegr.,0.8949829971569914,0.15586720528769307,0.2305382109200897,0.6644447862369016
0325,Guibourtia tessmannii (Harms) J.Léonard,0606,Swietenia humilis Zucc.,0.8623345798277879,0.19769310265299028,0.03956854200666897,0.6646414771747977
0313,Grevillea robusta A.Cunn. ex R.Br.,0426,Microberlinia brazzavillensis A. Chev.,0.9487770454115922,0.2838740990600396,0.23957417592531832,0.6649029463515527
0091,Brachystegia Benth.,0461,Ochroma pyramidale (Cav. ex Lam.) Urb.,1.0347558536349322,0.36962746064415636,0.09605455767171649,0.6651283929907759
0072,Baillonella toxisperma Pierre,0478,Peltogyne Vogel,0.9991725274973311,0.33402537324669906,0.1811470023936011,0.665147154250632
0041,Aniba rosodora Ducke,0257,Entandrophragma candollei Harms,0.8543567945846824,0.0656528117264906,0.18916044854556002,0.6651963460391224
0297,Fraxinus mandshurica Rupr.,0541,Pterygota macrocarpa K. Schum.,0.963407981350828,0.29800823641994206,0.016821229975053267,0.6653997449308859
0030,Amburana cearensis (Allemão) A.C.Sm.,0318,Leplaea cedrata (A.Chev.) E.J.M.Koenen & J.J.de Wilde,0.9344985995671442,0.26876027711533945,0.015638624237181115,0.6657383224518048
0399,Lovoa trichilioides Harms,0554,Quercus robur L.,0.9683088191689969,0.3025441823946234,0.11024859949584655,0.6657646367743735
0147,Ceiba pentandra (L.) Gaertn.,0245,Dryobalanops aromatica C.F.Gaertn.,0.7649859713319871,0.09920852062625649,0.08261225579476351,0.6657774507057306
0238,Dipterocarpus kerrii King,0331,Heritiera utilis (Sprague) Sprague,0.8798574429008907,0.03389503762998255,0.21354296220717087,0.6663144806937199
0072,Baillonella toxisperma Pierre,0613,Tabebuia rosea (Bert.) DC.,1.0005516998671138,0.33402537324669906,0.27496924594578387,0.6665263266204147
0041,Aniba rosodora Ducke,0256,Entandrophragma angolense (Welw.) Panshin,0.985945174188865,0.0656528117264906,0.319302552831661,0.666642621357204
0323,Guibourtia demeusei (Harms) J.Léonard,0418,Mansonia altissima (A. Chev.) A. Chev.,1.0220331072805517,0.35528177474147954,0.012409313496156668,0.6667513325390722
0425,Mezilaurus ita-uba (Meisn.) Taub. ex Mez,0530,Pterocarpus soyauxii Taub.,0.9270151277239054,0.2601673546959139,0.19955695100455761,0.6668477730279915
0259,Entandrophragma utile (Dawe & Sprague) Sprague,0480,Peltogyne mexicana Martínez,0.8738536797754206,0.2069978345154368,0.1079574407089981,0.6668558452599838
0542,Pycnanthus angolensis (Welw.) Warb.,0607,Swietenia macrophylla King,0.7393654909992406,0.07234546467128498,0.07084689292776884,0.6670200263279557
0006,Acer platanoides L.,0093,Brachystegia laurentii (De Wild.) Louis ex J.Léonard,1.001396690859555,0.18973256215443007,0.3343633761708376,0.6670333146887175
0093,Brachystegia laurentii (De Wild.) Louis ex J.Léonard,0297,Fraxinus mandshurica Rupr.,1.0015009203704057,0.3343633761708376,0.29800823641994206,0.6671375441995682
0258,Entandrophragma cylindricum (Sprague) Sprague,0425,Mezilaurus ita-uba (Meisn.) Taub. ex Mez,0.9274138410816026,0.25242647174716004,0.2601673546959139,0.6672464863856887
0035,Anacardium giganteum Hancock ex Engl.,0257,Entandrophragma candollei Harms,0.8729646799079631,0.20568448529299813,0.18916044854556002,0.667280194614965
0259,Entandrophragma utile (Dawe & Sprague) Sprague,0552,Quercus alba L.,0.8743605699089283,0.2069978345154368,0.11942757291818792,0.6673627353934914
0072,Baillonella toxisperma Pierre,0480,Peltogyne mexicana Martínez,1.0014273217663032,0.33402537324669906,0.1079574407089981,0.6674019485196041
0007,Acer pseudoplatanus L.,0530,Pterocarpus soyauxii Taub.,0.9428328510727864,0.27538384172241354,0.19955695100455761,0.6674490093503729
0091,Brachystegia Benth.,0130,Castanea sativa Mill.,1.0372408091353251,0.36962746064415636,0.15586720528769307,0.6676133484911688
0294,Fraxinus excelsior L.,0301,Gilbertiodendron dewevrei (De Wild.) J.Léonard,0.8440017231304207,0.17627665442045826,0.15292725453998418,0.6677250687099624
0007,Acer pseudoplatanus L.,0093,Brachystegia laurentii (De Wild.) Louis ex J.Léonard,1.0021249158502892,0.27538384172241354,0.3343633761708376,0.6677615396794516
0542,Pycnanthus angolensis (Welw.) Warb.,0608,Swietenia mahagoni (L.) Jacq.,0.7405065224680759,0.07234546467128498,0.02812049764059408,0.6681610577967909
0236,Dipterocarpus C.F.Gaertn.,0608,Swietenia mahagoni (L.) Jacq.,0.9175113212624288,0.24925766087492005,0.02812049764059408,0.6682536603875088
0331,Heritiera utilis (Sprague) Sprague,0679,Aningeria Aubrév. & Pellegr.,0.8989129176019197,0.21354296220717087,0.2305382109200897,0.66837470668183
0066,Aucoumea klaineana Pierre,0093,Brachystegia laurentii (De Wild.) Louis ex J.Léonard,1.00282970166893,0.1689848833310126,0.3343633761708376,0.6684663254980925
0324,Guibourtia pellegriniana J.Léonard,0431,Millettia laurentii De Wild.,0.8715962506113306,0.20301559578579392,0.14784264520810295,0.6685806548255366
0035,Anacardium giganteum Hancock ex Engl.,0606,Swietenia humilis Zucc.,0.8742968829030013,0.20568448529299813,0.03956854200666897,0.6686123976100032
0550,Quercus mongolica Fisch. ex Ledeb.,0678,Albizia ferruginea (Guill. & Perr.) Benth.,1.0263914967812977,0.0339628776830313,0.35777892083270585,0.6686125759485919
0259,Entandrophragma utile (Dawe & Sprague) Sprague,0554,Quercus robur L.,0.8756284931537338,0.2069978345154368,0.11024859949584655,0.6686306586382971
0371,Khaya grandifoliola C.DC.,0375,Koompassia malaccensis Maing.,0.7175801851908434,0.048818241280783575,0.03982575224826281,0.6687619439100598
0296,Fraxinus ornus L.,0541,Pterygota macrocarpa K. Schum.,0.9392651355912807,0.2704807546799976,0.016821229975053267,0.668784380911283
0372,Khaya ivorensis A.Chev.,0426,Microberlinia brazzavillensis A. Chev.,0.9202867389225384,0.2514693324780144,0.23957417592531832,0.668817406444524
0003,Acacia mangium Willd.,0396,Lophira alata Banks ex C.F.Gaertn.,0.903288910769609,0.23412845438956545,0.027865923684178843,0.6691604563800436
0323,Guibourtia demeusei (Harms) J.Léonard,0679,Aningeria Aubrév. & Pellegr.,1.0245490745251966,0.35528177474147954,0.2305382109200897,0.669267299783717
0093,Brachystegia laurentii (De Wild.) Louis ex J.Léonard,0553,Quercus petraea (Matt.) Liebl.,1.0036709115721953,0.3343633761708376,0.2581276659186852,0.6693075354013578
0035,Anacardium giganteum Hancock ex Engl.,0331,Heritiera utilis (Sprague) Sprague,0.8828516891253998,0.20568448529299813,0.21354296220717087,0.669308726918229
0318,Leplaea cedrata (A.Chev.) E.J.M.Koenen & J.J.de Wilde,0326,Guibourtia ehie (A. Chev.) J. Léonard,0.967819919226497,0.015638624237181115,0.2984188053844587,0.6694011138420384
0091,Brachystegia Benth.,0554,Quercus robur L.,1.0391308386734626,0.36962746064415636,0.11024859949584655,0.6695033780293063
0007,Acer pseudoplatanus L.,0259,Entandrophragma utile (Dawe & Sprague) Sprague,0.9449475112695169,0.27538384172241354,0.2069978345154368,0.6695636695471034
0091,Brachystegia Benth.,0550,Quercus mongolica Fisch. ex Ledeb.,1.0392732021993016,0.36962746064415636,0.0339628776830313,0.6696457415551453
0091,Brachystegia Benth.,0157,Ceriops tagal (Perr.) C.B. Robinson,1.039350488302714,0.36962746064415636,0.33088565378713025,0.6697230276585577
0325,Guibourtia tessmannii (Harms) J.Léonard,0425,Mezilaurus ita-uba (Meisn.) Taub. ex Mez,0.9299657844829974,0.19769310265299028,0.2601673546959139,0.6697984297870835
0244,Dryobalanops C.F.Gaertn.,0480,Peltogyne mexicana Martínez,0.7778770747719275,0.03512342815501089,0.1079574407089981,0.6699196340629294
0033,Anacardium excelsum (Bertero & Balb. ex Kunth) Skeels,0269,Erythrophleum ivorense A. Chev,0.960314809061956,0.07482690115830566,0.2903085074707726,0.6700063015911835
0258,Entandrophragma cylindricum (Sprague) Sprague,0396,Lophira alata Banks ex C.F.Gaertn.,0.9226299394845611,0.25242647174716004,0.027865923684178843,0.670203467737401
0302,Gilbertiodendron preussii (Harms) J.Léonard,0372,Khaya ivorensis A.Chev.,0.921777274896989,0.1175198759908919,0.2514693324780144,0.6703079424189746
0006,Acer platanoides L.,0091,Brachystegia Benth.,1.0400161412009092,0.18973256215443007,0.36962746064415636,0.6703886805567529
0244,Dryobalanops C.F.Gaertn.,0550,Quercus mongolica Fisch. ex Ledeb.,0.7057245357016887,0.03512342815501089,0.0339628776830313,0.6706011075466778
0072,Baillonella toxisperma Pierre,0325,Guibourtia tessmannii (Harms) J.Léonard,1.0046858408070434,0.33402537324669906,0.19769310265299028,0.6706604675603443
0066,Aucoumea klaineana Pierre,0318,Leplaea cedrata (A.Chev.) E.J.M.Koenen & J.J.de Wilde,0.8399862185274309,0.1689848833310126,0.015638624237181115,0.6710013351964184
0372,Khaya ivorensis A.Chev.,0480,Peltogyne mexicana Martínez,0.922525156497066,0.2514693324780144,0.1079574407089981,0.6710558240190516
0331,Heritiera utilis (Sprague) Sprague,0425,Mezilaurus ita-uba (Meisn.) Taub. ex Mez,0.9313870903451691,0.21354296220717087,0.2601673546959139,0.6712197356492552
0030,Amburana cearensis (Allemão) A.C.Sm.,0396,Lophira alata Banks ex C.F.Gaertn.,0.9402375773297786,0.26876027711533945,0.027865923684178843,0.6714773002144392
0256,Entandrophragma angolense (Welw.) Panshin,0418,Mansonia altissima (A. Chev.) A. Chev.,0.9908129808685344,0.319302552831661,0.012409313496156668,0.6715104280368734
0256,Entandrophragma angolense (Welw.) Panshin,0366,Juglans regia L.,0.9909378012247413,0.319302552831661,0.0161593253050704,0.6716352483930803
0007,Acer pseudoplatanus L.,0296,Fraxinus ornus L.,0.9472784248365267,0.27538384172241354,0.2704807546799976,0.6718945831141132
0430,Milicia excelsa (Welw.) C.C. Berg,0552,Quercus alba L.,0.8949259370624274,0.2228508772324565,0.11942757291818792,0.672075059829971
0256,Entandrophragma angolense (Welw.) Panshin,0679,Aningeria Aubrév. & Pellegr.,0.9914025061477674,0.319302552831661,0.2305382109200897,0.6720999533161064
0093,Brachystegia laurentii (De Wild.) Louis ex J.Léonard,0554,Quercus robur L.,1.0065401387103825,0.3343633761708376,0.11024859949584655,0.672176762539545
0236,Dipterocarpus C.F.Gaertn.,0479,Peltogyne catingae Ducke,0.9215510198634213,0.24925766087492005,0.05022355401665795,0.6722933589885012
0181,Cotylelobium Pierre,0318,Leplaea cedrata (A.Chev.) E.J.M.Koenen & J.J.de Wilde,0.9351917190091764,0.2627628502619556,0.015638624237181115,0.6724288687472209
0293,Fraxinus americana L.,0550,Quercus mongolica Fisch. ex Ledeb.,0.8732493720979726,0.2006874935372814,0.0339628776830313,0.6725618785606912
0294,Fraxinus excelsior L.,0331,Heritiera utilis (Sprague) Sprague,0.8861815714487268,0.17627665442045826,0.21354296220717087,0.6726386092415559
0157,Ceriops tagal (Perr.) C.B. Robinson,0426,Microberlinia brazzavillensis A. Chev.,1.0037933230311036,0.33088565378713025,0.23957417592531832,0.6729076692439733
0035,Anacardium giganteum Hancock ex Engl.,0550,Quercus mongolica Fisch. ex Ledeb.,0.8790516893654307,0.20568448529299813,0.0339628776830313,0.6733672040724326
0295,Fraxinus nigra Marshall,0371,Khaya grandifoliola C.DC.,0.7222198109087381,0.022324164890242817,0.048818241280783575,0.6734015696279545
0091,Brachystegia Benth.,0195,Ctenolophon parvifolius Oliv.,1.0430711532446186,0.36962746064415636,0.23093942479410615,0.6734436926004623
0072,Baillonella toxisperma Pierre,0092,Brachystegia cynometroides Harms,1.0076254036026087,0.33402537324669906,0.05008607091450365,0.6736000303559095
0326,Guibourtia ehie (A. Chev.) J. Léonard,0396,Lophira alata Banks ex C.F.Gaertn.,0.9721676928648295,0.2984188053844587,0.027865923684178843,0.6737488874803708
0006,Acer platanoides L.,0009,Leptolobium Vogel,0.8636404688104,0.18973256215443007,0.16101899818656135,0.6739079066559699
0129,Castanea crenata Siebold & Zucc.,0245,Dryobalanops aromatica C.F.Gaertn.,0.7566070814787649,0.01642495583191611,0.08261225579476351,0.6739948256840014
0129,Castanea crenata Siebold & Zucc.,0259,Entandrophragma utile (Dawe & Sprague) Sprague,0.8812388255975252,0.01642495583191611,0.2069978345154368,0.6742409910820883
0081,Betula pendula Roth,0326,Guibourtia ehie (A. Chev.) J. Léonard,0.9729831659476913,0.0025807385340572584,0.2984188053844587,0.6745643605632325
0331,Heritiera utilis (Sprague) Sprague,0396,Lophira alata Banks ex C.F.Gaertn.,0.8881261753670321,0.21354296220717087,0.027865923684178843,0.6745832131598613
0006,Acer platanoides L.,0318,Leplaea cedrata (A.Chev.) E.J.M.Koenen & J.J.de Wilde,0.8644450250060919,0.18973256215443007,0.015638624237181115,0.6747124628516619
0396,Lophira alata Banks ex C.F.Gaertn.,0679,Aningeria Aubrév. & Pellegr.,0.9052753228637681,0.027865923684178843,0.2305382109200897,0.6747371119436785
0093,Brachystegia laurentii (De Wild.) Louis ex J.Léonard,0367,Juglans nigra L.,1.0093231568363805,0.3343633761708376,0.02005651109636719,0.674959780665543
0129,Castanea crenata Siebold & Zucc.,0430,Milicia excelsa (Welw.) C.C. Berg,0.8984356985559724,0.01642495583191611,0.2228508772324565,0.6755848213235158
0007,Acer pseudoplatanus L.,0293,Fraxinus americana L.,0.9509701289227692,0.27538384172241354,0.2006874935372814,0.6755862872003557
0035,Anacardium giganteum Hancock ex Engl.,0608,Swietenia mahagoni (L.) Jacq.,0.8812921638132284,0.20568448529299813,0.02812049764059408,0.6756076785202303
0093,Brachystegia laurentii (De Wild.) Louis ex J.Léonard,0293,Fraxinus americana L.,1.009987380291607,0.3343633761708376,0.2006874935372814,0.6756240041207695
0371,Khaya grandifoliola C.DC.,0541,Pterygota macrocarpa K. Schum.,0.7244698885904819,0.048818241280783575,0.016821229975053267,0.6756516473096983
0035,Anacardium giganteum Hancock ex Engl.,0081,Betula pendula Roth,0.8816478473395142,0.20568448529299813,0.0025807385340572584,0.6759633620465161
0157,Ceriops tagal (Perr.) C.B. Robinson,0480,Peltogyne mexicana Martínez,1.006988051295573,0.33088565378713025,0.1079574407089981,0.6761023975084426
0301,Gilbertiodendron dewevrei (De Wild.) J.Léonard,0431,Millettia laurentii De Wild.,0.8292821471524001,0.15292725453998418,0.14784264520810295,0.6763548926124159
0431,Millettia laurentii De Wild.,0613,Tabebuia rosea (Bert.) DC.,0.9515157826105223,0.14784264520810295,0.27496924594578387,0.6765465366647384
0129,Castanea crenata Siebold & Zucc.,0323,Guibourtia demeusei (Harms) J.Léonard,1.0322090365265857,0.01642495583191611,0.35528177474147954,0.6769272617851061
0297,Fraxinus mandshurica Rupr.,0480,Peltogyne mexicana Martínez,0.9751962172635752,0.29800823641994206,0.1079574407089981,0.6771879808436332
0072,Baillonella toxisperma Pierre,0375,Koompassia malaccensis Maing.,1.011230384673511,0.33402537324669906,0.03982575224826281,0.6772050114268118
0195,Ctenolophon parvifolius Oliv.,0541,Pterygota macrocarpa K. Schum.,0.9083380066143345,0.23093942479410615,0.016821229975053267,0.6773985818202284
0157,Ceriops tagal (Perr.) C.B. Robinson,0325,Guibourtia tessmannii (Harms) J.Léonard,1.0083005075234297,0.33088565378713025,0.19769310265299028,0.6774148537362994
0092,Brachystegia cynometroides Harms,0372,Khaya ivorensis A.Chev.,0.9288848440205981,0.05008607091450365,0.2514693324780144,0.6774155115425837
0294,Fraxinus excelsior L.,0479,Peltogyne catingae Ducke,0.8540404751069546,0.17627665442045826,0.05022355401665795,0.6777638206864963
0130,Castanea sativa Mill.,0294,Fraxinus excelsior L.,0.8541409221069225,0.15586720528769307,0.17627665442045826,0.6778642676864642
0129,Castanea crenata Siebold & Zucc.,0256,Entandrophragma angolense (Welw.) Panshin,0.9972437236178082,0.01642495583191611,0.319302552831661,0.6779411707861472
0092,Brachystegia cynometroides Harms,0608,Swietenia mahagoni (L.) Jacq.,0.7283420907351935,0.05008607091450365,0.02812049764059408,0.6782560198206898
0236,Dipterocarpus C.F.Gaertn.,0607,Swietenia macrophylla King,0.927939617566274,0.24925766087492005,0.07084689292776884,0.6786819566913539
0091,Brachystegia Benth.,0648,Triplochiton scleroxylon K. Schum.,1.048494465966733,0.36962746064415636,0.16453642510521302,0.6788670053225767
0296,Fraxinus ornus L.,0479,Peltogyne catingae Ducke,0.9493876914269394,0.2704807546799976,0.05022355401665795,0.6789069367469418
0035,Anacardium giganteum Hancock ex Engl.,0607,Swietenia macrophylla King,0.8846473962490871,0.20568448529299813,0.07084689292776884,0.678962910956089
0318,Leplaea cedrata (A.Chev.) E.J.M.Koenen & J.J.de Wilde,0553,Quercus petraea (Matt.) Liebl.,0.9373407439903761,0.015638624237181115,0.2581276659186852,0.679213078071691
0158,"Chlorocardium rodiei (R.H.Schomb.) Rohwer, H.G.Richt. & van der Werff",0259,Entandrophragma utile (Dawe & Sprague) Sprague,0.8862145121945764,0.10003326503781798,0.2069978345154368,0.6792166776791395
0313,Grevillea robusta A.Cunn. ex R.Br.,0480,Peltogyne mexicana Martínez,0.9632085592963251,0.2838740990600396,0.1079574407089981,0.6793344602362855
0007,Acer pseudoplatanus L.,0245,Dryobalanops aromatica C.F.Gaertn.,0.9550204191861713,0.27538384172241354,0.08261225579476351,0.6796365774637578
0295,Fraxinus nigra Marshall,0461,Ochroma pyramidale (Cav. ex Lam.) Urb.,0.7760715389371367,0.022324164890242817,0.09605455767171649,0.6800169812654202
0003,Acacia mangium Willd.,0366,Juglans regia L.,0.9143489667049097,0.23412845438956545,0.0161593253050704,0.6802205123153443
0294,Fraxinus excelsior L.,0354,Intsia bijuga (Colebr.) Kuntze,0.9743488950562129,0.17627665442045826,0.29407015717558727,0.6802787378806257
0326,Guibourtia ehie (A. Chev.) J. Léonard,0553,Quercus petraea (Matt.) Liebl.,0.9790027845859816,0.2984188053844587,0.2581276659186852,0.6805839792015229
0318,Leplaea cedrata (A.Chev.) E.J.M.Koenen & J.J.de Wilde,0331,Heritiera utilis (Sprague) Sprague,0.8942532915380604,0.015638624237181115,0.21354296220717087,0.6807103293308896
0323,Guibourtia demeusei (Harms) J.Léonard,0541,Pterygota macrocarpa K. Schum.,1.0360416836726607,0.35528177474147954,0.016821229975053267,0.6807599089311811
0003,Acacia mangium Willd.,0418,Mansonia altissima (A. Chev.) A. Chev.,0.9151720236453842,0.23412845438956545,0.012409313496156668,0.6810435692558188
0073,Balfourodendron riedelianum (Engl.) Engl.,0613,Tabebuia rosea (Bert.) DC.,1.0650410621988422,0.38391787966371865,0.27496924594578387,0.6811231825351236
0431,Millettia laurentii De Wild.,0480,Peltogyne mexicana Martínez,0.8290029957984395,0.14784264520810295,0.1079574407089981,0.6811603505903365
0430,Milicia excelsa (Welw.) C.C. Berg,0606,Swietenia humilis Zucc.,0.9041463122217711,0.2228508772324565,0.03956854200666897,0.6812954349893146
0091,Brachystegia Benth.,0542,Pycnanthus angolensis (Welw.) Warb.,1.0512391865786368,0.36962746064415636,0.07234546467128498,0.6816117259344805
0003,Acacia mangium Willd.,0041,Aniba rosodora Ducke,0.9158949479437188,0.23412845438956545,0.0656528117264906,0.6817664935541534
0072,Baillonella toxisperma Pierre,0258,Entandrophragma cylindricum (Sprague) Sprague,1.0161564842773725,0.33402537324669906,0.25242647174716004,0.6821311110306734
0072,Baillonella toxisperma Pierre,0256,Entandrophragma angolense (Welw.) Panshin,1.0162248901765496,0.33402537324669906,0.319302552831661,0.6821995169298505
0372,Khaya ivorensis A.Chev.,0478,Peltogyne Vogel,0.9339336460666723,0.2514693324780144,0.1811470023936011,0.6824643135886579
0066,Aucoumea klaineana Pierre,0091,Brachystegia Benth.,1.0521541899334999,0.1689848833310126,0.36962746064415636,0.6825267292893435
0093,Brachystegia laurentii (De Wild.) Louis ex J.Léonard,0130,Castanea sativa Mill.,1.0172822798191015,0.3343633761708376,0.15586720528769307,0.6829189036482639
0147,Ceiba pentandra (L.) Gaertn.,0269,Erythrophleum ivorense A. Chev,0.9732857859242755,0.09920852062625649,0.2903085074707726,0.6829772784535029
0313,Grevillea robusta A.Cunn. ex R.Br.,0430,Milicia excelsa (Welw.) C.C. Berg,0.9670136877354842,0.2838740990600396,0.2228508772324565,0.6831395886754447
0313,Grevillea robusta A.Cunn. ex R.Br.,0325,Guibourtia tessmannii (Harms) J.Léonard,0.9671347165419063,0.2838740990600396,0.19769310265299028,0.6832606174818667
0396,Lophira alata Banks ex C.F.Gaertn.,0430,Milicia excelsa (Welw.) C.C. Berg,0.9061160172770115,0.027865923684178843,0.2228508772324565,0.6832651400445551
0009,Leptolobium Vogel,0606,Swietenia humilis Zucc.,0.844295869733124,0.16101899818656135,0.03956854200666897,0.6832768715465627
0245,Dryobalanops aromatica C.F.Gaertn.,0375,Koompassia malaccensis Maing.,0.765893096054138,0.08261225579476351,0.03982575224826281,0.6832808402593745
0007,Acer pseudoplatanus L.,0236,Dipterocarpus C.F.Gaertn.,0.9588238892447944,0.27538384172241354,0.24925766087492005,0.683440047522381
0181,Cotylelobium Pierre,0323,Guibourtia demeusei (Harms) J.Léonard,1.0388764052370845,0.2627628502619556,0.35528177474147954,0.6835946304956049
0259,Entandrophragma utile (Dawe & Sprague) Sprague,0431,Millettia laurentii De Wild.,0.8906045091600743,0.2069978345154368,0.14784264520810295,0.6836066746446374
0130,Castanea sativa Mill.,0323,Guibourtia demeusei (Harms) J.Léonard,1.0391038240694428,0.15586720528769307,0.35528177474147954,0.6838220493279632
0041,Aniba rosodora Ducke,0326,Guibourtia ehie (A. Chev.) J. Léonard,0.9828429880943761,0.0656528117264906,0.2984188053844587,0.6844241827099173
0257,Entandrophragma candollei Harms,0375,Koompassia malaccensis Maing.,0.8740295499658497,0.18916044854556002,0.03982575224826281,0.6848691014202897
0606,Swietenia humilis Zucc.,0613,Tabebuia rosea (Bert.) DC.,0.9599781878508273,0.03956854200666897,0.27496924594578387,0.6850089419050435
0003,Acacia mangium Willd.,0072,Baillonella toxisperma Pierre,1.019110166311434,0.23412845438956545,0.33402537324669906,0.6850847930647348
0302,Gilbertiodendron preussii (Harms) J.Léonard,0313,Grevillea robusta A.Cunn. ex R.Br.,0.9690210694427281,0.1175198759908919,0.2838740990600396,0.6851469703826886
0092,Brachystegia cynometroides Harms,0245,Dryobalanops aromatica C.F.Gaertn.,0.7678408116451187,0.05008607091450365,0.08261225579476351,0.6852285558503552
0033,Anacardium excelsum (Bertero & Balb. ex Kunth) Skeels,0331,Heritiera utilis (Sprague) Sprague,0.8991435857529357,0.07482690115830566,0.21354296220717087,0.6856006235457649
0093,Brachystegia laurentii (De Wild.) Louis ex J.Léonard,0542,Pycnanthus angolensis (Welw.) Warb.,1.020143346934292,0.3343633761708376,0.07234546467128498,0.6857799707634544
0245,Dryobalanops aromatica C.F.Gaertn.,0324,Guibourtia pellegriniana J.Léonard,0.8888266929601286,0.08261225579476351,0.20301559578579392,0.6858110971743347
0236,Dipterocarpus C.F.Gaertn.,0480,Peltogyne mexicana Martínez,0.9351903183713939,0.24925766087492005,0.1079574407089981,0.6859326574964738
0147,Ceiba pentandra (L.) Gaertn.,0244,Dryobalanops C.F.Gaertn.,0.7851846469549644,0.09920852062625649,0.03512342815501089,0.6859761263287079
0041,Aniba rosodora Ducke,0396,Lophira alata Banks ex C.F.Gaertn.,0.7516639242758503,0.0656528117264906,0.027865923684178843,0.6860111125493596
0009,Leptolobium Vogel,0293,Fraxinus americana L.,0.8867179079030069,0.16101899818656135,0.2006874935372814,0.6860304143657254
0093,Brachystegia laurentii (De Wild.) Louis ex J.Léonard,0550,Quercus mongolica Fisch. ex Ledeb.,1.0203953736973461,0.3343633761708376,0.0339628776830313,0.6860319975265086
0366,Juglans regia L.,0426,Microberlinia brazzavillensis A. Chev.,0.9260349035315514,0.0161593253050704,0.23957417592531832,0.6864607276062331
0430,Milicia excelsa (Welw.) C.C. Berg,0554,Quercus robur L.,0.9093139046649008,0.2228508772324565,0.11024859949584655,0.6864630274324444
0236,Dipterocarpus C.F.Gaertn.,0541,Pterygota macrocarpa K. Schum.,0.9360373702310931,0.24925766087492005,0.016821229975053267,0.686779709356173
0081,Betula pendula Roth,0295,Fraxinus nigra Marshall,0.7091683010882598,0.0025807385340572584,0.022324164890242817,0.686844136198017
0080,Betula papyrifera Marshall,0324,Guibourtia pellegriniana J.Léonard,1.0792011260217365,0.3923039267660832,0.20301559578579392,0.6868971992556532
0297,Fraxinus mandshurica Rupr.,0478,Peltogyne Vogel,0.9849096101530227,0.29800823641994206,0.1811470023936011,0.6869013737330807
0041,Aniba rosodora Ducke,0426,Microberlinia brazzavillensis A. Chev.,0.9266385428559909,0.0656528117264906,0.23957417592531832,0.6870643669306726
0326,Guibourtia ehie (A. Chev.) J. Léonard,0418,Mansonia altissima (A. Chev.) A. Chev.,0.9855441099648744,0.2984188053844587,0.012409313496156668,0.6871253045804158
0313,Grevillea robusta A.Cunn. ex R.Br.,0323,Guibourtia demeusei (Harms) J.Léonard,1.0424781618753347,0.2838740990600396,0.35528177474147954,0.6871963871338551
0157,Ceriops tagal (Perr.) C.B. Robinson,0375,Koompassia malaccensis Maing.,1.0182021407429498,0.33088565378713025,0.03982575224826281,0.6873164869558195
0256,Entandrophragma angolense (Welw.) Panshin,0552,Quercus alba L.,1.0066304297419464,0.319302552831661,0.11942757291818792,0.6873278769102854
0072,Baillonella toxisperma Pierre,0302,Gilbertiodendron preussii (Harms) J.Léonard,1.0214077334436438,0.33402537324669906,0.1175198759908919,0.6873823601969447
0093,Brachystegia laurentii (De Wild.) Louis ex J.Léonard,0296,Fraxinus ornus L.,1.0217632082076746,0.3343633761708376,0.2704807546799976,0.6873998320368371
0035,Anacardium giganteum Hancock ex Engl.,0259,Entandrophragma utile (Dawe & Sprague) Sprague,0.8944160200131991,0.20568448529299813,0.2069978345154368,0.6874181854977623
0158,"Chlorocardium rodiei (R.H.Schomb.) Rohwer, H.G.Richt. & van der Werff",0257,Entandrophragma candollei Harms,0.8768708715867233,0.10003326503781798,0.18916044854556002,0.6877104230411633
0297,Fraxinus mandshurica Rupr.,0302,Gilbertiodendron preussii (Harms) J.Léonard,0.9860209186313267,0.29800823641994206,0.1175198759908919,0.6880126822113846
0007,Acer pseudoplatanus L.,0606,Swietenia humilis Zucc.,0.9634771209565443,0.27538384172241354,0.03956854200666897,0.6880932792341308
0181,Cotylelobium Pierre,0431,Millettia laurentii De Wild.,0.950987076022143,0.2627628502619556,0.14784264520810295,0.6882242257601874
0326,Guibourtia ehie (A. Chev.) J. Léonard,0366,Juglans regia L.,0.9867898668920598,0.2984188053844587,0.0161593253050704,0.6883710615076011
0035,Anacardium giganteum Hancock ex Engl.,0323,Guibourtia demeusei (Harms) J.Léonard,1.0437909589666268,0.20568448529299813,0.35528177474147954,0.6885091842251472
0033,Anacardium excelsum (Bertero & Balb. ex Kunth) Skeels,0091,Brachystegia Benth.,1.0581746889195662,0.07482690115830566,0.36962746064415636,0.6885472282754099
0236,Dipterocarpus C.F.Gaertn.,0323,Guibourtia demeusei (Harms) J.Léonard,1.044023300230433,0.24925766087492005,0.35528177474147954,0.6887415254889535
0613,Tabebuia rosea (Bert.) DC.,0679,Aningeria Aubrév. & Pellegr.,0.9637146610646057,0.27496924594578387,0.2305382109200897,0.6887454151188218
0158,"Chlorocardium rodiei (R.H.Schomb.) Rohwer, H.G.Richt. & van der Werff",0325,Guibourtia tessmannii (Harms) J.Léonard,0.8865755546102351,0.10003326503781798,0.19769310265299028,0.6888824519572447
0606,Swietenia humilis Zucc.,0679,Aningeria Aubrév. & Pellegr.,0.9195232287324238,0.03956854200666897,0.2305382109200897,0.688985017812334
0081,Betula pendula Roth,0147,Ceiba pentandra (L.) Gaertn.,0.7882199036467207,0.0025807385340572584,0.09920852062625649,0.6890113830204642
0313,Grevillea robusta A.Cunn. ex R.Br.,0375,Koompassia malaccensis Maing.,0.972927785545727,0.2838740990600396,0.03982575224826281,0.6890536864856874
0006,Acer platanoides L.,0479,Peltogyne catingae Ducke,0.8788792154815432,0.18973256215443007,0.05022355401665795,0.6891466533271131
0035,Anacardium giganteum Hancock ex Engl.,0679,Aningeria Aubrév. & Pellegr.,0.9198153903084763,0.20568448529299813,0.2305382109200897,0.6892771793883865
0418,Mansonia altissima (A. Chev.) A. Chev.,0426,Microberlinia brazzavillensis A. Chev.,0.929040332605592,0.012409313496156668,0.23957417592531832,0.6894661566802738
0256,Entandrophragma angolense (Welw.) Panshin,0530,Pterocarpus soyauxii Taub.,1.0088570431441486,0.319302552831661,0.19955695100455761,0.6895544903124876
0530,Pterocarpus soyauxii Taub.,0648,Triplochiton scleroxylon K. Schum.,0.8893539396842353,0.19955695100455761,0.16453642510521302,0.6897969886796776
0007,Acer pseudoplatanus L.,0294,Fraxinus excelsior L.,0.9659740052451741,0.27538384172241354,0.17627665442045826,0.6905901635227605
0033,Anacardium excelsum (Bertero & Balb. ex Kunth) Skeels,0093,Brachystegia laurentii (De Wild.) Louis ex J.Léonard,1.0251373387917768,0.07482690115830566,0.3343633761708376,0.6907739626209393
0297,Fraxinus mandshurica Rupr.,0325,Guibourtia tessmannii (Harms) J.Léonard,0.988843961892138,0.29800823641994206,0.19769310265299028,0.690835725472196
0007,Acer pseudoplatanus L.,0257,Entandrophragma candollei Harms,0.9665168699880982,0.27538384172241354,0.18916044854556002,0.6911330282656847
0236,Dipterocarpus C.F.Gaertn.,0331,Heritiera utilis (Sprague) Sprague,0.9408808641017274,0.24925766087492005,0.21354296220717087,0.6916232032268074
0157,Ceriops tagal (Perr.) C.B. Robinson,0324,Guibourtia pellegriniana J.Léonard,1.0225427349619012,0.33088565378713025,0.20301559578579392,0.6916570811747709
0354,Intsia bijuga (Colebr.) Kuntze,0541,Pterygota macrocarpa K. Schum.,0.9859564917841945,0.29407015717558727,0.016821229975053267,0.6918863346086073
0072,Baillonella toxisperma Pierre,0269,Erythrophleum ivorense A. Chev,1.0259848159019636,0.33402537324669906,0.2903085074707726,0.6919594426552644
0072,Baillonella toxisperma Pierre,0326,Guibourtia ehie (A. Chev.) J. Léonard,1.026107986025715,0.33402537324669906,0.2984188053844587,0.6920826127790158
0367,Juglans nigra L.,0541,Pterygota macrocarpa K. Schum.,0.7122743633984268,0.02005651109636719,0.016821229975053267,0.6922178523020596
0318,Leplaea cedrata (A.Chev.) E.J.M.Koenen & J.J.de Wilde,0430,Milicia excelsa (Welw.) C.C. Berg,0.9150727763924935,0.015638624237181115,0.2228508772324565,0.6922218991600371
0354,Intsia bijuga (Colebr.) Kuntze,0679,Aningeria Aubrév. & Pellegr.,0.9864506544137059,0.29407015717558727,0.2305382109200897,0.6923804972381187
0301,Gilbertiodendron dewevrei (De Wild.) J.Léonard,0313,Grevillea robusta A.Cunn. ex R.Br.,0.9766264305857382,0.15292725453998418,0.2838740990600396,0.6927523315256986
0009,Leptolobium Vogel,0035,Anacardium giganteum Hancock ex Engl.,0.8984964047949471,0.16101899818656135,0.20568448529299813,0.692811919501949
0072,Baillonella toxisperma Pierre,0354,Intsia bijuga (Colebr.) Kuntze,1.027182529264146,0.33402537324669906,0.29407015717558727,0.693157156017447
0323,Guibourtia demeusei (Harms) J.Léonard,0552,Quercus alba L.,1.0484763699592485,0.35528177474147954,0.11942757291818792,0.6931945952177689
0006,Acer platanoides L.,0130,Castanea sativa Mill.,0.8829631074436679,0.18973256215443007,0.15586720528769307,0.6932305452892378
0092,Brachystegia cynometroides Harms,0297,Fraxinus mandshurica Rupr.,0.9912604142595061,0.05008607091450365,0.29800823641994206,0.6932521778395639
0367,Juglans nigra L.,0530,Pterocarpus soyauxii Taub.,0.893325909457169,0.02005651109636719,0.19955695100455761,0.6937689584526114
0293,Fraxinus americana L.,0606,Swietenia humilis Zucc.,0.8945757220561527,0.2006874935372814,0.03956854200666897,0.6938882285188712
0325,Guibourtia tessmannii (Harms) J.Léonard,0431,Millettia laurentii De Wild.,0.8919021895134814,0.19769310265299028,0.14784264520810295,0.6942090868604911
0081,Betula pendula Roth,0530,Pterocarpus soyauxii Taub.,0.8937774032802455,0.0025807385340572584,0.19955695100455761,0.6942204522756878
0033,Anacardium excelsum (Bertero & Balb. ex Kunth) Skeels,0326,Guibourtia ehie (A. Chev.) J. Léonard,0.9926834147231466,0.07482690115830566,0.2984188053844587,0.6942646093386879
0326,Guibourtia ehie (A. Chev.) J. Léonard,0679,Aningeria Aubrév. & Pellegr.,0.9926921251368492,0.2984188053844587,0.2305382109200897,0.6942733197523905
0130,Castanea sativa Mill.,0430,Milicia excelsa (Welw.) C.C. Berg,0.9173709930650591,0.15586720528769307,0.2228508772324565,0.6945201158326026
0396,Lophira alata Banks ex C.F.Gaertn.,0648,Triplochiton scleroxylon K. Schum.,0.8592120802179769,0.027865923684178843,0.16453642510521302,0.6946756551127639
0399,Lovoa trichilioides Harms,0648,Triplochiton scleroxylon K. Schum.,0.9975396885391776,0.3025441823946234,0.16453642510521302,0.6949955061445543
0461,Ochroma pyramidale (Cav. ex Lam.) Urb.,0530,Pterocarpus soyauxii Taub.,0.8946921780632733,0.09605455767171649,0.19955695100455761,0.6951352270587157
0157,Ceriops tagal (Perr.) C.B. Robinson,0478,Peltogyne Vogel,1.02607795840576,0.33088565378713025,0.1811470023936011,0.6951923046186297
0269,Erythrophleum ivorense A. Chev,0313,Grevillea robusta A.Cunn. ex R.Br.,0.9857296108910782,0.2903085074707726,0.2838740990600396,0.6954211034203057
0147,Ceiba pentandra (L.) Gaertn.,0606,Swietenia humilis Zucc.,0.7947305975250851,0.09920852062625649,0.03956854200666897,0.6955220768988286
0007,Acer pseudoplatanus L.,0035,Anacardium giganteum Hancock ex Engl.,0.9711123543202036,0.27538384172241354,0.20568448529299813,0.6957285125977901
0297,Fraxinus mandshurica Rupr.,0431,Millettia laurentii De Wild.,0.9939329103655348,0.29800823641994206,0.14784264520810295,0.6959246739455927
0009,Leptolobium Vogel,0033,Anacardium excelsum (Bertero & Balb. ex Kunth) Skeels,0.8571630764409381,0.16101899818656135,0.07482690115830566,0.6961440782543769
0195,Ctenolophon parvifolius Oliv.,0326,Guibourtia ehie (A. Chev.) J. Léonard,0.9946999184526699,0.23093942479410615,0.2984188053844587,0.6962811130682112
0313,Grevillea robusta A.Cunn. ex R.Br.,0478,Peltogyne Vogel,0.9805785748460238,0.2838740990600396,0.1811470023936011,0.6967044757859843
0092,Brachystegia cynometroides Harms,0313,Grevillea robusta A.Cunn. ex R.Br.,0.9805890730661713,0.05008607091450365,0.2838740990600396,0.6967149740061317
0479,Peltogyne catingae Ducke,0553,Quercus petraea (Matt.) Liebl.,0.9548751619188045,0.05022355401665795,0.2581276659186852,0.6967474960001193
0367,Juglans nigra L.,0550,Quercus mongolica Fisch. ex Ledeb.,0.7308277269997051,0.02005651109636719,0.0339628776830313,0.6968648493166738
0072,Baillonella toxisperma Pierre,0301,Gilbertiodendron dewevrei (De Wild.) J.Léonard,1.0309385252899572,0.33402537324669906,0.15292725453998418,0.6969131520432581
0296,Fraxinus ornus L.,0480,Peltogyne mexicana Martínez,0.9674840862229221,0.2704807546799976,0.1079574407089981,0.6970033315429245
0354,Intsia bijuga (Colebr.) Kuntze,0648,Triplochiton scleroxylon K. Schum.,0.9911376753105781,0.29407015717558727,0.16453642510521302,0.6970675181349908
0366,Juglans regia L.,0396,Lophira alata Banks ex C.F.Gaertn.,0.7251944295674482,0.0161593253050704,0.027865923684178843,0.6973285058832693
0371,Khaya grandifoliola C.DC.,0480,Peltogyne mexicana Martínez,0.8052860050628237,0.048818241280783575,0.1079574407089981,0.6973285643538256
0181,Cotylelobium Pierre,0479,Peltogyne catingae Ducke,0.9601177620061958,0.2627628502619556,0.05022355401665795,0.6973549117442401
0072,Baillonella toxisperma Pierre,0323,Guibourtia demeusei (Harms) J.Léonard,1.052756002176234,0.33402537324669906,0.35528177474147954,0.6974742274347545
0091,Brachystegia Benth.,0367,Juglans nigra L.,1.067189481537002,0.36962746064415636,0.02005651109636719,0.6975620208928457
0066,Aucoumea klaineana Pierre,0430,Milicia excelsa (Welw.) C.C. Berg,0.9205029131523144,0.1689848833310126,0.2228508772324565,0.6976520359198579
0461,Ochroma pyramidale (Cav. ex Lam.) Urb.,0552,Quercus alba L.,0.817204038653616,0.09605455767171649,0.11942757291818792,0.6977764657354281
0257,Entandrophragma candollei Harms,0325,Guibourtia tessmannii (Harms) J.Léonard,0.8955074689008766,0.18916044854556002,0.19769310265299028,0.6978143662478864
0236,Dipterocarpus C.F.Gaertn.,0431,Millettia laurentii De Wild.,0.9471879265604564,0.24925766087492005,0.14784264520810295,0.6979302656855363
0324,Guibourtia pellegriniana J.Léonard,0425,Mezilaurus ita-uba (Meisn.) Taub. ex Mez,0.9583554144306872,0.20301559578579392,0.2601673546959139,0.6981880597347733
0396,Lophira alata Banks ex C.F.Gaertn.,0553,Quercus petraea (Matt.) Liebl.,0.9563240670739743,0.027865923684178843,0.2581276659186852,0.6981964011552891
0258,Entandrophragma cylindricum (Sprague) Sprague,0418,Mansonia altissima (A. Chev.) A. Chev.,0.9511634772263491,0.25242647174716004,0.012409313496156668,0.698737005479189
0158,"Chlorocardium rodiei (R.H.Schomb.) Rohwer, H.G.Richt. & van der Werff",0238,Dipterocarpus kerrii King,0.7989255415618775,0.10003326503781798,0.03389503762998255,0.6988922765240595
0181,Cotylelobium Pierre,0354,Intsia bijuga (Colebr.) Kuntze,0.993054882288241,0.2627628502619556,0.29407015717558727,0.6989847251126537
0301,Gilbertiodendron dewevrei (De Wild.) J.Léonard,0607,Swietenia macrophylla King,0.8525669181786569,0.15292725453998418,0.07084689292776884,0.6996396636386728
0130,Castanea sativa Mill.,0461,Ochroma pyramidale (Cav. ex Lam.) Urb.,0.8555232685778744,0.15586720528769307,0.09605455767171649,0.6996560632901814
0130,Castanea sativa Mill.,0245,Dryobalanops aromatica C.F.Gaertn.,0.8561823966898995,0.15586720528769307,0.08261225579476351,0.7003151914022064
0092,Brachystegia cynometroides Harms,0157,Ceriops tagal (Perr.) C.B. Robinson,1.0312264821909451,0.05008607091450365,0.33088565378713025,0.7003408284038148
0297,Fraxinus mandshurica Rupr.,0318,Leplaea cedrata (A.Chev.) E.J.M.Koenen & J.J.de Wilde,0.9983760194991075,0.29800823641994206,0.015638624237181115,0.7003677830791655
0007,Acer pseudoplatanus L.,0431,Millettia laurentii De Wild.,0.9759378562453993,0.27538384172241354,0.14784264520810295,0.7005540145229858
0325,Guibourtia tessmannii (Harms) J.Léonard,0553,Quercus petraea (Matt.) Liebl.,0.958766343595461,0.19769310265299028,0.2581276659186852,0.7006386776767758
0461,Ochroma pyramidale (Cav. ex Lam.) Urb.,0554,Quercus robur L.,0.8109458187265756,0.09605455767171649,0.11024859949584655,0.700697219230729
0066,Aucoumea klaineana Pierre,0530,Pterocarpus soyauxii Taub.,0.9005908080618406,0.1689848833310126,0.19955695100455761,0.7010338570572829
0147,Ceiba pentandra (L.) Gaertn.,0607,Swietenia macrophylla King,0.8003531794328449,0.09920852062625649,0.07084689292776884,0.7011446588065884
0258,Entandrophragma cylindricum (Sprague) Sprague,0366,Juglans regia L.,0.9537456499887557,0.25242647174716004,0.0161593253050704,0.7013191782415956
0257,Entandrophragma candollei Harms,0324,Guibourtia pellegriniana J.Léonard,0.9043706290826342,0.18916044854556002,0.20301559578579392,0.7013550332968403
0158,"Chlorocardium rodiei (R.H.Schomb.) Rohwer, H.G.Richt. & van der Werff",0331,Heritiera utilis (Sprague) Sprague,0.9149190028350757,0.10003326503781798,0.21354296220717087,0.7013760406279048
0081,Betula pendula Roth,0426,Microberlinia brazzavillensis A. Chev.,0.9410919578069131,0.0025807385340572584,0.23957417592531832,0.7015177818815947
0331,Heritiera utilis (Sprague) Sprague,0553,Quercus petraea (Matt.) Liebl.,0.9598851360579991,0.21354296220717087,0.2581276659186852,0.7017574701393139
0295,Fraxinus nigra Marshall,0331,Heritiera utilis (Sprague) Sprague,0.9153518934999134,0.022324164890242817,0.21354296220717087,0.7018089312927426
0092,Brachystegia cynometroides Harms,0331,Heritiera utilis (Sprague) Sprague,0.9155542678892057,0.05008607091450365,0.21354296220717087,0.7020113056820348
0081,Betula pendula Roth,0258,Entandrophragma cylindricum (Sprague) Sprague,0.9544607842714435,0.0025807385340572584,0.25242647174716004,0.7020343125242835
0366,Juglans regia L.,0431,Millettia laurentii De Wild.,0.8499514394373666,0.0161593253050704,0.14784264520810295,0.7021087942292636
0009,Leptolobium Vogel,0554,Quercus robur L.,0.8632398712645694,0.16101899818656135,0.11024859949584655,0.702220873078008
0371,Khaya grandifoliola C.DC.,0530,Pterocarpus soyauxii Taub.,0.9019298169574463,0.048818241280783575,0.19955695100455761,0.7023728659528887
0003,Acacia mangium Willd.,0325,Guibourtia tessmannii (Harms) J.Léonard,0.9365948199292184,0.23412845438956545,0.19769310265299028,0.702466365539653
0331,Heritiera utilis (Sprague) Sprague,0431,Millettia laurentii De Wild.,0.9160177020212088,0.21354296220717087,0.14784264520810295,0.702474739814038
0236,Dipterocarpus C.F.Gaertn.,0375,Koompassia malaccensis Maing.,0.9519020744804798,0.24925766087492005,0.03982575224826281,0.7026444136055597
0066,Aucoumea klaineana Pierre,0331,Heritiera utilis (Sprague) Sprague,0.9170772153380846,0.1689848833310126,0.21354296220717087,0.7035342531309138
0066,Aucoumea klaineana Pierre,0396,Lophira alata Banks ex C.F.Gaertn.,0.8725263267702454,0.1689848833310126,0.027865923684178843,0.7035414434392329
0081,Betula pendula Roth,0269,Erythrophleum ivorense A. Chev,0.993897209184308,0.0025807385340572584,0.2903085074707726,0.7035887017135354
0324,Guibourtia pellegriniana J.Léonard,0371,Khaya grandifoliola C.DC.,0.9067613536619594,0.20301559578579392,0.048818241280783575,0.7037457578761654
0238,Dipterocarpus kerrii King,0269,Erythrophleum ivorense A. Chev,0.9940989859141534,0.03389503762998255,0.2903085074707726,0.7037904784433808
0256,Entandrophragma angolense (Welw.) Panshin,0554,Quercus robur L.,1.0237346476143683,0.319302552831661,0.11024859949584655,0.7044320947827073
0613,Tabebuia rosea (Bert.) DC.,0648,Triplochiton scleroxylon K. Schum.,0.9795168190089306,0.27496924594578387,0.16453642510521302,0.7045475730631467
0236,Dipterocarpus C.F.Gaertn.,0302,Gilbertiodendron preussii (Harms) J.Léonard,0.9538586890654183,0.24925766087492005,0.1175198759908919,0.7046010281904982
0553,Quercus petraea (Matt.) Liebl.,0606,Swietenia humilis Zucc.,0.9628185134955444,0.2581276659186852,0.03956854200666897,0.7046908475768592
0396,Lophira alata Banks ex C.F.Gaertn.,0418,Mansonia altissima (A. Chev.) A. Chev.,0.7333276537303651,0.027865923684178843,0.012409313496156668,0.7054617300461863
0129,Castanea crenata Siebold & Zucc.,0354,Intsia bijuga (Colebr.) Kuntze,0.9996584040230978,0.01642495583191611,0.29407015717558727,0.7055882468475105
0326,Guibourtia ehie (A. Chev.) J. Léonard,0530,Pterocarpus soyauxii Taub.,1.0040373368428357,0.2984188053844587,0.19955695100455761,0.7056185314583769
0147,Ceiba pentandra (L.) Gaertn.,0608,Swietenia mahagoni (L.) Jacq.,0.8050754360955831,0.09920852062625649,0.02812049764059408,0.7058669154693266
0354,Intsia bijuga (Colebr.) Kuntze,0461,Ochroma pyramidale (Cav. ex Lam.) Urb.,1.0003095040358414,0.29407015717558727,0.09605455767171649,0.7062393468602541
0238,Dipterocarpus kerrii King,0461,Ochroma pyramidale (Cav. ex Lam.) Urb.,0.8028899481390559,0.03389503762998255,0.09605455767171649,0.7068353904673395
0301,Gilbertiodendron dewevrei (De Wild.) J.Léonard,0371,Khaya grandifoliola C.DC.,0.8598562587611176,0.15292725453998418,0.048818241280783575,0.7069290042211334
0009,Leptolobium Vogel,0461,Ochroma pyramidale (Cav. ex Lam.) Urb.,0.8681708023153887,0.16101899818656135,0.09605455767171649,0.7071518041288274
0009,Leptolobium Vogel,0257,Entandrophragma candollei Harms,0.8964010312436996,0.16101899818656135,0.18916044854556002,0.7072405826981396
0418,Mansonia altissima (A. Chev.) A. Chev.,0431,Millettia laurentii De Wild.,0.8552309170052348,0.012409313496156668,0.14784264520810295,0.7073882717971318
0041,Aniba rosodora Ducke,0258,Entandrophragma cylindricum (Sprague) Sprague,0.9598274629467756,0.0656528117264906,0.25242647174716004,0.7074009911996155
0371,Khaya grandifoliola C.DC.,0542,Pycnanthus angolensis (Welw.) Warb.,0.7804591433227321,0.048818241280783575,0.07234546467128498,0.7081136786514471
0147,Ceiba pentandra (L.) Gaertn.,0371,Khaya grandifoliola C.DC.,0.8073434933627346,0.09920852062625649,0.048818241280783575,0.7081349727364781
0367,Juglans nigra L.,0613,Tabebuia rosea (Bert.) DC.,0.9831382980757136,0.02005651109636719,0.27496924594578387,0.7081690521299298
0030,Amburana cearensis (Allemão) A.C.Sm.,0679,Aningeria Aubrév. & Pellegr.,0.9771642804877758,0.26876027711533945,0.2305382109200897,0.7084040033724364
0030,Amburana cearensis (Allemão) A.C.Sm.,0072,Baillonella toxisperma Pierre,1.0424458664519276,0.26876027711533945,0.33402537324669906,0.7084204932052285
0293,Fraxinus americana L.,0324,Guibourtia pellegriniana J.Léonard,0.9115427832651111,0.2006874935372814,0.20301559578579392,0.7085271874793171
0157,Ceriops tagal (Perr.) C.B. Robinson,0301,Gilbertiodendron dewevrei (De Wild.) J.Léonard,1.0398000881383103,0.33088565378713025,0.15292725453998418,0.70891443435118
0607,Swietenia macrophylla King,0679,Aningeria Aubrév. & Pellegr.,0.9396883209752998,0.07084689292776884,0.2305382109200897,0.70915011005521
0041,Aniba rosodora Ducke,0431,Millettia laurentii De Wild.,0.8572484645248872,0.0656528117264906,0.14784264520810295,0.7094058193167843
0003,Acacia mangium Willd.,0081,Betula pendula Roth,0.9435991094990805,0.23412845438956545,0.0025807385340572584,0.7094706551095151
0331,Heritiera utilis (Sprague) Sprague,0613,Tabebuia rosea (Bert.) DC.,0.9844466596164422,0.21354296220717087,0.27496924594578387,0.7094774136706583
0541,Pterygota macrocarpa K. Schum.,0613,Tabebuia rosea (Bert.) DC.,0.9844615827126245,0.016821229975053267,0.27496924594578387,0.7094923367668406
0323,Guibourtia demeusei (Harms) J.Léonard,0554,Quercus robur L.,1.0647934134291266,0.35528177474147954,0.11024859949584655,0.709511638687647
0130,Castanea sativa Mill.,0244,Dryobalanops C.F.Gaertn.,0.8655063261670419,0.15586720528769307,0.03512342815501089,0.7096391208793489
0294,Fraxinus excelsior L.,0550,Quercus mongolica Fisch. ex Ledeb.,0.8859783957700894,0.17627665442045826,0.0339628776830313,0.7097017413496312
0181,Cotylelobium Pierre,0396,Lophira alata Banks ex C.F.Gaertn.,0.9726429667917811,0.2627628502619556,0.027865923684178843,0.7098801165298254
0608,Swietenia mahagoni (L.) Jacq.,0679,Aningeria Aubrév. & Pellegr.,0.940493394584814,0.02812049764059408,0.2305382109200897,0.7099551836647242
0129,Castanea crenata Siebold & Zucc.,0613,Tabebuia rosea (Bert.) DC.,0.9850481650766036,0.01642495583191611,0.27496924594578387,0.7100789191308198
0006,Acer platanoides L.,0396,Lophira alata Banks ex C.F.Gaertn.,0.8998252682896167,0.18973256215443007,0.027865923684178843,0.7100927061351867
0236,Dipterocarpus C.F.Gaertn.,0530,Pterocarpus soyauxii Taub.,0.9594535344177451,0.24925766087492005,0.19955695100455761,0.710195873542825
0324,Guibourtia pellegriniana J.Léonard,0550,Quercus mongolica Fisch. ex Ledeb.,0.9134837998548242,0.20301559578579392,0.0339628776830313,0.7104682040690302
0181,Cotylelobium Pierre,0426,Microberlinia brazzavillensis A. Chev.,0.9733348921130389,0.2627628502619556,0.23957417592531832,0.7105720418510832
0269,Erythrophleum ivorense A. Chev,0679,Aningeria Aubrév. & Pellegr.,1.0010027781088953,0.2903085074707726,0.2305382109200897,0.7106942706381227
0147,Ceiba pentandra (L.) Gaertn.,0158,"Chlorocardium rodiei (R.H.Schomb.) Rohwer, H.G.Richt. & van der Werff",0.810917837536757,0.09920852062625649,0.10003326503781798,0.710884572498939
0257,Entandrophragma candollei Harms,0679,Aningeria Aubrév. & Pellegr.,0.9414233772425455,0.18916044854556002,0.2305382109200897,0.7108851663224558
0009,Leptolobium Vogel,0552,Quercus alba L.,0.8719373103149688,0.16101899818656135,0.11942757291818792,0.7109183121284075
0130,Castanea sativa Mill.,0371,Khaya grandifoliola C.DC.,0.8668625524568516,0.15586720528769307,0.048818241280783575,0.7109953471691586
0258,Entandrophragma cylindricum (Sprague) Sprague,0542,Pycnanthus angolensis (Welw.) Warb.,0.9634220663079899,0.25242647174716004,0.07234546467128498,0.7109955945608298
0293,Fraxinus americana L.,0371,Khaya grandifoliola C.DC.,0.9119890500188639,0.2006874935372814,0.048818241280783575,0.7113015564815824
0399,Lovoa trichilioides Harms,0550,Quercus mongolica Fisch. ex Ledeb.,1.0138870572810648,0.3025441823946234,0.0339628776830313,0.7113428748864414
0293,Fraxinus americana L.,0608,Swietenia mahagoni (L.) Jacq.,0.9124952837295246,0.2006874935372814,0.02812049764059408,0.7118077901922432
0129,Castanea crenata Siebold & Zucc.,0326,Guibourtia ehie (A. Chev.) J. Léonard,1.0103906380124295,0.01642495583191611,0.2984188053844587,0.7119718326279707
0030,Amburana cearensis (Allemão) A.C.Sm.,0081,Betula pendula Roth,0.9808909088151364,0.26876027711533945,0.0025807385340572584,0.712130631699797
0081,Betula pendula Roth,0542,Pycnanthus angolensis (Welw.) Warb.,0.7847242213785943,0.0025807385340572584,0.07234546467128498,0.7123787567073093
0129,Castanea crenata Siebold & Zucc.,0461,Ochroma pyramidale (Cav. ex Lam.) Urb.,0.8089447536833326,0.01642495583191611,0.09605455767171649,0.7128901960116162
0552,Quercus alba L.,0613,Tabebuia rosea (Bert.) DC.,0.9880359659626589,0.11942757291818792,0.27496924594578387,0.713066720016875
0130,Castanea sativa Mill.,0372,Khaya ivorensis A.Chev.,0.9646244690748238,0.15586720528769307,0.2514693324780144,0.7131551365968094
0238,Dipterocarpus kerrii King,0371,Khaya grandifoliola C.DC.,0.7622010287043575,0.03389503762998255,0.048818241280783575,0.7133827874235739
0554,Quercus robur L.,0613,Tabebuia rosea (Bert.) DC.,0.9883946141434121,0.11024859949584655,0.27496924594578387,0.7134253681976283
0236,Dipterocarpus C.F.Gaertn.,0426,Microberlinia brazzavillensis A. Chev.,0.9629400441671363,0.24925766087492005,0.23957417592531832,0.7136823832922162
0181,Cotylelobium Pierre,0324,Guibourtia pellegriniana J.Léonard,0.9765102460370726,0.2627628502619556,0.20301559578579392,0.713747395775117
0181,Cotylelobium Pierre,0325,Guibourtia tessmannii (Harms) J.Léonard,0.9765844249111921,0.2627628502619556,0.19769310265299028,0.7138215746492365
0372,Khaya ivorensis A.Chev.,0479,Peltogyne catingae Ducke,0.9657056637815536,0.2514693324780144,0.05022355401665795,0.7142363313035393
0354,Intsia bijuga (Colebr.) Kuntze,0552,Quercus alba L.,1.0086290172405046,0.29407015717558727,0.11942757291818792,0.7145588600649173
0129,Castanea crenata Siebold & Zucc.,0371,Khaya grandifoliola C.DC.,0.7634021764980483,0.01642495583191611,0.048818241280783575,0.7145839352172647
0006,Acer platanoides L.,0354,Intsia bijuga (Colebr.) Kuntze,1.0087635404089115,0.18973256215443007,0.29407015717558727,0.7146933832333242
0195,Ctenolophon parvifolius Oliv.,0431,Millettia laurentii De Wild.,0.9458121941747667,0.23093942479410615,0.14784264520810295,0.7148727693806606
0066,Aucoumea klaineana Pierre,0399,Lovoa trichilioides Harms,1.0175099617655428,0.1689848833310126,0.3025441823946234,0.7149657793709194
0009,Leptolobium Vogel,0129,Castanea crenata Siebold & Zucc.,0.8761355465240264,0.16101899818656135,0.01642495583191611,0.7151165483374651
0006,Acer platanoides L.,0613,Tabebuia rosea (Bert.) DC.,0.9902507405049579,0.18973256215443007,0.27496924594578387,0.715281494559174
0301,Gilbertiodendron dewevrei (De Wild.) J.Léonard,0608,Swietenia mahagoni (L.) Jacq.,0.8686370771220526,0.15292725453998418,0.02812049764059408,0.7157098225820684
0195,Ctenolophon parvifolius Oliv.,0323,Guibourtia demeusei (Harms) J.Léonard,1.0710728324498788,0.23093942479410615,0.35528177474147954,0.7157910577083992
0257,Entandrophragma candollei Harms,0553,Quercus petraea (Matt.) Liebl.,0.9739351208552207,0.18916044854556002,0.2581276659186852,0.7158074549365355
0354,Intsia bijuga (Colebr.) Kuntze,0367,Juglans nigra L.,1.0100462428682584,0.29407015717558727,0.02005651109636719,0.7159760856926711
0425,Mezilaurus ita-uba (Meisn.) Taub. ex Mez,0613,Tabebuia rosea (Bert.) DC.,0.9910716314166581,0.2601673546959139,0.27496924594578387,0.7161023854708742
0092,Brachystegia cynometroides Harms,0236,Dipterocarpus C.F.Gaertn.,0.9655285099875173,0.05008607091450365,0.24925766087492005,0.7162708491125972
0181,Cotylelobium Pierre,0480,Peltogyne mexicana Martínez,0.9792303225775122,0.2627628502619556,0.1079574407089981,0.7164674723155566
0072,Baillonella toxisperma Pierre,0324,Guibourtia pellegriniana J.Léonard,1.0506035896093997,0.33402537324669906,0.20301559578579392,0.7165782163627006
0258,Entandrophragma cylindricum (Sprague) Sprague,0553,Quercus petraea (Matt.) Liebl.,0.9751496522848893,0.25242647174716004,0.2581276659186852,0.7170219863662041
0158,"Chlorocardium rodiei (R.H.Schomb.) Rohwer, H.G.Richt. & van der Werff",0679,Aningeria Aubrév. & Pellegr.,0.9482348246292596,0.10003326503781798,0.2305382109200897,0.7176966137091698
0258,Entandrophragma cylindricum (Sprague) Sprague,0550,Quercus mongolica Fisch. ex Ledeb.,0.9701399562100523,0.25242647174716004,0.0339628776830313,0.7177134844628923
0181,Cotylelobium Pierre,0302,Gilbertiodendron preussii (Harms) J.Léonard,0.9806910440702793,0.2627628502619556,0.1175198759908919,0.7179281938083237
0608,Swietenia mahagoni (L.) Jacq.,0613,Tabebuia rosea (Bert.) DC.,0.9931071255732566,0.02812049764059408,0.27496924594578387,0.7181378796274728
0431,Millettia laurentii De Wild.,0679,Aningeria Aubrév. & Pellegr.,0.9486866155890572,0.14784264520810295,0.2305382109200897,0.7181484046689675
0461,Ochroma pyramidale (Cav. ex Lam.) Urb.,0613,Tabebuia rosea (Bert.) DC.,0.9940110299124318,0.09605455767171649,0.27496924594578387,0.719041783966648
0236,Dipterocarpus C.F.Gaertn.,0301,Gilbertiodendron dewevrei (De Wild.) J.Léonard,0.9685585146184286,0.24925766087492005,0.15292725453998418,0.7193008537435085
0006,Acer platanoides L.,0259,Entandrophragma utile (Dawe & Sprague) Sprague,0.9263594978646625,0.18973256215443007,0.2069978345154368,0.7193616633492257
0066,Aucoumea klaineana Pierre,0354,Intsia bijuga (Colebr.) Kuntze,1.0134777892997726,0.1689848833310126,0.29407015717558727,0.7194076321241853
0302,Gilbertiodendron preussii (Harms) J.Léonard,0331,Heritiera utilis (Sprague) Sprague,0.9329849443277002,0.1175198759908919,0.21354296220717087,0.7194419821205293
0092,Brachystegia cynometroides Harms,0244,Dryobalanops C.F.Gaertn.,0.7696052660861747,0.05008607091450365,0.03512342815501089,0.7195191951716711
0035,Anacardium giganteum Hancock ex Engl.,0461,Ochroma pyramidale (Cav. ex Lam.) Urb.,0.9252522106519911,0.20568448529299813,0.09605455767171649,0.719567725358993
0331,Heritiera utilis (Sprague) Sprague,0479,Peltogyne catingae Ducke,0.9331133597030619,0.21354296220717087,0.05022355401665795,0.719570397495891
0324,Guibourtia pellegriniana J.Léonard,0530,Pterocarpus soyauxii Taub.,0.9230689374064741,0.20301559578579392,0.19955695100455761,0.7200533416206802
0147,Ceiba pentandra (L.) Gaertn.,0550,Quercus mongolica Fisch. ex Ledeb.,0.8196044763677899,0.09920852062625649,0.0339628776830313,0.7203959557415334
0326,Guibourtia ehie (A. Chev.) J. Léonard,0552,Quercus alba L.,1.0189758586588762,0.2984188053844587,0.11942757291818792,0.7205570532744174
0294,Fraxinus excelsior L.,0480,Peltogyne mexicana Martínez,0.897188508814739,0.17627665442045826,0.1079574407089981,0.7209118543942807
0129,Castanea crenata Siebold & Zucc.,0530,Pterocarpus soyauxii Taub.,0.9206972676017919,0.01642495583191611,0.19955695100455761,0.7211403165972343
0244,Dryobalanops C.F.Gaertn.,0295,Fraxinus nigra Marshall,0.7565482148521047,0.03512342815501089,0.022324164890242817,0.7214247866970938
0367,Juglans nigra L.,0399,Lovoa trichilioides Harms,1.0243974173854966,0.02005651109636719,0.3025441823946234,0.7218532349908733
0296,Fraxinus ornus L.,0318,Leplaea cedrata (A.Chev.) E.J.M.Koenen & J.J.de Wilde,0.9926138700651879,0.2704807546799976,0.015638624237181115,0.7221331153851902
0431,Millettia laurentii De Wild.,0553,Quercus petraea (Matt.) Liebl.,0.9803644176430786,0.14784264520810295,0.2581276659186852,0.7222367517243934
0091,Brachystegia Benth.,0147,Ceiba pentandra (L.) Gaertn.,1.0919533873254317,0.36962746064415636,0.09920852062625649,0.7223259266812754
0323,Guibourtia demeusei (Harms) J.Léonard,0648,Triplochiton scleroxylon K. Schum.,1.0776301631139154,0.35528177474147954,0.16453642510521302,0.7223483883724358
0035,Anacardium giganteum Hancock ex Engl.,0354,Intsia bijuga (Colebr.) Kuntze,1.0171288993488625,0.20568448529299813,0.29407015717558727,0.7230587421732753
0354,Intsia bijuga (Colebr.) Kuntze,0554,Quercus robur L.,1.0171874615755385,0.29407015717558727,0.11024859949584655,0.7231173043999513
0293,Fraxinus americana L.,0323,Guibourtia demeusei (Harms) J.Léonard,1.0785414374607085,0.2006874935372814,0.35528177474147954,0.7232596627192289
0245,Dryobalanops aromatica C.F.Gaertn.,0258,Entandrophragma cylindricum (Sprague) Sprague,0.9758216012884675,0.08261225579476351,0.25242647174716004,0.7233951295413075
0297,Fraxinus mandshurica Rupr.,0323,Guibourtia demeusei (Harms) J.Léonard,1.078756777821046,0.29800823641994206,0.35528177474147954,0.7234750030795665
0293,Fraxinus americana L.,0607,Swietenia macrophylla King,0.9242862750380343,0.2006874935372814,0.07084689292776884,0.7235987815007529
0130,Castanea sativa Mill.,0541,Pterygota macrocarpa K. Schum.,0.8795619390916405,0.15586720528769307,0.016821229975053267,0.7236947338039474
0426,Microberlinia brazzavillensis A. Chev.,0606,Swietenia humilis Zucc.,0.9633644623131556,0.23957417592531832,0.03956854200666897,0.7237902863878374
0081,Betula pendula Roth,0238,Dipterocarpus kerrii King,0.7576883031606885,0.0025807385340572584,0.03389503762998255,0.7237932655307059
0081,Betula pendula Roth,0130,Castanea sativa Mill.,0.8796883182586585,0.0025807385340572584,0.15586720528769307,0.7238211129709654
0006,Acer platanoides L.,0530,Pterocarpus soyauxii Taub.,0.9236523282879407,0.18973256215443007,0.19955695100455761,0.7240953772833831
0236,Dipterocarpus C.F.Gaertn.,0478,Peltogyne Vogel,0.9735364500012135,0.24925766087492005,0.1811470023936011,0.7242787891262934
0331,Heritiera utilis (Sprague) Sprague,0478,Peltogyne Vogel,0.9379584368870156,0.21354296220717087,0.1811470023936011,0.7244154746798448
0066,Aucoumea klaineana Pierre,0613,Tabebuia rosea (Bert.) DC.,0.9994184553844321,0.1689848833310126,0.27496924594578387,0.7244492094386482
0296,Fraxinus ornus L.,0478,Peltogyne Vogel,0.9949366317937862,0.2704807546799976,0.1811470023936011,0.7244558771137886
0426,Microberlinia brazzavillensis A. Chev.,0679,Aningeria Aubrév. & Pellegr.,0.9640789617273978,0.23957417592531832,0.2305382109200897,0.7245047858020794
0081,Betula pendula Roth,0257,Entandrophragma candollei Harms,0.9138905607662028,0.0025807385340572584,0.18916044854556002,0.7247301122206428
0553,Quercus petraea (Matt.) Liebl.,0613,Tabebuia rosea (Bert.) DC.,0.9998164645696348,0.2581276659186852,0.27496924594578387,0.7248472186238509
0006,Acer platanoides L.,0293,Fraxinus americana L.,0.9256659723234644,0.18973256215443007,0.2006874935372814,0.7249784787861829
0092,Brachystegia cynometroides Harms,0181,Cotylelobium Pierre,0.9879828425478153,0.05008607091450365,0.2627628502619556,0.7252199922858598
0313,Grevillea robusta A.Cunn. ex R.Br.,0479,Peltogyne catingae Ducke,1.009378213513927,0.2838740990600396,0.05022355401665795,0.7255041144538875
0293,Fraxinus americana L.,0479,Peltogyne catingae Ducke,0.9269058097905152,0.2006874935372814,0.05022355401665795,0.7262183162532337
0256,Entandrophragma angolense (Welw.) Panshin,0648,Triplochiton scleroxylon K. Schum.,1.0459310288236514,0.319302552831661,0.16453642510521302,0.7266284759919904
0372,Khaya ivorensis A.Chev.,0530,Pterocarpus soyauxii Taub.,0.9781368322495566,0.2514693324780144,0.19955695100455761,0.7266674997715422
0607,Swietenia macrophylla King,0613,Tabebuia rosea (Bert.) DC.,1.0016735045639977,0.07084689292776884,0.27496924594578387,0.7267042586182139
0269,Erythrophleum ivorense A. Chev,0295,Fraxinus nigra Marshall,1.0171005501537298,0.2903085074707726,0.022324164890242817,0.7267920426829573
0129,Castanea crenata Siebold & Zucc.,0269,Erythrophleum ivorense A. Chev,1.0171329431889617,0.01642495583191611,0.2903085074707726,0.7268244357181892
0259,Entandrophragma utile (Dawe & Sprague) Sprague,0461,Ochroma pyramidale (Cav. ex Lam.) Urb.,0.9338579854690126,0.2069978345154368,0.09605455767171649,0.7268601509535757
0426,Microberlinia brazzavillensis A. Chev.,0553,Quercus petraea (Matt.) Liebl.,0.9850503867530522,0.23957417592531832,0.2581276659186852,0.726922720834367
0425,Mezilaurus ita-uba (Meisn.) Taub. ex Mez,0479,Peltogyne catingae Ducke,0.9871029701761171,0.2601673546959139,0.05022355401665795,0.7269356154802032
0296,Fraxinus ornus L.,0431,Millettia laurentii De Wild.,0.9974416331777074,0.2704807546799976,0.14784264520810295,0.7269608784977097
0093,Brachystegia laurentii (De Wild.) Louis ex J.Léonard,0147,Ceiba pentandra (L.) Gaertn.,1.061666899384397,0.3343633761708376,0.09920852062625649,0.7273035232135594
0195,Ctenolophon parvifolius Oliv.,0354,Intsia bijuga (Colebr.) Kuntze,1.021392400226726,0.23093942479410615,0.29407015717558727,0.7273222430511388
0092,Brachystegia cynometroides Harms,0371,Khaya grandifoliola C.DC.,0.7774842785418209,0.05008607091450365,0.048818241280783575,0.7273982076273172
0030,Amburana cearensis (Allemão) A.C.Sm.,0541,Pterygota macrocarpa K. Schum.,0.996160394715054,0.26876027711533945,0.016821229975053267,0.7274001175997146
0295,Fraxinus nigra Marshall,0606,Swietenia humilis Zucc.,0.7669816056084817,0.022324164890242817,0.03956854200666897,0.7274130636018128
0181,Cotylelobium Pierre,0375,Koompassia malaccensis Maing.,0.9902177392175213,0.2627628502619556,0.03982575224826281,0.7274548889555656
0430,Milicia excelsa (Welw.) C.C. Berg,0608,Swietenia mahagoni (L.) Jacq.,0.9503619373649423,0.2228508772324565,0.02812049764059408,0.7275110601324859
0293,Fraxinus americana L.,0480,Peltogyne mexicana Martínez,0.9282235479060481,0.2006874935372814,0.1079574407089981,0.7275360543687667
0007,Acer pseudoplatanus L.,0158,"Chlorocardium rodiei (R.H.Schomb.) Rohwer, H.G.Richt. & van der Werff",1.0030926502836233,0.27538384172241354,0.10003326503781798,0.7277088085612098
0181,Cotylelobium Pierre,0478,Peltogyne Vogel,0.9908879270168653,0.2627628502619556,0.1811470023936011,0.7281250767549097
0033,Anacardium excelsum (Bertero & Balb. ex Kunth) Skeels,0081,Betula pendula Roth,0.8030767584188976,0.07482690115830566,0.0025807385340572584,0.7282498572605919
0007,Acer pseudoplatanus L.,0399,Lovoa trichilioides Harms,1.0310387197509452,0.27538384172241354,0.3025441823946234,0.7284945373563219
0238,Dipterocarpus kerrii King,0244,Dryobalanops C.F.Gaertn.,0.7637263405962993,0.03389503762998255,0.03512342815501089,0.7286029124412884
0066,Aucoumea klaineana Pierre,0323,Guibourtia demeusei (Harms) J.Léonard,1.0839939587259872,0.1689848833310126,0.35528177474147954,0.7287121839845077
0399,Lovoa trichilioides Harms,0542,Pycnanthus angolensis (Welw.) Warb.,1.0312658169042157,0.3025441823946234,0.07234546467128498,0.7287216345095924
0147,Ceiba pentandra (L.) Gaertn.,0461,Ochroma pyramidale (Cav. ex Lam.) Urb.,0.8284436487535012,0.09920852062625649,0.09605455767171649,0.7292351281272447
0006,Acer platanoides L.,0399,Lovoa trichilioides Harms,1.0318692596100565,0.18973256215443007,0.3025441823946234,0.7293250772154332
0009,Leptolobium Vogel,0295,Fraxinus nigra Marshall,0.8906232554615456,0.16101899818656135,0.022324164890242817,0.7296042572749843
0296,Fraxinus ornus L.,0325,Guibourtia tessmannii (Harms) J.Léonard,1.0002153886647416,0.2704807546799976,0.19769310265299028,0.7297346339847439
0258,Entandrophragma cylindricum (Sprague) Sprague,0679,Aningeria Aubrév. & Pellegr.,0.9824195351349521,0.25242647174716004,0.2305382109200897,0.729993063387792
0007,Acer pseudoplatanus L.,0613,Tabebuia rosea (Bert.) DC.,1.005421258529102,0.27538384172241354,0.27496924594578387,0.7300374168066885
0326,Guibourtia ehie (A. Chev.) J. Léonard,0541,Pterygota macrocarpa K. Schum.,1.0285518509888105,0.2984188053844587,0.016821229975053267,0.7301330456043518
0007,Acer pseudoplatanus L.,0426,Microberlinia brazzavillensis A. Chev.,1.0056335164334922,0.27538384172241354,0.23957417592531832,0.7302496747110787
0354,Intsia bijuga (Colebr.) Kuntze,0553,Quercus petraea (Matt.) Liebl.,1.024327845673155,0.29407015717558727,0.2581276659186852,0.7302576884975678
0256,Entandrophragma angolense (Welw.) Panshin,0541,Pterygota macrocarpa K. Schum.,1.0496293922171005,0.319302552831661,0.016821229975053267,0.7303268393854395
0431,Millettia laurentii De Wild.,0606,Swietenia humilis Zucc.,0.8784291035086171,0.14784264520810295,0.03956854200666897,0.7305864583005142
0129,Castanea crenata Siebold & Zucc.,0426,Microberlinia brazzavillensis A. Chev.,0.9702992971643907,0.01642495583191611,0.23957417592531832,0.7307251212390724
0257,Entandrophragma candollei Harms,0294,Fraxinus excelsior L.,0.9199222607393067,0.18916044854556002,0.17627665442045826,0.7307618121937467
0245,Dryobalanops aromatica C.F.Gaertn.,0372,Khaya ivorensis A.Chev.,0.9822950537870024,0.08261225579476351,0.2514693324780144,0.730825721308988
0430,Milicia excelsa (Welw.) C.C. Berg,0550,Quercus mongolica Fisch. ex Ledeb.,0.9538492679405142,0.2228508772324565,0.0339628776830313,0.7309983907080577
0035,Anacardium giganteum Hancock ex Engl.,0541,Pterygota macrocarpa K. Schum.,0.9368636117453356,0.20568448529299813,0.016821229975053267,0.7311791264523375
0245,Dryobalanops aromatica C.F.Gaertn.,0418,Mansonia altissima (A. Chev.) A. Chev.,0.8142767117374479,0.08261225579476351,0.012409313496156668,0.7316644559426844
0331,Heritiera utilis (Sprague) Sprague,0426,Microberlinia brazzavillensis A. Chev.,0.9715417349388037,0.21354296220717087,0.23957417592531832,0.7319675590134853
0296,Fraxinus ornus L.,0323,Guibourtia demeusei (Harms) J.Léonard,1.087375866855246,0.2704807546799976,0.35528177474147954,0.7320940921137664
0297,Fraxinus mandshurica Rupr.,0396,Lophira alata Banks ex C.F.Gaertn.,1.0301354103875324,0.29800823641994206,0.027865923684178843,0.7321271739675903
0293,Fraxinus americana L.,0530,Pterocarpus soyauxii Taub.,0.9329652030698019,0.2006874935372814,0.19955695100455761,0.7322777095325205
0259,Entandrophragma utile (Dawe & Sprague) Sprague,0542,Pycnanthus angolensis (Welw.) Warb.,0.9392804488494193,0.2069978345154368,0.07234546467128498,0.7322826143339825
0269,Erythrophleum ivorense A. Chev,0553,Quercus petraea (Matt.) Liebl.,1.0226026035074969,0.2903085074707726,0.2581276659186852,0.7322940960367244
0269,Erythrophleum ivorense A. Chev,0552,Quercus alba L.,1.0227791236913826,0.2903085074707726,0.11942757291818792,0.73247061622061
0318,Leplaea cedrata (A.Chev.) E.J.M.Koenen & J.J.de Wilde,0478,Peltogyne Vogel,0.9139358472236845,0.015638624237181115,0.1811470023936011,0.7327888448300834
0296,Fraxinus ornus L.,0302,Gilbertiodendron preussii (Harms) J.Léonard,1.0036098118697665,0.2704807546799976,0.1175198759908919,0.7331290571897688
0430,Milicia excelsa (Welw.) C.C. Berg,0607,Swietenia macrophylla King,0.9559821817456126,0.2228508772324565,0.07084689292776884,0.733131304513156
0426,Microberlinia brazzavillensis A. Chev.,0607,Swietenia macrophylla King,0.9727956821664095,0.23957417592531832,0.07084689292776884,0.7332215062410912
0302,Gilbertiodendron preussii (Harms) J.Léonard,0679,Aningeria Aubrév. & Pellegr.,0.9640861229606283,0.1175198759908919,0.2305382109200897,0.7335479120405386
0245,Dryobalanops aromatica C.F.Gaertn.,0366,Juglans regia L.,0.8161999959580046,0.08261225579476351,0.0161593253050704,0.7335877401632411
0244,Dryobalanops C.F.Gaertn.,0375,Koompassia malaccensis Maing.,0.7734780612619522,0.03512342815501089,0.03982575224826281,0.7336523090136894
0297,Fraxinus mandshurica Rupr.,0301,Gilbertiodendron dewevrei (De Wild.) J.Léonard,1.0318306838971698,0.29800823641994206,0.15292725453998418,0.7338224474772277
0257,Entandrophragma candollei Harms,0648,Triplochiton scleroxylon K. Schum.,0.9229893115638388,0.18916044854556002,0.16453642510521302,0.7338288630182788
0326,Guibourtia ehie (A. Chev.) J. Léonard,0554,Quercus robur L.,1.0322715453917866,0.2984188053844587,0.11024859949584655,0.7338527400073278
0331,Heritiera utilis (Sprague) Sprague,0480,Peltogyne mexicana Martínez,0.9476632193153416,0.21354296220717087,0.1079574407089981,0.7341202571081707
0007,Acer pseudoplatanus L.,0354,Intsia bijuga (Colebr.) Kuntze,1.0282001603568036,0.27538384172241354,0.29407015717558727,0.7341300031812164
0158,"Chlorocardium rodiei (R.H.Schomb.) Rohwer, H.G.Richt. & van der Werff",0295,Fraxinus nigra Marshall,0.834203684856613,0.10003326503781798,0.022324164890242817,0.734170419818795
0530,Pterocarpus soyauxii Taub.,0542,Pycnanthus angolensis (Welw.) Warb.,0.9337349835311817,0.19955695100455761,0.07234546467128498,0.7341780325266241
0129,Castanea crenata Siebold & Zucc.,0244,Dryobalanops C.F.Gaertn.,0.7700755683431892,0.01642495583191611,0.03512342815501089,0.7349521401881783
0236,Dipterocarpus C.F.Gaertn.,0324,Guibourtia pellegriniana J.Léonard,0.9842474344973282,0.24925766087492005,0.20301559578579392,0.7349897736224081
0396,Lophira alata Banks ex C.F.Gaertn.,0478,Peltogyne Vogel,0.9163418205600031,0.027865923684178843,0.1811470023936011,0.7351948181664021
0006,Acer platanoides L.,0035,Anacardium giganteum Hancock ex Engl.,0.9410992504135556,0.18973256215443007,0.20568448529299813,0.7354147651205575
0130,Castanea sativa Mill.,0256,Entandrophragma angolense (Welw.) Panshin,1.0547586443667534,0.15586720528769307,0.319302552831661,0.7354560915350924
0033,Anacardium excelsum (Bertero & Balb. ex Kunth) Skeels,0323,Guibourtia demeusei (Harms) J.Léonard,1.0909725278709608,0.07482690115830566,0.35528177474147954,0.7356907531294812
0325,Guibourtia tessmannii (Harms) J.Léonard,0418,Mansonia altissima (A. Chev.) A. Chev.,0.9337601021621506,0.19769310265299028,0.012409313496156668,0.7360669995091602
0325,Guibourtia tessmannii (Harms) J.Léonard,0366,Juglans regia L.,0.9338158157913954,0.19769310265299028,0.0161593253050704,0.7361227131384052
0147,Ceiba pentandra (L.) Gaertn.,0326,Guibourtia ehie (A. Chev.) J. Léonard,1.0347061859065647,0.09920852062625649,0.2984188053844587,0.736287380522106
0007,Acer pseudoplatanus L.,0302,Gilbertiodendron preussii (Harms) J.Léonard,1.0120901895398875,0.27538384172241354,0.1175198759908919,0.736706347817474
0324,Guibourtia pellegriniana J.Léonard,0553,Quercus petraea (Matt.) Liebl.,0.9954791455630345,0.20301559578579392,0.2581276659186852,0.7373514796443493
0041,Aniba rosodora Ducke,0245,Dryobalanops aromatica C.F.Gaertn.,0.8204504297757389,0.0656528117264906,0.08261225579476351,0.7378381739809754
0030,Amburana cearensis (Allemão) A.C.Sm.,0530,Pterocarpus soyauxii Taub.,1.0066584673416588,0.26876027711533945,0.19955695100455761,0.7378981902263193
0066,Aucoumea klaineana Pierre,0256,Entandrophragma angolense (Welw.) Panshin,1.0574929513413474,0.1689848833310126,0.319302552831661,0.7381903985096864
0035,Anacardium giganteum Hancock ex Engl.,0371,Khaya grandifoliola C.DC.,0.9438978767962787,0.20568448529299813,0.048818241280783575,0.7382133915032806
0007,Acer pseudoplatanus L.,0480,Peltogyne mexicana Martínez,1.0139168486257484,0.27538384172241354,0.1079574407089981,0.7385330069033349
0479,Peltogyne catingae Ducke,0679,Aningeria Aubrév. & Pellegr.,0.9693896538865407,0.05022355401665795,0.2305382109200897,0.738851442966451
0426,Microberlinia brazzavillensis A. Chev.,0608,Swietenia mahagoni (L.) Jacq.,0.9786474117759054,0.23957417592531832,0.02812049764059408,0.7390732358505872
0041,Aniba rosodora Ducke,0325,Guibourtia tessmannii (Harms) J.Léonard,0.9368581992828836,0.0656528117264906,0.19769310265299028,0.7391650966298933
0331,Heritiera utilis (Sprague) Sprague,0366,Juglans regia L.,0.9528042438648776,0.21354296220717087,0.0161593253050704,0.7392612816577068
0426,Microberlinia brazzavillensis A. Chev.,0552,Quercus alba L.,0.9789138595835803,0.23957417592531832,0.11942757291818792,0.739339683658262
0041,Aniba rosodora Ducke,0606,Swietenia humilis Zucc.,0.8050888332338373,0.0656528117264906,0.03956854200666897,0.7394360215073467
0009,Leptolobium Vogel,0530,Pterocarpus soyauxii Taub.,0.9394330621520194,0.16101899818656135,0.19955695100455761,0.7398761111474618
0399,Lovoa trichilioides Harms,0541,Pterygota macrocarpa K. Schum.,1.04243376152008,0.3025441823946234,0.016821229975053267,0.7398895791254567
0371,Khaya grandifoliola C.DC.,0613,Tabebuia rosea (Bert.) DC.,1.0151085387777221,0.048818241280783575,0.27496924594578387,0.7401392928319382
0480,Peltogyne mexicana Martínez,0606,Swietenia humilis Zucc.,0.8483951769743456,0.1079574407089981,0.03956854200666897,0.7404377362653476
0035,Anacardium giganteum Hancock ex Engl.,0530,Pterocarpus soyauxii Taub.,0.9461288397385639,0.20568448529299813,0.19955695100455761,0.7404443544455658
0331,Heritiera utilis (Sprague) Sprague,0418,Mansonia altissima (A. Chev.) A. Chev.,0.9540698239962486,0.21354296220717087,0.012409313496156668,0.7405268617890778
0041,Aniba rosodora Ducke,0331,Heritiera utilis (Sprague) Sprague,0.95410764509521,0.0656528117264906,0.21354296220717087,0.7405646828880391
0478,Peltogyne Vogel,0553,Quercus petraea (Matt.) Liebl.,0.9989543720011967,0.1811470023936011,0.2581276659186852,0.7408267060825116
0033,Anacardium excelsum (Bertero & Balb. ex Kunth) Skeels,0530,Pterocarpus soyauxii Taub.,0.9408414481142904,0.07482690115830566,0.19955695100455761,0.7412844971097328
0293,Fraxinus americana L.,0331,Heritiera utilis (Sprague) Sprague,0.9552876012255722,0.2006874935372814,0.21354296220717087,0.7417446390184014
0092,Brachystegia cynometroides Harms,0296,Fraxinus ornus L.,1.0122291214921564,0.05008607091450365,0.2704807546799976,0.7417483668121587
0041,Aniba rosodora Ducke,0158,"Chlorocardium rodiei (R.H.Schomb.) Rohwer, H.G.Richt. & van der Werff",0.8417972457696543,0.0656528117264906,0.10003326503781798,0.7417639807318364
0093,Brachystegia laurentii (De Wild.) Louis ex J.Léonard,0295,Fraxinus nigra Marshall,1.0761867905223417,0.3343633761708376,0.022324164890242817,0.7418234143515041
0480,Peltogyne mexicana Martínez,0553,Quercus petraea (Matt.) Liebl.,1.0001040894681745,0.1079574407089981,0.2581276659186852,0.7419764235494893
0181,Cotylelobium Pierre,0301,Gilbertiodendron dewevrei (De Wild.) J.Léonard,1.0048077386885539,0.2627628502619556,0.15292725453998418,0.7420448884265982
0130,Castanea sativa Mill.,0354,Intsia bijuga (Colebr.) Kuntze,1.0365210112176015,0.15586720528769307,0.29407015717558727,0.7424508540420143
0041,Aniba rosodora Ducke,0269,Erythrophleum ivorense A. Chev,1.0332341477756866,0.0656528117264906,0.2903085074707726,0.742925640304914
0257,Entandrophragma candollei Harms,0461,Ochroma pyramidale (Cav. ex Lam.) Urb.,0.9323264021008981,0.18916044854556002,0.09605455767171649,0.7431659535553381
0238,Dipterocarpus kerrii King,0606,Swietenia humilis Zucc.,0.782959205175003,0.03389503762998255,0.03956854200666897,0.743390663168334
0081,Betula pendula Roth,0129,Castanea crenata Siebold & Zucc.,0.7601816496126051,0.0025807385340572584,0.01642495583191611,0.743756693780689
0318,Leplaea cedrata (A.Chev.) E.J.M.Koenen & J.J.de Wilde,0461,Ochroma pyramidale (Cav. ex Lam.) Urb.,0.8398137277237059,0.015638624237181115,0.09605455767171649,0.7437591700519894
0323,Guibourtia demeusei (Harms) J.Léonard,0367,Juglans nigra L.,1.0990716162030487,0.35528177474147954,0.02005651109636719,0.7437898414615691
0606,Swietenia humilis Zucc.,0648,Triplochiton scleroxylon K. Schum.,0.9083881186820563,0.03956854200666897,0.16453642510521302,0.7438516935768432
0259,Entandrophragma utile (Dawe & Sprague) Sprague,0541,Pterygota macrocarpa K. Schum.,0.9510484830582153,0.2069978345154368,0.016821229975053267,0.7440506485427785
0158,"Chlorocardium rodiei (R.H.Schomb.) Rohwer, H.G.Richt. & van der Werff",0431,Millettia laurentii De Wild.,0.8920473904463198,0.10003326503781798,0.14784264520810295,0.7442047452382168
0066,Aucoumea klaineana Pierre,0257,Entandrophragma candollei Harms,0.9337127151902547,0.1689848833310126,0.18916044854556002,0.7445522666446946
0158,"Chlorocardium rodiei (R.H.Schomb.) Rohwer, H.G.Richt. & van der Werff",0553,Quercus petraea (Matt.) Liebl.,1.0026946264244738,0.10003326503781798,0.2581276659186852,0.7445669605057886
0418,Mansonia altissima (A. Chev.) A. Chev.,0606,Swietenia humilis Zucc.,0.7842847059571729,0.012409313496156668,0.03956854200666897,0.744716163950504
0245,Dryobalanops aromatica C.F.Gaertn.,0325,Guibourtia tessmannii (Harms) J.Léonard,0.9426965447000106,0.08261225579476351,0.19769310265299028,0.7450034420470204
0009,Leptolobium Vogel,0541,Pterygota macrocarpa K. Schum.,0.9063114831831475,0.16101899818656135,0.016821229975053267,0.7452924849965861
0007,Acer pseudoplatanus L.,0478,Peltogyne Vogel,1.0210845621013962,0.27538384172241354,0.1811470023936011,0.7457007203789827
0269,Erythrophleum ivorense A. Chev,0554,Quercus robur L.,1.0363185480472779,0.2903085074707726,0.11024859949584655,0.7460100405765053
0541,Pterygota macrocarpa K. Schum.,0552,Quercus alba L.,0.8654769621036885,0.016821229975053267,0.11942757291818792,0.7460493891855006
0399,Lovoa trichilioides Harms,0461,Ochroma pyramidale (Cav. ex Lam.) Urb.,1.048634386239531,0.3025441823946234,0.09605455767171649,0.7460902038449078
0092,Brachystegia cynometroides Harms,0679,Aningeria Aubrév. & Pellegr.,0.9767322297879475,0.05008607091450365,0.2305382109200897,0.7461940188678577
0157,Ceriops tagal (Perr.) C.B. Robinson,0323,Guibourtia demeusei (Harms) J.Léonard,1.1017503955482908,0.33088565378713025,0.35528177474147954,0.7464686208068112
0130,Castanea sativa Mill.,0613,Tabebuia rosea (Bert.) DC.,1.0216248720676149,0.15586720528769307,0.27496924594578387,0.746655626121831
0293,Fraxinus americana L.,0461,Ochroma pyramidale (Cav. ex Lam.) Urb.,0.9474683077405324,0.2006874935372814,0.09605455767171649,0.7467808142032509
0269,Erythrophleum ivorense A. Chev,0366,Juglans regia L.,1.0371257189897154,0.2903085074707726,0.0161593253050704,0.7468172115189429
0480,Peltogyne mexicana Martínez,0679,Aningeria Aubrév. & Pellegr.,0.9773555137526281,0.1079574407089981,0.2305382109200897,0.7468173028325384
0325,Guibourtia tessmannii (Harms) J.Léonard,0396,Lophira alata Banks ex C.F.Gaertn.,0.9445912587878543,0.19769310265299028,0.027865923684178843,0.746898156134864
0478,Peltogyne Vogel,0679,Aningeria Aubrév. & Pellegr.,0.9774887336819584,0.1811470023936011,0.2305382109200897,0.7469505227618687
0375,Koompassia malaccensis Maing.,0553,Quercus petraea (Matt.) Liebl.,1.0053017396194668,0.03982575224826281,0.2581276659186852,0.7471740737007816
0129,Castanea crenata Siebold & Zucc.,0258,Entandrophragma cylindricum (Sprague) Sprague,0.9996085453384631,0.01642495583191611,0.25242647174716004,0.7471820735913031
0301,Gilbertiodendron dewevrei (De Wild.) J.Léonard,0331,Heritiera utilis (Sprague) Sprague,0.9610305689227693,0.15292725453998418,0.21354296220717087,0.7474876067155984
0130,Castanea sativa Mill.,0326,Guibourtia ehie (A. Chev.) J. Léonard,1.0462481551877643,0.15586720528769307,0.2984188053844587,0.7478293498033055
0269,Erythrophleum ivorense A. Chev,0550,Quercus mongolica Fisch. ex Ledeb.,1.0383410160713482,0.2903085074707726,0.0339628776830313,0.7480325086005757
0541,Pterygota macrocarpa K. Schum.,0554,Quercus robur L.,0.8582871659795841,0.016821229975053267,0.11024859949584655,0.7480385664837376
0003,Acacia mangium Willd.,0679,Aningeria Aubrév. & Pellegr.,0.9822123039569479,0.23412845438956545,0.2305382109200897,0.7480838495673825
0366,Juglans regia L.,0606,Swietenia humilis Zucc.,0.7878439123591681,0.0161593253050704,0.03956854200666897,0.7482753703524991
0295,Fraxinus nigra Marshall,0530,Pterocarpus soyauxii Taub.,0.9482148254447313,0.022324164890242817,0.19955695100455761,0.7486578744401737
0375,Koompassia malaccensis Maing.,0679,Aningeria Aubrév. & Pellegr.,0.9793471732173453,0.03982575224826281,0.2305382109200897,0.7488089622972556
0302,Gilbertiodendron preussii (Harms) J.Léonard,0318,Leplaea cedrata (A.Chev.) E.J.M.Koenen & J.J.de Wilde,0.8663567242946206,0.1175198759908919,0.015638624237181115,0.7488368483037288
0033,Anacardium excelsum (Bertero & Balb. ex Kunth) Skeels,0606,Swietenia humilis Zucc.,0.8236801484925858,0.07482690115830566,0.03956854200666897,0.74885324733428
0007,Acer pseudoplatanus L.,0301,Gilbertiodendron dewevrei (De Wild.) J.Léonard,1.0242936370447109,0.27538384172241354,0.15292725453998418,0.7489097953222974
0426,Microberlinia brazzavillensis A. Chev.,0648,Triplochiton scleroxylon K. Schum.,0.9887404704953897,0.23957417592531832,0.16453642510521302,0.7491662945700714
0325,Guibourtia tessmannii (Harms) J.Léonard,0679,Aningeria Aubrév. & Pellegr.,0.9797808225935556,0.19769310265299028,0.2305382109200897,0.7492426116734658
0035,Anacardium giganteum Hancock ex Engl.,0426,Microberlinia brazzavillensis A. Chev.,0.9888418693973445,0.20568448529299813,0.23957417592531832,0.7492676934720262
0130,Castanea sativa Mill.,0399,Lovoa trichilioides Harms,1.051825164407267,0.15586720528769307,0.3025441823946234,0.7492809820126436
0269,Erythrophleum ivorense A. Chev,0418,Mansonia altissima (A. Chev.) A. Chev.,1.0397155181055373,0.2903085074707726,0.012409313496156668,0.7494070106347648
0326,Guibourtia ehie (A. Chev.) J. Léonard,0648,Triplochiton scleroxylon K. Schum.,1.0479298160869572,0.2984188053844587,0.16453642510521302,0.7495110107024985
0257,Entandrophragma candollei Harms,0367,Juglans nigra L.,0.9389519541996266,0.18916044854556002,0.02005651109636719,0.7497915056540666
0093,Brachystegia laurentii (De Wild.) Louis ex J.Léonard,0238,Dipterocarpus kerrii King,1.0841687859490916,0.3343633761708376,0.03389503762998255,0.749805409778254
0007,Acer pseudoplatanus L.,0375,Koompassia malaccensis Maing.,1.0253212652447543,0.27538384172241354,0.03982575224826281,0.7499374235223408
0007,Acer pseudoplatanus L.,0092,Brachystegia cynometroides Harms,1.025560889949776,0.27538384172241354,0.05008607091450365,0.7501770482273624
0092,Brachystegia cynometroides Harms,0553,Quercus petraea (Matt.) Liebl.,1.0085178671066728,0.05008607091450365,0.2581276659186852,0.7503902011879876
0030,Amburana cearensis (Allemão) A.C.Sm.,0461,Ochroma pyramidale (Cav. ex Lam.) Urb.,1.019783486251749,0.26876027711533945,0.09605455767171649,0.7510232091364095
0426,Microberlinia brazzavillensis A. Chev.,0554,Quercus robur L.,0.9906255574188759,0.23957417592531832,0.11024859949584655,0.7510513814935575
0301,Gilbertiodendron dewevrei (De Wild.) J.Léonard,0679,Aningeria Aubrév. & Pellegr.,0.9820632554427153,0.15292725453998418,0.2305382109200897,0.7515250445226256
0354,Intsia bijuga (Colebr.) Kuntze,0550,Quercus mongolica Fisch. ex Ledeb.,1.0458455449839303,0.29407015717558727,0.0339628776830313,0.7517753878083431
0009,Leptolobium Vogel,0607,Swietenia macrophylla King,0.9128648422586562,0.16101899818656135,0.07084689292776884,0.7518458440720948
0006,Acer platanoides L.,0245,Dryobalanops aromatica C.F.Gaertn.,0.941651450274668,0.18973256215443007,0.08261225579476351,0.7519188881202379
0006,Acer platanoides L.,0606,Swietenia humilis Zucc.,0.9417235414255898,0.18973256215443007,0.03956854200666897,0.7519909792711597
0318,Leplaea cedrata (A.Chev.) E.J.M.Koenen & J.J.de Wilde,0325,Guibourtia tessmannii (Harms) J.Léonard,0.9498085965985648,0.015638624237181115,0.19769310265299028,0.7521154939455745
0354,Intsia bijuga (Colebr.) Kuntze,0542,Pycnanthus angolensis (Welw.) Warb.,1.0462701655257227,0.29407015717558727,0.07234546467128498,0.7522000083501355
0331,Heritiera utilis (Sprague) Sprague,0375,Koompassia malaccensis Maing.,0.9659621750636134,0.21354296220717087,0.03982575224826281,0.7524192128564425
0033,Anacardium excelsum (Bertero & Balb. ex Kunth) Skeels,0354,Intsia bijuga (Colebr.) Kuntze,1.0468694225686437,0.07482690115830566,0.29407015717558727,0.7527992653930564
0550,Quercus mongolica Fisch. ex Ledeb.,0607,Swietenia macrophylla King,0.8236995860962878,0.0339628776830313,0.07084689292776884,0.752852693168519
0293,Fraxinus americana L.,0478,Peltogyne Vogel,0.9537124269738866,0.2006874935372814,0.1811470023936011,0.7530249334366051
0550,Quercus mongolica Fisch. ex Ledeb.,0613,Tabebuia rosea (Bert.) DC.,1.028106495445191,0.0339628776830313,0.27496924594578387,0.7531372494994072
0033,Anacardium excelsum (Bertero & Balb. ex Kunth) Skeels,0461,Ochroma pyramidale (Cav. ex Lam.) Urb.,0.8492591123497106,0.07482690115830566,0.09605455767171649,0.7532045546779942
0009,Leptolobium Vogel,0331,Heritiera utilis (Sprague) Sprague,0.966867127714395,0.16101899818656135,0.21354296220717087,0.7533241655072241
0041,Aniba rosodora Ducke,0550,Quercus mongolica Fisch. ex Ledeb.,0.8192313995357174,0.0656528117264906,0.0339628776830313,0.7535785878092268
0130,Castanea sativa Mill.,0530,Pterocarpus soyauxii Taub.,0.9531657387012973,0.15586720528769307,0.19955695100455761,0.7536087876967397
0295,Fraxinus nigra Marshall,0326,Guibourtia ehie (A. Chev.) J. Léonard,1.052099589383883,0.022324164890242817,0.2984188053844587,0.7536807839994242
0542,Pycnanthus angolensis (Welw.) Warb.,0613,Tabebuia rosea (Bert.) DC.,1.0287494982410756,0.07234546467128498,0.27496924594578387,0.7537802522952918
0066,Aucoumea klaineana Pierre,0606,Swietenia humilis Zucc.,0.923037717580321,0.1689848833310126,0.03956854200666897,0.7540528342493085
0313,Grevillea robusta A.Cunn. ex R.Br.,0324,Guibourtia pellegriniana J.Léonard,1.0381219357862597,0.2838740990600396,0.20301559578579392,0.7542478367262201
0236,Dipterocarpus C.F.Gaertn.,0318,Leplaea cedrata (A.Chev.) E.J.M.Koenen & J.J.de Wilde,1.003588091474467,0.24925766087492005,0.015638624237181115,0.754330430599547
0296,Fraxinus ornus L.,0396,Lophira alata Banks ex C.F.Gaertn.,1.0251869822696866,0.2704807546799976,0.027865923684178843,0.754706227589689
0318,Leplaea cedrata (A.Chev.) E.J.M.Koenen & J.J.de Wilde,0613,Tabebuia rosea (Bert.) DC.,1.0297485183723434,0.015638624237181115,0.27496924594578387,0.7547792724265595
0006,Acer platanoides L.,0294,Fraxinus excelsior L.,0.9445212633896727,0.18973256215443007,0.17627665442045826,0.7547887012352426
0331,Heritiera utilis (Sprague) Sprague,0430,Milicia excelsa (Welw.) C.C. Berg,0.9779040443371907,0.21354296220717087,0.2228508772324565,0.7550531671047342
0030,Amburana cearensis (Allemão) A.C.Sm.,0129,Castanea crenata Siebold & Zucc.,1.0239020365571132,0.26876027711533945,0.01642495583191611,0.7551417594417738
0030,Amburana cearensis (Allemão) A.C.Sm.,0130,Castanea sativa Mill.,1.0239790881925925,0.26876027711533945,0.15586720528769307,0.7552188110772531
0009,Leptolobium Vogel,0294,Fraxinus excelsior L.,0.9317435789227978,0.16101899818656135,0.17627665442045826,0.7554669245023395
0035,Anacardium giganteum Hancock ex Engl.,0479,Peltogyne catingae Ducke,0.961207338775913,0.20568448529299813,0.05022355401665795,0.7555228534829149
0003,Acacia mangium Willd.,0129,Castanea crenata Siebold & Zucc.,0.9898021759928186,0.23412845438956545,0.01642495583191611,0.7556737216032532
0294,Fraxinus excelsior L.,0302,Gilbertiodendron preussii (Harms) J.Léonard,0.9321407610878458,0.17627665442045826,0.1175198759908919,0.7558641066673876
0426,Microberlinia brazzavillensis A. Chev.,0461,Ochroma pyramidale (Cav. ex Lam.) Urb.,0.9955949220087867,0.23957417592531832,0.09605455767171649,0.7560207460834685
0007,Acer pseudoplatanus L.,0030,Amburana cearensis (Allemão) A.C.Sm.,1.0315359992640944,0.27538384172241354,0.26876027711533945,0.756152157541681
0461,Ochroma pyramidale (Cav. ex Lam.) Urb.,0479,Peltogyne catingae Ducke,0.8522116695718622,0.09605455767171649,0.05022355401665795,0.7561571119001458
0006,Acer platanoides L.,0257,Entandrophragma candollei Harms,0.9459920483349038,0.18973256215443007,0.18916044854556002,0.7562594861804737
0147,Ceiba pentandra (L.) Gaertn.,0530,Pterocarpus soyauxii Taub.,0.9559262741383117,0.09920852062625649,0.19955695100455761,0.756369323133754
0256,Entandrophragma angolense (Welw.) Panshin,0367,Juglans nigra L.,1.0756852694383066,0.319302552831661,0.02005651109636719,0.7563827166066456
0296,Fraxinus ornus L.,0301,Gilbertiodendron dewevrei (De Wild.) J.Léonard,1.0273189734188053,0.2704807546799976,0.15292725453998418,0.7568382187388076
0081,Betula pendula Roth,0325,Guibourtia tessmannii (Harms) J.Léonard,0.9545884168910808,0.0025807385340572584,0.19769310265299028,0.7568953142380905
0091,Brachystegia Benth.,0238,Dipterocarpus kerrii King,1.1266014551334829,0.36962746064415636,0.03389503762998255,0.7569739944893266
0259,Entandrophragma utile (Dawe & Sprague) Sprague,0550,Quercus mongolica Fisch. ex Ledeb.,0.964296399645213,0.2069978345154368,0.0339628776830313,0.7572985651297761
0396,Lophira alata Banks ex C.F.Gaertn.,0461,Ochroma pyramidale (Cav. ex Lam.) Urb.,0.8536071853911859,0.027865923684178843,0.09605455767171649,0.7575526277194694
0302,Gilbertiodendron preussii (Harms) J.Léonard,0396,Lophira alata Banks ex C.F.Gaertn.,0.8751501584756511,0.1175198759908919,0.027865923684178843,0.7576302824847593
0245,Dryobalanops aromatica C.F.Gaertn.,0530,Pterocarpus soyauxii Taub.,0.9573165903837795,0.08261225579476351,0.19955695100455761,0.7577596393792219
0195,Ctenolophon parvifolius Oliv.,0426,Microberlinia brazzavillensis A. Chev.,0.9973491917416735,0.23093942479410615,0.23957417592531832,0.7577750158163552
0269,Erythrophleum ivorense A. Chev,0541,Pterygota macrocarpa K. Schum.,1.0481440944733815,0.2903085074707726,0.016821229975053267,0.757835587002609
0091,Brachystegia Benth.,0295,Fraxinus nigra Marshall,1.1275676868209619,0.36962746064415636,0.022324164890242817,0.7579402261768056
0009,Leptolobium Vogel,0608,Swietenia mahagoni (L.) Jacq.,0.9190236706667626,0.16101899818656135,0.02812049764059408,0.7580046724802012
0129,Castanea crenata Siebold & Zucc.,0257,Entandrophragma candollei Harms,0.9472304464405767,0.01642495583191611,0.18916044854556002,0.7580699978950167
0294,Fraxinus excelsior L.,0426,Microberlinia brazzavillensis A. Chev.,0.9980051946815224,0.17627665442045826,0.23957417592531832,0.758431018756204
0258,Entandrophragma cylindricum (Sprague) Sprague,0552,Quercus alba L.,1.0110478748507579,0.25242647174716004,0.11942757291818792,0.7586214031035978
0294,Fraxinus excelsior L.,0371,Khaya grandifoliola C.DC.,0.9355817827066446,0.17627665442045826,0.048818241280783575,0.7593051282861863
0238,Dipterocarpus kerrii King,0326,Guibourtia ehie (A. Chev.) J. Léonard,1.0581598703292738,0.03389503762998255,0.2984188053844587,0.7597410649448151
0007,Acer pseudoplatanus L.,0269,Erythrophleum ivorense A. Chev,1.0501609005014019,0.27538384172241354,0.2903085074707726,0.7598523930306293
0066,Aucoumea klaineana Pierre,0326,Guibourtia ehie (A. Chev.) J. Léonard,1.0585913419395188,0.1689848833310126,0.2984188053844587,0.76017253655506
0431,Millettia laurentii De Wild.,0607,Swietenia macrophylla King,0.908268131749462,0.14784264520810295,0.07084689292776884,0.760425486541359
0293,Fraxinus americana L.,0302,Gilbertiodendron preussii (Harms) J.Léonard,0.9613809326283153,0.2006874935372814,0.1175198759908919,0.7606934390910338
0003,Acacia mangium Willd.,0553,Quercus petraea (Matt.) Liebl.,1.0189250355435782,0.23412845438956545,0.2581276659186852,0.760797369624893
0479,Peltogyne catingae Ducke,0530,Pterocarpus soyauxii Taub.,0.960389795714126,0.05022355401665795,0.19955695100455761,0.7608328447095684
0003,Acacia mangium Willd.,0007,Acer pseudoplatanus L.,1.0363079551528662,0.23412845438956545,0.27538384172241354,0.7609241134304527
0033,Anacardium excelsum (Bertero & Balb. ex Kunth) Skeels,0371,Khaya grandifoliola C.DC.,0.8362694564982477,0.07482690115830566,0.048818241280783575,0.761442555339942
0238,Dipterocarpus kerrii King,0607,Swietenia macrophylla King,0.8323333392764136,0.03389503762998255,0.07084689292776884,0.7614864463486448
0066,Aucoumea klaineana Pierre,0426,Microberlinia brazzavillensis A. Chev.,1.0011691145917185,0.1689848833310126,0.23957417592531832,0.7615949386664003
0301,Gilbertiodendron dewevrei (De Wild.) J.Léonard,0372,Khaya ivorensis A.Chev.,1.0131023965030024,0.15292725453998418,0.2514693324780144,0.761633064024988
0130,Castanea sativa Mill.,0269,Erythrophleum ivorense A. Chev,1.052120282294382,0.15586720528769307,0.2903085074707726,0.7618117748236095
0195,Ctenolophon parvifolius Oliv.,0530,Pterocarpus soyauxii Taub.,0.9927569465414035,0.23093942479410615,0.19955695100455761,0.7618175217472973
0081,Betula pendula Roth,0245,Dryobalanops aromatica C.F.Gaertn.,0.8453530482693572,0.0025807385340572584,0.08261225579476351,0.7627407924745937
0147,Ceiba pentandra (L.) Gaertn.,0541,Pterygota macrocarpa K. Schum.,0.8623989045951476,0.09920852062625649,0.016821229975053267,0.763190383968891
0238,Dipterocarpus kerrii King,0530,Pterocarpus soyauxii Taub.,0.9630730391804445,0.03389503762998255,0.19955695100455761,0.7635160881758869
0245,Dryobalanops aromatica C.F.Gaertn.,0259,Entandrophragma utile (Dawe & Sprague) Sprague,0.9710854350363796,0.08261225579476351,0.2069978345154368,0.7640876005209427
0003,Acacia mangium Willd.,0530,Pterocarpus soyauxii Taub.,0.9984592871286234,0.23412845438956545,0.19955695100455761,0.764330832739058
0007,Acer pseudoplatanus L.,0430,Milicia excelsa (Welw.) C.C. Berg,1.0398577640998679,0.27538384172241354,0.2228508772324565,0.7644739223774544
0257,Entandrophragma candollei Harms,0302,Gilbertiodendron preussii (Harms) J.Léonard,0.953895068504117,0.18916044854556002,0.1175198759908919,0.764734619958557
0318,Leplaea cedrata (A.Chev.) E.J.M.Koenen & J.J.de Wilde,0606,Swietenia humilis Zucc.,0.8046896869230893,0.015638624237181115,0.03956854200666897,0.7651211449164204
0006,Acer platanoides L.,0030,Amburana cearensis (Allemão) A.C.Sm.,1.0340196334213565,0.18973256215443007,0.26876027711533945,0.765259356306017
0426,Microberlinia brazzavillensis A. Chev.,0550,Quercus mongolica Fisch. ex Ledeb.,1.004992515021479,0.23957417592531832,0.0339628776830313,0.7654183390961606
0293,Fraxinus americana L.,0541,Pterygota macrocarpa K. Schum.,0.9662270284232459,0.2006874935372814,0.016821229975053267,0.7655395348859645
0295,Fraxinus nigra Marshall,0550,Quercus mongolica Fisch. ex Ledeb.,0.7997001355245323,0.022324164890242817,0.0339628776830313,0.765737257841501
0006,Acer platanoides L.,0426,Microberlinia brazzavillensis A. Chev.,1.005482877878816,0.18973256215443007,0.23957417592531832,0.7659087019534978
0041,Aniba rosodora Ducke,0301,Gilbertiodendron dewevrei (De Wild.) J.Léonard,0.9189736765070595,0.0656528117264906,0.15292725453998418,0.7660464219670753
0426,Microberlinia brazzavillensis A. Chev.,0542,Pycnanthus angolensis (Welw.) Warb.,1.005942309097501,0.23957417592531832,0.07234546467128498,0.7663681331721828
0302,Gilbertiodendron preussii (Harms) J.Léonard,0606,Swietenia humilis Zucc.,0.8840396493289305,0.1175198759908919,0.03956854200666897,0.7665197733380387
0257,Entandrophragma candollei Harms,0552,Quercus alba L.,0.955905800234349,0.18916044854556002,0.11942757291818792,0.766745351688789
0367,Juglans nigra L.,0426,Microberlinia brazzavillensis A. Chev.,1.0064671583657698,0.02005651109636719,0.23957417592531832,0.7668929824404516
0147,Ceiba pentandra (L.) Gaertn.,0323,Guibourtia demeusei (Harms) J.Léonard,1.1222747889919957,0.09920852062625649,0.35528177474147954,0.7669930142505161
0081,Betula pendula Roth,0430,Milicia excelsa (Welw.) C.C. Berg,0.9898906364638924,0.0025807385340572584,0.2228508772324565,0.767039759231436
0003,Acacia mangium Willd.,0648,Triplochiton scleroxylon K. Schum.,1.001220826829154,0.23412845438956545,0.16453642510521302,0.7670923724395886
0244,Dryobalanops C.F.Gaertn.,0530,Pterocarpus soyauxii Taub.,0.9666583168150029,0.03512342815501089,0.19955695100455761,0.7671013658104453
0092,Brachystegia cynometroides Harms,0257,Entandrophragma candollei Harms,0.9563700161774945,0.05008607091450365,0.18916044854556002,0.7672095676319345
0003,Acacia mangium Willd.,0552,Quercus alba L.,1.001517882664927,0.23412845438956545,0.11942757291818792,0.7673894282753615
0430,Milicia excelsa (Welw.) C.C. Berg,0679,Aningeria Aubrév. & Pellegr.,0.9980056516583564,0.2228508772324565,0.2305382109200897,0.7674674407382667
0259,Entandrophragma utile (Dawe & Sprague) Sprague,0479,Peltogyne catingae Ducke,0.9748130574262084,0.2069978345154368,0.05022355401665795,0.7678152229107715
0324,Guibourtia pellegriniana J.Léonard,0396,Lophira alata Banks ex C.F.Gaertn.,0.9708732405918137,0.20301559578579392,0.027865923684178843,0.7678576448060197
0318,Leplaea cedrata (A.Chev.) E.J.M.Koenen & J.J.de Wilde,0324,Guibourtia pellegriniana J.Léonard,0.9711001604610927,0.015638624237181115,0.20301559578579392,0.7680845646752987
0030,Amburana cearensis (Allemão) A.C.Sm.,0552,Quercus alba L.,1.0380860829366512,0.26876027711533945,0.11942757291818792,0.7693258058213117
0130,Castanea sativa Mill.,0426,Microberlinia brazzavillensis A. Chev.,1.0090674814568885,0.15586720528769307,0.23957417592531832,0.7694933055315702
0006,Acer platanoides L.,0431,Millettia laurentii De Wild.,0.9594912417210907,0.18973256215443007,0.14784264520810295,0.7697586795666607
0301,Gilbertiodendron dewevrei (De Wild.) J.Léonard,0396,Lophira alata Banks ex C.F.Gaertn.,0.9227488388191349,0.15292725453998418,0.027865923684178843,0.7698215842791507
0092,Brachystegia cynometroides Harms,0293,Fraxinus americana L.,0.9706082234636038,0.05008607091450365,0.2006874935372814,0.7699207299263223
0129,Castanea crenata Siebold & Zucc.,0331,Heritiera utilis (Sprague) Sprague,0.9838029235411835,0.01642495583191611,0.21354296220717087,0.7702599613340126
0302,Gilbertiodendron preussii (Harms) J.Léonard,0553,Quercus petraea (Matt.) Liebl.,1.0285057493232075,0.1175198759908919,0.2581276659186852,0.7703780834045223
0035,Anacardium giganteum Hancock ex Engl.,0325,Guibourtia tessmannii (Harms) J.Léonard,0.9761582918250069,0.20568448529299813,0.19769310265299028,0.7704738065320088
0035,Anacardium giganteum Hancock ex Engl.,0431,Millettia laurentii De Wild.,0.9766418600968434,0.20568448529299813,0.14784264520810295,0.7709573748038453
0158,"Chlorocardium rodiei (R.H.Schomb.) Rohwer, H.G.Richt. & van der Werff",0418,Mansonia altissima (A. Chev.) A. Chev.,0.8710708265105891,0.10003326503781798,0.012409313496156668,0.7710375614727711
0258,Entandrophragma cylindricum (Sprague) Sprague,0554,Quercus robur L.,1.0235716833656583,0.25242647174716004,0.11024859949584655,0.7711452116184982
0195,Ctenolophon parvifolius Oliv.,0302,Gilbertiodendron preussii (Harms) J.Léonard,1.0026701501751085,0.23093942479410615,0.1175198759908919,0.7717307253810024
0541,Pterygota macrocarpa K. Schum.,0542,Pycnanthus angolensis (Welw.) Warb.,0.844204138746279,0.016821229975053267,0.07234546467128498,0.771858674074994
0009,Leptolobium Vogel,0542,Pycnanthus angolensis (Welw.) Warb.,0.9333426144092715,0.16101899818656135,0.07234546467128498,0.7723236162227101
0396,Lophira alata Banks ex C.F.Gaertn.,0613,Tabebuia rosea (Bert.) DC.,1.0475257376605356,0.027865923684178843,0.27496924594578387,0.7725564917147517
0431,Millettia laurentii De Wild.,0648,Triplochiton scleroxylon K. Schum.,0.9378153008180908,0.14784264520810295,0.16453642510521302,0.7732788757128778
0258,Entandrophragma cylindricum (Sprague) Sprague,0541,Pterygota macrocarpa K. Schum.,1.0260567681428174,0.25242647174716004,0.016821229975053267,0.7736302963956574
0195,Ctenolophon parvifolius Oliv.,0480,Peltogyne mexicana Martínez,1.0051019726510435,0.23093942479410615,0.1079574407089981,0.7741625478569374
0326,Guibourtia ehie (A. Chev.) J. Léonard,0367,Juglans nigra L.,1.0726355286088338,0.2984188053844587,0.02005651109636719,0.7742167232243751
0158,"Chlorocardium rodiei (R.H.Schomb.) Rohwer, H.G.Richt. & van der Werff",0606,Swietenia humilis Zucc.,0.874605106066896,0.10003326503781798,0.03956854200666897,0.7745718410290781
0257,Entandrophragma candollei Harms,0480,Peltogyne mexicana Martínez,0.9642175627822135,0.18916044854556002,0.1079574407089981,0.7750571142366535
0331,Heritiera utilis (Sprague) Sprague,0541,Pterygota macrocarpa K. Schum.,0.9886046476652504,0.21354296220717087,0.016821229975053267,0.7750616854580795
0257,Entandrophragma candollei Harms,0554,Quercus robur L.,0.9648166193067067,0.18916044854556002,0.11024859949584655,0.7756561707611467
0295,Fraxinus nigra Marshall,0607,Swietenia macrophylla King,0.8465409825773054,0.022324164890242817,0.07084689292776884,0.7756940896495366
0130,Castanea sativa Mill.,0318,Leplaea cedrata (A.Chev.) E.J.M.Koenen & J.J.de Wilde,0.9316366910248138,0.15586720528769307,0.015638624237181115,0.7757694857371208
0431,Millettia laurentii De Wild.,0608,Swietenia mahagoni (L.) Jacq.,0.923763227494306,0.14784264520810295,0.02812049764059408,0.775920582286203
0081,Betula pendula Roth,0478,Peltogyne Vogel,0.9572122027532268,0.0025807385340572584,0.1811470023936011,0.7760652003596258
0035,Anacardium giganteum Hancock ex Engl.,0302,Gilbertiodendron preussii (Harms) J.Léonard,0.9830633781883846,0.20568448529299813,0.1175198759908919,0.7773788928953865
0245,Dryobalanops aromatica C.F.Gaertn.,0431,Millettia laurentii De Wild.,0.9256378161462192,0.08261225579476351,0.14784264520810295,0.7777951709381162
0236,Dipterocarpus C.F.Gaertn.,0325,Guibourtia tessmannii (Harms) J.Léonard,1.0273808958120643,0.24925766087492005,0.19769310265299028,0.7781232349371442
0041,Aniba rosodora Ducke,0478,Peltogyne Vogel,0.959325529699203,0.0656528117264906,0.1811470023936011,0.7781785273056019
0158,"Chlorocardium rodiei (R.H.Schomb.) Rohwer, H.G.Richt. & van der Werff",0366,Juglans regia L.,0.8782318741923303,0.10003326503781798,0.0161593253050704,0.7781986091545123
0041,Aniba rosodora Ducke,0430,Milicia excelsa (Welw.) C.C. Berg,1.0018095155998106,0.0656528117264906,0.2228508772324565,0.7789586383673541
0006,Acer platanoides L.,0269,Erythrophleum ivorense A. Chev,1.0693071427376926,0.18973256215443007,0.2903085074707726,0.77899863526692
0269,Erythrophleum ivorense A. Chev,0542,Pycnanthus angolensis (Welw.) Warb.,1.0694887361793963,0.2903085074707726,0.07234546467128498,0.7791802287086238
0130,Castanea sativa Mill.,0396,Lophira alata Banks ex C.F.Gaertn.,0.935065276716195,0.15586720528769307,0.027865923684178843,0.779198071428502
0030,Amburana cearensis (Allemão) A.C.Sm.,0554,Quercus robur L.,1.048066305897474,0.26876027711533945,0.11024859949584655,0.7793060287821345
0003,Acacia mangium Willd.,0541,Pterygota macrocarpa K. Schum.,1.013782954037668,0.23412845438956545,0.016821229975053267,0.7796544996481025
0238,Dipterocarpus kerrii King,0550,Quercus mongolica Fisch. ex Ledeb.,0.8139422242938545,0.03389503762998255,0.0339628776830313,0.7799793466108232
0301,Gilbertiodendron dewevrei (De Wild.) J.Léonard,0318,Leplaea cedrata (A.Chev.) E.J.M.Koenen & J.J.de Wilde,0.9332037757909636,0.15292725453998418,0.015638624237181115,0.7802765212509795
0293,Fraxinus americana L.,0301,Gilbertiodendron dewevrei (De Wild.) J.Léonard,0.9811300576955075,0.2006874935372814,0.15292725453998418,0.7804425641582261
0257,Entandrophragma candollei Harms,0478,Peltogyne Vogel,0.9696571602873862,0.18916044854556002,0.1811470023936011,0.7804967117418262
0258,Entandrophragma cylindricum (Sprague) Sprague,0648,Triplochiton scleroxylon K. Schum.,1.0329434888006463,0.25242647174716004,0.16453642510521302,0.7805170170534863
0372,Khaya ivorensis A.Chev.,0430,Milicia excelsa (Welw.) C.C. Berg,1.0320416715777414,0.2514693324780144,0.2228508772324565,0.780572339099727
0301,Gilbertiodendron dewevrei (De Wild.) J.Léonard,0366,Juglans regia L.,0.933550230000927,0.15292725453998418,0.0161593253050704,0.7806229754609428
0003,Acacia mangium Willd.,0066,Aucoumea klaineana Pierre,1.0148480835132327,0.23412845438956545,0.1689848833310126,0.7807196291236673
0030,Amburana cearensis (Allemão) A.C.Sm.,0367,Juglans nigra L.,1.0496729378322005,0.26876027711533945,0.02005651109636719,0.780912660716861
0294,Fraxinus excelsior L.,0461,Ochroma pyramidale (Cav. ex Lam.) Urb.,0.9575350115648319,0.17627665442045826,0.09605455767171649,0.7812583571443736
0331,Heritiera utilis (Sprague) Sprague,0552,Quercus alba L.,0.994823576134295,0.21354296220717087,0.11942757291818792,0.7812806139271241
0003,Acacia mangium Willd.,0554,Quercus robur L.,1.0157108093548195,0.23412845438956545,0.11024859949584655,0.7815823549652541
0366,Juglans regia L.,0478,Peltogyne Vogel,0.9627863150466518,0.0161593253050704,0.1811470023936011,0.7816393126530508
0009,Leptolobium Vogel,0238,Dipterocarpus kerrii King,0.94280694483889,0.16101899818656135,0.03389503762998255,0.7817879466523288
0041,Aniba rosodora Ducke,0244,Dryobalanops C.F.Gaertn.,0.8475549760578973,0.0656528117264906,0.03512342815501089,0.7819021643314067
0301,Gilbertiodendron dewevrei (De Wild.) J.Léonard,0553,Quercus petraea (Matt.) Liebl.,1.0400777937931045,0.15292725453998418,0.2581276659186852,0.7819501278744193
0418,Mansonia altissima (A. Chev.) A. Chev.,0478,Peltogyne Vogel,0.9631362115632709,0.012409313496156668,0.1811470023936011,0.7819892091696699
0302,Gilbertiodendron preussii (Harms) J.Léonard,0530,Pterocarpus soyauxii Taub.,0.9815742374933446,0.1175198759908919,0.19955695100455761,0.782017286488787
0366,Juglans regia L.,0550,Quercus mongolica Fisch. ex Ledeb.,0.8161711184002167,0.0161593253050704,0.0339628776830313,0.7822082407171854
0003,Acacia mangium Willd.,0461,Ochroma pyramidale (Cav. ex Lam.) Urb.,1.0164429534765815,0.23412845438956545,0.09605455767171649,0.7823144990870161
0431,Millettia laurentii De Wild.,0479,Peltogyne catingae Ducke,0.9301893765766929,0.14784264520810295,0.05022355401665795,0.7823467313685899
0030,Amburana cearensis (Allemão) A.C.Sm.,0066,Aucoumea klaineana Pierre,1.0515123795889532,0.26876027711533945,0.1689848833310126,0.7827521024736137
0092,Brachystegia cynometroides Harms,0530,Pterocarpus soyauxii Taub.,0.9825133070863233,0.05008607091450365,0.19955695100455761,0.7829563560817657
0066,Aucoumea klaineana Pierre,0431,Millettia laurentii De Wild.,0.9520341070659772,0.1689848833310126,0.14784264520810295,0.7830492237349647
0030,Amburana cearensis (Allemão) A.C.Sm.,0648,Triplochiton scleroxylon K. Schum.,1.052024426121291,0.26876027711533945,0.16453642510521302,0.7832641490059515
0081,Betula pendula Roth,0431,Millettia laurentii De Wild.,0.9311654103309204,0.0025807385340572584,0.14784264520810295,0.7833227651228174
0244,Dryobalanops C.F.Gaertn.,0607,Swietenia macrophylla King,0.854238217074291,0.03512342815501089,0.07084689292776884,0.7833913241465222
0396,Lophira alata Banks ex C.F.Gaertn.,0606,Swietenia humilis Zucc.,0.823067168159507,0.027865923684178843,0.03956854200666897,0.783498626152838
0129,Castanea crenata Siebold & Zucc.,0325,Guibourtia tessmannii (Harms) J.Léonard,0.9811988672785648,0.01642495583191611,0.19769310265299028,0.7835057646255745
0257,Entandrophragma candollei Harms,0542,Pycnanthus angolensis (Welw.) Warb.,0.9727782589785221,0.18916044854556002,0.07234546467128498,0.7836178104329621
0302,Gilbertiodendron preussii (Harms) J.Léonard,0607,Swietenia macrophylla King,0.9013508662195144,0.1175198759908919,0.07084689292776884,0.7838309902286226
0195,Ctenolophon parvifolius Oliv.,0478,Peltogyne Vogel,1.01492332954335,0.23093942479410615,0.1811470023936011,0.7839839047492438
0030,Amburana cearensis (Allemão) A.C.Sm.,0553,Quercus petraea (Matt.) Liebl.,1.053232975075041,0.26876027711533945,0.2581276659186852,0.7844726979597016
0418,Mansonia altissima (A. Chev.) A. Chev.,0550,Quercus mongolica Fisch. ex Ledeb.,0.8186473853523911,0.012409313496156668,0.0339628776830313,0.7846845076693598
0480,Peltogyne mexicana Martínez,0530,Pterocarpus soyauxii Taub.,0.984402697873275,0.1079574407089981,0.19955695100455761,0.7848457468687173
0130,Castanea sativa Mill.,0259,Entandrophragma utile (Dawe & Sprague) Sprague,0.9919008993486688,0.15586720528769307,0.2069978345154368,0.784903064833232
0003,Acacia mangium Willd.,0006,Acer platanoides L.,1.019059802829309,0.23412845438956545,0.18973256215443007,0.7849313484397435
0478,Peltogyne Vogel,0530,Pterocarpus soyauxii Taub.,0.9846799271347006,0.1811470023936011,0.19955695100455761,0.785122976130143
0269,Erythrophleum ivorense A. Chev,0461,Ochroma pyramidale (Cav. ex Lam.) Urb.,1.0758131012294774,0.2903085074707726,0.09605455767171649,0.7855045937587048
0081,Betula pendula Roth,0541,Pterygota macrocarpa K. Schum.,0.8024692941778573,0.0025807385340572584,0.016821229975053267,0.785648064202804
0269,Erythrophleum ivorense A. Chev,0648,Triplochiton scleroxylon K. Schum.,1.0762434576448139,0.2903085074707726,0.16453642510521302,0.7859349501740414
0195,Ctenolophon parvifolius Oliv.,0301,Gilbertiodendron dewevrei (De Wild.) J.Léonard,1.0168894952098422,0.23093942479410615,0.15292725453998418,0.7859500704157361
0431,Millettia laurentii De Wild.,0461,Ochroma pyramidale (Cav. ex Lam.) Urb.,0.9339534264104941,0.14784264520810295,0.09605455767171649,0.7861107812023911
0033,Anacardium excelsum (Bertero & Balb. ex Kunth) Skeels,0550,Quercus mongolica Fisch. ex Ledeb.,0.8610771846388307,0.07482690115830566,0.0339628776830313,0.786250283480525
0301,Gilbertiodendron dewevrei (De Wild.) J.Léonard,0530,Pterocarpus soyauxii Taub.,0.9861272274009323,0.15292725453998418,0.19955695100455761,0.7865702763963747
0033,Anacardium excelsum (Bertero & Balb. ex Kunth) Skeels,0608,Swietenia mahagoni (L.) Jacq.,0.8618511279368717,0.07482690115830566,0.02812049764059408,0.787024226778566
0607,Swietenia macrophylla King,0648,Triplochiton scleroxylon K. Schum.,0.9515691872816154,0.07084689292776884,0.16453642510521302,0.7870327621764024
0608,Swietenia mahagoni (L.) Jacq.,0648,Triplochiton scleroxylon K. Schum.,0.9517977568682727,0.02812049764059408,0.16453642510521302,0.7872613317630597
0331,Heritiera utilis (Sprague) Sprague,0648,Triplochiton scleroxylon K. Schum.,1.0013178234821565,0.21354296220717087,0.16453642510521302,0.7877748612749856
0318,Leplaea cedrata (A.Chev.) E.J.M.Koenen & J.J.de Wilde,0367,Juglans nigra L.,0.8082365335321391,0.015638624237181115,0.02005651109636719,0.7881800224357719
0236,Dipterocarpus C.F.Gaertn.,0396,Lophira alata Banks ex C.F.Gaertn.,1.0377789442327017,0.24925766087492005,0.027865923684178843,0.7885212833577816
0318,Leplaea cedrata (A.Chev.) E.J.M.Koenen & J.J.de Wilde,0552,Quercus alba L.,0.9087872846428463,0.015638624237181115,0.11942757291818792,0.7893597117246584
0302,Gilbertiodendron preussii (Harms) J.Léonard,0366,Juglans regia L.,0.9075620760731999,0.1175198759908919,0.0161593253050704,0.7900422000823081
0130,Castanea sativa Mill.,0257,Entandrophragma candollei Harms,0.9793349034427075,0.15586720528769307,0.18916044854556002,0.7901744548971474
0318,Leplaea cedrata (A.Chev.) E.J.M.Koenen & J.J.de Wilde,0554,Quercus robur L.,0.9005087370805293,0.015638624237181115,0.11024859949584655,0.7902601375846827
0066,Aucoumea klaineana Pierre,0258,Entandrophragma cylindricum (Sprague) Sprague,1.043538109176552,0.1689848833310126,0.25242647174716004,0.7911116374293921
0480,Peltogyne mexicana Martínez,0607,Swietenia macrophylla King,0.8994965322213044,0.1079574407089981,0.07084689292776884,0.7915390915123064
0066,Aucoumea klaineana Pierre,0607,Swietenia macrophylla King,0.9607576040168648,0.1689848833310126,0.07084689292776884,0.7917727206858522
0325,Guibourtia tessmannii (Harms) J.Léonard,0541,Pterygota macrocarpa K. Schum.,0.9895880096559135,0.19769310265299028,0.016821229975053267,0.7918949070029233
0195,Ctenolophon parvifolius Oliv.,0375,Koompassia malaccensis Maing.,1.0230204433079861,0.23093942479410615,0.03982575224826281,0.79208101851388
0238,Dipterocarpus kerrii King,0608,Swietenia mahagoni (L.) Jacq.,0.8260217116073305,0.03389503762998255,0.02812049764059408,0.7921266739773479
0066,Aucoumea klaineana Pierre,0608,Swietenia mahagoni (L.) Jacq.,0.9612089685960207,0.1689848833310126,0.02812049764059408,0.7922240852650081
0550,Quercus mongolica Fisch. ex Ledeb.,0608,Swietenia mahagoni (L.) Jacq.,0.8262403183997558,0.0339628776830313,0.02812049764059408,0.7922774407167245
0244,Dryobalanops C.F.Gaertn.,0431,Millettia laurentii De Wild.,0.940247881044791,0.03512342815501089,0.14784264520810295,0.792405235836688
0092,Brachystegia cynometroides Harms,0195,Ctenolophon parvifolius Oliv.,1.0236936915585808,0.05008607091450365,0.23093942479410615,0.7927542667644747
0318,Leplaea cedrata (A.Chev.) E.J.M.Koenen & J.J.de Wilde,0607,Swietenia macrophylla King,0.8637408455524727,0.015638624237181115,0.07084689292776884,0.7928939526247039
0033,Anacardium excelsum (Bertero & Balb. ex Kunth) Skeels,0426,Microberlinia brazzavillensis A. Chev.,1.0325841928385224,0.07482690115830566,0.23957417592531832,0.7930100169132042
0325,Guibourtia tessmannii (Harms) J.Léonard,0552,Quercus alba L.,0.9907497461654866,0.19769310265299028,0.11942757291818792,0.7930566435124964
0030,Amburana cearensis (Allemão) A.C.Sm.,0550,Quercus mongolica Fisch. ex Ledeb.,1.0618558815709147,0.26876027711533945,0.0339628776830313,0.7930956044555753
0035,Anacardium giganteum Hancock ex Engl.,0324,Guibourtia pellegriniana J.Léonard,0.998782192743102,0.20568448529299813,0.20301559578579392,0.7930977074501039
0066,Aucoumea klaineana Pierre,0269,Erythrophleum ivorense A. Chev,1.0837659934349033,0.1689848833310126,0.2903085074707726,0.7934574859641308
0195,Ctenolophon parvifolius Oliv.,0325,Guibourtia tessmannii (Harms) J.Léonard,1.0247552016104087,0.23093942479410615,0.19769310265299028,0.7938157768163026
0301,Gilbertiodendron dewevrei (De Wild.) J.Léonard,0418,Mansonia altissima (A. Chev.) A. Chev.,0.9468855978695156,0.15292725453998418,0.012409313496156668,0.7939583433295314
0158,"Chlorocardium rodiei (R.H.Schomb.) Rohwer, H.G.Richt. & van der Werff",0530,Pterocarpus soyauxii Taub.,0.9938350370386386,0.10003326503781798,0.19955695100455761,0.794278086034081
0331,Heritiera utilis (Sprague) Sprague,0530,Pterocarpus soyauxii Taub.,1.007841317584464,0.21354296220717087,0.19955695100455761,0.7942983553772932
0003,Acacia mangium Willd.,0367,Juglans nigra L.,1.0285801679059,0.23412845438956545,0.02005651109636719,0.7944517135163345
0130,Castanea sativa Mill.,0331,Heritiera utilis (Sprague) Sprague,1.0082962588973583,0.15586720528769307,0.21354296220717087,0.7947532966901875
0295,Fraxinus nigra Marshall,0323,Guibourtia demeusei (Harms) J.Léonard,1.1500363103940572,0.022324164890242817,0.35528177474147954,0.7947545356525776
0302,Gilbertiodendron preussii (Harms) J.Léonard,0608,Swietenia mahagoni (L.) Jacq.,0.9126456365478656,0.1175198759908919,0.02812049764059408,0.7951257605569737
0325,Guibourtia tessmannii (Harms) J.Léonard,0648,Triplochiton scleroxylon K. Schum.,0.9929614974715474,0.19769310265299028,0.16453642510521302,0.795268394818557
0130,Castanea sativa Mill.,0258,Entandrophragma cylindricum (Sprague) Sprague,1.0481547893795604,0.15586720528769307,0.25242647174716004,0.7957283176324004
0006,Acer platanoides L.,0158,"Chlorocardium rodiei (R.H.Schomb.) Rohwer, H.G.Richt. & van der Werff",0.9856286987515279,0.18973256215443007,0.10003326503781798,0.7958961365970978
0033,Anacardium excelsum (Bertero & Balb. ex Kunth) Skeels,0607,Swietenia macrophylla King,0.8707839380919458,0.07482690115830566,0.07084689292776884,0.7959570369336401
0244,Dryobalanops C.F.Gaertn.,0259,Entandrophragma utile (Dawe & Sprague) Sprague,1.0034052496039998,0.03512342815501089,0.2069978345154368,0.7964074150885629
0331,Heritiera utilis (Sprague) Sprague,0554,Quercus robur L.,1.0099830885583942,0.21354296220717087,0.11024859949584655,0.7964401263512234
0367,Juglans nigra L.,0431,Millettia laurentii De Wild.,0.9452624522470965,0.02005651109636719,0.14784264520810295,0.7974198070389935
0258,Entandrophragma cylindricum (Sprague) Sprague,0367,Juglans nigra L.,1.05016620054892,0.25242647174716004,0.02005651109636719,0.79773972880176
0318,Leplaea cedrata (A.Chev.) E.J.M.Koenen & J.J.de Wilde,0480,Peltogyne mexicana Martínez,0.9059200000482339,0.015638624237181115,0.1079574407089981,0.7979625593392359
0041,Aniba rosodora Ducke,0302,Gilbertiodendron preussii (Harms) J.Léonard,0.9155531610198904,0.0656528117264906,0.1175198759908919,0.7980332850289985
0366,Juglans regia L.,0430,Milicia excelsa (Welw.) C.C. Berg,1.020955181723703,0.0161593253050704,0.2228508772324565,0.7981043044912466
0035,Anacardium giganteum Hancock ex Engl.,0092,Brachystegia cynometroides Harms,1.0038309465023887,0.20568448529299813,0.05008607091450365,0.7981464612093906
0302,Gilbertiodendron preussii (Harms) J.Léonard,0418,Mansonia altissima (A. Chev.) A. Chev.,0.9159380867791331,0.1175198759908919,0.012409313496156668,0.7984182107882413
0396,Lophira alata Banks ex C.F.Gaertn.,0607,Swietenia macrophylla King,0.8702120446263375,0.027865923684178843,0.07084689292776884,0.7993651516985687
0238,Dipterocarpus kerrii King,0323,Guibourtia demeusei (Harms) J.Léonard,1.155199313740395,0.03389503762998255,0.35528177474147954,0.7999175389989155
0035,Anacardium giganteum Hancock ex Engl.,0301,Gilbertiodendron dewevrei (De Wild.) J.Léonard,1.0058170304329566,0.20568448529299813,0.15292725453998418,0.8001325451399585
0293,Fraxinus americana L.,0318,Leplaea cedrata (A.Chev.) E.J.M.Koenen & J.J.de Wilde,1.0012191771994976,0.2006874935372814,0.015638624237181115,0.8005316836622162
0418,Mansonia altissima (A. Chev.) A. Chev.,0430,Milicia excelsa (Welw.) C.C. Berg,1.0237250576092403,0.012409313496156668,0.2228508772324565,0.8008741803767838
0033,Anacardium excelsum (Bertero & Balb. ex Kunth) Skeels,0541,Pterygota macrocarpa K. Schum.,0.8762210061756857,0.07482690115830566,0.016821229975053267,0.80139410501738
0257,Entandrophragma candollei Harms,0550,Quercus mongolica Fisch. ex Ledeb.,0.990723870511558,0.18916044854556002,0.0339628776830313,0.801563421965998
0257,Entandrophragma candollei Harms,0301,Gilbertiodendron dewevrei (De Wild.) J.Léonard,0.9911208658009235,0.18916044854556002,0.15292725453998418,0.8019604172553635
0195,Ctenolophon parvifolius Oliv.,0324,Guibourtia pellegriniana J.Léonard,1.032923072628734,0.23093942479410615,0.20301559578579392,0.8019836478346278
0324,Guibourtia pellegriniana J.Léonard,0679,Aningeria Aubrév. & Pellegr.,1.0327833375198399,0.20301559578579392,0.2305382109200897,0.8022451265997501
0245,Dryobalanops aromatica C.F.Gaertn.,0550,Quercus mongolica Fisch. ex Ledeb.,0.8848849092627438,0.08261225579476351,0.0339628776830313,0.8022726534679803
0035,Anacardium giganteum Hancock ex Engl.,0318,Leplaea cedrata (A.Chev.) E.J.M.Koenen & J.J.de Wilde,1.0080858918838989,0.20568448529299813,0.015638624237181115,0.8024014065909008
0480,Peltogyne mexicana Martínez,0608,Swietenia mahagoni (L.) Jacq.,0.9104107911642343,0.1079574407089981,0.02812049764059408,0.8024533504552362
0293,Fraxinus americana L.,0431,Millettia laurentii De Wild.,1.0032469260261005,0.2006874935372814,0.14784264520810295,0.8025594324888191
0035,Anacardium giganteum Hancock ex Engl.,0480,Peltogyne mexicana Martínez,1.0083218480215954,0.20568448529299813,0.1079574407089981,0.8026373627285973
0294,Fraxinus excelsior L.,0541,Pterygota macrocarpa K. Schum.,0.9789213936111583,0.17627665442045826,0.016821229975053267,0.8026447391907
0294,Fraxinus excelsior L.,0325,Guibourtia tessmannii (Harms) J.Léonard,1.0009078474334807,0.17627665442045826,0.19769310265299028,0.8032147447804905
0258,Entandrophragma cylindricum (Sprague) Sprague,0530,Pterocarpus soyauxii Taub.,1.0557599113848875,0.25242647174716004,0.19955695100455761,0.8033334396377274
0295,Fraxinus nigra Marshall,0608,Swietenia mahagoni (L.) Jacq.,0.8315723266297906,0.022324164890242817,0.02812049764059408,0.8034518289891965
0244,Dryobalanops C.F.Gaertn.,0366,Juglans regia L.,0.8391976466091786,0.03512342815501089,0.0161593253050704,0.8040742184541677
0269,Erythrophleum ivorense A. Chev,0367,Juglans nigra L.,1.0946234347408073,0.2903085074707726,0.02005651109636719,0.8043149272700347
0530,Pterocarpus soyauxii Taub.,0606,Swietenia humilis Zucc.,1.004155644349558,0.19955695100455761,0.03956854200666897,0.8045986933450004
0035,Anacardium giganteum Hancock ex Engl.,0375,Koompassia malaccensis Maing.,1.010457322103182,0.20568448529299813,0.03982575224826281,0.804772836810184
0158,"Chlorocardium rodiei (R.H.Schomb.) Rohwer, H.G.Richt. & van der Werff",0608,Swietenia mahagoni (L.) Jacq.,0.9050423939473946,0.10003326503781798,0.02812049764059408,0.8050091289095767
0244,Dryobalanops C.F.Gaertn.,0418,Mansonia altissima (A. Chev.) A. Chev.,0.8404323609487272,0.03512342815501089,0.012409313496156668,0.8053089327937163
0003,Acacia mangium Willd.,0130,Castanea sativa Mill.,1.0394409406845997,0.23412845438956545,0.15586720528769307,0.8053124862950343
0009,Leptolobium Vogel,0130,Castanea sativa Mill.,0.966598223915256,0.16101899818656135,0.15586720528769307,0.8055792257286947
0066,Aucoumea klaineana Pierre,0325,Guibourtia tessmannii (Harms) J.Léonard,1.003705332621572,0.1689848833310126,0.19769310265299028,0.8060122299685817
0030,Amburana cearensis (Allemão) A.C.Sm.,0542,Pycnanthus angolensis (Welw.) Warb.,1.0751128141506046,0.26876027711533945,0.07234546467128498,0.8063525370352651
0081,Betula pendula Roth,0324,Guibourtia pellegriniana J.Léonard,1.0094003338435724,0.0025807385340572584,0.20301559578579392,0.8063847380577784
0147,Ceiba pentandra (L.) Gaertn.,0426,Microberlinia brazzavillensis A. Chev.,1.0460727756198192,0.09920852062625649,0.23957417592531832,0.8064985996945009
0294,Fraxinus excelsior L.,0530,Pterocarpus soyauxii Taub.,1.0068995496554105,0.17627665442045826,0.19955695100455761,0.8073425986508529
0129,Castanea crenata Siebold & Zucc.,0478,Peltogyne Vogel,0.9890031232703651,0.01642495583191611,0.1811470023936011,0.8078561208767641
0418,Mansonia altissima (A. Chev.) A. Chev.,0607,Swietenia macrophylla King,0.8788646648358973,0.012409313496156668,0.07084689292776884,0.8080177719081285
0366,Juglans regia L.,0607,Swietenia macrophylla King,0.8789570944799507,0.0161593253050704,0.07084689292776884,0.8081102015521819
0325,Guibourtia tessmannii (Harms) J.Léonard,0554,Quercus robur L.,1.0061074008954944,0.19769310265299028,0.11024859949584655,0.8084142982425042
0129,Castanea crenata Siebold & Zucc.,0431,Millettia laurentii De Wild.,0.9567550023364177,0.01642495583191611,0.14784264520810295,0.8089123571283148
0003,Acacia mangium Willd.,0550,Quercus mongolica Fisch. ex Ledeb.,1.0438157557040006,0.23412845438956545,0.0339628776830313,0.8096873013144352
0035,Anacardium giganteum Hancock ex Engl.,0396,Lophira alata Banks ex C.F.Gaertn.,1.0165526186236238,0.20568448529299813,0.027865923684178843,0.8108681333306257
0158,"Chlorocardium rodiei (R.H.Schomb.) Rohwer, H.G.Richt. & van der Werff",0648,Triplochiton scleroxylon K. Schum.,0.9755397193215375,0.10003326503781798,0.16453642510521302,0.8110032942163244
0158,"Chlorocardium rodiei (R.H.Schomb.) Rohwer, H.G.Richt. & van der Werff",0607,Swietenia macrophylla King,0.9112280036335724,0.10003326503781798,0.07084689292776884,0.8111947385957544
0396,Lophira alata Banks ex C.F.Gaertn.,0552,Quercus alba L.,0.9307970017521718,0.027865923684178843,0.11942757291818792,0.8113694288339839
0295,Fraxinus nigra Marshall,0354,Intsia bijuga (Colebr.) Kuntze,1.105448186566884,0.022324164890242817,0.29407015717558727,0.8113780293912967
0396,Lophira alata Banks ex C.F.Gaertn.,0480,Peltogyne mexicana Martínez,0.9194429428373313,0.027865923684178843,0.1079574407089981,0.8114855021283331
0238,Dipterocarpus kerrii King,0541,Pterygota macrocarpa K. Schum.,0.8467421475931285,0.03389503762998255,0.016821229975053267,0.8128471099631459
0035,Anacardium giganteum Hancock ex Engl.,0478,Peltogyne Vogel,1.0185739727360938,0.20568448529299813,0.1811470023936011,0.8128894874430957
0147,Ceiba pentandra (L.) Gaertn.,0354,Intsia bijuga (Colebr.) Kuntze,1.1075428915883634,0.09920852062625649,0.29407015717558727,0.8134727344127761
0530,Pterocarpus soyauxii Taub.,0608,Swietenia mahagoni (L.) Jacq.,1.0138445957802222,0.19955695100455761,0.02812049764059408,0.8142876447756646
0331,Heritiera utilis (Sprague) Sprague,0367,Juglans nigra L.,1.0281972636089032,0.21354296220717087,0.02005651109636719,0.8146543014017323
0530,Pterocarpus soyauxii Taub.,0607,Swietenia macrophylla King,1.014307593589538,0.19955695100455761,0.07084689292776884,0.8147506425849804
0009,Leptolobium Vogel,0550,Quercus mongolica Fisch. ex Ledeb.,0.9758270160220683,0.16101899818656135,0.0339628776830313,0.814808017835507
0293,Fraxinus americana L.,0325,Guibourtia tessmannii (Harms) J.Léonard,1.0166526107754148,0.2006874935372814,0.19769310265299028,0.8159651172381334
0130,Castanea sativa Mill.,0325,Guibourtia tessmannii (Harms) J.Léonard,1.01371092857569,0.15586720528769307,0.19769310265299028,0.8160178259226998
0295,Fraxinus nigra Marshall,0426,Microberlinia brazzavillensis A. Chev.,1.0556312392162854,0.022324164890242817,0.23957417592531832,0.8160570632909672
0431,Millettia laurentii De Wild.,0552,Quercus alba L.,0.9647417601236341,0.14784264520810295,0.11942757291818792,0.8168991149155311
0478,Peltogyne Vogel,0552,Quercus alba L.,0.9983047368554843,0.1811470023936011,0.11942757291818792,0.8171577344618832
0130,Castanea sativa Mill.,0431,Millettia laurentii De Wild.,0.9734224018643206,0.15586720528769307,0.14784264520810295,0.8175551965766276
0195,Ctenolophon parvifolius Oliv.,0479,Peltogyne catingae Ducke,1.048929908913586,0.23093942479410615,0.05022355401665795,0.8179904841194798
0041,Aniba rosodora Ducke,0608,Swietenia mahagoni (L.) Jacq.,0.884179615943441,0.0656528117264906,0.02812049764059408,0.8185268042169503
0158,"Chlorocardium rodiei (R.H.Schomb.) Rohwer, H.G.Richt. & van der Werff",0371,Khaya grandifoliola C.DC.,0.9189605232155386,0.10003326503781798,0.048818241280783575,0.8189272581777206
0066,Aucoumea klaineana Pierre,0158,"Chlorocardium rodiei (R.H.Schomb.) Rohwer, H.G.Richt. & van der Werff",0.9881245364322699,0.1689848833310126,0.10003326503781798,0.8191396531012574
0006,Acer platanoides L.,0480,Peltogyne mexicana Martínez,1.0089276909271763,0.18973256215443007,0.1079574407089981,0.8191951287727461
0295,Fraxinus nigra Marshall,0541,Pterygota macrocarpa K. Schum.,0.8424295592429996,0.022324164890242817,0.016821229975053267,0.8201053943527568
0041,Aniba rosodora Ducke,0607,Swietenia macrophylla King,0.8910765576892021,0.0656528117264906,0.07084689292776884,0.8202296647614333
0479,Peltogyne catingae Ducke,0648,Triplochiton scleroxylon K. Schum.,0.9849310499501946,0.05022355401665795,0.16453642510521302,0.8203946248449816
0294,Fraxinus excelsior L.,0375,Koompassia malaccensis Maing.,0.9968533612195758,0.17627665442045826,0.03982575224826281,0.8205767067991175
0081,Betula pendula Roth,0158,"Chlorocardium rodiei (R.H.Schomb.) Rohwer, H.G.Richt. & van der Werff",0.921646163744821,0.0025807385340572584,0.10003326503781798,0.821612898707003
0325,Guibourtia tessmannii (Harms) J.Léonard,0367,Juglans nigra L.,1.0200368476238544,0.19769310265299028,0.02005651109636719,0.8223437449708642
0033,Anacardium excelsum (Bertero & Balb. ex Kunth) Skeels,0325,Guibourtia tessmannii (Harms) J.Léonard,1.0203311209808135,0.07482690115830566,0.19769310265299028,0.8226380183278232
0479,Peltogyne catingae Ducke,0607,Swietenia macrophylla King,0.8935640855697362,0.05022355401665795,0.07084689292776884,0.8227171926419674
0396,Lophira alata Banks ex C.F.Gaertn.,0554,Quercus robur L.,0.9331665591611527,0.027865923684178843,0.11024859949584655,0.8229179596653061
0081,Betula pendula Roth,0244,Dryobalanops C.F.Gaertn.,0.8580740054738689,0.0025807385340572584,0.03512342815501089,0.822950577318858
0552,Quercus alba L.,0606,Swietenia humilis Zucc.,0.9427819657544718,0.11942757291818792,0.03956854200666897,0.8233543928362839
0431,Millettia laurentii De Wild.,0554,Quercus robur L.,0.9719025687326676,0.14784264520810295,0.11024859949584655,0.8240599235245646
0003,Acacia mangium Willd.,0542,Pycnanthus angolensis (Welw.) Warb.,1.0588375763243572,0.23412845438956545,0.07234546467128498,0.8247091219347917
0430,Milicia excelsa (Welw.) C.C. Berg,0461,Ochroma pyramidale (Cav. ex Lam.) Urb.,1.048405095535616,0.2228508772324565,0.09605455767171649,0.8255542183031594
0367,Juglans nigra L.,0396,Lophira alata Banks ex C.F.Gaertn.,0.8540770399377413,0.02005651109636719,0.027865923684178843,0.8262111162535625
0238,Dipterocarpus kerrii King,0354,Intsia bijuga (Colebr.) Kuntze,1.1204376276705061,0.03389503762998255,0.29407015717558727,0.8263674704949189
0006,Acer platanoides L.,0302,Gilbertiodendron preussii (Harms) J.Léonard,1.016564287887194,0.18973256215443007,0.1175198759908919,0.826831725732764
0066,Aucoumea klaineana Pierre,0479,Peltogyne catingae Ducke,0.9961347306539613,0.1689848833310126,0.05022355401665795,0.8271498473229487
0318,Leplaea cedrata (A.Chev.) E.J.M.Koenen & J.J.de Wilde,0375,Koompassia malaccensis Maing.,0.8675646791678944,0.015638624237181115,0.03982575224826281,0.8277389269196316
0431,Millettia laurentii De Wild.,0542,Pycnanthus angolensis (Welw.) Warb.,0.97563271741483,0.14784264520810295,0.07234546467128498,0.8277900722067271
0009,Leptolobium Vogel,0147,Ceiba pentandra (L.) Gaertn.,0.9889784049231447,0.16101899818656135,0.09920852062625649,0.8279594067365834
0244,Dryobalanops C.F.Gaertn.,0608,Swietenia mahagoni (L.) Jacq.,0.8635941631986753,0.03512342815501089,0.02812049764059408,0.8284707350436644
0478,Peltogyne Vogel,0554,Quercus robur L.,1.0096373456693963,0.1811470023936011,0.11024859949584655,0.8284903432757953
0081,Betula pendula Roth,0607,Swietenia macrophylla King,0.8995042749756735,0.0025807385340572584,0.07084689292776884,0.8286573820479047
0238,Dipterocarpus kerrii King,0426,Microberlinia brazzavillensis A. Chev.,1.0691862936391674,0.03389503762998255,0.23957417592531832,0.8296121177138491
0479,Peltogyne catingae Ducke,0542,Pycnanthus angolensis (Welw.) Warb.,0.9021704755183606,0.05022355401665795,0.07234546467128498,0.8298250108470756
0006,Acer platanoides L.,0430,Milicia excelsa (Welw.) C.C. Berg,1.0527700702821454,0.18973256215443007,0.2228508772324565,0.829919193049689
0129,Castanea crenata Siebold & Zucc.,0324,Guibourtia pellegriniana J.Léonard,1.0332853710068592,0.01642495583191611,0.20301559578579392,0.8302697752210653
0081,Betula pendula Roth,0301,Gilbertiodendron dewevrei (De Wild.) J.Léonard,0.9838294481947528,0.0025807385340572584,0.15292725453998418,0.8309021936547687
0552,Quercus alba L.,0607,Swietenia macrophylla King,0.9504988608096134,0.11942757291818792,0.07084689292776884,0.8310712878914255
0041,Aniba rosodora Ducke,0480,Peltogyne mexicana Martínez,0.9393580273659908,0.0656528117264906,0.1079574407089981,0.8314005866569927
0294,Fraxinus excelsior L.,0431,Millettia laurentii De Wild.,1.0080400868032093,0.17627665442045826,0.14784264520810295,0.8317634323827511
0418,Mansonia altissima (A. Chev.) A. Chev.,0480,Peltogyne mexicana Martínez,0.9400020489083556,0.012409313496156668,0.1079574407089981,0.8320446081993575
0552,Quercus alba L.,0608,Swietenia mahagoni (L.) Jacq.,0.95214665261588,0.11942757291818792,0.02812049764059408,0.8327190796976921
0461,Ochroma pyramidale (Cav. ex Lam.) Urb.,0606,Swietenia humilis Zucc.,0.9290621669730961,0.09605455767171649,0.03956854200666897,0.8330076093013796
0478,Peltogyne Vogel,0541,Pterygota macrocarpa K. Schum.,1.0144163864141016,0.1811470023936011,0.016821229975053267,0.8332693840205005
0130,Castanea sativa Mill.,0606,Swietenia humilis Zucc.,0.9899183171447572,0.15586720528769307,0.03956854200666897,0.8340511118570642
0366,Juglans regia L.,0480,Peltogyne mexicana Martínez,0.942576990391488,0.0161593253050704,0.1079574407089981,0.83461954968249
0554,Quercus robur L.,0606,Swietenia humilis Zucc.,0.9452343241175702,0.11024859949584655,0.03956854200666897,0.8349857246217237
0293,Fraxinus americana L.,0396,Lophira alata Banks ex C.F.Gaertn.,1.035848463245384,0.2006874935372814,0.027865923684178843,0.8351609697081025
0006,Acer platanoides L.,0375,Koompassia malaccensis Maing.,1.025386063340247,0.18973256215443007,0.03982575224826281,0.8356535011858168
0318,Leplaea cedrata (A.Chev.) E.J.M.Koenen & J.J.de Wilde,0542,Pycnanthus angolensis (Welw.) Warb.,0.9086469131439286,0.015638624237181115,0.07234546467128498,0.8363014484726436
0478,Peltogyne Vogel,0550,Quercus mongolica Fisch. ex Ledeb.,1.0176065761132187,0.1811470023936011,0.0339628776830313,0.8364595737196177
0375,Koompassia malaccensis Maing.,0396,Lophira alata Banks ex C.F.Gaertn.,0.8766706344589722,0.03982575224826281,0.027865923684178843,0.8368448822107094
0257,Entandrophragma candollei Harms,0479,Peltogyne catingae Ducke,1.0260588059278595,0.18916044854556002,0.05022355401665795,0.8368983573822995
0033,Anacardium excelsum (Bertero & Balb. ex Kunth) Skeels,0431,Millettia laurentii De Wild.,0.9857071117344073,0.07482690115830566,0.14784264520810295,0.8378644665263043
0081,Betula pendula Roth,0318,Leplaea cedrata (A.Chev.) E.J.M.Koenen & J.J.de Wilde,0.8536188211379816,0.0025807385340572584,0.015638624237181115,0.8379801969008005
0081,Betula pendula Roth,0550,Quercus mongolica Fisch. ex Ledeb.,0.8720442320796911,0.0025807385340572584,0.0339628776830313,0.8380813543966598
0081,Betula pendula Roth,0606,Swietenia humilis Zucc.,0.8777423046260747,0.0025807385340572584,0.03956854200666897,0.8381737626194058
0147,Ceiba pentandra (L.) Gaertn.,0318,Leplaea cedrata (A.Chev.) E.J.M.Koenen & J.J.de Wilde,0.9374674240674717,0.09920852062625649,0.015638624237181115,0.8382589034412152
0480,Peltogyne mexicana Martínez,0648,Triplochiton scleroxylon K. Schum.,1.0029279183325168,0.1079574407089981,0.16453642510521302,0.8383914932273038
0033,Anacardium excelsum (Bertero & Balb. ex Kunth) Skeels,0324,Guibourtia pellegriniana J.Léonard,1.042160768387201,0.07482690115830566,0.20301559578579392,0.839145172601407
0479,Peltogyne catingae Ducke,0608,Swietenia mahagoni (L.) Jacq.,0.8893838473915396,0.05022355401665795,0.02812049764059408,0.8391602933748817
0324,Guibourtia pellegriniana J.Léonard,0552,Quercus alba L.,1.0424928220316496,0.20301559578579392,0.11942757291818792,0.8394772262458556
0006,Acer platanoides L.,0478,Peltogyne Vogel,1.029521373077051,0.18973256215443007,0.1811470023936011,0.8397888109226208
0006,Acer platanoides L.,0092,Brachystegia cynometroides Harms,1.0298440779697082,0.18973256215443007,0.05008607091450365,0.8401115158152781
0478,Peltogyne Vogel,0648,Triplochiton scleroxylon K. Schum.,1.02160230313484,0.1811470023936011,0.16453642510521302,0.840455300741239
0130,Castanea sativa Mill.,0479,Peltogyne catingae Ducke,0.9965537750383017,0.15586720528769307,0.05022355401665795,0.8406865697506086
0006,Acer platanoides L.,0301,Gilbertiodendron dewevrei (De Wild.) J.Léonard,1.0306685184038202,0.18973256215443007,0.15292725453998418,0.8409359562493901
0129,Castanea crenata Siebold & Zucc.,0541,Pterygota macrocarpa K. Schum.,0.8579593434482486,0.01642495583191611,0.016821229975053267,0.8411381134731953
0130,Castanea sativa Mill.,0301,Gilbertiodendron dewevrei (De Wild.) J.Léonard,0.9983557352130925,0.15586720528769307,0.15292725453998418,0.8424885299253995
0294,Fraxinus excelsior L.,0318,Leplaea cedrata (A.Chev.) E.J.M.Koenen & J.J.de Wilde,1.0191344270327916,0.17627665442045826,0.015638624237181115,0.8428577726123333
0081,Betula pendula Roth,0480,Peltogyne mexicana Martínez,0.9511034847949608,0.0025807385340572584,0.1079574407089981,0.8431460440859626
0301,Gilbertiodendron dewevrei (De Wild.) J.Léonard,0541,Pterygota macrocarpa K. Schum.,0.9960859943044101,0.15292725453998418,0.016821229975053267,0.843158739764426
0375,Koompassia malaccensis Maing.,0648,Triplochiton scleroxylon K. Schum.,1.007839858984278,0.03982575224826281,0.16453642510521302,0.843303433879065
0461,Ochroma pyramidale (Cav. ex Lam.) Urb.,0478,Peltogyne Vogel,1.0250258888325634,0.09605455767171649,0.1811470023936011,0.8438788864389624
0245,Dryobalanops aromatica C.F.Gaertn.,0257,Entandrophragma candollei Harms,1.0335528108275787,0.08261225579476351,0.18916044854556002,0.8443923622820186
0081,Betula pendula Roth,0302,Gilbertiodendron preussii (Harms) J.Léonard,0.9622387758277352,0.0025807385340572584,0.1175198759908919,0.8447188998368433
0130,Castanea sativa Mill.,0478,Peltogyne Vogel,1.026480200378903,0.15586720528769307,0.1811470023936011,0.845333197985302
0245,Dryobalanops aromatica C.F.Gaertn.,0331,Heritiera utilis (Sprague) Sprague,1.0593187611143917,0.08261225579476351,0.21354296220717087,0.8457757989072209
0245,Dryobalanops aromatica C.F.Gaertn.,0371,Khaya grandifoliola C.DC.,0.9288307685793512,0.08261225579476351,0.048818241280783575,0.8462185127845877
0478,Peltogyne Vogel,0542,Pycnanthus angolensis (Welw.) Warb.,1.0274457945611144,0.1811470023936011,0.07234546467128498,0.8462987921675134
0431,Millettia laurentii De Wild.,0550,Quercus mongolica Fisch. ex Ledeb.,0.9945270346751476,0.14784264520810295,0.0339628776830313,0.8466843894670446
0396,Lophira alata Banks ex C.F.Gaertn.,0542,Pycnanthus angolensis (Welw.) Warb.,0.9191036089907674,0.027865923684178843,0.07234546467128498,0.8467581443194824
0318,Leplaea cedrata (A.Chev.) E.J.M.Koenen & J.J.de Wilde,0608,Swietenia mahagoni (L.) Jacq.,0.8749601875529446,0.015638624237181115,0.02812049764059408,0.8468396899123505
0066,Aucoumea klaineana Pierre,0480,Peltogyne mexicana Martínez,1.0160981595707943,0.1689848833310126,0.1079574407089981,0.8471132762397817
0147,Ceiba pentandra (L.) Gaertn.,0396,Lophira alata Banks ex C.F.Gaertn.,0.9467021512917428,0.09920852062625649,0.027865923684178843,0.8474936306654863
0418,Mansonia altissima (A. Chev.) A. Chev.,0608,Swietenia mahagoni (L.) Jacq.,0.8776151186926631,0.012409313496156668,0.02812049764059408,0.849494621052069
0366,Juglans regia L.,0608,Swietenia mahagoni (L.) Jacq.,0.878429322705588,0.0161593253050704,0.02812049764059408,0.850308825064994
0301,Gilbertiodendron dewevrei (De Wild.) J.Léonard,0461,Ochroma pyramidale (Cav. ex Lam.) Urb.,1.0038480173930584,0.15292725453998418,0.09605455767171649,0.8509207628530742
0092,Brachystegia cynometroides Harms,0648,Triplochiton scleroxylon K. Schum.,1.017207072017174,0.05008607091450365,0.16453642510521302,0.8526706469119609
0066,Aucoumea klaineana Pierre,0302,Gilbertiodendron preussii (Harms) J.Léonard,1.0223085392594977,0.1689848833310126,0.1175198759908919,0.8533236559284851
0066,Aucoumea klaineana Pierre,0478,Peltogyne Vogel,1.0354256821570358,0.1689848833310126,0.1811470023936011,0.8542786797634347
0066,Aucoumea klaineana Pierre,0092,Brachystegia cynometroides Harms,1.0239824778897693,0.1689848833310126,0.05008607091450365,0.8549975945587567
0147,Ceiba pentandra (L.) Gaertn.,0324,Guibourtia pellegriniana J.Léonard,1.0591074170213781,0.09920852062625649,0.20301559578579392,0.8560918212355841
0066,Aucoumea klaineana Pierre,0375,Koompassia malaccensis Maing.,1.0252097313707074,0.1689848833310126,0.03982575224826281,0.8562248480396948
0302,Gilbertiodendron preussii (Harms) J.Léonard,0648,Triplochiton scleroxylon K. Schum.,1.0210467753527592,0.1175198759908919,0.16453642510521302,0.8565103502475462
0396,Lophira alata Banks ex C.F.Gaertn.,0608,Swietenia mahagoni (L.) Jacq.,0.884806303390308,0.027865923684178843,0.02812049764059408,0.8566858057497139
0371,Khaya grandifoliola C.DC.,0550,Quercus mongolica Fisch. ex Ledeb.,0.9056341440278779,0.048818241280783575,0.0339628776830313,0.8568159027470943
0367,Juglans nigra L.,0478,Peltogyne Vogel,1.0383748738740137,0.02005651109636719,0.1811470023936011,0.8572278714804127
0554,Quercus robur L.,0608,Swietenia mahagoni (L.) Jacq.,0.967706093957649,0.11024859949584655,0.02812049764059408,0.8574574944618024
0554,Quercus robur L.,0607,Swietenia macrophylla King,0.968281234939997,0.11024859949584655,0.07084689292776884,0.8580326354441504
0092,Brachystegia cynometroides Harms,0396,Lophira alata Banks ex C.F.Gaertn.,0.9082908626042296,0.05008607091450365,0.027865923684178843,0.858204791689726
0245,Dryobalanops aromatica C.F.Gaertn.,0461,Ochroma pyramidale (Cav. ex Lam.) Urb.,0.954879922539601,0.08261225579476351,0.09605455767171649,0.8588253648678845
0129,Castanea crenata Siebold & Zucc.,0301,Gilbertiodendron dewevrei (De Wild.) J.Léonard,1.0120324898348345,0.01642495583191611,0.15292725453998418,0.8591052352948503
0147,Ceiba pentandra (L.) Gaertn.,0431,Millettia laurentii De Wild.,1.0072639770781233,0.09920852062625649,0.14784264520810295,0.8594213318700203
0147,Ceiba pentandra (L.) Gaertn.,0325,Guibourtia tessmannii (Harms) J.Léonard,1.0575813521748456,0.09920852062625649,0.19769310265299028,0.8598882495218554
0324,Guibourtia pellegriniana J.Léonard,0554,Quercus robur L.,1.0629540745007362,0.20301559578579392,0.11024859949584655,0.8599384787149422
0081,Betula pendula Roth,0396,Lophira alata Banks ex C.F.Gaertn.,0.8880807037155952,0.0025807385340572584,0.027865923684178843,0.8602147800314164
0130,Castanea sativa Mill.,0608,Swietenia mahagoni (L.) Jacq.,1.0174223351338711,0.15586720528769307,0.02812049764059408,0.8615551298461781
0092,Brachystegia cynometroides Harms,0318,Leplaea cedrata (A.Chev.) E.J.M.Koenen & J.J.de Wilde,0.9125420576594055,0.05008607091450365,0.015638624237181115,0.8624559867449019
0302,Gilbertiodendron preussii (Harms) J.Léonard,0541,Pterygota macrocarpa K. Schum.,0.9804158727467874,0.1175198759908919,0.016821229975053267,0.8628959967558956
0041,Aniba rosodora Ducke,0479,Peltogyne catingae Ducke,0.9287212668648823,0.0656528117264906,0.05022355401665795,0.8630684551383917
0479,Peltogyne catingae Ducke,0552,Quercus alba L.,0.9834267195098674,0.05022355401665795,0.11942757291818792,0.8639991465916794
0130,Castanea sativa Mill.,0302,Gilbertiodendron preussii (Harms) J.Léonard,1.020143956788576,0.15586720528769307,0.1175198759908919,0.8642767515008829
0130,Castanea sativa Mill.,0158,"Chlorocardium rodiei (R.H.Schomb.) Rohwer, H.G.Richt. & van der Werff",1.0202336772075764,0.15586720528769307,0.10003326503781798,0.8643664719198834
0371,Khaya grandifoliola C.DC.,0430,Milicia excelsa (Welw.) C.C. Berg,1.087345977703709,0.048818241280783575,0.2228508772324565,0.8644951004712527
0294,Fraxinus excelsior L.,0396,Lophira alata Banks ex C.F.Gaertn.,1.0408996251672737,0.17627665442045826,0.027865923684178843,0.8646229707468155
0158,"Chlorocardium rodiei (R.H.Schomb.) Rohwer, H.G.Richt. & van der Werff",0552,Quercus alba L.,0.9844628887643136,0.10003326503781798,0.11942757291818792,0.8650353158461257
0130,Castanea sativa Mill.,0607,Swietenia macrophylla King,1.020952770461272,0.15586720528769307,0.07084689292776884,0.8650855651735789
0295,Fraxinus nigra Marshall,0431,Millettia laurentii De Wild.,1.0130747524295787,0.022324164890242817,0.14784264520810295,0.8652321072214757
0367,Juglans nigra L.,0606,Swietenia humilis Zucc.,0.9048362097507705,0.02005651109636719,0.03956854200666897,0.8652676677441016
0130,Castanea sativa Mill.,0480,Peltogyne mexicana Martínez,1.0220071949178557,0.15586720528769307,0.1079574407089981,0.8661399896301627
0041,Aniba rosodora Ducke,0324,Guibourtia pellegriniana J.Léonard,1.0691567556338086,0.0656528117264906,0.20301559578579392,0.8661411598480147
0244,Dryobalanops C.F.Gaertn.,0257,Entandrophragma candollei Harms,1.0555653864988945,0.03512342815501089,0.18916044854556002,0.8664049379533345
0066,Aucoumea klaineana Pierre,0301,Gilbertiodendron dewevrei (De Wild.) J.Léonard,1.0374060714369606,0.1689848833310126,0.15292725453998418,0.868421188105948
0238,Dipterocarpus kerrii King,0431,Millettia laurentii De Wild.,1.017500705749464,0.03389503762998255,0.14784264520810295,0.8696580605413611
0295,Fraxinus nigra Marshall,0325,Guibourtia tessmannii (Harms) J.Léonard,1.0686239861185876,0.022324164890242817,0.19769310265299028,0.8709308834655973
0130,Castanea sativa Mill.,0324,Guibourtia pellegriniana J.Léonard,1.07434420590548,0.15586720528769307,0.20301559578579392,0.871328610119686
0129,Castanea crenata Siebold & Zucc.,0607,Swietenia macrophylla King,0.9422218423041002,0.01642495583191611,0.07084689292776884,0.8713749493763314
0324,Guibourtia pellegriniana J.Léonard,0418,Mansonia altissima (A. Chev.) A. Chev.,1.074473416894136,0.20301559578579392,0.012409313496156668,0.8714578211083419
0081,Betula pendula Roth,0608,Swietenia mahagoni (L.) Jacq.,0.9000395218789481,0.0025807385340572584,0.02812049764059408,0.871919024238354
0324,Guibourtia pellegriniana J.Léonard,0541,Pterygota macrocarpa K. Schum.,1.0755256542703724,0.20301559578579392,0.016821229975053267,0.8725100584845784
0480,Peltogyne mexicana Martínez,0552,Quercus alba L.,0.9924579055211917,0.1079574407089981,0.11942757291818792,0.8730303326030038
0158,"Chlorocardium rodiei (R.H.Schomb.) Rohwer, H.G.Richt. & van der Werff",0318,Leplaea cedrata (A.Chev.) E.J.M.Koenen & J.J.de Wilde,0.9743892038102479,0.10003326503781798,0.015638624237181115,0.8743559387724299
0041,Aniba rosodora Ducke,0375,Koompassia malaccensis Maing.,0.9401738145021661,0.0656528117264906,0.03982575224826281,0.8745210027756755
0324,Guibourtia pellegriniana J.Léonard,0366,Juglans regia L.,1.0777127224589336,0.20301559578579392,0.0161593253050704,0.8746971266731396
0375,Koompassia malaccensis Maing.,0552,Quercus alba L.,0.995530209370309,0.03982575224826281,0.11942757291818792,0.876102636452121
0301,Gilbertiodendron dewevrei (De Wild.) J.Léonard,0552,Quercus alba L.,1.0292848202617384,0.15292725453998418,0.11942757291818792,0.8763575657217542
0375,Koompassia malaccensis Maing.,0607,Swietenia macrophylla King,0.9479263960189291,0.03982575224826281,0.07084689292776884,0.8770795030911603
0092,Brachystegia cynometroides Harms,0552,Quercus alba L.,0.9980449547615149,0.05008607091450365,0.11942757291818792,0.8786173818433269
0033,Anacardium excelsum (Bertero & Balb. ex Kunth) Skeels,0478,Peltogyne Vogel,1.0598269160529417,0.07482690115830566,0.1811470023936011,0.8786799136593406
0158,"Chlorocardium rodiei (R.H.Schomb.) Rohwer, H.G.Richt. & van der Werff",0554,Quercus robur L.,0.9889639668250638,0.10003326503781798,0.11024859949584655,0.8787153673292173
0129,Castanea crenata Siebold & Zucc.,0480,Peltogyne mexicana Martínez,0.9868279148416935,0.01642495583191611,0.1079574407089981,0.8788704741326954
0130,Castanea sativa Mill.,0375,Koompassia malaccensis Maing.,1.0349124286447051,0.15586720528769307,0.03982575224826281,0.8790452233570121
0418,Mansonia altissima (A. Chev.) A. Chev.,0479,Peltogyne catingae Ducke,0.9293648144980629,0.012409313496156668,0.05022355401665795,0.879141260481405
0033,Anacardium excelsum (Bertero & Balb. ex Kunth) Skeels,0318,Leplaea cedrata (A.Chev.) E.J.M.Koenen & J.J.de Wilde,0.9541383989193902,0.07482690115830566,0.015638624237181115,0.8793114977610845
0301,Gilbertiodendron dewevrei (De Wild.) J.Léonard,0648,Triplochiton scleroxylon K. Schum.,1.043936781346102,0.15292725453998418,0.16453642510521302,0.879400356240889
0366,Juglans regia L.,0479,Peltogyne catingae Ducke,0.9300616446941611,0.0161593253050704,0.05022355401665795,0.8798380906775032
0092,Brachystegia cynometroides Harms,0130,Castanea sativa Mill.,1.035742304734248,0.05008607091450365,0.15586720528769307,0.879875099446555
0129,Castanea crenata Siebold & Zucc.,0158,"Chlorocardium rodiei (R.H.Schomb.) Rohwer, H.G.Richt. & van der Werff",0.9801519859449946,0.01642495583191611,0.10003326503781798,0.8801187209071767
0479,Peltogyne catingae Ducke,0554,Quercus robur L.,0.9917783500058079,0.05022355401665795,0.11024859949584655,0.8815297505099614
0238,Dipterocarpus kerrii King,0325,Guibourtia tessmannii (Harms) J.Léonard,1.0794220832127026,0.03389503762998255,0.19769310265299028,0.8817289805597124
0245,Dryobalanops aromatica C.F.Gaertn.,0541,Pterygota macrocarpa K. Schum.,0.9659137497168482,0.08261225579476351,0.016821229975053267,0.8833014939220847
0295,Fraxinus nigra Marshall,0324,Guibourtia pellegriniana J.Léonard,1.0865875242644853,0.022324164890242817,0.20301559578579392,0.8835719284786914
0158,"Chlorocardium rodiei (R.H.Schomb.) Rohwer, H.G.Richt. & van der Werff",0367,Juglans nigra L.,0.9843299881826162,0.10003326503781798,0.02005651109636719,0.8842967231447982
0041,Aniba rosodora Ducke,0092,Brachystegia cynometroides Harms,0.9507685962827691,0.0656528117264906,0.05008607091450365,0.8851157845562785
0129,Castanea crenata Siebold & Zucc.,0302,Gilbertiodendron preussii (Harms) J.Léonard,1.0039100727079413,0.01642495583191611,0.1175198759908919,0.8863901967170494
0302,Gilbertiodendron preussii (Harms) J.Léonard,0461,Ochroma pyramidale (Cav. ex Lam.) Urb.,1.004569979162976,0.1175198759908919,0.09605455767171649,0.8870501031720842
0158,"Chlorocardium rodiei (R.H.Schomb.) Rohwer, H.G.Richt. & van der Werff",0541,Pterygota macrocarpa K. Schum.,0.9873067532572092,0.10003326503781798,0.016821229975053267,0.8872734882193912
0366,Juglans regia L.,0375,Koompassia malaccensis Maing.,0.9286170164086746,0.0161593253050704,0.03982575224826281,0.8887912641604118
0238,Dipterocarpus kerrii King,0318,Leplaea cedrata (A.Chev.) E.J.M.Koenen & J.J.de Wilde,0.9239504380881328,0.03389503762998255,0.015638624237181115,0.8900554004581502
0479,Peltogyne catingae Ducke,0606,Swietenia humilis Zucc.,0.9404046573092066,0.05022355401665795,0.03956854200666897,0.8901811032925487
0301,Gilbertiodendron dewevrei (De Wild.) J.Léonard,0550,Quercus mongolica Fisch. ex Ledeb.,1.043255179604677,0.15292725453998418,0.0339628776830313,0.8903279250646927
0375,Koompassia malaccensis Maing.,0418,Mansonia altissima (A. Chev.) A. Chev.,0.9302410134528041,0.03982575224826281,0.012409313496156668,0.8904152612045413
0301,Gilbertiodendron dewevrei (De Wild.) J.Léonard,0554,Quercus robur L.,1.0438639293188592,0.15292725453998418,0.11024859949584655,0.890936674778875
0480,Peltogyne mexicana Martínez,0554,Quercus robur L.,1.0017838109815753,0.1079574407089981,0.11024859949584655,0.8915352114857288
0129,Castanea crenata Siebold & Zucc.,0318,Leplaea cedrata (A.Chev.) E.J.M.Koenen & J.J.de Wilde,0.908351902713006,0.01642495583191611,0.015638624237181115,0.89192694688109
0092,Brachystegia cynometroides Harms,0366,Juglans regia L.,0.9429738417238802,0.05008607091450365,0.0161593253050704,0.8928877708093765
0158,"Chlorocardium rodiei (R.H.Schomb.) Rohwer, H.G.Richt. & van der Werff",0396,Lophira alata Banks ex C.F.Gaertn.,0.9931445710940379,0.10003326503781798,0.027865923684178843,0.8931113060562199
0147,Ceiba pentandra (L.) Gaertn.,0478,Peltogyne Vogel,1.0745224555261985,0.09920852062625649,0.1811470023936011,0.8933754531325975
0375,Koompassia malaccensis Maing.,0606,Swietenia humilis Zucc.,0.9338793976617329,0.03982575224826281,0.03956854200666897,0.8940536454134701
0129,Castanea crenata Siebold & Zucc.,0396,Lophira alata Banks ex C.F.Gaertn.,0.922132912168798,0.01642495583191611,0.027865923684178843,0.8942669884846192
0129,Castanea crenata Siebold & Zucc.,0606,Swietenia humilis Zucc.,0.9340400078891558,0.01642495583191611,0.03956854200666897,0.8944714658824868
0238,Dipterocarpus kerrii King,0324,Guibourtia pellegriniana J.Léonard,1.097685452055213,0.03389503762998255,0.20301559578579392,0.8946698562694191
0158,"Chlorocardium rodiei (R.H.Schomb.) Rohwer, H.G.Richt. & van der Werff",0461,Ochroma pyramidale (Cav. ex Lam.) Urb.,0.9951248946834004,0.10003326503781798,0.09605455767171649,0.8950916296455824
0479,Peltogyne catingae Ducke,0550,Quercus mongolica Fisch. ex Ledeb.,0.9453172073252201,0.05022355401665795,0.0339628776830313,0.8950936533085622
0301,Gilbertiodendron dewevrei (De Wild.) J.Léonard,0542,Pycnanthus angolensis (Welw.) Warb.,1.0483359992865782,0.15292725453998418,0.07234546467128498,0.8954087447465939
0092,Brachystegia cynometroides Harms,0418,Mansonia altissima (A. Chev.) A. Chev.,0.9457168158088115,0.05008607091450365,0.012409313496156668,0.8956307448943078
0301,Gilbertiodendron dewevrei (De Wild.) J.Léonard,0367,Juglans nigra L.,1.048794724012231,0.15292725453998418,0.02005651109636719,0.8958674694722468
0480,Peltogyne mexicana Martínez,0541,Pterygota macrocarpa K. Schum.,1.0048544542091427,0.1079574407089981,0.016821229975053267,0.8968970135001446
0302,Gilbertiodendron preussii (Harms) J.Léonard,0552,Quercus alba L.,1.0167147661872094,0.1175198759908919,0.11942757291818792,0.8972871932690214
0375,Koompassia malaccensis Maing.,0554,Quercus robur L.,1.0075744642513347,0.03982575224826281,0.11024859949584655,0.8973258647554881
0295,Fraxinus nigra Marshall,0318,Leplaea cedrata (A.Chev.) E.J.M.Koenen & J.J.de Wilde,0.9206353801087455,0.022324164890242817,0.015638624237181115,0.8983112152185027
0081,Betula pendula Roth,0092,Brachystegia cynometroides Harms,0.9494491693561887,0.0025807385340572584,0.05008607091450365,0.899363098441685
0081,Betula pendula Roth,0479,Peltogyne catingae Ducke,0.9528676719052858,0.0025807385340572584,0.05022355401665795,0.9026441178886279
0324,Guibourtia pellegriniana J.Léonard,0648,Triplochiton scleroxylon K. Schum.,1.105769222695334,0.20301559578579392,0.16453642510521302,0.90275362690954
0541,Pterygota macrocarpa K. Schum.,0550,Quercus mongolica Fisch. ex Ledeb.,0.936942862336222,0.016821229975053267,0.0339628776830313,0.9029799846531907
0461,Ochroma pyramidale (Cav. ex Lam.) Urb.,0480,Peltogyne mexicana Martínez,1.0110854329452805,0.09605455767171649,0.1079574407089981,0.9031279922362825
0542,Pycnanthus angolensis (Welw.) Warb.,0606,Swietenia humilis Zucc.,0.9761682223040651,0.07234546467128498,0.03956854200666897,0.9038227576327801
0541,Pterygota macrocarpa K. Schum.,0606,Swietenia humilis Zucc.,0.9444097297474439,0.016821229975053267,0.03956854200666897,0.9048411877407749
0302,Gilbertiodendron preussii (Harms) J.Léonard,0367,Juglans nigra L.,1.024369861313319,0.1175198759908919,0.02005651109636719,0.9068499853224271
0092,Brachystegia cynometroides Harms,0554,Quercus robur L.,1.0173055450627222,0.05008607091450365,0.11024859949584655,0.9070569455668757
0033,Anacardium excelsum (Bertero & Balb. ex Kunth) Skeels,0301,Gilbertiodendron dewevrei (De Wild.) J.Léonard,1.060173440421178,0.07482690115830566,0.15292725453998418,0.9072461858811938
0295,Fraxinus nigra Marshall,0478,Peltogyne Vogel,1.0884234729088138,0.022324164890242817,0.1811470023936011,0.9072764705152128
0302,Gilbertiodendron preussii (Harms) J.Léonard,0554,Quercus robur L.,1.0253974872062246,0.1175198759908919,0.11024859949584655,0.9078776112153327
0033,Anacardium excelsum (Bertero & Balb. ex Kunth) Skeels,0302,Gilbertiodendron preussii (Harms) J.Léonard,1.0256493965334348,0.07482690115830566,0.1175198759908919,0.9081295205425429
0367,Juglans nigra L.,0607,Swietenia macrophylla King,0.981180364875816,0.02005651109636719,0.07084689292776884,0.9103334719480471
0244,Dryobalanops C.F.Gaertn.,0371,Khaya grandifoliola C.DC.,0.959406460865828,0.03512342815501089,0.048818241280783575,0.9105882195850444
0480,Peltogyne mexicana Martínez,0550,Quercus mongolica Fisch. ex Ledeb.,1.019549531798811,0.1079574407089981,0.0339628776830313,0.911592091089813
0367,Juglans nigra L.,0480,Peltogyne mexicana Martínez,1.0207299894901536,0.02005651109636719,0.1079574407089981,0.9127725487811555
0245,Dryobalanops aromatica C.F.Gaertn.,0318,Leplaea cedrata (A.Chev.) E.J.M.Koenen & J.J.de Wilde,0.9971492925541248,0.08261225579476351,0.015638624237181115,0.9145370367593613
0081,Betula pendula Roth,0375,Koompassia malaccensis Maing.,0.9544300182273293,0.0025807385340572584,0.03982575224826281,0.9146042659790665
0129,Castanea crenata Siebold & Zucc.,0608,Swietenia mahagoni (L.) Jacq.,0.943688265910996,0.01642495583191611,0.02812049764059408,0.9155677682704019
0375,Koompassia malaccensis Maing.,0461,Ochroma pyramidale (Cav. ex Lam.) Urb.,1.0119854196322835,0.03982575224826281,0.09605455767171649,0.915930861960567
0541,Pterygota macrocarpa K. Schum.,0607,Swietenia macrophylla King,0.9869005132483549,0.016821229975053267,0.07084689292776884,0.9160536203205861
0066,Aucoumea klaineana Pierre,0324,Guibourtia pellegriniana J.Léonard,1.1199298606602113,0.1689848833310126,0.20301559578579392,0.9169142648744173
0238,Dipterocarpus kerrii King,0478,Peltogyne Vogel,1.0997765647296234,0.03389503762998255,0.1811470023936011,0.9186295623360223
0033,Anacardium excelsum (Bertero & Balb. ex Kunth) Skeels,0396,Lophira alata Banks ex C.F.Gaertn.,0.9939583035334607,0.07482690115830566,0.027865923684178843,0.919131402375155
0480,Peltogyne mexicana Martínez,0542,Pycnanthus angolensis (Welw.) Warb.,1.0272528641550862,0.1079574407089981,0.07234546467128498,0.9192954234460882
0033,Anacardium excelsum (Bertero & Balb. ex Kunth) Skeels,0479,Peltogyne catingae Ducke,0.9942459991490078,0.07482690115830566,0.05022355401665795,0.9194190979907021
0238,Dipterocarpus kerrii King,0396,Lophira alata Banks ex C.F.Gaertn.,0.9546254782788357,0.03389503762998255,0.027865923684178843,0.9207304406488531
0033,Anacardium excelsum (Bertero & Balb. ex Kunth) Skeels,0480,Peltogyne mexicana Martínez,1.031191660574079,0.07482690115830566,0.1079574407089981,0.9232342198650809
0302,Gilbertiodendron preussii (Harms) J.Léonard,0542,Pycnanthus angolensis (Welw.) Warb.,1.041765520993577,0.1175198759908919,0.07234546467128498,0.9242456450026851
0092,Brachystegia cynometroides Harms,0461,Ochroma pyramidale (Cav. ex Lam.) Urb.,1.0203764356540974,0.05008607091450365,0.09605455767171649,0.924321877982381
0302,Gilbertiodendron preussii (Harms) J.Léonard,0550,Quercus mongolica Fisch. ex Ledeb.,1.042566188093009,0.1175198759908919,0.0339628776830313,0.9250463121021172
0129,Castanea crenata Siebold & Zucc.,0479,Peltogyne catingae Ducke,0.9769851347038506,0.01642495583191611,0.05022355401665795,0.9267615806871927
0479,Peltogyne catingae Ducke,0541,Pterygota macrocarpa K. Schum.,0.9780256583165344,0.05022355401665795,0.016821229975053267,0.9278021042998765
0375,Koompassia malaccensis Maing.,0608,Swietenia mahagoni (L.) Jacq.,0.9693573625213528,0.03982575224826281,0.02812049764059408,0.9295316102730901
0295,Fraxinus nigra Marshall,0396,Lophira alata Banks ex C.F.Gaertn.,0.9575461823752283,0.022324164890242817,0.027865923684178843,0.9296802586910494
0147,Ceiba pentandra (L.) Gaertn.,0479,Peltogyne catingae Ducke,1.029709876518002,0.09920852062625649,0.05022355401665795,0.9305013558917454
0158,"Chlorocardium rodiei (R.H.Schomb.) Rohwer, H.G.Richt. & van der Werff",0550,Quercus mongolica Fisch. ex Ledeb.,1.0307994937549805,0.10003326503781798,0.0339628776830313,0.9307662287171625
0092,Brachystegia cynometroides Harms,0129,Castanea crenata Siebold & Zucc.,0.9845458661826976,0.05008607091450365,0.01642495583191611,0.9344597952681939
0245,Dryobalanops aromatica C.F.Gaertn.,0396,Lophira alata Banks ex C.F.Gaertn.,1.0181407239745157,0.08261225579476351,0.027865923684178843,0.9355284681797522
0318,Leplaea cedrata (A.Chev.) E.J.M.Koenen & J.J.de Wilde,0550,Quercus mongolica Fisch. ex Ledeb.,0.9699166844348797,0.015638624237181115,0.0339628776830313,0.9359538067518484
0324,Guibourtia pellegriniana J.Léonard,0367,Juglans nigra L.,1.1392477295648085,0.20301559578579392,0.02005651109636719,0.9362321337790145
0158,"Chlorocardium rodiei (R.H.Schomb.) Rohwer, H.G.Richt. & van der Werff",0542,Pycnanthus angolensis (Welw.) Warb.,1.0382249643683503,0.10003326503781798,0.07234546467128498,0.9381916993305324
0147,Ceiba pentandra (L.) Gaertn.,0301,Gilbertiodendron dewevrei (De Wild.) J.Léonard,1.091655029011107,0.09920852062625649,0.15292725453998418,0.9387277744711227
0396,Lophira alata Banks ex C.F.Gaertn.,0550,Quercus mongolica Fisch. ex Ledeb.,0.9759403110958631,0.027865923684178843,0.0339628776830313,0.9419774334128318
0367,Juglans nigra L.,0479,Peltogyne catingae Ducke,0.9978876048525374,0.02005651109636719,0.05022355401665795,0.9476640508358795
0129,Castanea crenata Siebold & Zucc.,0375,Koompassia malaccensis Maing.,0.9878672934539245,0.01642495583191611,0.03982575224826281,0.9480415412056618
0244,Dryobalanops C.F.Gaertn.,0541,Pterygota macrocarpa K. Schum.,0.9844924700522442,0.03512342815501089,0.016821229975053267,0.9493690418972333
0367,Juglans nigra L.,0608,Swietenia mahagoni (L.) Jacq.,0.9775016765738997,0.02005651109636719,0.02812049764059408,0.9493811789333056
0371,Khaya grandifoliola C.DC.,0479,Peltogyne catingae Ducke,1.0060348267987478,0.048818241280783575,0.05022355401665795,0.9558112727820899
0375,Koompassia malaccensis Maing.,0542,Pycnanthus angolensis (Welw.) Warb.,1.0295921786410547,0.03982575224826281,0.07234546467128498,0.9572467139697697
0375,Koompassia malaccensis Maing.,0541,Pterygota macrocarpa K. Schum.,0.99772489569777,0.03982575224826281,0.016821229975053267,0.9578991434495072
0318,Leplaea cedrata (A.Chev.) E.J.M.Koenen & J.J.de Wilde,0479,Peltogyne catingae Ducke,1.0098263485447116,0.015638624237181115,0.05022355401665795,0.9596027945280537
0541,Pterygota macrocarpa K. Schum.,0608,Swietenia mahagoni (L.) Jacq.,0.9882906257692978,0.016821229975053267,0.02812049764059408,0.9601701281287037
0396,Lophira alata Banks ex C.F.Gaertn.,0479,Peltogyne catingae Ducke,1.0105311262572685,0.027865923684178843,0.05022355401665795,0.9603075722406106
0550,Quercus mongolica Fisch. ex Ledeb.,0606,Swietenia humilis Zucc.,1.0005588063215147,0.0339628776830313,0.03956854200666897,0.9609902643148458
0147,Ceiba pentandra (L.) Gaertn.,0302,Gilbertiodendron preussii (Harms) J.Léonard,1.0792472098598205,0.09920852062625649,0.1175198759908919,0.9617273338689286
0092,Brachystegia cynometroides Harms,0541,Pterygota macrocarpa K. Schum.,1.0122587097215303,0.05008607091450365,0.016821229975053267,0.9621726388070266
0147,Ceiba pentandra (L.) Gaertn.,0480,Peltogyne mexicana Martínez,1.0704802335747468,0.09920852062625649,0.1079574407089981,0.9625227928657487
0295,Fraxinus nigra Marshall,0480,Peltogyne mexicana Martínez,1.0715634536502652,0.022324164890242817,0.1079574407089981,0.9636060129412671
0092,Brachystegia cynometroides Harms,0542,Pycnanthus angolensis (Welw.) Warb.,1.0359595878509822,0.05008607091450365,0.07234546467128498,0.9636141231796972
0245,Dryobalanops aromatica C.F.Gaertn.,0607,Swietenia macrophylla King,1.0539186376013443,0.08261225579476351,0.07084689292776884,0.9713063818065808
0238,Dipterocarpus kerrii King,0301,Gilbertiodendron dewevrei (De Wild.) J.Léonard,1.124892663196736,0.03389503762998255,0.15292725453998418,0.9719654086567517
0245,Dryobalanops aromatica C.F.Gaertn.,0608,Swietenia mahagoni (L.) Jacq.,1.0572634134250607,0.08261225579476351,0.02812049764059408,0.9746511576302972
0245,Dryobalanops aromatica C.F.Gaertn.,0606,Swietenia humilis Zucc.,1.0589848086886184,0.08261225579476351,0.03956854200666897,0.9763725528938549
0033,Anacardium excelsum (Bertero & Balb. ex Kunth) Skeels,0375,Koompassia malaccensis Maing.,1.0514957069717745,0.07482690115830566,0.03982575224826281,0.9766688058134688
0092,Brachystegia cynometroides Harms,0550,Quercus mongolica Fisch. ex Ledeb.,1.0284421801050487,0.05008607091450365,0.0339628776830313,0.978356109190545
0033,Anacardium excelsum (Bertero & Balb. ex Kunth) Skeels,0092,Brachystegia cynometroides Harms,1.0542745704578587,0.07482690115830566,0.05008607091450365,0.979447669299553
0238,Dipterocarpus kerrii King,0480,Peltogyne mexicana Martínez,1.0883861471247465,0.03389503762998255,0.1079574407089981,0.9804287064157484
0092,Brachystegia cynometroides Harms,0147,Ceiba pentandra (L.) Gaertn.,1.0800338807580303,0.05008607091450365,0.09920852062625649,0.9808253601317738
0367,Juglans nigra L.,0375,Koompassia malaccensis Maing.,1.0217000769129116,0.02005651109636719,0.03982575224826281,0.9818743246646489
0147,Ceiba pentandra (L.) Gaertn.,0375,Koompassia malaccensis Maing.,1.08224259865587,0.09920852062625649,0.03982575224826281,0.9830340780296134
0238,Dipterocarpus kerrii King,0302,Gilbertiodendron preussii (Harms) J.Léonard,1.1009398854976682,0.03389503762998255,0.1175198759908919,0.9834200095067763
0244,Dryobalanops C.F.Gaertn.,0318,Leplaea cedrata (A.Chev.) E.J.M.Koenen & J.J.de Wilde,1.0210510259451278,0.03512342815501089,0.015638624237181115,0.9859275977901168
0295,Fraxinus nigra Marshall,0301,Gilbertiodendron dewevrei (De Wild.) J.Léonard,1.1400245274614877,0.022324164890242817,0.15292725453998418,0.9870972729215035
0295,Fraxinus nigra Marshall,0479,Peltogyne catingae Ducke,1.0390965682098285,0.022324164890242817,0.05022355401665795,0.9888730141931706
0375,Koompassia malaccensis Maing.,0550,Quercus mongolica Fisch. ex Ledeb.,1.0293154887588203,0.03982575224826281,0.0339628776830313,0.9894897365105575
0092,Brachystegia cynometroides Harms,0367,Juglans nigra L.,1.043160074005331,0.05008607091450365,0.02005651109636719,0.9930740030908274
0238,Dipterocarpus kerrii King,0479,Peltogyne catingae Ducke,1.0458983562750361,0.03389503762998255,0.05022355401665795,0.9956748022583782
0244,Dryobalanops C.F.Gaertn.,0396,Lophira alata Banks ex C.F.Gaertn.,1.0377009371974184,0.03512342815501089,0.027865923684178843,1.0025775090424076
0295,Fraxinus nigra Marshall,0302,Gilbertiodendron preussii (Harms) J.Léonard,1.12251160577007,0.022324164890242817,0.1175198759908919,1.004991729779178
0092,Brachystegia cynometroides Harms,0295,Fraxinus nigra Marshall,1.1004279667241412,0.05008607091450365,0.022324164890242817,1.0503418958096375
0295,Fraxinus nigra Marshall,0375,Koompassia malaccensis Maing.,1.0914981020233296,0.022324164890242817,0.03982575224826281,1.0516723497750669
0244,Dryobalanops C.F.Gaertn.,0606,Swietenia humilis Zucc.,1.092115025357832,0.03512342815501089,0.03956854200666897,1.052546483351163
0092,Brachystegia cynometroides Harms,0238,Dipterocarpus kerrii King,1.1141679006478848,0.05008607091450365,0.03389503762998255,1.0640818297333812
0238,Dipterocarpus kerrii King,0375,Koompassia malaccensis Maing.,1.1040796995037017,0.03389503762998255,0.03982575224826281,1.0642539472554389
