,0003,0006,0007,0009,0030,0033,0034,0035,0041,0045,0066,0070,0071,0072,0073,0080,0081,0085,0091,0092,0093,0095,0096,0114,0115,0129,0130,0147,0157,0158,0181,0195,0207,0214,0236,0238,0239,0243,0244,0245,0256,0257,0258,0259,0269,0270,0293,0294,0295,0296,0297,0301,0302,0313,0318,0323,0324,0325,0326,0331,0353,0354,0366,0367,0371,0372,0375,0380,0396,0399,0418,0425,0426,0430,0431,0461,0478,0479,0480,0530,0541,0542,0550,0552,0553,0554,0606,0607,0608,0613,0621,0625,0648,0678,0679
0003,1.3877787807814457e-16,1.019059802829309,1.0363079551528662,0.5711476650056189,0.2769347786505397,0.7106247800592187,0.6039817449518867,0.6841549292189943,0.9158949479437188,0.7369004743722615,1.0148480835132327,0.6328530550104288,0.915411037032985,1.019110166311434,0.9126284396051604,0.9549635921528798,0.9435991094990805,0.7727693899611117,0.7314668840201234,0.6479941260900167,0.6993592390343659,0.7234258919349812,0.691837407380004,0.7118117770552772,0.49385338887380514,0.9898021759928186,1.0394409406845997,0.7779339062022308,0.7255402745256714,0.40327022844484806,0.7224691128604235,0.7510972616863418,0.4792279514496808,0.578470274192412,0.6063848135000378,0.7992073294195754,0.806845878199377,0.6488293054276877,0.8620492652594316,0.8461418109227377,0.5843352775661879,0.7572424437949477,0.3319727170460053,0.7433703380438644,0.5543824874267884,0.5742095361903152,0.6607982566000636,0.7253373787164001,0.851586075297222,0.6046347794884769,0.6977593098740953,0.6883320514397095,0.5429506201876928,0.8289916638892216,0.8864564629212507,0.8213633230702437,0.7440539184565527,0.9365948199292184,0.706842874039567,0.7612413443237402,0.8327711785961998,0.5707412133379282,0.9143489667049097,1.0285801679059,0.7159729887677863,0.5827273940778464,0.6323005190431237,0.7408423835685073,0.903288910769609,0.3687245393334978,0.9151720236453842,0.8333533514441338,0.7617290253848535,0.8682435644180685,0.7895196480867996,1.0164429534765815,0.7004088332744791,0.8808236856064158,0.6824228036924697,0.9984592871286234,1.013782954037668,1.0588375763243572,1.0438157557040006,1.001517882664927,1.0189250355435782,1.0157108093548195,0.6741659036337636,0.7090558233676354,0.7290972645204242,0.5436792977819126,0.8125707809641206,0.3278660022457368,1.001220826829154,0.3556821984048879,0.9822123039569479
0006,1.019059802829309,5.551115123125783e-17,0.12863684301992287,0.8636404688104,1.0340196334213565,0.8399658498619158,0.9424715675328765,0.9410992504135556,0.5280417274650856,0.8495845977205227,0.5244867841579286,0.924134803903066,0.7922393733024826,0.727688137205896,0.48639143447872424,0.3789810185269109,0.5430646073486722,0.9316578951546534,1.0400161412009092,1.0298440779697082,1.001396690859555,0.8935460990849617,0.9754457843598614,0.881547754202844,0.8452884788232082,0.8272756671725345,0.8829631074436679,0.8537432179587374,0.6348997773035873,0.9856286987515279,0.8268206758569356,0.8594225899291901,1.0017928078460283,0.8328572759568313,0.8990959277090917,0.8193186455649283,0.8662879433243447,0.9574886857962035,0.6620216685444789,0.941651450274668,0.6712049580938096,0.9459920483349038,0.9132491991375473,0.9263594978646625,1.0693071427376926,1.0504091289611315,0.9256659723234644,0.9445212633896727,0.7865271012594626,0.9001074971642785,0.9168391791994311,1.0306685184038202,1.016564287887194,0.667447049270273,0.8644450250060919,0.6729174151893877,0.819160945361668,0.6289775300431024,0.6818174754563484,0.5444247488625914,0.7832994910835724,1.0087635404089115,0.5113217129040045,0.6761601503314228,0.7059786938508525,0.5936534193957683,1.025386063340247,0.9128043603928828,0.8998252682896167,1.0318692596100565,0.5049711943100677,0.8701497541107762,1.005482877878816,1.0527700702821454,0.9594912417210907,0.19338552785772342,1.029521373077051,0.8788792154815432,1.0089276909271763,0.9236523282879407,0.7890554691380971,0.493412615513158,0.6724360158278142,0.8264561072989498,0.8072005502721009,0.8144453546731811,0.9417235414255898,0.6445024806317873,0.6439713230328447,0.9902507405049579,0.8336627039505367,0.9875105560601158,0.6753628589861327,0.9977056182298227,0.6468713841492789
0007,1.0363079551528662,0.12863684301992287,2.220446049250313e-16,0.9204435407559559,1.0315359992640944,0.9131376011316862,0.9713331146483415,0.9711123543202036,0.6645705603575958,0.9035555403956442,0.6286859445787156,0.8681990915877201,0.8729744035098619,0.6719111714955868,0.493194972075576,0.41912978056033745,0.4611414403601334,0.9406899114787449,1.0286310494431266,1.025560889949776,1.0021249158502892,0.9274308120125132,0.9883065089819445,0.9027437342559114,0.8540001817183451,0.8744457360440955,0.9174934765310768,0.9014900179278329,0.742886803770338,1.0030926502836233,0.8805933745368536,0.9109076858813716,1.0012870400790712,0.8402155060686263,0.9588238892447944,0.8863019215075593,0.9064888319790891,0.9685580242192493,0.7179584144688572,0.9550204191861713,0.6996955305475228,0.9665168699880982,0.9237508564589403,0.9449475112695169,1.0501609005014019,1.0419300891038135,0.9509701289227692,0.9659740052451741,0.8663487518066545,0.9472784248365267,0.9421714463081013,1.0242936370447109,1.0120901895398875,0.7930525604685712,0.9058405656421269,0.677348256793052,0.826447657310004,0.6644373138517965,0.7194885360358507,0.4635154354232667,0.7222808129240369,1.0282001603568036,0.652374657072889,0.7842497792544345,0.8096671287640862,0.6964764146635016,1.0253212652447543,0.9397195154548963,0.9288808035636169,1.0310387197509452,0.6451285634560675,0.9087831480444735,1.0056335164334922,1.0398577640998679,0.9759378562453993,0.35524046465079906,1.0210845621013962,0.8975217465228085,1.0139168486257484,0.9428328510727864,0.8531568793867089,0.5626643911804585,0.7179573793552336,0.8785194884529566,0.8439156548772051,0.8717427542203033,0.9634771209565443,0.6884793834918312,0.6869190929681097,1.005421258529102,0.8448975013382444,1.0041896729171433,0.7976177338877855,1.0051492072295876,0.6589463493737654
0009,0.5711476650056189,0.8636404688104,0.9204435407559559,1.3877787807814457e-16,0.6194279474885338,0.8571630764409381,0.6333456284609402,0.8984964047949471,0.5998443182120312,0.6228116054465846,0.8134637450943735,0.9072244005399523,0.7786901797872767,0.8872776814918328,0.7593372576975719,0.714542919931999,0.7832599825426464,0.6416018481957059,0.5905817968484606,0.5147935929020367,0.4766213538245211,0.7035758706772055,0.5012613080808626,0.5692348730149532,0.8366924156135697,0.8761355465240264,0.966598223915256,0.9889784049231447,0.7197527029416213,0.49100394317987395,0.7531131181116579,0.7770214103684802,0.588299653141159,0.8489399782315825,0.7923478340734682,0.94280694483889,0.6597689995504719,0.6908010420298059,0.7035547391895038,0.6847731670500896,0.7436862237156994,0.8964010312436996,0.8293188040231797,0.8094477221939266,0.7454462693151169,0.6262455817473888,0.8867179079030069,0.9317435789227978,0.8906232554615456,0.9054650372906399,0.873854545610546,0.5369380956719548,0.40194537530161223,0.6229842102247463,0.7565179730433378,0.6809156093718027,0.6811778701169369,0.8059978633264153,0.6276745245054935,0.966867127714395,0.6927277921888475,0.32434055257000993,0.6425802665366795,0.7805634589543607,0.48449488933067486,0.7204137572274957,0.46076673614932695,0.5621687047244415,0.8143554730403693,0.5360786948270115,0.6313993300083736,0.5509302515436025,0.5688218074343244,0.8682281101160434,0.7076251561272245,0.8681708023153887,0.5498875520878783,0.749605328120635,0.5386879127809656,0.9394330621520194,0.9063114831831475,0.9333426144092715,0.9758270160220683,0.8719373103149688,0.9101822590567216,0.8632398712645694,0.844295869733124,0.9128648422586562,0.9190236706667626,0.7076800826719685,0.7775749355649044,0.6793740385082683,0.7913271191881837,0.5933726826623813,0.8430534416485167
0030,0.2769347786505397,1.0340196334213565,1.0315359992640944,0.6194279474885338,3.0531133177191805e-16,0.7459090141990767,0.388649343772852,0.6916688062238578,0.9114979317137546,0.6507631044535025,1.0515123795889532,0.5716439111403283,0.9468936315664732,1.0424458664519276,0.9904781655702919,0.9694987729586712,0.9808909088151364,0.842880609673089,0.6159126871064281,0.6275185577273799,0.6947047226651386,0.7182778122746118,0.5482494324000342,0.6797365782551061,0.653956361997759,1.0239020365571132,1.0239790881925925,0.8279054288279231,0.7374239762013302,0.2736227820877635,0.7224780516427316,0.7953304506748577,0.5322254295538735,0.7360268959483789,0.6637658716917412,0.8462633949530156,0.747438481384087,0.5844684056863636,0.779506443576731,0.7642334584806243,0.6410992169621772,0.846614939811878,0.5658510221744644,0.8532708521002588,0.5065618983048285,0.5323308710295891,0.7020983792250968,0.7828420208156767,0.9238477836075383,0.6941122490144023,0.7737790998659546,0.5363528957568652,0.4389791559820735,0.8679065041784537,0.9344985995671442,0.8186023184038584,0.761768254263766,0.9186809502391875,0.6632920469225003,0.8663036553541379,0.7262470475971738,0.5983230570452817,0.925010963198495,1.0496729378322005,0.8628746838417982,0.7815138698929309,0.6089767792543219,0.6792054950064849,0.9402375773297786,0.4675531713882784,0.9309290514162823,0.8862756872847677,0.740404190328749,0.7518315439885099,0.8470547416019241,1.019783486251749,0.6491560122992716,0.745109389337158,0.6461750265405193,1.0066584673416588,0.996160394715054,1.0751128141506046,1.0618558815709147,1.0380860829366512,1.053232975075041,1.048066305897474,0.8265502605165773,0.8586428619559205,0.8649345207217836,0.40913809266876644,0.8204664217972422,0.5068628652113265,1.052024426121291,0.24092493870508702,0.9771642804877758
0033,0.7106247800592187,0.8399658498619158,0.9131376011316862,0.8571630764409381,0.7459090141990767,2.7755575615628914e-17,0.6674416761413214,0.16348353658500536,0.6515038407384737,0.39750876799080226,0.47877037404384637,0.5668096177654789,0.6368287952344298,0.6931896317047495,0.9730190587445071,0.7092964931658957,0.8030767584188976,0.9127373786519911,1.0581746889195662,1.0542745704578587,1.0251373387917768,0.41070989898706445,0.8301271997653679,0.6730991958164902,0.7493039166376055,0.6816228351402599,0.7415165639959684,0.2062319738898673,0.40572803746707137,0.6783596823633988,0.26879112262097044,0.3200381798210229,0.7768695726462778,0.7676165161505841,0.14856621334858502,0.10633216543342722,0.28117988589132226,0.3799452127513634,0.732290364570015,0.7038341993692578,0.8530918067782323,0.8492713672998988,0.8206766060939158,0.84229487115271,0.960314809061956,1.0097586594661911,0.4313385867900973,0.5143222412134131,0.15992595869267534,0.35662492948111874,0.46945150096592897,1.060173440421178,1.0256493965334348,0.5035436269777034,0.9541383989193902,1.0909725278709608,1.042160768387201,1.0203311209808135,0.9926834147231466,0.8991435857529357,1.0351637929957571,1.0468694225686437,0.6362224878477964,0.40736098123858433,0.8362694564982477,0.7212711728591381,1.0514957069717745,0.8254291308505923,0.9939583035334607,0.8468195883054681,0.6276973004277024,0.6725375636806856,1.0325841928385224,0.8071064736777538,0.9857071117344073,0.8492591123497106,1.0598269160529417,0.9942459991490078,1.031191660574079,0.9408414481142904,0.8762210061756857,0.6503236815112073,0.8610771846388307,0.6801463929828732,0.7390713566025708,0.656814199106895,0.8236801484925858,0.8707839380919458,0.8618511279368717,0.7584709508994946,0.7374089805389829,0.7514971297849677,0.4034542671238812,0.6813815342585139,0.8592798090517049
0034,0.6039817449518867,0.9424715675328765,0.9713331146483415,0.6333456284609402,0.388649343772852,0.6674416761413214,3.608224830031759e-16,0.6116078437650405,0.7724489023807508,0.4835413791415624,0.9263601936926789,0.5533269234501231,0.9778568706241485,0.9746281734229072,0.9358394803703418,0.8517935635030999,0.894458194161037,0.9615758294769572,0.5563814551386819,0.5766472154449956,0.5698456002617284,0.5929523114082558,0.47051989349457546,0.7097950231223277,0.7085959273084771,0.9524577770340376,0.9813041652479171,0.7768191680918624,0.6573320284624862,0.3272682965262954,0.6395967030009315,0.8251752482623181,0.6371881971745464,0.7296737832150368,0.6127582329105672,0.7754657848649216,0.6090045941052533,0.6107815880519134,0.7766320932273986,0.7721972078606558,0.575929863000755,0.9182205351757662,0.7049757550861266,0.8392633416229289,0.7851194439405583,0.7690141930453731,0.7748541153225297,0.6758422091380167,0.7840572971807971,0.7421245906712332,0.7759797068115103,0.5364117466973902,0.530384617707221,0.7973940435436748,1.0105381658717931,0.7891178939007435,0.7506623093947539,0.7902292933728341,0.6029432334611939,0.8818944615902163,0.7113433163676066,0.6262957713254216,0.7793753616079574,0.9192414673368017,0.957991975596096,0.8669864042356626,0.7798382279701449,0.7887647792549571,1.0165064220464797,0.6475121443343896,0.7815898153572541,0.9403087478998668,0.7823896578861463,0.6907005485774791,0.8982172169151599,0.9241595667445868,0.7090143840258802,0.6873718182258786,0.7461305093770654,0.9533363715986105,0.9360782063418459,0.9960154800883538,1.0143848439783085,0.9670032986109272,0.9917677129052711,0.9708260737660922,0.7598643556916376,0.8428259406869136,0.830803521001821,0.5066719113505123,0.7413295234601114,0.7221870083125834,0.9190685582814442,0.3332896746060797,0.9195439059936266
0035,0.6841549292189943,0.9410992504135556,0.9711123543202036,0.8984964047949471,0.6916688062238578,0.16348353658500536,0.6116078437650405,1.1102230246251565e-16,0.8039122068465151,0.4094846686377261,0.615266680805636,0.4437418688200253,0.7560766612759755,0.753834833033276,1.0353264465075502,0.8477575015172423,0.8816478473395142,0.9534652695724446,1.0014474494661023,1.0038309465023887,0.9769776726991009,0.4368448386721555,0.7812383792777534,0.646755198134582,0.762649956621748,0.7338302332772103,0.7774195155945027,0.18350967962068315,0.5902370078040974,0.6525504297214006,0.35965329405809576,0.44953740519005425,0.7231600035265966,0.7746749566233262,0.177491945005532,0.2200906348459077,0.2790625498115236,0.30748471661254184,0.6849736994877758,0.678807502273236,0.8057433659810906,0.8729646799079631,0.8271679264513733,0.8944160200131991,0.9219514222989748,0.9612322968522446,0.5219688925133379,0.5642933043580073,0.317181639538451,0.46123582206083047,0.5453249540883838,1.0058170304329566,0.9830633781883846,0.6715076411996038,1.0080858918838989,1.0437909589666268,0.998782192743102,0.9761582918250069,0.9575999414552039,0.8828516891253998,1.0063902735960242,1.0171288993488625,0.7831846949163429,0.5331522828168551,0.9438978767962787,0.8000868607615064,1.010457322103182,0.84451542688549,1.0165526186236238,0.8130677177053568,0.7857995618252516,0.7347764626911372,0.9888418693973445,0.7222798439385287,0.9766418600968434,0.9252522106519911,1.0185739727360938,0.961207338775913,1.0083218480215954,0.9461288397385639,0.9368636117453356,0.6829527190178302,0.8790516893654307,0.7168103545617178,0.781606449509311,0.7291839437966667,0.8742968829030013,0.8846473962490871,0.8812921638132284,0.746332433293536,0.773956070753604,0.7680588288679842,0.5061829884814261,0.5685548883743958,0.9198153903084763
0041,0.9158949479437188,0.5280417274650856,0.6645705603575958,0.5998443182120312,0.9114979317137546,0.6515038407384737,0.7724489023807508,0.8039122068465151,1.1102230246251565e-16,0.5835201145892084,0.4041424709940403,0.9541019785068243,0.5678360779455924,0.6744681716473788,0.7055081887338465,0.2879573705949716,0.508889987079122,0.7830318769581003,0.9748842365345921,0.9507685962827691,0.9111397076316905,0.6923249671233352,0.8229211022591665,0.8632493651495009,0.8554609926771284,0.6483166157067046,0.7321074456231136,0.6625834651046458,0.2431085881860415,0.8417972457696543,0.5803187489780965,0.60400880956902,0.8977731870327851,0.8326460218593906,0.7317592579252754,0.5983916367133667,0.6179756727133607,0.7762893741581485,0.8475549760578973,0.8204504297757389,0.985945174188865,0.8543567945846824,0.9598274629467756,0.7788008499335194,1.0332341477756866,0.9877923295858355,0.7856668391189219,0.8123884320456496,0.548052184437662,0.7508063025322761,0.7680846514483897,0.9189736765070595,0.9155531610198904,0.30461270175973043,0.7002482902098452,1.0162375489239446,1.0691567556338086,0.9368581992828836,0.9828429880943761,0.95410764509521,0.9690170242913005,0.9033772269653628,0.06486421214517504,0.34586753244298335,0.39562758375653534,0.6628580947644341,0.9401738145021661,0.7610212512337782,0.7516639242758503,0.9433255105755813,0.06621092638272671,0.6254962433532187,0.9266385428559909,1.0018095155998106,0.8572484645248872,0.48307731101992724,0.959325529699203,0.9287212668648823,0.9393580273659908,0.8150715799541077,0.5877112633478719,0.6426716988921238,0.8192313995357174,0.6381009611694086,0.7277448826673183,0.6177926056960389,0.8050888332338373,0.8910765576892021,0.884179615943441,0.8917734124968553,0.7479389010416206,0.8699250639036451,0.376286106824657,0.8954242939673551,0.5913415996061488
0045,0.7369004743722615,0.8495845977205227,0.9035555403956442,0.6228116054465846,0.6507631044535025,0.39750876799080226,0.4835413791415624,0.4094846686377261,0.5835201145892084,2.7755575615628914e-17,0.6272943801701106,0.6426671484675563,0.816752497976359,0.7422253841461106,0.9216158727876296,0.6929525837505291,0.7609972772801966,0.8138724673240015,0.8918763295013081,0.884960756187113,0.8552865372491298,0.4193202459473425,0.5965925540457272,0.49545163737565373,0.8224256975016558,0.739376882042438,0.837949731766786,0.5189980567035446,0.45869371644585577,0.4703006007126084,0.25019733396940375,0.4657934498134569,0.6710681536679253,0.8068631973942562,0.415131323518944,0.46319348403109484,0.16546844206729916,0.3237804193361813,0.6638994249779342,0.6584022383541475,0.7466209330963135,0.8618527567435155,0.8956123046623454,0.807707522581782,0.8642035734926072,0.8609120005185125,0.637424715976474,0.6666552930732346,0.46843026773367447,0.6414232298030915,0.6286416972447105,0.8707581367955558,0.8564600610215569,0.4289122713740628,0.9490092268585191,0.9609060934286069,0.9144752676172392,0.8848198524655284,0.8424572682247705,0.917675625523529,0.9187386852284881,0.875143614296569,0.6288650638973381,0.6138071229901481,0.8125229842808923,0.7158120612838369,0.8969406146455042,0.7054386809923567,0.9751421313359332,0.6995178315690969,0.6313660106222333,0.7085553854961455,0.878817013732037,0.7915408246441594,0.9301406275376091,0.8447470711983982,0.9012710356162699,0.8770247321181768,0.901113091016168,0.9126740981605397,0.8871314803872611,0.7851766581186228,0.8782146802780152,0.7408577987003411,0.7930482780423005,0.7383920009837797,0.8315922439952517,0.8802479663759112,0.8791532695143139,0.6382448010778826,0.7403825759600087,0.7508631291859654,0.6064050514088677,0.5562056485240348,0.8107299956826686
0066,1.0148480835132327,0.5244867841579286,0.6286859445787156,0.8134637450943735,1.0515123795889532,0.47877037404384637,0.9263601936926789,0.615266680805636,0.4041424709940403,0.6272943801701106,2.7755575615628914e-17,0.7347013966104778,0.46587497271794587,0.4061394353557303,0.6837282227073896,0.2653209495379223,0.47078639805313316,0.8024316449602265,1.0521541899334999,1.0239824778897693,1.00282970166893,0.6399997534406905,0.980717689996955,0.9051728798835681,0.8300551398300482,0.5164528822902688,0.6337355934048243,0.4636174430416801,0.5505399395608627,0.9881245364322699,0.5694604808013564,0.5147530854040914,0.9916838313133107,0.8169246858391164,0.5472097778798589,0.4023855924553171,0.5572825856609517,0.7301373640236106,0.7128793993222683,0.6888918968115763,1.0574929513413474,0.9337127151902547,1.043538109176552,0.8666136195483944,1.0837659934349033,1.0522224234486373,0.6347155737590212,0.691327168687117,0.36765882398275573,0.6214089486775101,0.6391679243791282,1.0374060714369606,1.0223085392594977,0.39651148707477174,0.8399862185274309,1.0839939587259872,1.1199298606602113,1.003705332621572,1.0585913419395188,0.9170772153380846,0.9649386074468443,1.0134777892997726,0.36425061327300673,0.1682542115672513,0.5951846564541128,0.7993356877472341,1.0252097313707074,0.7818475070184081,0.8725263267702454,1.0175099617655428,0.3694500880439746,0.618133092425465,1.0011691145917185,0.9205029131523144,0.9520341070659772,0.6626077623842861,1.0354256821570358,0.9961347306539613,1.0160981595707943,0.9005908080618406,0.7426317529001627,0.4820875465295075,0.7602266202727447,0.4856553678531551,0.6075060174030711,0.4939096453740232,0.923037717580321,0.9607576040168648,0.9612089685960207,0.9994184553844321,0.6100056428779931,0.9570995693537463,0.16998581225981776,0.9843979766779959,0.5783593599125474
0070,0.6328530550104288,0.924134803903066,0.8681990915877201,0.9072244005399523,0.5716439111403283,0.5668096177654789,0.5533269234501231,0.4437418688200253,0.9541019785068243,0.6426671484675563,0.7347013966104778,2.7755575615628914e-17,0.9033472469935718,0.7228904177673365,0.8792494819232082,0.8088346381425527,0.7621855270267829,0.911370756112347,0.81562451383329,0.8169251888633424,0.8359005899377892,0.607979464484449,0.8103072603276701,0.7917638038351419,0.5439523401891455,0.8857867941260402,0.88490651502756,0.5781088874259622,0.8200901854721536,0.6156924247379323,0.6360841667532819,0.7261622631007745,0.7079645345165309,0.6669875900677694,0.5065485907437965,0.6248652496750897,0.6266289080126712,0.5296040478457902,0.7017506702541247,0.7001377362258654,0.7476129689923908,0.9462535605046823,0.659599199029709,0.9004307753888221,0.8162532329001704,0.846402394456359,0.6230639943525611,0.5702870801446659,0.7390017583889421,0.5744693479922772,0.6699268566406429,0.7555103907958224,0.7839690397034644,0.8900632109361425,1.0578756040911776,0.9128875481327486,0.8698960591594626,0.9455515494275792,0.8153049461696825,0.6991974979234686,0.7192661443187548,0.8739139468076864,0.9798597859904332,0.8632734119423418,1.0754071991038365,0.9462876491540071,0.907161822485203,0.7996543469326067,1.046137309451749,0.7493104498832226,0.9915300372330575,0.8810500772770173,0.9127147939266596,0.6415715895366189,0.9596404883493277,1.0245516608694027,0.8406844520850789,0.8182135576359855,0.8533364073948233,0.9921912548539709,1.0167513947758249,0.890558292896539,0.9562903743056045,0.9020225716487735,0.9127207540482654,0.9104596149465289,0.8887699300910519,0.8744947918974482,0.8694778421523774,0.686419083819307,0.6811913257706171,0.7366231262951036,0.8531553949348278,0.600930823476169,0.8785552712548108
0071,0.915411037032985,0.7922393733024826,0.8729744035098619,0.7786901797872767,0.9468936315664732,0.6368287952344298,0.9778568706241485,0.7560766612759755,0.5678360779455924,0.816752497976359,0.46587497271794587,0.9033472469935718,1.1102230246251565e-16,0.6783393176756247,0.8112623669596333,0.7192442486886919,0.8116848258829013,0.8454043608986644,0.9377118515323719,0.9252465560287817,0.8977812167269676,0.7407355672097766,0.8929881176626016,0.7194657866268058,0.8807713834739049,0.6741721533958646,0.7123017069058613,0.6447640269890769,0.699563517730923,0.9424802615680088,0.7322486740318306,0.4781968122386889,0.947766084755226,0.885279867994727,0.7796423044320129,0.6656698130185421,0.7740264019868756,0.8005003017558179,0.8488698733049058,0.7878948117318312,0.9841050724220435,0.861286372438828,0.955130734361664,0.8722824501666956,1.0062250934123322,0.9863034993540689,0.8341255244519401,0.8556512839409145,0.6351696391297075,0.7709431824106737,0.8620121316460687,0.9204362319834156,0.8994849179194085,0.5495500308236863,0.7666246870757534,0.9597482551420775,1.0203530752875232,0.9512189723384807,0.9753975771463309,0.9199400815404748,0.9503493200283211,0.9060311722172746,0.5943611413781787,0.44786214856458206,0.5656088856333175,0.8057040666190782,0.934683874970024,0.8299711621616268,0.7882125374764064,0.9891247273976174,0.5910093790084257,0.4819444068168066,0.9298050836481923,0.9341285894420583,0.8691745928265044,0.7800608550655803,0.9573701002671947,1.0002797384410267,0.9336101132093833,0.9395260985304938,0.8198528165354961,0.5928234646851345,0.8419771109041824,0.6702845640982396,0.7183455416072767,0.692275046565257,0.8657997839661047,0.8960629219528942,0.8942554900682493,1.0321679437509188,0.7213410940785939,0.9115616794695868,0.45011681048825375,0.8920721862180747,0.8677116464358359
0072,1.019110166311434,0.727688137205896,0.6719111714955868,0.8872776814918328,1.0424458664519276,0.6931896317047495,0.9746281734229072,0.753834833033276,0.6744681716473788,0.7422253841461106,0.4061394353557303,0.7228904177673365,0.6783393176756247,1.1102230246251565e-16,0.748732575477085,0.4866640721344055,0.4695148472303128,0.8039941125656971,1.0267138933728044,1.0076254036026087,0.9984109512521026,0.5522730603726589,0.989793025030674,0.9233066934388283,0.8874306811633723,0.6634689675843825,0.7701032105283556,0.6614271600425713,0.752235740839934,0.9920216760929669,0.7085987986089011,0.6434015820366046,0.8725321537832821,0.8507558318894471,0.7165998025355506,0.6340869518597284,0.6746388479942592,0.7750355506400057,0.761449691078468,0.7297726583279733,1.0162248901765496,0.9688857248638245,1.0161564842773725,0.8830279475050056,1.0259848159019636,1.014657804416685,0.7192516835896348,0.7565794410651225,0.6075534058772658,0.768488209607878,0.7217528223782874,1.0309385252899572,1.0214077334436438,0.6562412405500938,0.926737065470234,1.052756002176234,1.0506035896093997,1.0046858408070434,1.026107986025715,0.8167622394612609,0.9018845127167525,1.027182529264146,0.671594885621765,0.5029400097606769,0.8032963418716197,0.8750757206583777,1.011230384673511,0.8144672882784582,0.9489146960521756,0.9676360885435143,0.6710427046322524,0.7388273140141488,0.9852271962618023,0.9004992068226308,0.9795560363228749,0.8511669656752368,0.9991725274973311,0.9902802392100246,1.0014273217663032,0.8188321395727023,0.8914999660294549,0.6394231403006774,0.6363768004294608,0.4154513816051054,0.4858876165646465,0.3822616990682283,0.9564856846511844,0.964598157058622,0.9662864038088386,1.0005516998671138,0.6200170340120219,0.9571389865461203,0.5140044451252707,1.0055283924882035,0.35635014391727315
0073,0.9126284396051604,0.48639143447872424,0.493194972075576,0.7593372576975719,0.9904781655702919,0.9730190587445071,0.9358394803703418,1.0353264465075502,0.7055081887338465,0.9216158727876296,0.6837282227073896,0.8792494819232082,0.8112623669596333,0.748732575477085,2.7755575615628914e-17,0.5294266939872034,0.5940472462331075,0.7982548826658934,0.7973922333409645,0.670342786553401,0.6258733257356407,0.9389744282645747,0.936708028680515,0.8259766837100884,0.4936081003854244,0.8769123489218408,0.9562455454590355,0.9476550646886988,0.7824553492106308,0.9939004029395659,0.9014150950157518,0.8019456113647447,0.8889946529777999,0.44518714021962835,0.9991513585096437,0.9247127708894693,0.9208308364897353,0.9136650454401508,0.8410332815546002,0.9690560111697879,0.6211120080482717,0.8807332446347232,0.6431549453069257,0.5875359157812796,0.9624060915686399,0.9568889016536091,0.9645176663215145,0.7891070032844228,0.8914723111926582,0.987553363290651,0.9477037337059135,0.7734055065367876,0.8275991446743532,0.7158324864696841,0.7901293705273842,0.5974987816225761,0.6737441415322811,0.6440854655686756,0.657518844678514,0.5370335614216728,0.6061154196628785,0.8555815705452308,0.7058964455108162,0.8197582530537513,0.5774513421424086,0.5916639106845762,0.9223477263279973,0.8768063457552041,0.8304184957972129,0.9246499622270774,0.6982269734138934,0.7455148312613993,0.9276864253848319,0.9913792722638362,0.8840107410903519,0.6483833988707262,0.7053299626464178,0.8619006018942847,0.8387853089754255,0.9803202063625507,0.9151406106664235,0.7413893956628528,0.8373957660893117,0.8737986360181519,0.8518910468181113,0.8665241002336268,0.518203075929722,0.43224372261409416,0.4062743024675016,1.0650410621988422,0.5435097637370749,0.8969721523795579,0.824785071858059,0.9579215501499123,0.7058763700713437
0080,0.9549635921528798,0.3789810185269109,0.41912978056033745,0.714542919931999,0.9694987729586712,0.7092964931658957,0.8517935635030999,0.8477575015172423,0.2879573705949716,0.6929525837505291,0.2653209495379223,0.8088346381425527,0.7192442486886919,0.4866640721344055,0.5294266939872034,2.7755575615628914e-17,0.19404399333679487,0.8124318492040408,1.0009921969350764,0.9781651909132925,0.9463926803176059,0.7719341086790789,0.9141520127178339,0.9559741384177677,0.7207740671308488,0.7055270728157265,0.8194824523617485,0.7261532254162489,0.4163221959226637,0.9063050427176971,0.6737361832272184,0.706427550450868,0.9363177525583256,0.7034178723301883,0.7644723824403046,0.6537798363028081,0.698160682929351,0.8421359985666754,0.8585408330438487,0.8344500933207455,1.00452555920172,0.8960247262893635,0.9780016704311028,0.7973913106221098,1.0346980952839866,1.0038320972934012,0.7947663650826927,0.8301754380625883,0.6082451714166963,0.7942007845726788,0.7761598373144535,0.9863487265316473,0.9518852843119103,0.4488846542147399,0.7771491323762381,1.0456392701561912,1.0792011260217365,0.9673701162627767,1.0001436088984526,0.8024142671272809,0.8526833657103526,0.9509075191637397,0.254835188336298,0.4653475361171753,0.5161172211560993,0.7224309269350607,0.9752216773618778,0.8081663011111077,0.8315057944566713,0.9582066216519037,0.24979411544674182,0.7465656672080447,0.9627354385226494,1.0330530282516264,0.9152035425325162,0.6058532989742162,0.9896478154415238,0.9617162275367923,0.9705215351851315,0.8699024916954812,0.6866452971700789,0.7239313944062931,0.8559190170632407,0.6963393479315634,0.7637925251049057,0.6710146753981282,0.8557679474185644,0.9177444168550417,0.9158509074031391,0.9298173722531539,0.6769070701909113,0.90275751571386,0.4830697173744653,0.9327454303703016,0.4282333333076159
0081,0.9435991094990805,0.5430646073486722,0.4611414403601334,0.7832599825426464,0.9808909088151364,0.8030767584188976,0.894458194161037,0.8816478473395142,0.508889987079122,0.7609972772801966,0.47078639805313316,0.7621855270267829,0.8116848258829013,0.4695148472303128,0.5940472462331075,0.19404399333679487,1.6653345369377348e-16,0.8183404122316003,0.9757437034277068,0.9494491693561887,0.939321243863803,0.8028659443763486,0.9293006843174028,0.9449355685704215,0.7696998886857235,0.7601816496126051,0.8796883182586585,0.7882199036467207,0.6055962586784249,0.921646163744821,0.7410036306055284,0.781267299138516,0.9177895726729473,0.7380106136520045,0.8209120348831778,0.7576883031606885,0.7572342624520726,0.8604302798540273,0.8580740054738689,0.8453530482693572,0.9593139847179577,0.9138905607662028,0.9544607842714435,0.8144520830108202,0.993897209184308,0.9702532708811541,0.8212545854050975,0.8348318740695979,0.7091683010882598,0.8377040735873158,0.798241262557633,0.9838294481947528,0.9622387758277352,0.6299323504592476,0.8536188211379816,1.0108959154726955,1.0094003338435724,0.9545884168910808,0.9729831659476913,0.7114077529431159,0.8207526237651247,0.9538010774878578,0.49416944656228073,0.6386834735461732,0.6691414770487184,0.7795744415971437,0.9544300182273293,0.8255134882371257,0.8880807037155952,0.9127680817518853,0.4873940113208686,0.8368815867831552,0.9410919578069131,0.9898906364638924,0.9311654103309204,0.7421945916729473,0.9572122027532268,0.9528676719052858,0.9511034847949608,0.8937774032802455,0.8024692941778573,0.7847242213785943,0.8720442320796911,0.7523901826605129,0.7933415561027448,0.7424306199073893,0.8777423046260747,0.8995042749756735,0.9000395218789481,0.9349741781507852,0.7072322426550819,0.8882612529084435,0.6375941128151374,0.9322482428386358,0.5210844879776779
0085,0.7727693899611117,0.9316578951546534,0.9406899114787449,0.6416018481957059,0.842880609673089,0.9127373786519911,0.9615758294769572,0.9534652695724446,0.7830318769581003,0.8138724673240015,0.8024316449602265,0.911370756112347,0.8454043608986644,0.8039941125656971,0.7982548826658934,0.8124318492040408,0.8183404122316003,2.498001805406602e-16,0.749360061732318,0.8039396458589806,0.8428051292748461,0.7912970292013333,0.816516974822965,0.8248184246783954,0.8650820865112496,0.8206279054429183,0.9242129829848209,0.8873418562621689,0.8274284482020029,0.8412431959117919,0.81103173101547,0.7060913060303904,0.7294366441122646,0.8474886004067064,0.8162250821979224,0.8409109604803109,0.7891992308266904,0.8016025714060709,0.7701930660501731,0.533142914870905,0.9044099795875409,0.8547908345972067,0.802843453856134,0.6280954959019814,0.48678624143754134,0.45870785422222005,0.615411439249782,0.7739523500555082,0.8122653594611275,0.7006048720360073,0.6084219148525613,0.8418026013454682,0.7853064432715168,0.6863859100064227,0.8658979636623025,0.913630815030716,0.799997159716419,0.9000620074900225,0.8665085323991931,0.9507194612117777,0.8884255901452791,0.7232228078880767,0.809821432054219,0.771986601524989,0.6953739255216951,0.791815424530094,0.6242430643716929,0.5354889537383307,0.8989119320906664,0.5159688765206795,0.805395308025493,0.6413632605615194,0.6673374550179385,0.7728031122385901,0.8782536202287763,0.9521574475749756,0.6728662015655765,0.6661765273816413,0.5047881513966914,0.8950092650329762,0.976678181278064,0.8697002412614905,0.908686547484109,0.8155410495115728,0.8319371255583983,0.8072651338594039,0.8804877052253193,0.8981582800972685,0.9039957502652587,0.7681547595337002,0.7169613035737494,0.6119551335691064,0.7844691918810327,0.9030735236748593,0.8546500371706718
0091,0.7314668840201234,1.0400161412009092,1.0286310494431266,0.5905817968484606,0.6159126871064281,1.0581746889195662,0.5563814551386819,1.0014474494661023,0.9748842365345921,0.8918763295013081,1.0521541899334999,0.81562451383329,0.9377118515323719,1.0267138933728044,0.7973922333409645,1.0009921969350764,0.9757437034277068,0.749360061732318,1.6653345369377348e-16,0.24152665185257607,0.3515489551948223,0.9194229840274046,0.4547448692975966,0.839879437784642,0.8546829975728223,1.0093434083364126,1.0372408091353251,1.0919533873254317,1.039350488302714,0.646444951102848,0.9997172472249353,1.0430711532446186,0.7507177752289538,0.8189947053047042,0.9860295751898892,1.1266014551334829,0.9550444599192722,0.9177163653906157,0.7835924988231673,0.7829448255533991,0.6891020513066062,0.8991813337834833,0.7407890845892231,0.5821959145269204,0.5892840813570176,0.4483472679085946,0.8819455616437365,0.8690811718320359,1.1275676868209619,0.918955749130502,0.8889786845905827,0.22621773087710398,0.2942240060984599,1.0136179563804097,0.9442114831616505,0.5871861678693866,0.4773126725782839,0.5644027795894979,0.5068406464241164,0.9505277621355745,0.5440607444079664,0.33106540798162953,0.9734035375593885,1.067189481537002,0.8823962062955326,1.0027323362097451,0.37542707011522297,0.7443516488140572,0.9455697624883794,0.636043010588106,0.9745962712084744,0.927380561773031,0.4594447317035237,0.6210424034816455,0.8402402328022829,1.0347558536349322,0.3840832767357069,0.6056800435237362,0.5268981026473154,0.9006241448093859,1.0146008623348561,1.0512391865786368,1.0392732021993016,1.0226081901375954,1.0291573127583902,1.0391308386734626,0.827339799623173,0.8625729287862725,0.8715693533783035,0.6509104684711584,0.8370329206611011,0.6749018482494659,1.048494465966733,0.6270172807198999,0.9896537032181667
0092,0.6479941260900167,1.0298440779697082,1.025560889949776,0.5147935929020367,0.6275185577273799,1.0542745704578587,0.5766472154449956,1.0038309465023887,0.9507685962827691,0.884960756187113,1.0239824778897693,0.8169251888633424,0.9252465560287817,1.0076254036026087,0.670342786553401,0.9781651909132925,0.9494491693561887,0.8039396458589806,0.24152665185257607,5.551115123125783e-17,0.08822582755623629,0.9059885521275393,0.6024368036241885,0.8127352309420266,0.7527279322967669,0.9845458661826976,1.035742304734248,1.0800338807580303,1.0312264821909451,0.6534153709275561,0.9879828425478153,1.0236936915585808,0.699281653799954,0.7228775021697177,0.9655285099875173,1.1141679006478848,0.9476364598953371,0.9124224030380796,0.7696052660861747,0.7678408116451187,0.632589034792257,0.9563700161774945,0.6326380159449015,0.7328403748520826,0.6769884424454999,0.5756944843772502,0.9706082234636038,0.7567305436909477,1.1004279667241412,1.0122291214921564,0.9912604142595061,0.13965913172075015,0.2656345817713559,0.9805890730661713,0.9125420576594055,0.48582639132986855,0.47315399348344167,0.6795380311295853,0.4598878967574498,0.9155542678892057,0.415864296354419,0.3661216803886461,0.9429738417238802,1.043160074005331,0.7774842785418209,0.9288848440205981,0.5150153096927799,0.711495637545043,0.9082908626042296,0.6512215187980908,0.9457168158088115,0.8808171390436876,0.6212761180756123,0.7353950038287554,0.7949166433332557,1.0203764356540974,0.163769042829573,0.5789518276723282,0.4569577531444865,0.9825133070863233,1.0122587097215303,1.0359595878509822,1.0284421801050487,0.9980449547615149,1.0085178671066728,1.0173055450627222,0.6047447518534672,0.713668736918065,0.7283420907351935,0.7746312874929635,0.762342597692021,0.7528955538914004,1.017207072017174,0.6250251164188403,0.9767322297879475
0093,0.6993592390343659,1.001396690859555,1.0021249158502892,0.4766213538245211,0.6947047226651386,1.0251373387917768,0.5698456002617284,0.9769776726991009,0.9111397076316905,0.8552865372491298,1.00282970166893,0.8359005899377892,0.8977812167269676,0.9984109512521026,0.6258733257356407,0.9463926803176059,0.939321243863803,0.8428051292748461,0.3515489551948223,0.08822582755623629,2.7755575615628914e-17,0.8854094214615373,0.5791717199101458,0.7817233177933262,0.7238346626950474,0.9815453857324512,1.0172822798191015,1.061666899384397,0.978758383049533,0.6756729455202029,0.9660959765239021,0.9981063157321907,0.6849180725575195,0.7103498651451176,0.9718243472296719,1.0841687859490916,0.9238205037892315,0.8858978476637812,0.8144297931514165,0.80706586210868,0.6619184898966592,0.9435131726826047,0.6899792077910518,0.7320275245749701,0.7435283621790099,0.653173709925197,1.009987380291607,0.7773753171310356,1.0761867905223417,1.0217632082076746,1.0015009203704057,0.26734040966485606,0.3256356295399795,0.939582350840789,0.8681080348922162,0.5137347161918453,0.48599051022523876,0.6888540477699344,0.4983803345677496,0.9011098332364935,0.4284496189936936,0.36134718339214245,0.9067390212385165,1.0093231568363805,0.7143479583508668,0.887789451304093,0.5550394468079886,0.7470605494292191,0.8699581879438696,0.6880224855348471,0.9074677636302927,0.8365078274829467,0.6286760870105411,0.7667583257922757,0.7529241258007053,0.995422059063142,0.20236580813800606,0.6302482845991917,0.5218428372656357,0.9700163206762362,0.9858656612138403,1.020143346934292,1.0203953736973461,0.9954372756168026,1.0036709115721953,1.0065401387103825,0.5458653321487598,0.7176790610376294,0.7031946225682216,0.8328321100563323,0.7437239737901162,0.7815124885467244,0.9932325140494849,0.6015250409182539,0.9623178431436709
0095,0.7234258919349812,0.8935460990849617,0.9274308120125132,0.7035758706772055,0.7182778122746118,0.41070989898706445,0.5929523114082558,0.4368448386721555,0.6923249671233352,0.4193202459473425,0.6399997534406905,0.607979464484449,0.7407355672097766,0.5522730603726589,0.9389744282645747,0.7719341086790789,0.8028659443763486,0.7912970292013333,0.9194229840274046,0.9059885521275393,0.8854094214615373,2.7755575615628914e-17,0.7001504278935162,0.67206662100214,0.8074210128073075,0.730905643902859,0.8297072764698921,0.5149143573188015,0.5751266897735406,0.6134354103725324,0.4235686898850097,0.4867197291733426,0.6132557052631015,0.8447145569989976,0.3603709560350902,0.46984308060231744,0.357581077922036,0.47484151192751206,0.6306419568942955,0.6036700099567617,0.7756761652779566,0.9059450555816235,0.849367438503003,0.8469499906507924,0.8678014862483144,0.8807630618064417,0.5384841176095496,0.5925051838029646,0.4646981859735495,0.5407459467297854,0.5484164904846547,0.9211536789763166,0.8997165833628779,0.5831999073144959,0.9798618783748011,0.9670184665428052,0.9224500505696428,0.957164163255449,0.8627602320615604,0.941731530225093,0.9280257396429333,0.9109684711725894,0.7409172759241716,0.6016707249975719,0.8878942453417191,0.795164880960898,0.9242526667266591,0.7054030215676135,1.009711077182961,0.7394560019863907,0.7333496850086226,0.7188263797714606,0.9004162316274344,0.7404268146249388,0.9110986599837815,0.9115883186175573,0.9189428591497151,0.8979983755166999,0.9139004757817801,0.8629987024530041,0.9430079051706897,0.7377792843487009,0.7723046531957112,0.6269877664351997,0.6503181022741191,0.5930731164124837,0.8806319240382969,0.9095471992616819,0.9034975915385475,0.7078257562786283,0.6833950601830465,0.7698254691895137,0.6153528931295067,0.656549555258279,0.7255572497221203
0096,0.691837407380004,0.9754457843598614,0.9883065089819445,0.5012613080808626,0.5482494324000342,0.8301271997653679,0.47051989349457546,0.7812383792777534,0.8229211022591665,0.5965925540457272,0.980717689996955,0.8103072603276701,0.8929881176626016,0.989793025030674,0.936708028680515,0.9141520127178339,0.9293006843174028,0.816516974822965,0.4547448692975966,0.6024368036241885,0.5791717199101458,0.7001504278935162,0.0,0.552193066924844,0.8227732520907325,0.972853218349644,0.9944348432245599,0.934733837884984,0.7674393167514785,0.3958559489995904,0.7737244378265257,0.8340766829160045,0.6237592904217062,0.8642442726597623,0.7955714724038707,0.9283421870919466,0.6806286425865519,0.5992271812970925,0.8055030275128809,0.8055588010687877,0.6957079292400141,0.7944289507775981,0.8719775079270451,0.7568831049661855,0.6288872443867753,0.5776506550275179,0.8331871174540558,0.9460914596511869,0.9272624626149935,0.823724305536562,0.8259009135869579,0.5734517829656927,0.506032920814872,0.7660779783306597,0.9161969119473867,0.7195753929629299,0.6678624051221718,0.6947758170925317,0.6208931568914755,0.9175306668311297,0.7307634385933355,0.48724552844685415,0.8692847727471642,0.9724478630636703,0.830437139178122,0.8421761488967953,0.5313474431902758,0.7576295303133403,0.9222012275860281,0.6235376074719984,0.8657713336220436,0.8242074351572587,0.5364150933509628,0.7486626145417161,0.8074951955419559,0.967025411412176,0.6982603507782565,0.7618398931702934,0.7180231172764806,0.896355970215195,0.9641128582325382,1.0130543137570118,1.01526704837237,0.9830658704858513,0.9993218079339984,0.9913135320776127,0.8810499144886076,0.9225298614834063,0.9214796682647393,0.6484409784235406,0.8529437347390048,0.6969325924815541,0.9690603833733462,0.3892871270494105,0.9506459562304774
0114,0.7118117770552772,0.881547754202844,0.9027437342559114,0.5692348730149532,0.6797365782551061,0.6730991958164902,0.7097950231223277,0.646755198134582,0.8632493651495009,0.49545163737565373,0.9051728798835681,0.7917638038351419,0.7194657866268058,0.9233066934388283,0.8259766837100884,0.9559741384177677,0.9449355685704215,0.8248184246783954,0.839879437784642,0.8127352309420266,0.7817233177933262,0.67206662100214,0.552193066924844,5.551115123125783e-17,0.8021210775004398,0.9113268306125384,0.9348253330878791,0.7735097537970061,0.7523509081136213,0.5737545833225589,0.5981544244557864,0.5538601222531521,0.620831396383069,0.7736504372193613,0.7031351279786457,0.7709293040102264,0.5413044829254658,0.4582196771409163,0.7269533824331109,0.840689169409254,0.6013910767915136,0.8390193538794288,0.7612357011351978,0.8111091513204296,0.799118184179182,0.8263181884997669,0.874049956520722,0.8743323708537922,0.7751828165348371,0.8464787405964959,0.8765604957597046,0.8333931076824684,0.7633538809463822,0.7496132051033747,0.8969569407891927,0.7048332247986517,0.7400743172224769,0.7700393272437818,0.6929253226070524,0.7670226143170622,0.8413817456518452,0.7651241851501747,0.9396413672111171,0.8775050848565475,0.7658574452875395,0.6495049650559134,0.7958955154456777,0.7767063712706745,0.9216221272112611,0.6761817091164449,0.9340792114831908,0.5264084395869429,0.8118484620170661,0.8528524436074933,0.8755164948102043,0.8810814213163893,0.8277880774713762,0.8846873752804228,0.8237035891114655,0.9929513531973626,1.0101014505376251,0.8366179394593478,0.8957702041261084,0.9110853437029762,0.8875663933513432,0.9142879175064192,0.8028989864247217,0.7199295918958855,0.7149060072662126,0.7940357512665122,0.7952585303279843,0.7753810637560258,0.8693326426425733,0.6085496931466635,0.9685409090716821
0115,0.49385338887380514,0.8452884788232082,0.8540001817183451,0.8366924156135697,0.653956361997759,0.7493039166376055,0.7085959273084771,0.762649956621748,0.8554609926771284,0.8224256975016558,0.8300551398300482,0.5439523401891455,0.8807713834739049,0.8874306811633723,0.4936081003854244,0.7207740671308488,0.7696998886857235,0.8650820865112496,0.8546829975728223,0.7527279322967669,0.7238346626950474,0.8074210128073075,0.8227732520907325,0.8021210775004398,1.1102230246251565e-16,0.9703310266012084,0.9945164015604886,0.720791031493403,0.6640351631862487,0.7371778501412031,0.749446634585885,0.680779471984753,0.6403413821978817,0.2565217208681283,0.7676494822220848,0.7383909628701711,0.8729139853290313,0.6889852465714359,1.055064477821208,1.0236647762338924,0.6552364464020224,0.7374358856170353,0.36793580335844495,0.5712755931432902,0.8223623173246608,0.9078657411921672,0.8120802588840446,0.6361555471847501,0.8305134332530476,0.7151579664614776,0.8201318445777693,0.8172462467971987,0.8308548350945557,0.7856100510109602,0.8654072328004689,0.8743689424263004,0.8245060108845104,0.9229975082300197,0.8342631454852485,0.5183821055810588,0.7898096624119455,0.8676567754883744,0.8738743335213863,0.9777302914403501,0.7135200292841005,0.5983165201026117,0.9334972848447465,0.938873344592005,0.8751010941428473,0.7425880356081602,0.8762389714279332,0.8584523816040576,0.9483989542325707,0.9291290903610205,0.8640591184331087,0.9703620806609692,0.7965009496627924,0.9660444515378213,0.8860784047482307,1.0283085776840888,0.9730749263747944,1.0176146806072457,1.0154660638836575,0.9754562080081737,0.9962042458687645,0.9844083706423294,0.4471979242131686,0.5164941040312928,0.5288604858592897,0.8957643715399322,0.570867612804535,0.6198386313939485,0.9605582174315597,0.6144505635862629,0.8265994367265916
0129,0.9898021759928186,0.8272756671725345,0.8744457360440955,0.8761355465240264,1.0239020365571132,0.6816228351402599,0.9524577770340376,0.7338302332772103,0.6483166157067046,0.739376882042438,0.5164528822902688,0.8857867941260402,0.6741721533958646,0.6634689675843825,0.8769123489218408,0.7055270728157265,0.7601816496126051,0.8206279054429183,1.0093434083364126,0.9845458661826976,0.9815453857324512,0.730905643902859,0.972853218349644,0.9113268306125384,0.9703310266012084,1.942890293094024e-16,0.15035092059083302,0.6407633731726081,0.7439170491725213,0.9801519859449946,0.7034734768058996,0.6675868642140315,0.9534288869590747,0.9214397888483034,0.6972442563476725,0.6170418303074303,0.681668009390194,0.775837197376092,0.7700755683431892,0.7566070814787649,0.9972437236178082,0.9472304464405767,0.9996085453384631,0.8812388255975252,1.0171329431889617,0.997029368115713,0.7290305213687145,0.7551447163123248,0.5867509669284707,0.7498426609647986,0.7246881127639999,1.0120324898348345,1.0039100727079413,0.6351073411608725,0.908351902713006,1.0322090365265857,1.0332853710068592,0.9811988672785648,1.0103906380124295,0.9838029235411835,1.0073723670622532,0.9996584040230978,0.6274828941262778,0.47503329008931205,0.7634021764980483,0.8577027044575906,0.9878672934539245,0.8174658579692318,0.922132912168798,0.9629132262461623,0.6321765741607863,0.7399801415401002,0.9702992971643907,0.8984356985559724,0.9567550023364177,0.8089447536833326,0.9890031232703651,0.9769851347038506,0.9868279148416935,0.9206972676017919,0.8579593434482486,0.6339969500982414,0.4516050442074043,0.48401083209196777,0.2964802392787419,0.48998029248704694,0.9340400078891558,0.9422218423041002,0.943688265910996,0.9850481650766036,0.7575307361247337,0.9361397755709454,0.4776398294073793,0.9713833143956719,0.8125545726266218
0130,1.0394409406845997,0.8829631074436679,0.9174934765310768,0.966598223915256,1.0239790881925925,0.7415165639959684,0.9813041652479171,0.7774195155945027,0.7321074456231136,0.837949731766786,0.6337355934048243,0.88490651502756,0.7123017069058613,0.7701032105283556,0.9562455454590355,0.8194824523617485,0.8796883182586585,0.9242129829848209,1.0372408091353251,1.035742304734248,1.0172822798191015,0.8297072764698921,0.9944348432245599,0.9348253330878791,0.9945164015604886,0.15035092059083302,5.551115123125783e-17,0.7131937162634887,0.837169338883206,1.0202336772075764,0.8137414372447282,0.7449288608591249,1.0101342940717326,0.9874783046894664,0.7802589800167283,0.6954398849937794,0.793515618870389,0.8417934149743205,0.8655063261670419,0.8561823966898995,1.0547586443667534,0.9793349034427075,1.0481547893795604,0.9919008993486688,1.052120282294382,1.0403558467785339,0.8281847622040817,0.8541409221069225,0.705715559879272,0.8192839198738245,0.8392095284040345,0.9983557352130925,1.020143956788576,0.7489522273931185,0.9316366910248138,1.0391038240694428,1.07434420590548,1.01371092857569,1.0462481551877643,1.0082962588973583,1.0249463501885767,1.0365210112176015,0.7380700237995982,0.5717733414981103,0.8668625524568516,0.9646244690748238,1.0349124286447051,0.9037104092727042,0.935065276716195,1.051825164407267,0.7459310497050899,0.7462051042265472,1.0090674814568885,0.9173709930650591,0.9734224018643206,0.8555232685778744,1.026480200378903,0.9965537750383017,1.0220071949178557,0.9531657387012973,0.8795619390916405,0.7111173756605015,0.43326832115690533,0.6420433110165583,0.43035081259822006,0.6206206522974597,0.9899183171447572,1.020952770461272,1.0174223351338711,1.0216248720676149,0.8304101541113549,1.0253602749580042,0.5757029026483753,1.0197950155989095,0.8949829971569914
0147,0.7779339062022308,0.8537432179587374,0.9014900179278329,0.9889784049231447,0.8279054288279231,0.2062319738898673,0.7768191680918624,0.18350967962068315,0.6625834651046458,0.5189980567035446,0.4636174430416801,0.5781088874259622,0.6447640269890769,0.6614271600425713,0.9476550646886988,0.7261532254162489,0.7882199036467207,0.8873418562621689,1.0919533873254317,1.0800338807580303,1.061666899384397,0.5149143573188015,0.934733837884984,0.7735097537970061,0.720791031493403,0.6407633731726081,0.7131937162634887,0.0,0.4773448368559151,0.810917837536757,0.34793844067615176,0.3506146004833485,0.8149606825194227,0.722840777545313,0.28035367330244687,0.10204665631434792,0.3496765288620115,0.44684565720131764,0.7851846469549644,0.7649859713319871,0.9017742563615945,0.8142469268394181,0.7811629962453198,0.7856929018502198,0.9732857859242755,1.0292900872340178,0.4421572454762707,0.48435811254079336,0.2029021393797251,0.3886566339929788,0.4602138435472969,1.091655029011107,1.0792472098598205,0.5375600975774548,0.9374674240674717,1.1222747889919957,1.0591074170213781,1.0575813521748456,1.0347061859065647,0.8321454573860629,1.082504527772695,1.1075428915883634,0.6329377767424953,0.39864411352105433,0.8073434933627346,0.6955952213842572,1.08224259865587,0.8799020099551804,0.9467021512917428,0.8892112354527436,0.6407361009397272,0.7618544686993314,1.0460727756198192,0.7999278711385602,1.0072639770781233,0.8284436487535012,1.0745224555261985,1.029709876518002,1.0704802335747468,0.9559262741383117,0.8623989045951476,0.570819051978825,0.8196044763677899,0.6056087396331626,0.7021422523740585,0.6307456029327158,0.7947305975250851,0.8003531794328449,0.8050754360955831,0.8725262154237908,0.6791133250445848,0.7718193920600638,0.35142300762473777,0.7478079941080499,0.8356975577561203
0157,0.7255402745256714,0.6348997773035873,0.742886803770338,0.7197527029416213,0.7374239762013302,0.40572803746707137,0.6573320284624862,0.5902370078040974,0.2431085881860415,0.45869371644585577,0.5505399395608627,0.8200901854721536,0.699563517730923,0.752235740839934,0.7824553492106308,0.4163221959226637,0.6055962586784249,0.8274284482020029,1.039350488302714,1.0312264821909451,0.978758383049533,0.5751266897735406,0.7674393167514785,0.7523509081136213,0.6640351631862487,0.7439170491725213,0.837169338883206,0.4773448368559151,1.3877787807814457e-16,0.6518241435152059,0.3927089638388139,0.47080000924451115,0.7816822871268546,0.6654792718766068,0.5387239362522358,0.38699288538782284,0.4709985376638381,0.5833696129004985,0.9038728228068817,0.8638200335006642,0.8587929970329578,0.7465733549252863,0.733767528398872,0.6493169020888312,0.9330990798477198,0.9708375953526204,0.5998369618080901,0.6458676967363475,0.3919447540899257,0.5459046934474516,0.6052005133312797,1.0398000881383103,0.985856394992201,0.30132244072914055,0.7891601020357096,1.1017503955482908,1.0225427349619012,1.0083005075234297,0.9449397008026799,0.8401490189434393,1.0246376103640937,0.9868212411208492,0.2884011627386608,0.4988378996647431,0.5574828739005253,0.5333522304523961,1.0182021407429498,0.8220065950159738,0.8606517688139832,0.8299519473792027,0.2731605257812255,0.7448579295541244,1.0037933230311036,0.9689619028706755,0.9460640510522186,0.6454076066648247,1.02607795840576,0.9855529982285626,1.006988051295573,0.9032187396979868,0.7068013509367989,0.7640295179662993,0.8858188861600633,0.7244207325358277,0.7973368085044475,0.6997150915775423,0.6740724176754564,0.7547611642075511,0.7450584118957859,0.7477707257032011,0.7402470598854058,0.7387942542394208,0.5284684135075794,0.7382740744366113,0.6758583470039715
0158,0.40327022844484806,0.9856286987515279,1.0030926502836233,0.49100394317987395,0.2736227820877635,0.6783596823633988,0.3272682965262954,0.6525504297214006,0.8417972457696543,0.4703006007126084,0.9881245364322699,0.6156924247379323,0.9424802615680088,0.9920216760929669,0.9939004029395659,0.9063050427176971,0.921646163744821,0.8412431959117919,0.646444951102848,0.6534153709275561,0.6756729455202029,0.6134354103725324,0.3958559489995904,0.5737545833225589,0.7371778501412031,0.9801519859449946,1.0202336772075764,0.810917837536757,0.6518241435152059,5.551115123125783e-17,0.6175946637959844,0.7451688714773459,0.5579784230741355,0.8271282536674526,0.5830238520701161,0.7989255415618775,0.587691555475312,0.4620889815046013,0.7156581565283557,0.7044087347239649,0.634478929611176,0.8768708715867233,0.6486241923152474,0.8862145121945764,0.6643515551161883,0.6506194227531653,0.656756755444464,0.7316845303310924,0.834203684856613,0.6434428669569461,0.6989798406524851,0.5977965057292411,0.5473624094203703,0.7673927981137046,0.9743892038102479,0.8321644122797571,0.7188266237868999,0.8865755546102351,0.6139898283282894,0.9149190028350757,0.696678101153962,0.5881757629548061,0.8782318741923303,0.9843299881826162,0.9189605232155386,0.8176023629607188,0.6494345980706957,0.6327984615800071,0.9931445710940379,0.46612109801526463,0.8710708265105891,0.8993032707657116,0.7138628091913601,0.7314541409943203,0.8920473904463198,0.9951248946834004,0.6909443529217815,0.7151763144853702,0.6825925490285729,0.9938350370386386,0.9873067532572092,1.0382249643683503,1.0307994937549805,0.9844628887643136,1.0026946264244738,0.9889639668250638,0.874605106066896,0.9112280036335724,0.9050423939473946,0.37730036469094724,0.8633331807678399,0.5801317979970388,0.9755397193215375,0.3399095380387819,0.9482348246292596
0181,0.7224691128604235,0.8268206758569356,0.8805933745368536,0.7531131181116579,0.7224780516427316,0.26879112262097044,0.6395967030009315,0.35965329405809576,0.5803187489780965,0.25019733396940375,0.5694604808013564,0.6360841667532819,0.7322486740318306,0.7085987986089011,0.9014150950157518,0.6737361832272184,0.7410036306055284,0.81103173101547,0.9997172472249353,0.9879828425478153,0.9660959765239021,0.4235686898850097,0.7737244378265257,0.5981544244557864,0.749446634585885,0.7034734768058996,0.8137414372447282,0.34793844067615176,0.3927089638388139,0.6175946637959844,3.608224830031759e-16,0.3352147024206297,0.7297180301990076,0.7395869256667735,0.35539538538260707,0.32509830539290163,0.14622150570976708,0.3657442251533418,0.7444510424078561,0.7228916700598138,0.7996973748289676,0.8208307694405472,0.8133816760090509,0.7679973628672805,0.9102539099487708,0.9484167472401603,0.5476649997240945,0.5840034379496044,0.34905271958765116,0.5027274039028333,0.55185743046382,1.0048077386885539,0.9806910440702793,0.4529722303782971,0.9351917190091764,1.0388764052370845,0.9765102460370726,0.9765844249111921,0.9379166874250531,0.8743832780811233,0.9964480039913988,0.993054882288241,0.6146915220811087,0.5456980148824135,0.7984154124651298,0.6749290509821981,0.9902177392175213,0.7507842621695355,0.9726429667917811,0.7774939680537966,0.6046801595065052,0.687472414820844,0.9733348921130389,0.826507535847817,0.950987076022143,0.8396201494309389,0.9908879270168653,0.9601177620061958,0.9792303225775122,0.9108537126821441,0.8800982654107672,0.7369553511771718,0.8599345633862716,0.699741972632729,0.7621039244419487,0.6971555678598091,0.7793728579395085,0.8198106911068517,0.817445429978602,0.7331088610862121,0.7280790622587832,0.7079494911996471,0.5605866547748458,0.6813650911112423,0.7994061389601429
0195,0.7510972616863418,0.8594225899291901,0.9109076858813716,0.7770214103684802,0.7953304506748577,0.3200381798210229,0.8251752482623181,0.44953740519005425,0.60400880956902,0.4657934498134569,0.5147530854040914,0.7261622631007745,0.4781968122386889,0.6434015820366046,0.8019456113647447,0.706427550450868,0.781267299138516,0.7060913060303904,1.0430711532446186,1.0236936915585808,0.9981063157321907,0.4867197291733426,0.8340766829160045,0.5538601222531521,0.680779471984753,0.6675868642140315,0.7449288608591249,0.3506146004833485,0.47080000924451115,0.7451688714773459,0.3352147024206297,0.0,0.7778197630427258,0.6793202792434978,0.3785885268409436,0.2413004189615895,0.35571709459138545,0.37945516633025655,0.8085731457908876,0.7588824046357606,0.8569738228499029,0.7707273274298893,0.7731921088559235,0.6905560753103774,0.927688097531485,0.9747456532321055,0.4746485814397078,0.5522082531564935,0.24735007877409096,0.4903979883405068,0.5018766228092046,1.0168894952098422,1.0026701501751085,0.3863607261424522,0.8556471407793325,1.0710728324498788,1.032923072628734,1.0247552016104087,0.9946999184526699,0.8432511893105124,1.0381340702445394,1.021392400226726,0.6569371293559042,0.4296399476119813,0.6611162801433086,0.5952759048685248,1.0230204433079861,0.7613417450639739,0.8931939548046758,0.8323543616538616,0.6559990239503878,0.41307767065684653,0.9973491917416735,0.8594111302137084,0.9458121941747667,0.8662040108894167,1.01492332954335,1.048929908913586,1.0051019726510435,0.9927569465414035,0.9083380066143345,0.6524703498343489,0.8393473500968369,0.6581825737713654,0.6949264052148489,0.6379291124866935,0.7037025919418981,0.7869169713055904,0.7812373060216122,0.8908295438009523,0.5590930136885027,0.7444344901157437,0.4586459885352069,0.8000149385798853,0.8193419601351712
0207,0.4792279514496808,1.0017928078460283,1.0012870400790712,0.588299653141159,0.5322254295538735,0.7768695726462778,0.6371881971745464,0.7231600035265966,0.8977731870327851,0.6710681536679253,0.9916838313133107,0.7079645345165309,0.947766084755226,0.8725321537832821,0.8889946529777999,0.9363177525583256,0.9177895726729473,0.7294366441122646,0.7507177752289538,0.699281653799954,0.6849180725575195,0.6132557052631015,0.6237592904217062,0.620831396383069,0.6403413821978817,0.9534288869590747,1.0101342940717326,0.8149606825194227,0.7816822871268546,0.5579784230741355,0.7297180301990076,0.7778197630427258,3.0531133177191805e-16,0.6538827172975032,0.7235050575626107,0.8351874197655015,0.7471851657599755,0.6174258000876759,0.8386062686181903,0.7302130066773458,0.6736745168145002,0.8105136662063068,0.6214357734034167,0.7661791166978159,0.5595812077929314,0.592916027930012,0.8061666521267856,0.8194976998586179,0.8722605039869813,0.7780936507644256,0.8015507218081721,0.739447397459241,0.6332273744894339,0.8232948598553902,0.8630296758077632,0.7903729831940174,0.7226816192108643,0.8700772649133336,0.7212474657545196,0.7790857834464522,0.8100895264471291,0.6507857814973561,0.9096672414065048,0.9793416046251118,0.7176572775687682,0.6310315368903537,0.6643544279216033,0.7052110590194625,0.8763957110579311,0.39535086668437736,0.9110172206190184,0.763786794151116,0.7259026292695134,0.8325303387968604,0.7807188238428815,0.9988391796908203,0.6304992103410368,0.7918147330339753,0.6238405298125331,0.8475466507729601,0.9947106532935381,0.9991609429771354,0.934719759089808,0.8456694915862288,0.8658093127558043,0.843581179726031,0.7204428164631146,0.746314361924364,0.766736300501254,0.6952859755823306,0.7471184861465527,0.5468339570600828,0.973899914079815,0.45244800991940926,0.8297570205522512
0214,0.578470274192412,0.8328572759568313,0.8402155060686263,0.8489399782315825,0.7360268959483789,0.7676165161505841,0.7296737832150368,0.7746749566233262,0.8326460218593906,0.8068631973942562,0.8169246858391164,0.6669875900677694,0.885279867994727,0.8507558318894471,0.44518714021962835,0.7034178723301883,0.7380106136520045,0.8474886004067064,0.8189947053047042,0.7228775021697177,0.7103498651451176,0.8447145569989976,0.8642442726597623,0.7736504372193613,0.2565217208681283,0.9214397888483034,0.9874783046894664,0.722840777545313,0.6654792718766068,0.8271282536674526,0.7395869256667735,0.6793202792434978,0.6538827172975032,1.1102230246251565e-16,0.8097261755603364,0.7247905963911063,0.8342602703290809,0.7057288970428828,1.0432117825258982,1.020079255693381,0.6528638793665857,0.7170771668916787,0.42098991857975226,0.4866255263406506,0.8046035415703086,0.8890564789658684,0.8269352407110737,0.6516908556118899,0.7658635369831469,0.7913168380939155,0.817942862725868,0.8314778235327989,0.8284998803250612,0.7490930532742099,0.8218864135860423,0.8844422098976858,0.7949690498410504,0.8495968199141941,0.8428480738648367,0.49786886061759217,0.8268449750979792,0.8427678068679101,0.8292554059471257,0.9210373543163732,0.6162452000179649,0.5348117807733016,0.8991576794675145,0.9311436203889241,0.8351492581611053,0.7462216345010939,0.8317469581626841,0.8166423872698511,0.9366658758822419,0.9110568795368994,0.8667414894220035,0.9471582700106906,0.8085014366915066,0.9626447030147239,0.8640398861964625,0.9937549733614687,0.9590050671254515,0.9731155374800908,0.9801829218004381,0.9275592573799147,0.9441530928402981,0.9323393667162942,0.31894741031507023,0.43774289327062954,0.45905352032107305,0.9355586063795558,0.5304573151750639,0.6495492085117771,0.9148994064338475,0.6905869378046882,0.805384076066737
0236,0.6063848135000378,0.8990959277090917,0.9588238892447944,0.7923478340734682,0.6637658716917412,0.14856621334858502,0.6127582329105672,0.177491945005532,0.7317592579252754,0.415131323518944,0.5472097778798589,0.5065485907437965,0.7796423044320129,0.7165998025355506,0.9991513585096437,0.7644723824403046,0.8209120348831778,0.8162250821979224,0.9860295751898892,0.9655285099875173,0.9718243472296719,0.3603709560350902,0.7955714724038707,0.7031351279786457,0.7676494822220848,0.6972442563476725,0.7802589800167283,0.28035367330244687,0.5387239362522358,0.5830238520701161,0.35539538538260707,0.3785885268409436,0.7235050575626107,0.8097261755603364,3.885780586188048e-16,0.17783804507573886,0.2868108724863122,0.39693612560406616,0.5822810733178675,0.5800582401782635,0.7960070945405276,0.8997253839269077,0.786314240717608,0.8863088143733273,0.8759653659613664,0.8769804768885474,0.31386499940897883,0.4123174596489279,0.21010638874902032,0.3111988007721319,0.36453351464809386,0.9685585146184286,0.9538586890654183,0.561435221830827,1.003588091474467,1.044023300230433,0.9842474344973282,1.0273808958120643,0.9284501939487384,0.9408808641017274,0.957978389529121,0.9551791395460494,0.7153609983439253,0.4635755734360288,0.8928609890106256,0.7704446449747929,0.9519020744804798,0.7015570282051695,1.0377789442327017,0.7255224904160732,0.7134624435621224,0.704266142110811,0.9629400441671363,0.7213993420999671,0.9471879265604564,0.9071181801092388,0.9735364500012135,0.9215510198634213,0.9351903183713939,0.9594535344177451,0.9360373702310931,0.6973188244955251,0.8683912536118406,0.6901905936413173,0.7485294419629211,0.670090433058268,0.8853021443192586,0.927939617566274,0.9175113212624288,0.6334491292637068,0.678647493187968,0.6890050699858172,0.44569532095621045,0.6352906538259337,0.880694867393798
0238,0.7992073294195754,0.8193186455649283,0.8863019215075593,0.94280694483889,0.8462633949530156,0.10633216543342722,0.7754657848649216,0.2200906348459077,0.5983916367133667,0.46319348403109484,0.4023855924553171,0.6248652496750897,0.6656698130185421,0.6340869518597284,0.9247127708894693,0.6537798363028081,0.7576883031606885,0.8409109604803109,1.1266014551334829,1.1141679006478848,1.0841687859490916,0.46984308060231744,0.9283421870919466,0.7709293040102264,0.7383909628701711,0.6170418303074303,0.6954398849937794,0.10204665631434792,0.38699288538782284,0.7989255415618775,0.32509830539290163,0.2413004189615895,0.8351874197655015,0.7247905963911063,0.17783804507573886,0.0,0.32765185699159405,0.4263846928941408,0.7637263405962993,0.7412181469388779,0.9277831327049397,0.8268141542066145,0.8052083499222122,0.7754019813179502,0.9940989859141534,1.0486144268540372,0.34617327075849935,0.42891221729449325,0.05868750265168149,0.3223241949196193,0.3666104265038762,1.124892663196736,1.1009398854976682,0.4182305248992333,0.9239504380881328,1.155199313740395,1.097685452055213,1.0794220832127026,1.0581598703292738,0.8798574429008907,1.092554788928373,1.1204376276705061,0.5635054253097656,0.3036268631576757,0.7622010287043575,0.6665096324077677,1.1040796995037017,0.8456111423743415,0.9546254782788357,0.9061730372934422,0.5681827370873079,0.6808726380254497,1.0691862936391674,0.8308967551662618,1.017500705749464,0.8028899481390559,1.0997765647296234,1.0458983562750361,1.0883861471247465,0.9630730391804445,0.8467421475931285,0.5755699696200653,0.8139422242938545,0.6056130442969537,0.6822611461285418,0.5857183194231834,0.782959205175003,0.8323333392764136,0.8260217116073305,0.8611170328512704,0.6516077522279589,0.7964063510498778,0.29750280308029703,0.8052437973498081,0.8109753726322407
0239,0.806845878199377,0.8662879433243447,0.9064888319790891,0.6597689995504719,0.747438481384087,0.28117988589132226,0.6090045941052533,0.2790625498115236,0.6179756727133607,0.16546844206729916,0.5572825856609517,0.6266289080126712,0.7740264019868756,0.6746388479942592,0.9208308364897353,0.698160682929351,0.7572342624520726,0.7891992308266904,0.9550444599192722,0.9476364598953371,0.9238205037892315,0.357581077922036,0.6806286425865519,0.5413044829254658,0.8729139853290313,0.681668009390194,0.793515618870389,0.3496765288620115,0.4709985376638381,0.587691555475312,0.14622150570976708,0.35571709459138545,0.7471851657599755,0.8342602703290809,0.2868108724863122,0.32765185699159405,2.7755575615628914e-17,0.3000680434080094,0.6226423934356706,0.6075491636019507,0.8099459267161024,0.8955314786491411,0.930531173819984,0.8062510828000364,0.9082754407662961,0.912984537281006,0.5398084806422818,0.6029485922361312,0.3395205132501475,0.5625197930334092,0.5482826935539475,0.9585857989410554,0.9329432559768425,0.47387878129221445,0.9649483040164775,1.01114426048321,0.9644778762755224,0.9366623549514487,0.902050879545371,0.9584089458269519,0.9654114540573222,0.949435617186488,0.6551725139359743,0.48445322599321305,0.8396629823174222,0.7626841432126368,0.9535276496622529,0.6972085844974167,1.003309537604388,0.7796148296157348,0.646753344047014,0.635496908429554,0.9390954811698421,0.7564830049742464,0.9645033402697933,0.8791048315364597,0.9543156096675649,0.9256856598776939,0.9491249032040822,0.9349865817410066,0.9146983852639239,0.6991651059173636,0.8524765971242844,0.6732363781849048,0.7236504907792596,0.658776674812132,0.8613464022527406,0.9109245903496901,0.904975308274507,0.7227665296973202,0.7095850795942477,0.8128189527739144,0.5062643678887943,0.6880343246333864,0.8108452415443369
0243,0.6488293054276877,0.9574886857962035,0.9685580242192493,0.6908010420298059,0.5844684056863636,0.3799452127513634,0.6107815880519134,0.30748471661254184,0.7762893741581485,0.3237804193361813,0.7301373640236106,0.5296040478457902,0.8005003017558179,0.7750355506400057,0.9136650454401508,0.8421359985666754,0.8604302798540273,0.8016025714060709,0.9177163653906157,0.9124224030380796,0.8858978476637812,0.47484151192751206,0.5992271812970925,0.4582196771409163,0.6889852465714359,0.775837197376092,0.8417934149743205,0.44684565720131764,0.5833696129004985,0.4620889815046013,0.3657442251533418,0.37945516633025655,0.6174258000876759,0.7057288970428828,0.39693612560406616,0.4263846928941408,0.3000680434080094,2.220446049250313e-16,0.7307353382047108,0.7193567318756813,0.7268312138311432,0.8227914008142108,0.7488430314337041,0.7766106773877955,0.8394457344671198,0.8701672997972929,0.6063433283973328,0.6411729000469848,0.49446368893598747,0.5832122898058367,0.6186992255990179,0.892596456630204,0.8852569144767615,0.5505820281883529,0.9488040918544568,0.9565042779181456,0.9171771833021116,0.9149168865978488,0.8745278189422603,0.8451870306433469,0.9395138273382995,0.9207590715856744,0.8132505255102007,0.6688062401477675,0.8521009149193186,0.715211637001314,0.9192762046486725,0.7167701322236526,0.9604781756876638,0.7067226625988472,0.8149766169056543,0.5785611009309113,0.9038970438217258,0.7689337027670204,0.9168358272884696,0.9530269692154056,0.9160314929403921,0.9450628250499065,0.9241068768763636,0.9600192569007926,0.968847893952564,0.7965266070951149,0.8941478115789274,0.7617366346261024,0.8072902216867534,0.7706813558985013,0.7897834274042946,0.819791952310475,0.8150869257979728,0.7291025388659409,0.7026722813256544,0.7012073232149254,0.6861597121556826,0.49610091226063746,0.884918516975369
0244,0.8620492652594316,0.6620216685444789,0.7179584144688572,0.7035547391895038,0.779506443576731,0.732290364570015,0.7766320932273986,0.6849736994877758,0.8475549760578973,0.6638994249779342,0.7128793993222683,0.7017506702541247,0.8488698733049058,0.761449691078468,0.8410332815546002,0.8585408330438487,0.8580740054738689,0.7701930660501731,0.7835924988231673,0.7696052660861747,0.8144297931514165,0.6306419568942955,0.8055030275128809,0.7269533824331109,1.055064477821208,0.7700755683431892,0.8655063261670419,0.7851846469549644,0.9038728228068817,0.7156581565283557,0.7444510424078561,0.8085731457908876,0.8386062686181903,1.0432117825258982,0.5822810733178675,0.7637263405962993,0.6226423934356706,0.7307353382047108,5.551115123125783e-17,0.45113852055910436,0.5780925410235477,1.0555653864988945,0.8789460044682837,1.0034052496039998,0.8408996642117266,0.7690130554046792,0.6151754611121525,0.7029200312841433,0.7565482148521047,0.7067683978569536,0.6509167300422479,0.759924517281789,0.7246287807172689,0.8132966096843067,1.0210510259451278,0.5565539734465951,0.649570955985691,0.666061273485807,0.4188586829993798,0.8718685064622841,0.6636455460519181,0.786763739500101,0.8391976466091786,0.6818164774627219,0.959406460865828,0.8472832918662868,0.7734780612619522,0.6221849706145682,1.0377009371974184,0.7807208016763629,0.8404323609487272,0.8208310879926466,0.8312653080647061,0.7112510185146728,0.940247881044791,0.6466758607372844,0.792110684628399,0.689599897963215,0.7778770747719275,0.9666583168150029,0.9844924700522442,0.41478070160112773,0.7057245357016887,0.7706933920542782,0.7435591552076434,0.7721025555812158,1.092115025357832,0.854238217074291,0.8635941631986753,0.7315038574584771,0.8169619331754874,0.8564688160521724,0.6703187557524213,0.8129092566871843,0.8935868247126357
0245,0.8461418109227377,0.941651450274668,0.9550204191861713,0.6847731670500896,0.7642334584806243,0.7038341993692578,0.7721972078606558,0.678807502273236,0.8204504297757389,0.6584022383541475,0.6888918968115763,0.7001377362258654,0.7878948117318312,0.7297726583279733,0.9690560111697879,0.8344500933207455,0.8453530482693572,0.533142914870905,0.7829448255533991,0.7678408116451187,0.80706586210868,0.6036700099567617,0.8055588010687877,0.840689169409254,1.0236647762338924,0.7566070814787649,0.8561823966898995,0.7649859713319871,0.8638200335006642,0.7044087347239649,0.7228916700598138,0.7588824046357606,0.7302130066773458,1.020079255693381,0.5800582401782635,0.7412181469388779,0.6075491636019507,0.7193567318756813,0.45113852055910436,1.3877787807814457e-16,0.8956630451403038,1.0335528108275787,0.9758216012884675,0.9710854350363796,0.6263166380207439,0.5824555373046958,0.5979966268837345,0.6918628805966431,0.7336895645391619,0.6927647067368864,0.6446593863764852,0.7624679737402743,0.7232545012569442,0.7891717955816326,0.9971492925541248,0.9071695559159799,0.8888266929601286,0.9426965447000106,0.7993407861711999,1.0593187611143917,0.8035000317894332,0.7748057977829055,0.8161999959580046,0.6542429341657039,0.9288307685793512,0.9822950537870024,0.765893096054138,0.4879556230199057,1.0181407239745157,0.5828745916240592,0.8142767117374479,0.7924070990590129,0.82589852279651,0.7035378171998672,0.9256378161462192,0.954879922539601,0.6706036152329092,0.5290783584209616,0.5005643672061353,0.9573165903837795,0.9659137497168482,0.7453648998484044,0.8848849092627438,0.7526361487141233,0.7648215575957088,0.7542603186734426,1.0589848086886184,1.0539186376013443,1.0572634134250607,0.7181281664412837,0.8002758258424776,0.8394620791525595,0.6512042275384713,0.8101287446369327,0.8790494607269994
0256,0.5843352775661879,0.6712049580938096,0.6996955305475228,0.7436862237156994,0.6410992169621772,0.8530918067782323,0.575929863000755,0.8057433659810906,0.985945174188865,0.7466209330963135,1.0574929513413474,0.7476129689923908,0.9841050724220435,1.0162248901765496,0.6211120080482717,1.00452555920172,0.9593139847179577,0.9044099795875409,0.6891020513066062,0.632589034792257,0.6619184898966592,0.7756761652779566,0.6957079292400141,0.6013910767915136,0.6552364464020224,0.9972437236178082,1.0547586443667534,0.9017742563615945,0.8587929970329578,0.634478929611176,0.7996973748289676,0.8569738228499029,0.6736745168145002,0.6528638793665857,0.7960070945405276,0.9277831327049397,0.8099459267161024,0.7268312138311432,0.5780925410235477,0.8956630451403038,0.0,0.8735027914883193,0.4345232932229843,0.7327443138711913,0.7813514343525675,0.7956720777385777,0.8830916902310146,0.7545636985547017,0.9362425293914121,0.8737046553656318,0.8802762677711745,0.683405931005725,0.7057362598429266,0.9146278464740133,0.9811558733268545,0.27202130339163655,0.4111889998840149,0.4302967875298268,0.27386690565274024,0.4226975816319591,0.6547215271239682,0.7753623490204302,0.9909378012247413,1.0756852694383066,0.8994271352673029,0.49627567644860815,0.84033645493323,0.8558467449825029,0.9837082074822812,0.676684932602518,0.9908129808685344,0.9459257068671189,0.873911485569929,0.8537963564473895,0.8807201400130813,0.6362653442821515,0.7432171846304089,0.7583307280653746,0.7821379503000824,1.0088570431441486,1.0496293922171005,0.7887621291918894,0.8342495274193229,1.0066304297419464,0.9635665551141197,1.0237346476143683,0.6544356239358647,0.271796884482141,0.27741339106990287,0.7622961132374322,0.7611350152551917,0.7056458134769128,1.0459310288236514,0.5481397057099078,0.9914025061477674
0257,0.7572424437949477,0.9459920483349038,0.9665168699880982,0.8964010312436996,0.846614939811878,0.8492713672998988,0.9182205351757662,0.8729646799079631,0.8543567945846824,0.8618527567435155,0.9337127151902547,0.9462535605046823,0.861286372438828,0.9688857248638245,0.8807332446347232,0.8960247262893635,0.9138905607662028,0.8547908345972067,0.8991813337834833,0.9563700161774945,0.9435131726826047,0.9059450555816235,0.7944289507775981,0.8390193538794288,0.7374358856170353,0.9472304464405767,0.9793349034427075,0.8142469268394181,0.7465733549252863,0.8768708715867233,0.8208307694405472,0.7707273274298893,0.8105136662063068,0.7170771668916787,0.8997253839269077,0.8268141542066145,0.8955314786491411,0.8227914008142108,1.0555653864988945,1.0335528108275787,0.8735027914883193,5.551115123125783e-17,0.7816142559983589,0.6671371331467667,0.8153647646988197,0.8505936370407905,0.8365688567178511,0.9199222607393067,0.8354512804358674,0.8111425810646296,0.8293059992597579,0.9911208658009235,0.953895068504117,0.7884934624046794,0.3335138335651082,0.9920958409707328,0.9043706290826342,0.8955074689008766,0.9564768858167211,0.8044083059175551,1.0023324662837987,0.8933729359728061,0.8436698887754932,0.9389519541996266,0.7278484153872781,0.6946536279041802,0.8740295499658497,0.7852961473145312,0.321102161279493,0.8084154890702046,0.8431031268669137,0.8818561519171484,0.7190393174434155,0.7988027013945056,0.38498213701684253,0.9323264021008981,0.9696571602873862,1.0260588059278595,0.9642175627822135,0.5399039899970532,0.40471591943268637,0.9727782589785221,0.990723870511558,0.955905800234349,0.9739351208552207,0.9648166193067067,0.739730366560496,0.7723449343732329,0.7872602132938837,0.8717949895988271,0.8812287314857423,0.7020279687367127,0.9229893115638388,0.7960465906803502,0.9414233772425455
0258,0.3319727170460053,0.9132491991375473,0.9237508564589403,0.8293188040231797,0.5658510221744644,0.8206766060939158,0.7049757550861266,0.8271679264513733,0.9598274629467756,0.8956123046623454,1.043538109176552,0.659599199029709,0.955130734361664,1.0161564842773725,0.6431549453069257,0.9780016704311028,0.9544607842714435,0.802843453856134,0.7407890845892231,0.6326380159449015,0.6899792077910518,0.849367438503003,0.8719775079270451,0.7612357011351978,0.36793580335844495,0.9996085453384631,1.0481547893795604,0.7811629962453198,0.733767528398872,0.6486241923152474,0.8133816760090509,0.7731921088559235,0.6214357734034167,0.42098991857975226,0.786314240717608,0.8052083499222122,0.930531173819984,0.7488430314337041,0.8789460044682837,0.9758216012884675,0.4345232932229843,0.7816142559983589,3.3306690738754696e-16,0.5714491290051973,0.7269999228601227,0.8011040428434562,0.7180120336838959,0.5532457203280051,0.8851671563317878,0.6588748858811851,0.7430575698339632,0.6977040482230655,0.6928945602505416,0.8713169372938909,0.9113648787681656,0.6824009999320109,0.6339846325401299,0.8362844632309974,0.6021656402630138,0.5769281027593999,0.7845617187219306,0.7735301640216954,0.9537456499887557,1.05016620054892,0.7774128607388495,0.5152734093663827,0.8387212760464697,0.8851264639062484,0.9226299394845611,0.6206028851066765,0.9511634772263491,0.9274138410816026,0.910969588010741,0.8816136792735412,0.8995684690954775,0.9099767657001339,0.7137610795590772,0.8629580441301308,0.778098760912168,1.0557599113848875,1.0260567681428174,0.9634220663079899,0.9701399562100523,1.0110478748507579,0.9751496522848893,1.0235716833656583,0.4363858829084579,0.3338206971028056,0.3540734195201689,0.7936552530306558,0.6763269458964742,0.4947725642566109,1.0329434888006463,0.6194944454413553,0.9824195351349521
0259,0.7433703380438644,0.9263594978646625,0.9449475112695169,0.8094477221939266,0.8532708521002588,0.84229487115271,0.8392633416229289,0.8944160200131991,0.7788008499335194,0.807707522581782,0.8666136195483944,0.9004307753888221,0.8722824501666956,0.8830279475050056,0.5875359157812796,0.7973913106221098,0.8144520830108202,0.6280954959019814,0.5821959145269204,0.7328403748520826,0.7320275245749701,0.8469499906507924,0.7568831049661855,0.8111091513204296,0.5712755931432902,0.8812388255975252,0.9919008993486688,0.7856929018502198,0.6493169020888312,0.8862145121945764,0.7679973628672805,0.6905560753103774,0.7661791166978159,0.4866255263406506,0.8863088143733273,0.7754019813179502,0.8062510828000364,0.7766106773877955,1.0034052496039998,0.9710854350363796,0.7327443138711913,0.6671371331467667,0.5714491290051973,5.551115123125783e-17,0.680164780167223,0.6921083070961427,0.7239688785294456,0.7046732851668812,0.7811625459344671,0.7426567247571529,0.6823065672644381,0.8254308424993088,0.8243317750595329,0.6875081319419585,0.8289420305852119,0.9034951194102532,0.6702975189774022,0.6458216439509123,0.832384652398402,0.7554952441967443,0.9258286722635691,0.7416365092923971,0.7661181590458745,0.8676122607530733,0.5768905263854778,0.60244500991218,0.6872854878907317,0.8978026997833775,0.8451041998986538,0.6934919310164056,0.7666182031976054,0.8032802907886871,0.6869881787712753,0.7606969261467665,0.8906045091600743,0.9338579854690126,0.8014617744007522,0.9748130574262084,0.8738536797754206,0.8488260414188709,0.9510484830582153,0.9392804488494193,0.964296399645213,0.8743605699089283,0.8977809885588446,0.8756284931537338,0.4551589472194289,0.5247029582831374,0.5436382978780187,0.8264809552667703,0.6420502040251819,0.527140401717391,0.8560039260823644,0.8145231394369477,0.85494779681067
0269,0.5543824874267884,1.0693071427376926,1.0501609005014019,0.7454462693151169,0.5065618983048285,0.960314809061956,0.7851194439405583,0.9219514222989748,1.0332341477756866,0.8642035734926072,1.0837659934349033,0.8162532329001704,1.0062250934123322,1.0259848159019636,0.9624060915686399,1.0346980952839866,0.993897209184308,0.48678624143754134,0.5892840813570176,0.6769884424454999,0.7435283621790099,0.8678014862483144,0.6288872443867753,0.799118184179182,0.8223623173246608,1.0171329431889617,1.052120282294382,0.9732857859242755,0.9330990798477198,0.6643515551161883,0.9102539099487708,0.927688097531485,0.5595812077929314,0.8046035415703086,0.8759653659613664,0.9940989859141534,0.9082754407662961,0.8394457344671198,0.8408996642117266,0.6263166380207439,0.7813514343525675,0.8153647646988197,0.7269999228601227,0.680164780167223,1.6653345369377348e-16,0.20746443220038657,0.7387374841299543,0.9015841488343099,1.0171005501537298,0.7417792603126652,0.764151390682267,0.67802889480301,0.5826375877331424,0.9857296108910782,0.9477892573552034,0.8401077011962506,0.654410082403358,0.8128749140124762,0.73418185337548,0.8888178142255516,0.7595127302883864,0.560772990361847,1.0371257189897154,1.0946234347408073,0.8689426595410149,0.830859081827807,0.45190667644683863,0.6286473833057489,0.9496069583123983,0.24578261302429824,1.0397155181055373,0.9244209800434131,0.5593715477872616,0.6258932099459988,0.8574805895862869,1.0758131012294774,0.5532079812109298,0.575371538503739,0.381550553244955,0.9101758400180164,1.0481440944733815,1.0694887361793963,1.0383410160713482,1.0227791236913826,1.0226026035074969,1.0363185480472779,0.8683466688130115,0.869869767511847,0.8919159201224032,0.4739868825306722,0.9013130338893697,0.44477431475902246,1.0762434576448139,0.644023628637578,1.0010027781088953
0270,0.5742095361903152,1.0504091289611315,1.0419300891038135,0.6262455817473888,0.5323308710295891,1.0097586594661911,0.7690141930453731,0.9612322968522446,0.9877923295858355,0.8609120005185125,1.0522224234486373,0.846402394456359,0.9863034993540689,1.014657804416685,0.9568889016536091,1.0038320972934012,0.9702532708811541,0.45870785422222005,0.4483472679085946,0.5756944843772502,0.653173709925197,0.8807630618064417,0.5776506550275179,0.8263181884997669,0.9078657411921672,0.997029368115713,1.0403558467785339,1.0292900872340178,0.9708375953526204,0.6506194227531653,0.9484167472401603,0.9747456532321055,0.592916027930012,0.8890564789658684,0.8769804768885474,1.0486144268540372,0.912984537281006,0.8701672997972929,0.7690130554046792,0.5824555373046958,0.7956720777385777,0.8505936370407905,0.8011040428434562,0.6921083070961427,0.20746443220038657,1.3877787807814457e-16,0.7427948185428348,0.9229038884866214,1.034889284750963,0.8215741877535937,0.7823672604148124,0.5667806719335442,0.47800567165144503,0.9353112779477468,0.9345451607671953,0.778492925979542,0.5978739792221417,0.7589986226573969,0.6594622116625911,0.9509790577764113,0.7012565871602785,0.4162895043813202,0.9854499686322051,1.0621204592713198,0.8267813179240155,0.8742076489980878,0.26713563266330875,0.5694993207660148,0.9327795871339715,0.3016681555083798,0.9895176457559653,0.8925211948273059,0.4561155885577848,0.674074314607646,0.8258151119703887,1.0460953146739254,0.49130862913778933,0.586192207692276,0.3514966024192313,0.8866772545469424,1.033002937028341,1.055241457093302,1.0321325059434783,1.0071829891791027,1.0120305622771062,1.0222382589593908,0.9238350058740568,0.9387678455382082,0.9568920273584407,0.4471668508850699,0.8914760349052947,0.5052832458836096,1.042161968100595,0.6374883809380021,0.9898154614984653
0293,0.6607982566000636,0.9256659723234644,0.9509701289227692,0.8867179079030069,0.7020983792250968,0.4313385867900973,0.7748541153225297,0.5219688925133379,0.7856668391189219,0.637424715976474,0.6347155737590212,0.6230639943525611,0.8341255244519401,0.7192516835896348,0.9645176663215145,0.7947663650826927,0.8212545854050975,0.615411439249782,0.8819455616437365,0.9706082234636038,1.009987380291607,0.5384841176095496,0.8331871174540558,0.874049956520722,0.8120802588840446,0.7290305213687145,0.8281847622040817,0.4421572454762707,0.5998369618080901,0.656756755444464,0.5476649997240945,0.4746485814397078,0.8061666521267856,0.8269352407110737,0.31386499940897883,0.34617327075849935,0.5398084806422818,0.6063433283973328,0.6151754611121525,0.5979966268837345,0.8830916902310146,0.8365688567178511,0.7180120336838959,0.7239688785294456,0.7387374841299543,0.7427948185428348,2.7755575615628914e-17,0.3524756177548458,0.3559554832997436,0.13972778793396656,0.05209604836293483,0.9811300576955075,0.9613809326283153,0.6291912490414089,1.0012191771994976,1.0785414374607085,0.9115427832651111,1.0166526107754148,0.9314675846020551,0.9552876012255722,0.9647765139544942,0.9047600810530898,0.7781466508152719,0.5636271780908582,0.9119890500188639,0.7933481091970243,0.8315730000339725,0.6963948018428232,1.035848463245384,0.6496054882775001,0.7739735407758708,0.8108610866129635,0.8939338722894055,0.6306769749280092,1.0032469260261005,0.9474683077405324,0.9537124269738866,0.9269058097905152,0.9282235479060481,0.9329652030698019,0.9662270284232459,0.7357638173681698,0.8732493720979726,0.7158393104578566,0.752625391514784,0.7040300808157234,0.8945757220561527,0.9242862750380343,0.9124952837295246,0.49409657289016834,0.6655037013243088,0.5402156321292774,0.5597772068121443,0.8212741015457568,0.8671377984085749
0294,0.7253373787164001,0.9445212633896727,0.9659740052451741,0.9317435789227978,0.7828420208156767,0.5143222412134131,0.6758422091380167,0.5642933043580073,0.8123884320456496,0.6666552930732346,0.691327168687117,0.5702870801446659,0.8556512839409145,0.7565794410651225,0.7891070032844228,0.8301754380625883,0.8348318740695979,0.7739523500555082,0.8690811718320359,0.7567305436909477,0.7773753171310356,0.5925051838029646,0.9460914596511869,0.8743323708537922,0.6361555471847501,0.7551447163123248,0.8541409221069225,0.48435811254079336,0.6458676967363475,0.7316845303310924,0.5840034379496044,0.5522082531564935,0.8194976998586179,0.6516908556118899,0.4123174596489279,0.42891221729449325,0.6029485922361312,0.6411729000469848,0.7029200312841433,0.6918628805966431,0.7545636985547017,0.9199222607393067,0.5532457203280051,0.7046732851668812,0.9015841488343099,0.9229038884866214,0.3524756177548458,2.7755575615628914e-17,0.42995015772753475,0.3997737640656768,0.3827438609338907,0.8440017231304207,0.9321407610878458,0.6810832532159377,1.0191344270327916,0.9645222076026553,0.8511690252103736,1.0009078474334807,0.8398794079008551,0.8861815714487268,0.8164691029575517,0.9743488950562129,0.8075023679283715,0.6321285167731261,0.9355817827066446,0.8124576293307095,0.9968533612195758,0.766850696356373,1.0408996251672737,0.7917973625513985,0.8046532955312717,0.8753613055043263,0.9980051946815224,0.6479444032358437,1.0080400868032093,0.9575350115648319,0.7674112552137458,0.8540404751069546,0.897188508814739,1.0068995496554105,0.9789213936111583,0.766841635204605,0.8859783957700894,0.763456522807145,0.7865673620066562,0.7468650592439312,0.5910184409443024,0.702803074310187,0.6737190497531669,0.7521496882372535,0.4354743820104367,0.7394358266999639,0.6076146651987084,0.8336264983269799,0.8852450108676058
0295,0.851586075297222,0.7865271012594626,0.8663487518066545,0.8906232554615456,0.9238477836075383,0.15992595869267534,0.7840572971807971,0.317181639538451,0.548052184437662,0.46843026773367447,0.36765882398275573,0.7390017583889421,0.6351696391297075,0.6075534058772658,0.8914723111926582,0.6082451714166963,0.7091683010882598,0.8122653594611275,1.1275676868209619,1.1004279667241412,1.0761867905223417,0.4646981859735495,0.9272624626149935,0.7751828165348371,0.8305134332530476,0.5867509669284707,0.705715559879272,0.2029021393797251,0.3919447540899257,0.834203684856613,0.34905271958765116,0.24735007877409096,0.8722605039869813,0.7658635369831469,0.21010638874902032,0.05868750265168149,0.3395205132501475,0.49446368893598747,0.7565482148521047,0.7336895645391619,0.9362425293914121,0.8354512804358674,0.8851671563317878,0.7811625459344671,1.0171005501537298,1.034889284750963,0.3559554832997436,0.42995015772753475,1.6653345369377348e-16,0.36335376763917393,0.35263583230139095,1.1400245274614877,1.12251160577007,0.3627298039699357,0.9206353801087455,1.1500363103940572,1.0865875242644853,1.0686239861185876,1.052099589383883,0.9153518934999134,1.0853076049704309,1.105448186566884,0.5124644800990796,0.26054244072946,0.7222198109087381,0.6409240367729037,1.0914981020233296,0.8159854818111967,0.9575461823752283,0.9021546661362312,0.5094439723673533,0.669507673411775,1.0556312392162854,0.8408055615962449,1.0130747524295787,0.7760715389371367,1.0884234729088138,1.0390965682098285,1.0715634536502652,0.9482148254447313,0.8424295592429996,0.558803977454981,0.7997001355245323,0.5821433266733845,0.6509494509385165,0.5545374616817034,0.7669816056084817,0.8465409825773054,0.8315723266297906,0.8522048199742809,0.6182620193405919,0.820461199655502,0.268295096140156,0.8624644281133329,0.7906390766572563
0296,0.6046347794884769,0.9001074971642785,0.9472784248365267,0.9054650372906399,0.6941122490144023,0.35662492948111874,0.7421245906712332,0.46123582206083047,0.7508063025322761,0.6414232298030915,0.6214089486775101,0.5744693479922772,0.7709431824106737,0.768488209607878,0.987553363290651,0.7942007845726788,0.8377040735873158,0.7006048720360073,0.918955749130502,1.0122291214921564,1.0217632082076746,0.5407459467297854,0.823724305536562,0.8464787405964959,0.7151579664614776,0.7498426609647986,0.8192839198738245,0.3886566339929788,0.5459046934474516,0.6434428669569461,0.5027274039028333,0.4903979883405068,0.7780936507644256,0.7913168380939155,0.3111988007721319,0.3223241949196193,0.5625197930334092,0.5832122898058367,0.7067683978569536,0.6927647067368864,0.8737046553656318,0.8111425810646296,0.6588748858811851,0.7426567247571529,0.7417792603126652,0.8215741877535937,0.13972778793396656,0.3997737640656768,0.36335376763917393,8.326672684688674e-17,0.15392943218422664,1.0273189734188053,1.0036098118697665,0.624739876949789,0.9926138700651879,1.087375866855246,0.9166303425097185,1.0002153886647416,0.9616154938244635,0.9179664111511193,0.9878144397760935,0.9030051479375074,0.7522376691272644,0.5751615921857417,0.9066839067196477,0.7811401304116449,0.8864227129141193,0.7589962329770171,1.0251869822696866,0.6578828469412403,0.7437100676242311,0.8255687840516064,0.8718118210705632,0.6306644290560587,0.9974416331777074,0.9175099325386831,0.9949366317937862,0.9493876914269394,0.9674840862229221,0.9174633244418932,0.9392651355912807,0.756608196392476,0.8914112300043032,0.7223402784112842,0.7994291940004933,0.7325513610611408,0.8720858747775482,0.8981692482417309,0.887536480579059,0.5564661414852217,0.7102648300642173,0.4933687111178874,0.5641421864159306,0.7476393736839164,0.8906407000954437
0297,0.6977593098740953,0.9168391791994311,0.9421714463081013,0.873854545610546,0.7737790998659546,0.46945150096592897,0.7759797068115103,0.5453249540883838,0.7680846514483897,0.6286416972447105,0.6391679243791282,0.6699268566406429,0.8620121316460687,0.7217528223782874,0.9477037337059135,0.7761598373144535,0.798241262557633,0.6084219148525613,0.8889786845905827,0.9912604142595061,1.0015009203704057,0.5484164904846547,0.8259009135869579,0.8765604957597046,0.8201318445777693,0.7246881127639999,0.8392095284040345,0.4602138435472969,0.6052005133312797,0.6989798406524851,0.55185743046382,0.5018766228092046,0.8015507218081721,0.817942862725868,0.36453351464809386,0.3666104265038762,0.5482826935539475,0.6186992255990179,0.6509167300422479,0.6446593863764852,0.8802762677711745,0.8293059992597579,0.7430575698339632,0.6823065672644381,0.764151390682267,0.7823672604148124,0.05209604836293483,0.3827438609338907,0.35263583230139095,0.15392943218422664,5.551115123125783e-17,1.0318306838971698,0.9860209186313267,0.606179141923316,0.9983760194991075,1.078756777821046,0.897010598097903,0.988843961892138,0.9473931196358751,0.9559246938655515,0.999154395714823,0.8958041173238276,0.7543059919391615,0.5693659130583302,0.8886688132751897,0.7751288834638848,0.8311556677156646,0.737080591945664,1.0301354103875324,0.6599867240338815,0.751926597527914,0.8243510016570311,0.8615715016173642,0.6321291119944272,0.9939329103655348,0.933971819352204,0.9849096101530227,0.9617726436706668,0.9751962172635752,0.9017409895256349,0.963407981350828,0.7450713733901,0.8684014364679613,0.7237398904431487,0.7565355830851983,0.7036501496132113,0.8843955216594268,0.9130311686762935,0.8992912326306974,0.5406825709904903,0.6519704457423026,0.5145085813797506,0.5608918472515285,0.8202719838421342,0.8525261821431852
0301,0.6883320514397095,1.0306685184038202,1.0242936370447109,0.5369380956719548,0.5363528957568652,1.060173440421178,0.5364117466973902,1.0058170304329566,0.9189736765070595,0.8707581367955558,1.0374060714369606,0.7555103907958224,0.9204362319834156,1.0309385252899572,0.7734055065367876,0.9863487265316473,0.9838294481947528,0.8418026013454682,0.22621773087710398,0.13965913172075015,0.26734040966485606,0.9211536789763166,0.5734517829656927,0.8333931076824684,0.8172462467971987,1.0120324898348345,0.9983557352130925,1.091655029011107,1.0398000881383103,0.5977965057292411,1.0048077386885539,1.0168894952098422,0.739447397459241,0.8314778235327989,0.9685585146184286,1.124892663196736,0.9585857989410554,0.892596456630204,0.759924517281789,0.7624679737402743,0.683405931005725,0.9911208658009235,0.6977040482230655,0.8254308424993088,0.67802889480301,0.5667806719335442,0.9811300576955075,0.8440017231304207,1.1400245274614877,1.0273189734188053,1.0318306838971698,2.498001805406602e-16,0.22571425255555097,0.9766264305857382,0.9332037757909636,0.5375209411762363,0.557826470713179,0.6999336248274846,0.4776855618219783,0.9610305689227693,0.46310142245985664,0.3905861933312448,0.933550230000927,1.048794724012231,0.8598562587611176,1.0131023965030024,0.520858779601782,0.6972904236230582,0.9227488388191349,0.6886941469812669,0.9468855978695156,0.8644155565564164,0.6219975410682769,0.7137309204954827,0.8292821471524001,1.0038480173930584,0.2565785323440487,0.5313017118215588,0.4382897909762907,0.9861272274009323,0.9960859943044101,1.0483359992865782,1.043255179604677,1.0292848202617384,1.0400777937931045,1.0438639293188592,0.8026421061455291,0.8525669181786569,0.8686370771220526,0.7107152049087057,0.8096418236757806,0.7918176430545902,1.043936781346102,0.6445563604717819,0.9820632554427153
0302,0.5429506201876928,1.016564287887194,1.0120901895398875,0.40194537530161223,0.4389791559820735,1.0256493965334348,0.530384617707221,0.9830633781883846,0.9155531610198904,0.8564600610215569,1.0223085392594977,0.7839690397034644,0.8994849179194085,1.0214077334436438,0.8275991446743532,0.9518852843119103,0.9622387758277352,0.7853064432715168,0.2942240060984599,0.2656345817713559,0.3256356295399795,0.8997165833628779,0.506032920814872,0.7633538809463822,0.8308548350945557,1.0039100727079413,1.020143956788576,1.0792472098598205,0.985856394992201,0.5473624094203703,0.9806910440702793,1.0026701501751085,0.6332273744894339,0.8284998803250612,0.9538586890654183,1.1009398854976682,0.9329432559768425,0.8852569144767615,0.7246287807172689,0.7232545012569442,0.7057362598429266,0.953895068504117,0.6928945602505416,0.8243317750595329,0.5826375877331424,0.47800567165144503,0.9613809326283153,0.9321407610878458,1.12251160577007,1.0036098118697665,0.9860209186313267,0.22571425255555097,8.326672684688674e-17,0.9690210694427281,0.8663567242946206,0.5535768183821378,0.5978517496416476,0.7423482026275572,0.4412718814244869,0.9329849443277002,0.5647777642548761,0.21625032883326611,0.9075620760731999,1.024369861313319,0.7328779452924803,0.921777274896989,0.3866748758716967,0.6659215710303522,0.8751501584756511,0.5780567741028382,0.9159380867791331,0.8348535744298643,0.5208937552077928,0.7771513074977948,0.7566857865803485,1.004569979162976,0.39814299614100934,0.6330795576345436,0.4491797787847752,0.9815742374933446,0.9804158727467874,1.041765520993577,1.042566188093009,1.0167147661872094,1.0285057493232075,1.0253974872062246,0.8840396493289305,0.9013508662195144,0.9126456365478656,0.6982920552543792,0.86790503437694,0.658937375218554,1.0210467753527592,0.5226673559342327,0.9640861229606283
0313,0.8289916638892216,0.667447049270273,0.7930525604685712,0.6229842102247463,0.8679065041784537,0.5035436269777034,0.7973940435436748,0.6715076411996038,0.30461270175973043,0.4289122713740628,0.39651148707477174,0.8900632109361425,0.5495500308236863,0.6562412405500938,0.7158324864696841,0.4488846542147399,0.6299323504592476,0.6863859100064227,1.0136179563804097,0.9805890730661713,0.939582350840789,0.5831999073144959,0.7660779783306597,0.7496132051033747,0.7856100510109602,0.6351073411608725,0.7489522273931185,0.5375600975774548,0.30132244072914055,0.7673927981137046,0.4529722303782971,0.3863607261424522,0.8232948598553902,0.7490930532742099,0.561435221830827,0.4182305248992333,0.47387878129221445,0.5505820281883529,0.8132966096843067,0.7891717955816326,0.9146278464740133,0.7884934624046794,0.8713169372938909,0.6875081319419585,0.9857296108910782,0.9353112779477468,0.6291912490414089,0.6810832532159377,0.3627298039699357,0.624739876949789,0.606179141923316,0.9766264305857382,0.9690210694427281,1.6653345369377348e-16,0.7331855604964356,1.0424781618753347,1.0381219357862597,0.9671347165419063,0.9448538184175974,0.8934388711149776,0.9884963967251859,0.9393198606403492,0.314056629050659,0.3576528561997041,0.42763204175504765,0.5471053667541051,0.972927785545727,0.700235640354844,0.7887114338418835,0.8695957016099495,0.3110672267609812,0.5287474593019048,0.9487770454115922,0.9670136877354842,0.8848196957776642,0.6459131199352774,0.9805785748460238,1.009378213513927,0.9632085592963251,0.9127921109649613,0.7351674157201754,0.6766978703685287,0.8220141476374846,0.6393470157262956,0.7218081445572796,0.6162600113002773,0.7040679683236312,0.8195078478742295,0.8111990904236385,0.8989912755159903,0.5895402287133831,0.787847875884877,0.3778525423020883,0.8037511783933733,0.709841111898458
0318,0.8864564629212507,0.8644450250060919,0.9058405656421269,0.7565179730433378,0.9344985995671442,0.9541383989193902,1.0105381658717931,1.0080858918838989,0.7002482902098452,0.9490092268585191,0.8399862185274309,1.0578756040911776,0.7666246870757534,0.926737065470234,0.7901293705273842,0.7771491323762381,0.8536188211379816,0.8658979636623025,0.9442114831616505,0.9125420576594055,0.8681080348922162,0.9798618783748011,0.9161969119473867,0.8969569407891927,0.8654072328004689,0.908351902713006,0.9316366910248138,0.9374674240674717,0.7891601020357096,0.9743892038102479,0.9351917190091764,0.8556471407793325,0.8630296758077632,0.8218864135860423,1.003588091474467,0.9239504380881328,0.9649483040164775,0.9488040918544568,1.0210510259451278,0.9971492925541248,0.9811558733268545,0.3335138335651082,0.9113648787681656,0.8289420305852119,0.9477892573552034,0.9345451607671953,1.0012191771994976,1.0191344270327916,0.9206353801087455,0.9926138700651879,0.9983760194991075,0.9332037757909636,0.8663567242946206,0.7331855604964356,3.0531133177191805e-16,0.9483714239411084,0.9711001604610927,0.9498085965985648,0.967819919226497,0.8942532915380604,0.9590468598661182,0.8550892959465737,0.6791748636374394,0.8082365335321391,0.506516005555402,0.7134128308624855,0.8675646791678944,0.6916298671293792,0.05743549002334811,0.9119274911400832,0.6798524067571894,0.7124105389002147,0.6539472833398613,0.9150727763924935,0.20566163128576162,0.8398137277237059,0.9139358472236845,1.0098263485447116,0.9059200000482339,0.5356072652319737,0.22396610439346423,0.9086469131439286,0.9699166844348797,0.9087872846428463,0.9373407439903761,0.9005087370805293,0.8046896869230893,0.8637408455524727,0.8749601875529446,1.0297485183723434,0.8427337920889493,0.8799330622912083,0.82237056224188,0.9249212897800616,0.8785133751264933
0323,0.8213633230702437,0.6729174151893877,0.677348256793052,0.6809156093718027,0.8186023184038584,1.0909725278709608,0.7891178939007435,1.0437909589666268,1.0162375489239446,0.9609060934286069,1.0839939587259872,0.9128875481327486,0.9597482551420775,1.052756002176234,0.5974987816225761,1.0456392701561912,1.0108959154726955,0.913630815030716,0.5871861678693866,0.48582639132986855,0.5137347161918453,0.9670184665428052,0.7195753929629299,0.7048332247986517,0.8743689424263004,1.0322090365265857,1.0391038240694428,1.1222747889919957,1.1017503955482908,0.8321644122797571,1.0388764052370845,1.0710728324498788,0.7903729831940174,0.8844422098976858,1.044023300230433,1.155199313740395,1.01114426048321,0.9565042779181456,0.5565539734465951,0.9071695559159799,0.27202130339163655,0.9920958409707328,0.6824009999320109,0.9034951194102532,0.8401077011962506,0.778492925979542,1.0785414374607085,0.9645222076026553,1.1500363103940572,1.087375866855246,1.078756777821046,0.5375209411762363,0.5535768183821378,1.0424781618753347,0.9483714239411084,2.7755575615628914e-17,0.3060406525141117,0.34604209882393067,0.17119696466481837,0.5679140548750304,0.48915094538581416,0.6332956341428757,1.0192386789422565,1.0990716162030487,0.8887215446182513,0.7531157922526407,0.7278331485225248,0.8594830274856624,0.945174735697607,0.8175290725583704,1.0220331072805517,0.9086988732545852,0.7700386152694804,0.8988398111327283,0.8405291142494117,0.6210746433691663,0.5774790565609438,0.6829475025355535,0.6976470771888673,1.0041018862133217,1.0360416836726607,0.7874869091183762,0.8396957464384252,1.0484763699592485,1.0045331623147775,1.0647934134291266,0.8576065153386334,0.48158041830689646,0.4828014173746058,0.9370425954764168,0.8892866449701433,0.8942199603320491,1.0776301631139154,0.7554145928842328,1.0245490745251966
0324,0.7440539184565527,0.819160945361668,0.826447657310004,0.6811778701169369,0.761768254263766,1.042160768387201,0.7506623093947539,0.998782192743102,1.0691567556338086,0.9144752676172392,1.1199298606602113,0.8698960591594626,1.0203530752875232,1.0506035896093997,0.6737441415322811,1.0792011260217365,1.0094003338435724,0.799997159716419,0.4773126725782839,0.47315399348344167,0.48599051022523876,0.9224500505696428,0.6678624051221718,0.7400743172224769,0.8245060108845104,1.0332853710068592,1.07434420590548,1.0591074170213781,1.0225427349619012,0.7188266237868999,0.9765102460370726,1.032923072628734,0.7226816192108643,0.7949690498410504,0.9842474344973282,1.097685452055213,0.9644778762755224,0.9171771833021116,0.649570955985691,0.8888266929601286,0.4111889998840149,0.9043706290826342,0.6339846325401299,0.6702975189774022,0.654410082403358,0.5978739792221417,0.9115427832651111,0.8511690252103736,1.0865875242644853,0.9166303425097185,0.897010598097903,0.557826470713179,0.5978517496416476,1.0381219357862597,0.9711001604610927,0.3060406525141117,2.220446049250313e-16,0.32258137773133966,0.2858391749750239,0.6552300161106495,0.4331188447165738,0.44409796202450535,1.0777127224589336,1.1392477295648085,0.9067613536619594,0.6992524609022924,0.4353568089033255,0.8070085274352841,0.9708732405918137,0.5950598101499514,1.074473416894136,0.9583554144306872,0.5290744814148377,0.6143954254715971,0.8715962506113306,0.7761923646467872,0.48103270323643843,0.5887783446648184,0.6147631598096531,0.9230689374064741,1.0755256542703724,0.8647181895401135,0.9134837998548242,1.0424928220316496,0.9954791455630345,1.0629540745007362,0.706743171996611,0.5173200298496892,0.5085309241536712,0.6586559087594452,0.8244693874299285,0.6445976876857404,1.105769222695334,0.7574751623950028,1.0327833375198399
0325,0.9365948199292184,0.6289775300431024,0.6644373138517965,0.8059978633264153,0.9186809502391875,1.0203311209808135,0.7902292933728341,0.9761582918250069,0.9368581992828836,0.8848198524655284,1.003705332621572,0.9455515494275792,0.9512189723384807,1.0046858408070434,0.6440854655686756,0.9673701162627767,0.9545884168910808,0.9000620074900225,0.5644027795894979,0.6795380311295853,0.6888540477699344,0.957164163255449,0.6947758170925317,0.7700393272437818,0.9229975082300197,0.9811988672785648,1.01371092857569,1.0575813521748456,1.0083005075234297,0.8865755546102351,0.9765844249111921,1.0247552016104087,0.8700772649133336,0.8495968199141941,1.0273808958120643,1.0794220832127026,0.9366623549514487,0.9149168865978488,0.666061273485807,0.9426965447000106,0.4302967875298268,0.8955074689008766,0.8362844632309974,0.6458216439509123,0.8128749140124762,0.7589986226573969,1.0166526107754148,1.0009078474334807,1.0686239861185876,1.0002153886647416,0.988843961892138,0.6999336248274846,0.7423482026275572,0.9671347165419063,0.9498085965985648,0.34604209882393067,0.32258137773133966,0.0,0.4041063986466353,0.6370483740582276,0.6396838089474404,0.6616861955414672,0.9338158157913954,1.0200368476238544,0.8602475924437133,0.7658719391829996,0.684539423267536,0.900046236941169,0.9445912587878543,0.8383386272755293,0.9337601021621506,0.9299657844829974,0.6997781730979402,0.7797659338803351,0.8919021895134814,0.5844050176389519,0.7624550391978414,0.7177042841604715,0.8065135150680587,0.8549226064311787,0.9895880096559135,0.7488302166036495,0.8209576991485561,0.9907497461654866,0.958766343595461,1.0061074008954944,0.8623345798277879,0.5278505683569624,0.5574613141680077,0.8585860583615982,0.9199324132777604,0.8441614424556741,0.9929614974715474,0.8321497096256112,0.9797808225935556
0326,0.706842874039567,0.6818174754563484,0.7194885360358507,0.6276745245054935,0.6632920469225003,0.9926834147231466,0.6029432334611939,0.9575999414552039,0.9828429880943761,0.8424572682247705,1.0585913419395188,0.8153049461696825,0.9753975771463309,1.026107986025715,0.657518844678514,1.0001436088984526,0.9729831659476913,0.8665085323991931,0.5068406464241164,0.4598878967574498,0.4983803345677496,0.8627602320615604,0.6208931568914755,0.6929253226070524,0.8342631454852485,1.0103906380124295,1.0462481551877643,1.0347061859065647,0.9449397008026799,0.6139898283282894,0.9379166874250531,0.9946999184526699,0.7212474657545196,0.8428480738648367,0.9284501939487384,1.0581598703292738,0.902050879545371,0.8745278189422603,0.4188586829993798,0.7993407861711999,0.27386690565274024,0.9564768858167211,0.6021656402630138,0.832384652398402,0.73418185337548,0.6594622116625911,0.9314675846020551,0.8398794079008551,1.052099589383883,0.9616154938244635,0.9473931196358751,0.4776855618219783,0.4412718814244869,0.9448538184175974,0.967819919226497,0.17119696466481837,0.2858391749750239,0.4041063986466353,2.7755575615628914e-17,0.629413144529597,0.4121301360642226,0.5373117922983931,0.9867898668920598,1.0726355286088338,0.8966908054395899,0.7158370093703599,0.6416836102280464,0.7517918680370757,0.9721676928648295,0.695358239311621,0.9855441099648744,0.9419305529523396,0.7112271439570994,0.7908914297097005,0.8600676289214317,0.6533944138172338,0.5423163157811082,0.5785662703699979,0.6271423212322961,1.0040373368428357,1.0285518509888105,0.8007246668015776,0.8533512447991805,1.0189758586588762,0.9790027845859816,1.0322715453917866,0.8518279112598469,0.5423637258696339,0.5347165515080976,0.7503192260642281,0.8499136981253193,0.7828202935829174,1.0479298160869572,0.6467598112657886,0.9926921251368492
0331,0.7612413443237402,0.5444247488625914,0.4635154354232667,0.966867127714395,0.8663036553541379,0.8991435857529357,0.8818944615902163,0.8828516891253998,0.95410764509521,0.917675625523529,0.9170772153380846,0.6991974979234686,0.9199400815404748,0.8167622394612609,0.5370335614216728,0.8024142671272809,0.7114077529431159,0.9507194612117777,0.9505277621355745,0.9155542678892057,0.9011098332364935,0.941731530225093,0.9175306668311297,0.7670226143170622,0.5183821055810588,0.9838029235411835,1.0082962588973583,0.8321454573860629,0.8401490189434393,0.9149190028350757,0.8743832780811233,0.8432511893105124,0.7790857834464522,0.49786886061759217,0.9408808641017274,0.8798574429008907,0.9584089458269519,0.8451870306433469,0.8718685064622841,1.0593187611143917,0.4226975816319591,0.8044083059175551,0.5769281027593999,0.7554952441967443,0.8888178142255516,0.9509790577764113,0.9552876012255722,0.8861815714487268,0.9153518934999134,0.9179664111511193,0.9559246938655515,0.9610305689227693,0.9329849443277002,0.8934388711149776,0.8942532915380604,0.5679140548750304,0.6552300161106495,0.6370483740582276,0.629413144529597,5.551115123125783e-17,0.7285040554863411,0.9417245305402445,0.9528042438648776,1.0281972636089032,0.7925051697609073,0.4406717221064304,0.9659621750636134,0.9932134602585158,0.8881261753670321,0.8576931625280988,0.9540698239962486,0.9313870903451691,0.9715417349388037,0.9779040443371907,0.9160177020212088,0.5902704016589699,0.9379584368870156,0.9331133597030619,0.9476632193153416,1.007841317584464,0.9886046476652504,0.7527829250280808,0.821468571987472,0.994823576134295,0.9598851360579991,1.0099830885583942,0.6819672300770374,0.33142344186323025,0.33828010050096735,0.9844466596164422,0.7855976785184535,0.7781650530954939,1.0013178234821565,0.7872375789364021,0.8989129176019197
0353,0.8327711785961998,0.7832994910835724,0.7222808129240369,0.6927277921888475,0.7262470475971738,1.0351637929957571,0.7113433163676066,1.0063902735960242,0.9690170242913005,0.9187386852284881,0.9649386074468443,0.7192661443187548,0.9503493200283211,0.9018845127167525,0.6061154196628785,0.8526833657103526,0.8207526237651247,0.8884255901452791,0.5440607444079664,0.415864296354419,0.4284496189936936,0.9280257396429333,0.7307634385933355,0.8413817456518452,0.7898096624119455,1.0073723670622532,1.0249463501885767,1.082504527772695,1.0246376103640937,0.696678101153962,0.9964480039913988,1.0381340702445394,0.8100895264471291,0.8268449750979792,0.957978389529121,1.092554788928373,0.9654114540573222,0.9395138273382995,0.6636455460519181,0.8035000317894332,0.6547215271239682,1.0023324662837987,0.7845617187219306,0.9258286722635691,0.7595127302883864,0.7012565871602785,0.9647765139544942,0.8164691029575517,1.0853076049704309,0.9878144397760935,0.999154395714823,0.46310142245985664,0.5647777642548761,0.9884963967251859,0.9590468598661182,0.48915094538581416,0.4331188447165738,0.6396838089474404,0.4121301360642226,0.7285040554863411,0.0,0.5758562233622069,0.967090214261858,1.0353228043756635,0.9266520144702515,0.8982706607293057,0.640001523795724,0.7148199388921168,0.9685829259528919,0.7660357428319395,0.9643277300240922,0.934244985746672,0.7306944905384567,0.7217652167560555,0.882195420958754,0.8475631146076449,0.3841920373071507,0.5099275439942523,0.5754816020417743,0.9863932464464614,1.0024343766576984,0.9039599047358511,0.9577967970102443,1.0142622336211822,0.9778189240483116,1.0220891824849727,0.8075564250303835,0.7855173383650434,0.7420252500179427,0.7276483611700064,0.7784263126558116,0.8571489840050535,1.0218161083818487,0.7933579787082092,0.9284922999053387
0354,0.5707412133379282,1.0087635404089115,1.0282001603568036,0.32434055257000993,0.5983230570452817,1.0468694225686437,0.6262957713254216,1.0171288993488625,0.9033772269653628,0.875143614296569,1.0134777892997726,0.8739139468076864,0.9060311722172746,1.027182529264146,0.8555815705452308,0.9509075191637397,0.9538010774878578,0.7232228078880767,0.33106540798162953,0.3661216803886461,0.36134718339214245,0.9109684711725894,0.48724552844685415,0.7651241851501747,0.8676567754883744,0.9996584040230978,1.0365210112176015,1.1075428915883634,0.9868212411208492,0.5881757629548061,0.993054882288241,1.021392400226726,0.6507857814973561,0.8427678068679101,0.9551791395460494,1.1204376276705061,0.949435617186488,0.9207590715856744,0.786763739500101,0.7748057977829055,0.7753623490204302,0.8933729359728061,0.7735301640216954,0.7416365092923971,0.560772990361847,0.4162895043813202,0.9047600810530898,0.9743488950562129,1.105448186566884,0.9030051479375074,0.8958041173238276,0.3905861933312448,0.21625032883326611,0.9393198606403492,0.8550892959465737,0.6332956341428757,0.44409796202450535,0.6616861955414672,0.5373117922983931,0.9417245305402445,0.5758562233622069,2.7755575615628914e-16,0.8956945261174357,1.0100462428682584,0.667733670669361,0.8733815615056342,0.19646756766033285,0.6744353426013806,0.868416545170819,0.4562898853692974,0.8934760362008067,0.816161631378515,0.3611457796111756,0.6708971744348617,0.7440449687415147,1.0003095040358414,0.4169381042520872,0.6371331572961976,0.4433351384481181,0.8919189221582535,0.9859564917841945,1.0462701655257227,1.0458455449839303,1.0086290172405046,1.024327845673155,1.0171874615755385,0.8424026169835326,0.9119422954289025,0.935199575699487,0.5696667855887523,0.8678861482116369,0.5521438838019673,0.9911376753105781,0.6158277687618605,0.9864506544137059
0366,0.9143489667049097,0.5113217129040045,0.652374657072889,0.6425802665366795,0.925010963198495,0.6362224878477964,0.7793753616079574,0.7831846949163429,0.06486421214517504,0.6288650638973381,0.36425061327300673,0.9798597859904332,0.5943611413781787,0.671594885621765,0.7058964455108162,0.254835188336298,0.49416944656228073,0.809821432054219,0.9734035375593885,0.9429738417238802,0.9067390212385165,0.7409172759241716,0.8692847727471642,0.9396413672111171,0.8738743335213863,0.6274828941262778,0.7380700237995982,0.6329377767424953,0.2884011627386608,0.8782318741923303,0.6146915220811087,0.6569371293559042,0.9096672414065048,0.8292554059471257,0.7153609983439253,0.5635054253097656,0.6551725139359743,0.8132505255102007,0.8391976466091786,0.8161999959580046,0.9909378012247413,0.8436698887754932,0.9537456499887557,0.7661181590458745,1.0371257189897154,0.9854499686322051,0.7781466508152719,0.8075023679283715,0.5124644800990796,0.7522376691272644,0.7543059919391615,0.933550230000927,0.9075620760731999,0.314056629050659,0.6791748636374394,1.0192386789422565,1.0777127224589336,0.9338158157913954,0.9867898668920598,0.9528042438648776,0.967090214261858,0.8956945261174357,5.551115123125783e-17,0.2980999998687917,0.3452001630561281,0.6416690297694645,0.9286170164086746,0.7869528561153986,0.7251944295674482,0.9506049151807976,0.004599543295914638,0.6665396942807955,0.9260349035315514,1.020955181723703,0.8499514394373666,0.44155629863908363,0.9627863150466518,0.9300616446941611,0.942576990391488,0.7972858457938513,0.5433839809355925,0.6162843078926251,0.8161711184002167,0.6246699010495398,0.7140496381225402,0.5990737696342551,0.7878439123591681,0.8789570944799507,0.878429322705588,0.8892638883752528,0.7640655640624592,0.8591553691013539,0.3293685607185206,0.8686924066520996,0.5870363654248173
0367,1.0285801679059,0.6761601503314228,0.7842497792544345,0.7805634589543607,1.0496729378322005,0.40736098123858433,0.9192414673368017,0.5331522828168551,0.34586753244298335,0.6138071229901481,0.1682542115672513,0.8632734119423418,0.44786214856458206,0.5029400097606769,0.8197582530537513,0.4653475361171753,0.6386834735461732,0.771986601524989,1.067189481537002,1.043160074005331,1.0093231568363805,0.6016707249975719,0.9724478630636703,0.8775050848565475,0.9777302914403501,0.47503329008931205,0.5717733414981103,0.39864411352105433,0.4988378996647431,0.9843299881826162,0.5456980148824135,0.4296399476119813,0.9793416046251118,0.9210373543163732,0.4635755734360288,0.3036268631576757,0.48445322599321305,0.6688062401477675,0.6818164774627219,0.6542429341657039,1.0756852694383066,0.9389519541996266,1.05016620054892,0.8676122607530733,1.0946234347408073,1.0621204592713198,0.5636271780908582,0.6321285167731261,0.26054244072946,0.5751615921857417,0.5693659130583302,1.048794724012231,1.024369861313319,0.3576528561997041,0.8082365335321391,1.0990716162030487,1.1392477295648085,1.0200368476238544,1.0726355286088338,1.0281972636089032,1.0353228043756635,1.0100462428682584,0.2980999998687917,8.326672684688674e-17,0.5568553938142469,0.772672915655395,1.0217000769129116,0.7400895610257119,0.8540770399377413,1.0243974173854966,0.3004859210422315,0.49278550396535886,1.0064671583657698,0.8790196156732432,0.9452624522470965,0.6366486036284682,1.0383748738740137,0.9978876048525374,1.0207299894901536,0.893325909457169,0.7122743633984268,0.37856190092904163,0.7308277269997051,0.44114091882479,0.5448585382302439,0.41152489606975023,0.9048362097507705,0.981180364875816,0.9775016765738997,0.9831382980757136,0.6165621281667228,0.9587256877960678,0.04452962570668456,1.0020058007709864,0.7132063014170977
0371,0.7159729887677863,0.7059786938508525,0.8096671287640862,0.48449488933067486,0.8628746838417982,0.8362694564982477,0.957991975596096,0.9438978767962787,0.39562758375653534,0.8125229842808923,0.5951846564541128,1.0754071991038365,0.5656088856333175,0.8032963418716197,0.5774513421424086,0.5161172211560993,0.6691414770487184,0.6953739255216951,0.8823962062955326,0.7774842785418209,0.7143479583508668,0.8878942453417191,0.830437139178122,0.7658574452875395,0.7135200292841005,0.7634021764980483,0.8668625524568516,0.8073434933627346,0.5574828739005253,0.9189605232155386,0.7984154124651298,0.6611162801433086,0.7176572775687682,0.6162452000179649,0.8928609890106256,0.7622010287043575,0.8396629823174222,0.8521009149193186,0.959406460865828,0.9288307685793512,0.8994271352673029,0.7278484153872781,0.7774128607388495,0.5768905263854778,0.8689426595410149,0.8267813179240155,0.9119890500188639,0.9355817827066446,0.7222198109087381,0.9066839067196477,0.8886688132751897,0.8598562587611176,0.7328779452924803,0.42763204175504765,0.506516005555402,0.8887215446182513,0.9067613536619594,0.8602475924437133,0.8966908054395899,0.7925051697609073,0.9266520144702515,0.667733670669361,0.3452001630561281,0.5568553938142469,5.551115123125783e-17,0.40350314308042473,0.7175801851908434,0.7908118137550041,0.5490671493673203,0.7821546432013968,0.3510291624511091,0.4747482378658244,0.8059805962332764,1.087345977703709,0.6690505966461195,0.6613612651071207,0.8153400906035742,1.0060348267987478,0.8052860050628237,0.9019298169574463,0.7244698885904819,0.7804591433227321,0.9056341440278779,0.7577671524392335,0.8241328192178774,0.7433110348910892,0.5822845920337922,0.6817494768424457,0.7087120082390186,1.0151085387777221,0.6880622677904669,0.7123779247663269,0.5661136107530147,0.7727747788579387,0.7408866965902106
0372,0.5827273940778464,0.5936534193957683,0.6964764146635016,0.7204137572274957,0.7815138698929309,0.7212711728591381,0.8669864042356626,0.8000868607615064,0.6628580947644341,0.7158120612838369,0.7993356877472341,0.9462876491540071,0.8057040666190782,0.8750757206583777,0.5916639106845762,0.7224309269350607,0.7795744415971437,0.791815424530094,1.0027323362097451,0.9288848440205981,0.887789451304093,0.795164880960898,0.8421761488967953,0.6495049650559134,0.5983165201026117,0.8577027044575906,0.9646244690748238,0.6955952213842572,0.5333522304523961,0.8176023629607188,0.6749290509821981,0.5952759048685248,0.6310315368903537,0.5348117807733016,0.7704446449747929,0.6665096324077677,0.7626841432126368,0.715211637001314,0.8472832918662868,0.9822950537870024,0.49627567644860815,0.6946536279041802,0.5152734093663827,0.60244500991218,0.830859081827807,0.8742076489980878,0.7933481091970243,0.8124576293307095,0.6409240367729037,0.7811401304116449,0.7751288834638848,1.0131023965030024,0.921777274896989,0.5471053667541051,0.7134128308624855,0.7531157922526407,0.6992524609022924,0.7658719391829996,0.7158370093703599,0.4406717221064304,0.8982706607293057,0.8733815615056342,0.6416690297694645,0.772672915655395,0.40350314308042473,1.6653345369377348e-16,0.8733680963117731,0.8657666196278919,0.7601783879666011,0.6737911883339173,0.6408937206792201,0.7098871347462611,0.9202867389225384,1.0320416715777414,0.827004431725683,0.5231627151670493,0.9339336460666723,0.9657056637815536,0.922525156497066,0.9781368322495566,0.8901575417090063,0.6670622429404428,0.8226880364815397,0.8505048413897219,0.8155525362377157,0.8417907794642061,0.5311732905955258,0.3293202780104236,0.3395461133710844,0.8989104148936202,0.6753009134357171,0.5943175479456073,0.7737032882925587,0.6983620881600698,0.8372906846043578
0375,0.6323005190431237,1.025386063340247,1.0253212652447543,0.46076673614932695,0.6089767792543219,1.0514957069717745,0.7798382279701449,1.010457322103182,0.9401738145021661,0.8969406146455042,1.0252097313707074,0.907161822485203,0.934683874970024,1.011230384673511,0.9223477263279973,0.9752216773618778,0.9544300182273293,0.6242430643716929,0.37542707011522297,0.5150153096927799,0.5550394468079886,0.9242526667266591,0.5313474431902758,0.7958955154456777,0.9334972848447465,0.9878672934539245,1.0349124286447051,1.08224259865587,1.0182021407429498,0.6494345980706957,0.9902177392175213,1.0230204433079861,0.6643544279216033,0.8991576794675145,0.9519020744804798,1.1040796995037017,0.9535276496622529,0.9192762046486725,0.7734780612619522,0.765893096054138,0.84033645493323,0.8740295499658497,0.8387212760464697,0.6872854878907317,0.45190667644683863,0.26713563266330875,0.8315730000339725,0.9968533612195758,1.0914981020233296,0.8864227129141193,0.8311556677156646,0.520858779601782,0.3866748758716967,0.972927785545727,0.8675646791678944,0.7278331485225248,0.4353568089033255,0.684539423267536,0.6416836102280464,0.9659621750636134,0.640001523795724,0.19646756766033285,0.9286170164086746,1.0217000769129116,0.7175801851908434,0.8733680963117731,1.6653345369377348e-16,0.6555031347138913,0.8766706344589722,0.4434250280078284,0.9302410134528041,0.8406812649826186,0.23715097089336032,0.5934686322013838,0.7745989793725664,1.0119854196322835,0.5259968433240225,0.6799021323258785,0.5170048476792801,0.8278370934375412,0.99772489569777,1.0295921786410547,1.0293154887588203,0.995530209370309,1.0053017396194668,1.0075744642513347,0.9338793976617329,0.9479263960189291,0.9693573625213528,0.44596203578852667,0.9208239202764927,0.46340626312386873,1.007839858984278,0.6803572385995185,0.9793471732173453
0380,0.7408423835685073,0.9128043603928828,0.9397195154548963,0.5621687047244415,0.6792054950064849,0.8254291308505923,0.7887647792549571,0.84451542688549,0.7610212512337782,0.7054386809923567,0.7818475070184081,0.7996543469326067,0.8299711621616268,0.8144672882784582,0.8768063457552041,0.8081663011111077,0.8255134882371257,0.5354889537383307,0.7443516488140572,0.711495637545043,0.7470605494292191,0.7054030215676135,0.7576295303133403,0.7767063712706745,0.938873344592005,0.8174658579692318,0.9037104092727042,0.8799020099551804,0.8220065950159738,0.6327984615800071,0.7507842621695355,0.7613417450639739,0.7052110590194625,0.9311436203889241,0.7015570282051695,0.8456111423743415,0.6972085844974167,0.7167701322236526,0.6221849706145682,0.4879556230199057,0.8558467449825029,0.7852961473145312,0.8851264639062484,0.8978026997833775,0.6286473833057489,0.5694993207660148,0.6963948018428232,0.766850696356373,0.8159854818111967,0.7589962329770171,0.737080591945664,0.6972904236230582,0.6659215710303522,0.700235640354844,0.6916298671293792,0.8594830274856624,0.8070085274352841,0.900046236941169,0.7517918680370757,0.9932134602585158,0.7148199388921168,0.6744353426013806,0.7869528561153986,0.7400895610257119,0.7908118137550041,0.8657666196278919,0.6555031347138913,2.7755575615628914e-16,0.7195660468738849,0.5740715315072336,0.780016413904945,0.7113166055890741,0.583412455958018,0.5948143351852921,0.6095978060279834,0.9319019919165733,0.6111707809559942,0.6055010981368847,0.5303024031348138,0.7838082513698226,0.6976433415382375,0.8500556629227101,0.9079889940107828,0.8084577422118918,0.8331417313568944,0.7978613282837754,0.9531485290953257,0.9745169632311249,0.9752125100005302,0.6472664502196293,0.7606745449395017,0.7546306698430649,0.7447315147407325,0.7903499086419021,0.8658769630542261
0396,0.903288910769609,0.8998252682896167,0.9288808035636169,0.8143554730403693,0.9402375773297786,0.9939583035334607,1.0165064220464797,1.0165526186236238,0.7516639242758503,0.9751421313359332,0.8725263267702454,1.046137309451749,0.7882125374764064,0.9489146960521756,0.8304184957972129,0.8315057944566713,0.8880807037155952,0.8989119320906664,0.9455697624883794,0.9082908626042296,0.8699581879438696,1.009711077182961,0.9222012275860281,0.9216221272112611,0.8751010941428473,0.922132912168798,0.935065276716195,0.9467021512917428,0.8606517688139832,0.9931445710940379,0.9726429667917811,0.8931939548046758,0.8763957110579311,0.8351492581611053,1.0377789442327017,0.9546254782788357,1.003309537604388,0.9604781756876638,1.0377009371974184,1.0181407239745157,0.9837082074822812,0.321102161279493,0.9226299394845611,0.8451041998986538,0.9496069583123983,0.9327795871339715,1.035848463245384,1.0408996251672737,0.9575461823752283,1.0251869822696866,1.0301354103875324,0.9227488388191349,0.8751501584756511,0.7887114338418835,0.05743549002334811,0.945174735697607,0.9708732405918137,0.9445912587878543,0.9721676928648295,0.8881261753670321,0.9685829259528919,0.868416545170819,0.7251944295674482,0.8540770399377413,0.5490671493673203,0.7601783879666011,0.8766706344589722,0.7195660468738849,1.1102230246251565e-16,0.9384665063734685,0.7333276537303651,0.769128653427382,0.6640344772930302,0.9061160172770115,0.17956988785077166,0.8536071853911859,0.9163418205600031,1.0105311262572685,0.9194429428373313,0.5176199343034703,0.22303110829573228,0.9191036089907674,0.9759403110958631,0.9307970017521718,0.9563240670739743,0.9331665591611527,0.823067168159507,0.8702120446263375,0.884806303390308,1.0475257376605356,0.8766491485467192,0.8967775349055027,0.8592120802179769,0.8997403685649769,0.9052753228637681
0399,0.3687245393334978,1.0318692596100565,1.0310387197509452,0.5360786948270115,0.4675531713882784,0.8468195883054681,0.6475121443343896,0.8130677177053568,0.9433255105755813,0.6995178315690969,1.0175099617655428,0.7493104498832226,0.9891247273976174,0.9676360885435143,0.9246499622270774,0.9582066216519037,0.9127680817518853,0.5159688765206795,0.636043010588106,0.6512215187980908,0.6880224855348471,0.7394560019863907,0.6235376074719984,0.6761817091164449,0.7425880356081602,0.9629132262461623,1.051825164407267,0.8892112354527436,0.8299519473792027,0.46612109801526463,0.7774939680537966,0.8323543616538616,0.39535086668437736,0.7462216345010939,0.7255224904160732,0.9061730372934422,0.7796148296157348,0.7067226625988472,0.7807208016763629,0.5828745916240592,0.676684932602518,0.8084154890702046,0.6206028851066765,0.6934919310164056,0.24578261302429824,0.3016681555083798,0.6496054882775001,0.7917973625513985,0.9021546661362312,0.6578828469412403,0.6599867240338815,0.6886941469812669,0.5780567741028382,0.8695957016099495,0.9119274911400832,0.8175290725583704,0.5950598101499514,0.8383386272755293,0.695358239311621,0.8576931625280988,0.7660357428319395,0.4562898853692974,0.9506049151807976,1.0243974173854966,0.7821546432013968,0.6737911883339173,0.4434250280078284,0.5740715315072336,0.9384665063734685,2.7755575615628914e-16,0.9490138874379473,0.8544368226145533,0.5470393665242084,0.6665806920398845,0.834488873005321,1.048634386239531,0.5120421857919879,0.6400262564658966,0.35600355922238247,0.9113093683593896,1.04243376152008,1.0312658169042157,1.0138870572810648,0.9593602868057494,0.9650397067898239,0.9683088191689969,0.7911073497749637,0.8156059042708367,0.8316225738212393,0.381190866044951,0.7899975740650766,0.33149801780296856,0.9975396885391776,0.5297020533091246,0.9507239264871985
0418,0.9151720236453842,0.5049711943100677,0.6451285634560675,0.6313993300083736,0.9309290514162823,0.6276973004277024,0.7815898153572541,0.7857995618252516,0.06621092638272671,0.6313660106222333,0.3694500880439746,0.9915300372330575,0.5910093790084257,0.6710427046322524,0.6982269734138934,0.24979411544674182,0.4873940113208686,0.805395308025493,0.9745962712084744,0.9457168158088115,0.9074677636302927,0.7333496850086226,0.8657713336220436,0.9340792114831908,0.8762389714279332,0.6321765741607863,0.7459310497050899,0.6407361009397272,0.2731605257812255,0.8710708265105891,0.6046801595065052,0.6559990239503878,0.9110172206190184,0.8317469581626841,0.7134624435621224,0.5681827370873079,0.646753344047014,0.8149766169056543,0.8404323609487272,0.8142767117374479,0.9908129808685344,0.8431031268669137,0.9511634772263491,0.7666182031976054,1.0397155181055373,0.9895176457559653,0.7739735407758708,0.8046532955312717,0.5094439723673533,0.7437100676242311,0.751926597527914,0.9468855978695156,0.9159380867791331,0.3110672267609812,0.6798524067571894,1.0220331072805517,1.074473416894136,0.9337601021621506,0.9855441099648744,0.9540698239962486,0.9643277300240922,0.8934760362008067,0.004599543295914638,0.3004859210422315,0.3510291624511091,0.6408937206792201,0.9302410134528041,0.780016413904945,0.7333276537303651,0.9490138874379473,1.942890293094024e-16,0.6683557182147062,0.929040332605592,1.0237250576092403,0.8552309170052348,0.4486514970163219,0.9631362115632709,0.9293648144980629,0.9400020489083556,0.8024297450064983,0.5477337277358385,0.6212961978317451,0.8186473853523911,0.6285279540075654,0.7159684433790716,0.6003641152487007,0.7842847059571729,0.8788646648358973,0.8776151186926631,0.8840783548247055,0.7698145087372036,0.8625953576105283,0.33312357062542564,0.8721718309515866,0.5859119649823228
0425,0.8333533514441338,0.8701497541107762,0.9087831480444735,0.5509302515436025,0.8862756872847677,0.6725375636806856,0.9403087478998668,0.7347764626911372,0.6254962433532187,0.7085553854961455,0.618133092425465,0.8810500772770173,0.4819444068168066,0.7388273140141488,0.7455148312613993,0.7465656672080447,0.8368815867831552,0.6413632605615194,0.927380561773031,0.8808171390436876,0.8365078274829467,0.7188263797714606,0.8242074351572587,0.5264084395869429,0.8584523816040576,0.7399801415401002,0.7462051042265472,0.7618544686993314,0.7448579295541244,0.8993032707657116,0.687472414820844,0.41307767065684653,0.763786794151116,0.8166423872698511,0.704266142110811,0.6808726380254497,0.635496908429554,0.5785611009309113,0.8208310879926466,0.7924070990590129,0.9459257068671189,0.8818561519171484,0.9274138410816026,0.8032802907886871,0.9244209800434131,0.8925211948273059,0.8108610866129635,0.8753613055043263,0.669507673411775,0.8255687840516064,0.8243510016570311,0.8644155565564164,0.8348535744298643,0.5287474593019048,0.7124105389002147,0.9086988732545852,0.9583554144306872,0.9299657844829974,0.9419305529523396,0.9313870903451691,0.934244985746672,0.816161631378515,0.6665396942807955,0.49278550396535886,0.4747482378658244,0.7098871347462611,0.8406812649826186,0.7113166055890741,0.769128653427382,0.8544368226145533,0.6683557182147062,2.7755575615628914e-17,0.8528677522751312,0.9133323135281666,0.7823250548821776,0.8534874845521271,0.8735048232784904,0.9871029701761171,0.8635368730267061,0.9270151277239054,0.8890213597198633,0.7092186159009357,0.8726877523344856,0.7114134042613646,0.7716852090615878,0.7032831410155422,0.7924481850257313,0.8918379310857723,0.8915805983465088,0.9910716314166581,0.6011178258634554,0.8550551321932434,0.5624938550916105,0.9074251766965246,0.8527426824739824
0426,0.7617290253848535,1.005482877878816,1.0056335164334922,0.5688218074343244,0.740404190328749,1.0325841928385224,0.7823896578861463,0.9888418693973445,0.9266385428559909,0.878817013732037,1.0011691145917185,0.9127147939266596,0.9298050836481923,0.9852271962618023,0.9276864253848319,0.9627354385226494,0.9410919578069131,0.6673374550179385,0.4594447317035237,0.6212761180756123,0.6286760870105411,0.9004162316274344,0.5364150933509628,0.8118484620170661,0.9483989542325707,0.9702992971643907,1.0090674814568885,1.0460727756198192,1.0037933230311036,0.7138628091913601,0.9733348921130389,0.9973491917416735,0.7259026292695134,0.9366658758822419,0.9629400441671363,1.0691862936391674,0.9390954811698421,0.9038970438217258,0.8312653080647061,0.82589852279651,0.873911485569929,0.7190393174434155,0.910969588010741,0.6869881787712753,0.5593715477872616,0.4561155885577848,0.8939338722894055,0.9980051946815224,1.0556312392162854,0.8718118210705632,0.8615715016173642,0.6219975410682769,0.5208937552077928,0.9487770454115922,0.6539472833398613,0.7700386152694804,0.5290744814148377,0.6997781730979402,0.7112271439570994,0.9715417349388037,0.7306944905384567,0.3611457796111756,0.9260349035315514,1.0064671583657698,0.8059805962332764,0.9202867389225384,0.23715097089336032,0.583412455958018,0.6640344772930302,0.5470393665242084,0.929040332605592,0.8528677522751312,1.1102230246251565e-16,0.4226527933071817,0.5504769908143337,0.9955949220087867,0.6377916338051415,0.7531641351287846,0.6590034286283792,0.5986897197027429,0.7574631893983915,1.005942309097501,1.004992515021479,0.9789138595835803,0.9850503867530522,0.9906255574188759,0.9633644623131556,0.9727956821664095,0.9786474117759054,0.6053028977941481,0.9151319828163068,0.5215191827813451,0.9887404704953897,0.7377052801410755,0.9640789617273978
0430,0.8682435644180685,1.0527700702821454,1.0398577640998679,0.8682281101160434,0.7518315439885099,0.8071064736777538,0.6907005485774791,0.7222798439385287,1.0018095155998106,0.7915408246441594,0.9205029131523144,0.6415715895366189,0.9341285894420583,0.9004992068226308,0.9913792722638362,1.0330530282516264,0.9898906364638924,0.7728031122385901,0.6210424034816455,0.7353950038287554,0.7667583257922757,0.7404268146249388,0.7486626145417161,0.8528524436074933,0.9291290903610205,0.8984356985559724,0.9173709930650591,0.7999278711385602,0.9689619028706755,0.7314541409943203,0.826507535847817,0.8594111302137084,0.8325303387968604,0.9110568795368994,0.7213993420999671,0.8308967551662618,0.7564830049742464,0.7689337027670204,0.7112510185146728,0.7035378171998672,0.8537963564473895,0.7988027013945056,0.8816136792735412,0.7606969261467665,0.6258932099459988,0.674074314607646,0.6306769749280092,0.6479444032358437,0.8408055615962449,0.6306644290560587,0.6321291119944272,0.7137309204954827,0.7771513074977948,0.9670136877354842,0.9150727763924935,0.8988398111327283,0.6143954254715971,0.7797659338803351,0.7908914297097005,0.9779040443371907,0.7217652167560555,0.6708971744348617,1.020955181723703,0.8790196156732432,1.087345977703709,1.0320416715777414,0.5934686322013838,0.5948143351852921,0.9061160172770115,0.6665806920398845,1.0237250576092403,0.9133323135281666,0.4226527933071817,0.0,0.8132655354937952,1.048405095535616,0.7049329739013573,0.6990954715543835,0.7511216712545454,0.6893915359020433,0.8668579553487847,0.8830345308503862,0.9538492679405142,0.8949259370624274,0.9040308140368104,0.9093139046649008,0.9041463122217711,0.9559821817456126,0.9503619373649423,0.526333791600941,0.744760879250977,0.6200516304374182,0.8664654219605918,0.8265370465405288,0.9980056516583564
0431,0.7895196480867996,0.9594912417210907,0.9759378562453993,0.7076251561272245,0.8470547416019241,0.9857071117344073,0.8982172169151599,0.9766418600968434,0.8572484645248872,0.9301406275376091,0.9520341070659772,0.9596404883493277,0.8691745928265044,0.9795560363228749,0.8840107410903519,0.9152035425325162,0.9311654103309204,0.8782536202287763,0.8402402328022829,0.7949166433332557,0.7529241258007053,0.9110986599837815,0.8074951955419559,0.8755164948102043,0.8640591184331087,0.9567550023364177,0.9734224018643206,1.0072639770781233,0.9460640510522186,0.8920473904463198,0.950987076022143,0.9458121941747667,0.7807188238428815,0.8667414894220035,0.9471879265604564,1.017500705749464,0.9645033402697933,0.9168358272884696,0.940247881044791,0.9256378161462192,0.8807201400130813,0.38498213701684253,0.8995684690954775,0.8906045091600743,0.8574805895862869,0.8258151119703887,1.0032469260261005,1.0080400868032093,1.0130747524295787,0.9974416331777074,0.9939329103655348,0.8292821471524001,0.7566857865803485,0.8848196957776642,0.20566163128576162,0.8405291142494117,0.8715962506113306,0.8919021895134814,0.8600676289214317,0.9160177020212088,0.882195420958754,0.7440449687415147,0.8499514394373666,0.9452624522470965,0.6690505966461195,0.827004431725683,0.7745989793725664,0.6095978060279834,0.17956988785077166,0.834488873005321,0.8552309170052348,0.7823250548821776,0.5504769908143337,0.8132655354937952,0.0,0.9339534264104941,0.8264964989931217,0.9301893765766929,0.8290029957984395,0.5164460022531724,0.3253964368780564,0.97563271741483,0.9945270346751476,0.9647417601236341,0.9803644176430786,0.9719025687326676,0.8784291035086171,0.908268131749462,0.923763227494306,0.9515157826105223,0.8647745074913701,0.8297481306486562,0.9378153008180908,0.7710846361612949,0.9486866155890572
0461,1.0164429534765815,0.19338552785772342,0.35524046465079906,0.8681708023153887,1.019783486251749,0.8492591123497106,0.9241595667445868,0.9252522106519911,0.48307731101992724,0.8447470711983982,0.6626077623842861,1.0245516608694027,0.7800608550655803,0.8511669656752368,0.6483833988707262,0.6058532989742162,0.7421945916729473,0.9521574475749756,1.0347558536349322,1.0203764356540974,0.995422059063142,0.9115883186175573,0.967025411412176,0.8810814213163893,0.9703620806609692,0.8089447536833326,0.8555232685778744,0.8284436487535012,0.6454076066648247,0.9951248946834004,0.8396201494309389,0.8662040108894167,0.9988391796908203,0.9471582700106906,0.9071181801092388,0.8028899481390559,0.8791048315364597,0.9530269692154056,0.6466758607372844,0.954879922539601,0.6362653442821515,0.9323264021008981,0.9099767657001339,0.9338579854690126,1.0758131012294774,1.0460953146739254,0.9474683077405324,0.9575350115648319,0.7760715389371367,0.9175099325386831,0.933971819352204,1.0038480173930584,1.004569979162976,0.6459131199352774,0.8398137277237059,0.6210746433691663,0.7761923646467872,0.5844050176389519,0.6533944138172338,0.5902704016589699,0.8475631146076449,1.0003095040358414,0.44155629863908363,0.6366486036284682,0.6613612651071207,0.5231627151670493,1.0119854196322835,0.9319019919165733,0.8536071853911859,1.048634386239531,0.4486514970163219,0.8534874845521271,0.9955949220087867,1.048405095535616,0.9339534264104941,1.6653345369377348e-16,1.0250258888325634,0.8522116695718622,1.0110854329452805,0.8946921780632733,0.7384310943133261,0.3590670900125457,0.6387678779909678,0.817204038653616,0.7770912858533391,0.8109458187265756,0.9290621669730961,0.6003530357023267,0.606577023167362,0.9940110299124318,0.9234251405429033,0.9837881774224468,0.6425768933842266,0.9713822853998351,0.7945315549921834
0478,0.7004088332744791,1.029521373077051,1.0210845621013962,0.5498875520878783,0.6491560122992716,1.0598269160529417,0.7090143840258802,1.0185739727360938,0.959325529699203,0.9012710356162699,1.0354256821570358,0.8406844520850789,0.9573701002671947,0.9991725274973311,0.7053299626464178,0.9896478154415238,0.9572122027532268,0.6728662015655765,0.3840832767357069,0.163769042829573,0.20236580813800606,0.9189428591497151,0.6982603507782565,0.8277880774713762,0.7965009496627924,0.9890031232703651,1.026480200378903,1.0745224555261985,1.02607795840576,0.6909443529217815,0.9908879270168653,1.01492332954335,0.6304992103410368,0.8085014366915066,0.9735364500012135,1.0997765647296234,0.9543156096675649,0.9160314929403921,0.792110684628399,0.6706036152329092,0.7432171846304089,0.9696571602873862,0.7137610795590772,0.8014617744007522,0.5532079812109298,0.49130862913778933,0.9537124269738866,0.7674112552137458,1.0884234729088138,0.9949366317937862,0.9849096101530227,0.2565785323440487,0.39814299614100934,0.9805785748460238,0.9139358472236845,0.5774790565609438,0.48103270323643843,0.7624550391978414,0.5423163157811082,0.9379584368870156,0.3841920373071507,0.4169381042520872,0.9627863150466518,1.0383748738740137,0.8153400906035742,0.9339336460666723,0.5259968433240225,0.6111707809559942,0.9163418205600031,0.5120421857919879,0.9631362115632709,0.8735048232784904,0.6377916338051415,0.7049329739013573,0.8264964989931217,1.0250258888325634,1.1102230246251565e-16,0.40579732454250617,0.2620633646343863,0.9846799271347006,1.0144163864141016,1.0274457945611144,1.0176065761132187,0.9983047368554843,0.9989543720011967,1.0096373456693963,0.6609398054843187,0.7864282845080504,0.7775555702751997,0.7191932326405672,0.7857823650304536,0.7681470715412755,1.02160230313484,0.7334112482716819,0.9774887336819584
0479,0.8808236856064158,0.8788792154815432,0.8975217465228085,0.749605328120635,0.745109389337158,0.9942459991490078,0.6873718182258786,0.961207338775913,0.9287212668648823,0.8770247321181768,0.9961347306539613,0.8182135576359855,1.0002797384410267,0.9902802392100246,0.8619006018942847,0.9617162275367923,0.9528676719052858,0.6661765273816413,0.6056800435237362,0.5789518276723282,0.6302482845991917,0.8979983755166999,0.7618398931702934,0.8846873752804228,0.9660444515378213,0.9769851347038506,0.9965537750383017,1.029709876518002,0.9855529982285626,0.7151763144853702,0.9601177620061958,1.048929908913586,0.7918147330339753,0.9626447030147239,0.9215510198634213,1.0458983562750361,0.9256856598776939,0.9450628250499065,0.689599897963215,0.5290783584209616,0.7583307280653746,1.0260588059278595,0.8629580441301308,0.9748130574262084,0.575371538503739,0.586192207692276,0.9269058097905152,0.8540404751069546,1.0390965682098285,0.9493876914269394,0.9617726436706668,0.5313017118215588,0.6330795576345436,1.009378213513927,1.0098263485447116,0.6829475025355535,0.5887783446648184,0.7177042841604715,0.5785662703699979,0.9331133597030619,0.5099275439942523,0.6371331572961976,0.9300616446941611,0.9978876048525374,1.0060348267987478,0.9657056637815536,0.6799021323258785,0.6055010981368847,1.0105311262572685,0.6400262564658966,0.9293648144980629,0.9871029701761171,0.7531641351287846,0.6990954715543835,0.9301893765766929,0.8522116695718622,0.40579732454250617,0.0,0.29878385158967324,0.960389795714126,0.9780256583165344,0.9021704755183606,0.9453172073252201,0.9834267195098674,0.9548751619188045,0.9917783500058079,0.9404046573092066,0.8935640855697362,0.8893838473915396,0.6866397374960518,0.9074055743297418,0.887530595489319,0.9849310499501946,0.8211189678124328,0.9693896538865407
0480,0.6824228036924697,1.0089276909271763,1.0139168486257484,0.5386879127809656,0.6461750265405193,1.031191660574079,0.7461305093770654,1.0083218480215954,0.9393580273659908,0.901113091016168,1.0160981595707943,0.8533364073948233,0.9336101132093833,1.0014273217663032,0.8387853089754255,0.9705215351851315,0.9511034847949608,0.5047881513966914,0.5268981026473154,0.4569577531444865,0.5218428372656357,0.9139004757817801,0.7180231172764806,0.8237035891114655,0.8860784047482307,0.9868279148416935,1.0220071949178557,1.0704802335747468,1.006988051295573,0.6825925490285729,0.9792303225775122,1.0051019726510435,0.6238405298125331,0.8640398861964625,0.9351903183713939,1.0883861471247465,0.9491249032040822,0.9241068768763636,0.7778770747719275,0.5005643672061353,0.7821379503000824,0.9642175627822135,0.778098760912168,0.8738536797754206,0.381550553244955,0.3514966024192313,0.9282235479060481,0.897188508814739,1.0715634536502652,0.9674840862229221,0.9751962172635752,0.4382897909762907,0.4491797787847752,0.9632085592963251,0.9059200000482339,0.6976470771888673,0.6147631598096531,0.8065135150680587,0.6271423212322961,0.9476632193153416,0.5754816020417743,0.4433351384481181,0.942576990391488,1.0207299894901536,0.8052860050628237,0.922525156497066,0.5170048476792801,0.5303024031348138,0.9194429428373313,0.35600355922238247,0.9400020489083556,0.8635368730267061,0.6590034286283792,0.7511216712545454,0.8290029957984395,1.0110854329452805,0.2620633646343863,0.29878385158967324,2.7755575615628914e-17,0.984402697873275,1.0048544542091427,1.0272528641550862,1.019549531798811,0.9924579055211917,1.0001040894681745,1.0017838109815753,0.8483951769743456,0.8994965322213044,0.9104107911642343,0.6703447357877681,0.8464803751148957,0.7531055932776831,1.0029279183325168,0.7515305906992941,0.9773555137526281
0530,0.9984592871286234,0.9236523282879407,0.9428328510727864,0.9394330621520194,1.0066584673416588,0.9408414481142904,0.9533363715986105,0.9461288397385639,0.8150715799541077,0.9126740981605397,0.9005908080618406,0.9921912548539709,0.9395260985304938,0.8188321395727023,0.9803202063625507,0.8699024916954812,0.8937774032802455,0.8950092650329762,0.9006241448093859,0.9825133070863233,0.9700163206762362,0.8629987024530041,0.896355970215195,0.9929513531973626,1.0283085776840888,0.9206972676017919,0.9531657387012973,0.9559262741383117,0.9032187396979868,0.9938350370386386,0.9108537126821441,0.9927569465414035,0.8475466507729601,0.9937549733614687,0.9594535344177451,0.9630730391804445,0.9349865817410066,0.9600192569007926,0.9666583168150029,0.9573165903837795,1.0088570431441486,0.5399039899970532,1.0557599113848875,0.8488260414188709,0.9101758400180164,0.8866772545469424,0.9329652030698019,1.0068995496554105,0.9482148254447313,0.9174633244418932,0.9017409895256349,0.9861272274009323,0.9815742374933446,0.9127921109649613,0.5356072652319737,1.0041018862133217,0.9230689374064741,0.8549226064311787,1.0040373368428357,1.007841317584464,0.9863932464464614,0.8919189221582535,0.7972858457938513,0.893325909457169,0.9019298169574463,0.9781368322495566,0.8278370934375412,0.7838082513698226,0.5176199343034703,0.9113093683593896,0.8024297450064983,0.9270151277239054,0.5986897197027429,0.6893915359020433,0.5164460022531724,0.8946921780632733,0.9846799271347006,0.960389795714126,0.984402697873275,1.942890293094024e-16,0.4243684609075017,0.9337349835311817,0.8510518187036193,0.7537130808503508,0.7993147726905925,0.7464325207294463,1.004155644349558,1.014307593589538,1.0138445957802222,0.8579342219397013,0.9876645677002476,0.8125848270059378,0.8893539396842353,0.9547029740142294,0.7251122871229165
0541,1.013782954037668,0.7890554691380971,0.8531568793867089,0.9063114831831475,0.996160394715054,0.8762210061756857,0.9360782063418459,0.9368636117453356,0.5877112633478719,0.8871314803872611,0.7426317529001627,1.0167513947758249,0.8198528165354961,0.8914999660294549,0.9151406106664235,0.6866452971700789,0.8024692941778573,0.976678181278064,1.0146008623348561,1.0122587097215303,0.9858656612138403,0.9430079051706897,0.9641128582325382,1.0101014505376251,0.9730749263747944,0.8579593434482486,0.8795619390916405,0.8623989045951476,0.7068013509367989,0.9873067532572092,0.8800982654107672,0.9083380066143345,0.9947106532935381,0.9590050671254515,0.9360373702310931,0.8467421475931285,0.9146983852639239,0.968847893952564,0.9844924700522442,0.9659137497168482,1.0496293922171005,0.40471591943268637,1.0260567681428174,0.9510484830582153,1.0481440944733815,1.033002937028341,0.9662270284232459,0.9789213936111583,0.8424295592429996,0.9392651355912807,0.963407981350828,0.9960859943044101,0.9804158727467874,0.7351674157201754,0.22396610439346423,1.0360416836726607,1.0755256542703724,0.9895880096559135,1.0285518509888105,0.9886046476652504,1.0024343766576984,0.9859564917841945,0.5433839809355925,0.7122743633984268,0.7244698885904819,0.8901575417090063,0.99772489569777,0.6976433415382375,0.22303110829573228,1.04243376152008,0.5477337277358385,0.8890213597198633,0.7574631893983915,0.8668579553487847,0.3253964368780564,0.7384310943133261,1.0144163864141016,0.9780256583165344,1.0048544542091427,0.4243684609075017,2.7755575615628914e-17,0.844204138746279,0.936942862336222,0.8654769621036885,0.9063809727667317,0.8582871659795841,0.9444097297474439,0.9869005132483549,0.9882906257692978,0.9844615827126245,0.9494104826769918,0.9861866334267423,0.721364987443332,0.9624045237984534,0.836538854943687
0542,1.0588375763243572,0.493412615513158,0.5626643911804585,0.9333426144092715,1.0751128141506046,0.6503236815112073,0.9960154800883538,0.6829527190178302,0.6426716988921238,0.7851766581186228,0.4820875465295075,0.890558292896539,0.5928234646851345,0.6394231403006774,0.7413893956628528,0.7239313944062931,0.7847242213785943,0.8697002412614905,1.0512391865786368,1.0359595878509822,1.020143346934292,0.7377792843487009,1.0130543137570118,0.8366179394593478,1.0176146806072457,0.6339969500982414,0.7111173756605015,0.570819051978825,0.7640295179662993,1.0382249643683503,0.7369553511771718,0.6524703498343489,0.9991609429771354,0.9731155374800908,0.6973188244955251,0.5755699696200653,0.6991651059173636,0.7965266070951149,0.41478070160112773,0.7453648998484044,0.7887621291918894,0.9727782589785221,0.9634220663079899,0.9392804488494193,1.0694887361793963,1.055241457093302,0.7357638173681698,0.766841635204605,0.558803977454981,0.756608196392476,0.7450713733901,1.0483359992865782,1.041765520993577,0.6766978703685287,0.9086469131439286,0.7874869091183762,0.8647181895401135,0.7488302166036495,0.8007246668015776,0.7527829250280808,0.9039599047358511,1.0462701655257227,0.6162843078926251,0.37856190092904163,0.7804591433227321,0.6670622429404428,1.0295921786410547,0.8500556629227101,0.9191036089907674,1.0312658169042157,0.6212961978317451,0.7092186159009357,1.005942309097501,0.8830345308503862,0.97563271741483,0.3590670900125457,1.0274457945611144,0.9021704755183606,1.0272528641550862,0.9337349835311817,0.844204138746279,1.3877787807814457e-16,0.577737827096586,0.6029844356084448,0.580426368268645,0.6169623142985948,0.9761682223040651,0.7393654909992406,0.7405065224680759,1.0287494982410756,0.7479257905220036,0.9955749059699066,0.38429617936125254,1.0160098261461186,0.8292439765907329
0550,1.0438157557040006,0.6724360158278142,0.7179573793552336,0.9758270160220683,1.0618558815709147,0.8610771846388307,1.0143848439783085,0.8790516893654307,0.8192313995357174,0.8782146802780152,0.7602266202727447,0.9562903743056045,0.8419771109041824,0.6363768004294608,0.8373957660893117,0.8559190170632407,0.8720442320796911,0.908686547484109,1.0392732021993016,1.0284421801050487,1.0203953736973461,0.7723046531957112,1.01526704837237,0.8957702041261084,1.0154660638836575,0.4516050442074043,0.43326832115690533,0.8196044763677899,0.8858188861600633,1.0307994937549805,0.8599345633862716,0.8393473500968369,0.934719759089808,0.9801829218004381,0.8683912536118406,0.8139422242938545,0.8524765971242844,0.8941478115789274,0.7057245357016887,0.8848849092627438,0.8342495274193229,0.990723870511558,0.9701399562100523,0.964296399645213,1.0383410160713482,1.0321325059434783,0.8732493720979726,0.8859783957700894,0.7997001355245323,0.8914112300043032,0.8684014364679613,1.043255179604677,1.042566188093009,0.8220141476374846,0.9699166844348797,0.8396957464384252,0.9134837998548242,0.8209576991485561,0.8533512447991805,0.821468571987472,0.9577967970102443,1.0458455449839303,0.8161711184002167,0.7308277269997051,0.9056341440278779,0.8226880364815397,1.0293154887588203,0.9079889940107828,0.9759403110958631,1.0138870572810648,0.8186473853523911,0.8726877523344856,1.004992515021479,0.9538492679405142,0.9945270346751476,0.6387678779909678,1.0176065761132187,0.9453172073252201,1.019549531798811,0.8510518187036193,0.936942862336222,0.577737827096586,1.3877787807814457e-16,0.4850158926676849,0.26877125496388166,0.4295265504356388,1.0005588063215147,0.8236995860962878,0.8262403183997558,1.028106495445191,0.8754495612171697,1.0005418595606148,0.7241788480151862,1.0263914967812977,0.6608379088029558
0552,1.001517882664927,0.8264561072989498,0.8785194884529566,0.8719373103149688,1.0380860829366512,0.6801463929828732,0.9670032986109272,0.7168103545617178,0.6381009611694086,0.7408577987003411,0.4856553678531551,0.9020225716487735,0.6702845640982396,0.4154513816051054,0.8737986360181519,0.6963393479315634,0.7523901826605129,0.8155410495115728,1.0226081901375954,0.9980449547615149,0.9954372756168026,0.6269877664351997,0.9830658704858513,0.9110853437029762,0.9754562080081737,0.48401083209196777,0.6420433110165583,0.6056087396331626,0.7244207325358277,0.9844628887643136,0.699741972632729,0.6581825737713654,0.8456694915862288,0.9275592573799147,0.6901905936413173,0.6056130442969537,0.6732363781849048,0.7617366346261024,0.7706933920542782,0.7526361487141233,1.0066304297419464,0.955905800234349,1.0110478748507579,0.8743605699089283,1.0227791236913826,1.0071829891791027,0.7158393104578566,0.763456522807145,0.5821433266733845,0.7223402784112842,0.7237398904431487,1.0292848202617384,1.0167147661872094,0.6393470157262956,0.9087872846428463,1.0484763699592485,1.0424928220316496,0.9907497461654866,1.0189758586588762,0.994823576134295,1.0142622336211822,1.0086290172405046,0.6246699010495398,0.44114091882479,0.7577671524392335,0.8505048413897219,0.995530209370309,0.8084577422118918,0.9307970017521718,0.9593602868057494,0.6285279540075654,0.7114134042613646,0.9789138595835803,0.8949259370624274,0.9647417601236341,0.817204038653616,0.9983047368554843,0.9834267195098674,0.9924579055211917,0.7537130808503508,0.8654769621036885,0.6029844356084448,0.4850158926676849,2.7755575615628914e-17,0.2594230640277586,0.0729636471932828,0.9427819657544718,0.9504988608096134,0.95214665261588,0.9880359659626589,0.7500516448768155,0.9373275033395604,0.43473414742884225,0.9907264230276513,0.5009286486765313
0553,1.0189250355435782,0.8072005502721009,0.8439156548772051,0.9101822590567216,1.053232975075041,0.7390713566025708,0.9917677129052711,0.781606449509311,0.7277448826673183,0.7930482780423005,0.6075060174030711,0.9127207540482654,0.7183455416072767,0.4858876165646465,0.8518910468181113,0.7637925251049057,0.7933415561027448,0.8319371255583983,1.0291573127583902,1.0085178671066728,1.0036709115721953,0.6503181022741191,0.9993218079339984,0.8875663933513432,0.9962042458687645,0.2964802392787419,0.43035081259822006,0.7021422523740585,0.7973368085044475,1.0026946264244738,0.7621039244419487,0.6949264052148489,0.8658093127558043,0.9441530928402981,0.7485294419629211,0.6822611461285418,0.7236504907792596,0.8072902216867534,0.7435591552076434,0.7648215575957088,0.9635665551141197,0.9739351208552207,0.9751496522848893,0.8977809885588446,1.0226026035074969,1.0120305622771062,0.752625391514784,0.7865673620066562,0.6509494509385165,0.7994291940004933,0.7565355830851983,1.0400777937931045,1.0285057493232075,0.7218081445572796,0.9373407439903761,1.0045331623147775,0.9954791455630345,0.958766343595461,0.9790027845859816,0.9598851360579991,0.9778189240483116,1.024327845673155,0.7140496381225402,0.5448585382302439,0.8241328192178774,0.8155525362377157,1.0053017396194668,0.8331417313568944,0.9563240670739743,0.9650397067898239,0.7159684433790716,0.7716852090615878,0.9850503867530522,0.9040308140368104,0.9803644176430786,0.7770912858533391,0.9989543720011967,0.9548751619188045,1.0001040894681745,0.7993147726905925,0.9063809727667317,0.580426368268645,0.26877125496388166,0.2594230640277586,1.6653345369377348e-16,0.21694441687561564,0.9628185134955444,0.9207386439142683,0.9223716097450715,0.9998164645696348,0.7702110909239858,0.9535830247448509,0.5552412947154762,1.0090631830712868,0.5949411732832273
0554,1.0157108093548195,0.8144453546731811,0.8717427542203033,0.8632398712645694,1.048066305897474,0.656814199106895,0.9708260737660922,0.7291839437966667,0.6177926056960389,0.7383920009837797,0.4939096453740232,0.9104596149465289,0.692275046565257,0.3822616990682283,0.8665241002336268,0.6710146753981282,0.7424306199073893,0.8072651338594039,1.0391308386734626,1.0173055450627222,1.0065401387103825,0.5930731164124837,0.9913135320776127,0.9142879175064192,0.9844083706423294,0.48998029248704694,0.6206206522974597,0.6307456029327158,0.6997150915775423,0.9889639668250638,0.6971555678598091,0.6379291124866935,0.843581179726031,0.9323393667162942,0.670090433058268,0.5857183194231834,0.658776674812132,0.7706813558985013,0.7721025555812158,0.7542603186734426,1.0237346476143683,0.9648166193067067,1.0235716833656583,0.8756284931537338,1.0363185480472779,1.0222382589593908,0.7040300808157234,0.7468650592439312,0.5545374616817034,0.7325513610611408,0.7036501496132113,1.0438639293188592,1.0253974872062246,0.6162600113002773,0.9005087370805293,1.0647934134291266,1.0629540745007362,1.0061074008954944,1.0322715453917866,1.0099830885583942,1.0220891824849727,1.0171874615755385,0.5990737696342551,0.41152489606975023,0.7433110348910892,0.8417907794642061,1.0075744642513347,0.7978613282837754,0.9331665591611527,0.9683088191689969,0.6003641152487007,0.7032831410155422,0.9906255574188759,0.9093139046649008,0.9719025687326676,0.8109458187265756,1.0096373456693963,0.9917783500058079,1.0017838109815753,0.7464325207294463,0.8582871659795841,0.6169623142985948,0.4295265504356388,0.0729636471932828,0.21694441687561564,8.326672684688674e-17,0.9452343241175702,0.968281234939997,0.967706093957649,0.9883946141434121,0.7278035736391328,0.9458542171235085,0.42304489225303793,1.0103455511237769,0.46272348469440966
0606,0.6741659036337636,0.9417235414255898,0.9634771209565443,0.844295869733124,0.8265502605165773,0.8236801484925858,0.7598643556916376,0.8742968829030013,0.8050888332338373,0.8315922439952517,0.923037717580321,0.8887699300910519,0.8657997839661047,0.9564856846511844,0.518203075929722,0.8557679474185644,0.8777423046260747,0.8804877052253193,0.827339799623173,0.6047447518534672,0.5458653321487598,0.8806319240382969,0.8810499144886076,0.8028989864247217,0.4471979242131686,0.9340400078891558,0.9899183171447572,0.7947305975250851,0.6740724176754564,0.874605106066896,0.7793728579395085,0.7037025919418981,0.7204428164631146,0.31894741031507023,0.8853021443192586,0.782959205175003,0.8613464022527406,0.7897834274042946,1.092115025357832,1.0589848086886184,0.6544356239358647,0.739730366560496,0.4363858829084579,0.4551589472194289,0.8683466688130115,0.9238350058740568,0.8945757220561527,0.5910184409443024,0.7669816056084817,0.8720858747775482,0.8843955216594268,0.8026421061455291,0.8840396493289305,0.7040679683236312,0.8046896869230893,0.8576065153386334,0.706743171996611,0.8623345798277879,0.8518279112598469,0.6819672300770374,0.8075564250303835,0.8424026169835326,0.7878439123591681,0.9048362097507705,0.5822845920337922,0.5311732905955258,0.9338793976617329,0.9531485290953257,0.823067168159507,0.7911073497749637,0.7842847059571729,0.7924481850257313,0.9633644623131556,0.9041463122217711,0.8784291035086171,0.9290621669730961,0.6609398054843187,0.9404046573092066,0.8483951769743456,1.004155644349558,0.9444097297474439,0.9761682223040651,1.0005588063215147,0.9427819657544718,0.9628185134955444,0.9452343241175702,8.326672684688674e-17,0.3541735299298283,0.36108844138249585,0.9599781878508273,0.528107794535694,0.7154917223864778,0.9083881186820563,0.7666873424140285,0.9195232287324238
0607,0.7090558233676354,0.6445024806317873,0.6884793834918312,0.9128648422586562,0.8586428619559205,0.8707839380919458,0.8428259406869136,0.8846473962490871,0.8910765576892021,0.8802479663759112,0.9607576040168648,0.8744947918974482,0.8960629219528942,0.964598157058622,0.43224372261409416,0.9177444168550417,0.8995042749756735,0.8981582800972685,0.8625729287862725,0.713668736918065,0.7176790610376294,0.9095471992616819,0.9225298614834063,0.7199295918958855,0.5164941040312928,0.9422218423041002,1.020952770461272,0.8003531794328449,0.7547611642075511,0.9112280036335724,0.8198106911068517,0.7869169713055904,0.746314361924364,0.43774289327062954,0.927939617566274,0.8323333392764136,0.9109245903496901,0.819791952310475,0.854238217074291,1.0539186376013443,0.271796884482141,0.7723449343732329,0.3338206971028056,0.5247029582831374,0.869869767511847,0.9387678455382082,0.9242862750380343,0.702803074310187,0.8465409825773054,0.8981692482417309,0.9130311686762935,0.8525669181786569,0.9013508662195144,0.8195078478742295,0.8637408455524727,0.48158041830689646,0.5173200298496892,0.5278505683569624,0.5423637258696339,0.33142344186323025,0.7855173383650434,0.9119422954289025,0.8789570944799507,0.981180364875816,0.6817494768424457,0.3293202780104236,0.9479263960189291,0.9745169632311249,0.8702120446263375,0.8156059042708367,0.8788646648358973,0.8918379310857723,0.9727956821664095,0.9559821817456126,0.908268131749462,0.6003530357023267,0.7864282845080504,0.8935640855697362,0.8994965322213044,1.014307593589538,0.9869005132483549,0.7393654909992406,0.8236995860962878,0.9504988608096134,0.9207386439142683,0.968281234939997,0.3541735299298283,1.1102230246251565e-16,0.03680206878950995,1.0016735045639977,0.6825360574533168,0.7539856597315001,0.9515691872816154,0.797748965853512,0.9396883209752998
0608,0.7290972645204242,0.6439713230328447,0.6869190929681096,0.9190236706667626,0.8649345207217838,0.8618511279368718,0.830803521001821,0.8812921638132284,0.8841796159434412,0.8791532695143139,0.9612089685960207,0.8694778421523774,0.8942554900682493,0.9662864038088386,0.40627430246750174,0.9158509074031391,0.9000395218789481,0.9039957502652587,0.8715693533783035,0.7283420907351935,0.7031946225682216,0.9034975915385475,0.9214796682647393,0.7149060072662126,0.5288604858592897,0.943688265910996,1.0174223351338711,0.8050754360955831,0.7450584118957859,0.9050423939473946,0.817445429978602,0.7812373060216122,0.766736300501254,0.459053520321073,0.9175113212624288,0.8260217116073305,0.904975308274507,0.8150869257979728,0.8635941631986753,1.0572634134250607,0.2774133910699029,0.7872602132938837,0.3540734195201689,0.5436382978780187,0.8919159201224032,0.9568920273584407,0.9124952837295246,0.6737190497531669,0.8315723266297906,0.8875364805790588,0.8992912326306974,0.8686370771220526,0.9126456365478656,0.8111990904236385,0.8749601875529446,0.4828014173746058,0.5085309241536712,0.5574613141680077,0.5347165515080976,0.33828010050096735,0.7420252500179427,0.935199575699487,0.878429322705588,0.9775016765738997,0.7087120082390186,0.3395461133710844,0.9693573625213528,0.9752125100005302,0.884806303390308,0.8316225738212393,0.8776151186926631,0.8915805983465088,0.9786474117759054,0.9503619373649423,0.923763227494306,0.606577023167362,0.7775555702751997,0.8893838473915396,0.9104107911642343,1.0138445957802222,0.9882906257692978,0.7405065224680759,0.8262403183997558,0.95214665261588,0.9223716097450715,0.967706093957649,0.36108844138249585,0.03680206878950995,1.3877787807814457e-16,0.9931071255732566,0.6982220443942903,0.7676295917922652,0.9517977568682727,0.8091788362219682,0.940493394584814
0613,0.5436792977819126,0.9902507405049579,1.005421258529102,0.7076800826719685,0.40913809266876644,0.7584709508994946,0.5066719113505123,0.746332433293536,0.8917734124968553,0.6382448010778826,0.9994184553844321,0.686419083819307,1.032167943750919,1.0005516998671133,1.0650410621988422,0.9298173722531539,0.9349741781507852,0.7681547595337002,0.6509104684711584,0.7746312874929635,0.8328321100563323,0.7078257562786283,0.6484409784235406,0.7940357512665122,0.8957643715399322,0.9850481650766036,1.0216248720676149,0.8725262154237908,0.7477707257032011,0.37730036469094724,0.7331088610862121,0.8908295438009523,0.6952859755823306,0.9355586063795558,0.6334491292637068,0.8611170328512704,0.7227665296973202,0.7291025388659409,0.7315038574584771,0.7181281664412837,0.7622961132374322,0.8717949895988271,0.7936552530306558,0.8264809552667703,0.4739868825306722,0.4471668508850699,0.49409657289016834,0.7521496882372535,0.8522048199742809,0.5564661414852218,0.5406825709904903,0.7107152049087057,0.6982920552543792,0.8989912755159903,1.0297485183723434,0.9370425954764168,0.6586559087594452,0.8585860583615982,0.7503192260642281,0.9844466596164422,0.7276483611700064,0.5696667855887522,0.8892638883752526,0.9831382980757136,1.0151085387777221,0.8989104148936202,0.44596203578852667,0.6472664502196293,1.0475257376605356,0.381190866044951,0.8840783548247055,0.9910716314166581,0.6053028977941481,0.526333791600941,0.9515157826105223,0.9940110299124318,0.7191932326405672,0.6866397374960518,0.6703447357877681,0.8579342219397013,0.9844615827126245,1.0287494982410756,1.028106495445191,0.9880359659626589,0.9998164645696348,0.9883946141434121,0.9599781878508273,1.0016735045639977,0.9931071255732566,8.326672684688674e-17,0.9222116811625913,0.3973568223596927,0.9795168190089306,0.5867444500931693,0.9637146610646057
0621,0.8125707809641206,0.8336627039505367,0.8448975013382444,0.7775749355649044,0.8204664217972422,0.7374089805389829,0.7413295234601114,0.773956070753604,0.7479389010416206,0.7403825759600087,0.6100056428779932,0.6811913257706171,0.7213410940785939,0.6200170340120219,0.5435097637370749,0.6769070701909113,0.7072322426550819,0.7169613035737494,0.8370329206611011,0.762342597692021,0.7437239737901162,0.6833950601830464,0.8529437347390048,0.7952585303279843,0.5708676128045351,0.7575307361247337,0.8304101541113549,0.6791133250445848,0.7402470598854058,0.8633331807678399,0.7280790622587832,0.5590930136885027,0.7471184861465527,0.530457315175064,0.678647493187968,0.6516077522279589,0.7095850795942477,0.7026722813256544,0.8169619331754874,0.8002758258424776,0.7611350152551917,0.8812287314857423,0.6763269458964742,0.6420502040251819,0.9013130338893697,0.8914760349052947,0.6655037013243088,0.4354743820104367,0.6182620193405919,0.7102648300642173,0.6519704457423026,0.8096418236757806,0.86790503437694,0.5895402287133831,0.8427337920889493,0.8892866449701433,0.8244693874299285,0.9199324132777604,0.8499136981253193,0.7855976785184535,0.7784263126558116,0.8678861482116369,0.7640655640624592,0.6165621281667228,0.6880622677904669,0.6753009134357171,0.9208239202764927,0.7606745449395017,0.8766491485467192,0.7899975740650766,0.7698145087372036,0.6011178258634554,0.9151319828163068,0.744760879250977,0.8647745074913701,0.9234251405429033,0.7857823650304536,0.9074055743297418,0.8464803751148957,0.9876645677002476,0.9494104826769918,0.7479257905220036,0.8754495612171697,0.7500516448768155,0.7702110909239858,0.7278035736391328,0.528107794535694,0.6825360574533168,0.6982220443942903,0.9222116811625913,0.0,0.7679822511236414,0.6311550057754278,0.7886023323179584,0.7735690037029306
0625,0.3278660022457368,0.9875105560601158,1.0041896729171431,0.6793740385082683,0.5068628652113266,0.7514971297849677,0.7221870083125834,0.7680588288679842,0.8699250639036451,0.7508631291859654,0.9570995693537463,0.7366231262951036,0.9115616794695868,0.9571389865461203,0.896972152379558,0.90275751571386,0.8882612529084435,0.6119551335691065,0.6749018482494659,0.7528955538914004,0.7815124885467244,0.7698254691895137,0.6969325924815541,0.7753810637560258,0.6198386313939485,0.9361397755709454,1.0253602749580042,0.7718193920600638,0.7387942542394208,0.5801317979970388,0.7079494911996471,0.7444344901157437,0.5468339570600828,0.6495492085117771,0.6890050699858172,0.7964063510498778,0.8128189527739144,0.7012073232149254,0.8564688160521724,0.8394620791525595,0.7056458134769128,0.7020279687367127,0.4947725642566109,0.527140401717391,0.44477431475902246,0.5052832458836096,0.5402156321292774,0.7394358266999639,0.820461199655502,0.4933687111178874,0.5145085813797506,0.7918176430545902,0.6589373752185541,0.787847875884877,0.8799330622912083,0.8942199603320491,0.6445976876857403,0.8441614424556741,0.7828202935829174,0.7781650530954939,0.8571489840050535,0.5521438838019673,0.8591553691013539,0.9587256877960679,0.712377924766327,0.5943175479456073,0.4634062631238688,0.7546306698430649,0.8967775349055027,0.3314980178029685,0.8625953576105283,0.8550551321932434,0.5215191827813451,0.6200516304374182,0.8297481306486562,0.9837881774224468,0.7681470715412755,0.887530595489319,0.7531055932776831,0.8125848270059378,0.9861866334267423,0.9955749059699066,1.0005418595606148,0.9373275033395604,0.9535830247448509,0.9458542171235085,0.7154917223864778,0.7539856597315001,0.7676295917922652,0.3973568223596927,0.7679822511236414,2.498001805406602e-16,0.9342906105707764,0.5202780833313627,0.9304956702616585
0648,1.001220826829154,0.6753628589861327,0.7976177338877855,0.7913271191881837,1.0520244261212914,0.4034542671238812,0.9190685582814442,0.5061829884814261,0.376286106824657,0.6064050514088677,0.1699858122598177,0.8531553949348278,0.45011681048825364,0.5140044451252707,0.824785071858059,0.4830697173744653,0.6375941128151376,0.7844691918810327,1.048494465966733,1.017207072017174,0.9932325140494849,0.6153528931295067,0.9690603833733462,0.8693326426425732,0.9605582174315597,0.4776398294073793,0.5757029026483753,0.35142300762473777,0.5284684135075794,0.9755397193215375,0.5605866547748458,0.4586459885352069,0.973899914079815,0.9148994064338475,0.44569532095621045,0.29750280308029703,0.5062643678887943,0.6861597121556826,0.6703187557524213,0.6512042275384713,1.0459310288236514,0.9229893115638388,1.0329434888006463,0.8560039260823644,1.0762434576448139,1.042161968100595,0.5597772068121443,0.6076146651987084,0.2682950961401559,0.5641421864159306,0.5608918472515285,1.043936781346102,1.0210467753527592,0.3778525423020883,0.82237056224188,1.0776301631139154,1.105769222695334,0.9929614974715474,1.0479298160869572,1.0013178234821567,1.0218161083818487,0.9911376753105781,0.3293685607185206,0.04452962570668442,0.5661136107530147,0.7737032882925587,1.007839858984278,0.7447315147407325,0.8592120802179769,0.9975396885391776,0.33312357062542564,0.5624938550916105,0.9887404704953897,0.8664654219605918,0.9378153008180908,0.6425768933842266,1.02160230313484,0.9849310499501946,1.0029279183325168,0.8893539396842353,0.721364987443332,0.38429617936125254,0.7241788480151862,0.43473414742884225,0.5552412947154762,0.42304489225303793,0.9083881186820563,0.9515691872816154,0.9517977568682727,0.9795168190089306,0.6311550057754278,0.9342906105707764,2.7755575615628914e-16,0.9755245195970919,0.7252090872849973
0678,0.35568219840488785,0.9977056182298227,1.0051492072295876,0.5933726826623813,0.240924938705087,0.6813815342585139,0.3332896746060797,0.5685548883743958,0.8954242939673551,0.5562056485240346,0.9843979766779959,0.6009308234761691,0.8920721862180747,1.0055283924882035,0.9579215501499123,0.9327454303703016,0.9322482428386358,0.9030735236748593,0.6270172807198999,0.6250251164188403,0.6015250409182539,0.656549555258279,0.3892871270494105,0.6085496931466635,0.6144505635862629,0.9713833143956719,1.0197950155989095,0.7478079941080499,0.7382740744366113,0.3399095380387819,0.6813650911112423,0.8000149385798853,0.45244800991940926,0.6905869378046882,0.6352906538259337,0.8052437973498081,0.6880343246333864,0.4961009122606375,0.8129092566871843,0.8101287446369327,0.5481397057099078,0.7960465906803502,0.6194944454413553,0.8145231394369477,0.644023628637578,0.6374883809380021,0.8212741015457568,0.8336264983269799,0.8624644281133329,0.7476393736839164,0.8202719838421342,0.6445563604717819,0.5226673559342327,0.8037511783933733,0.9249212897800616,0.7554145928842327,0.7574751623950028,0.8321497096256112,0.6467598112657886,0.7872375789364021,0.7933579787082092,0.6158277687618605,0.8686924066520996,1.0020058007709864,0.7727747788579387,0.6983620881600698,0.6803572385995187,0.7903499086419021,0.8997403685649769,0.5297020533091246,0.8721718309515866,0.9074251766965246,0.7377052801410755,0.8265370465405288,0.7710846361612949,0.9713822853998351,0.7334112482716819,0.8211189678124328,0.7515305906992941,0.9547029740142294,0.9624045237984534,1.0160098261461186,1.0263914967812977,0.9907264230276513,1.0090631830712868,1.0103455511237769,0.7666873424140285,0.797748965853512,0.8091788362219682,0.5867444500931693,0.7886023323179584,0.5202780833313627,0.9755245195970919,3.0531133177191805e-16,0.961713414836863
0679,0.9822123039569481,0.6468713841492789,0.6589463493737654,0.8430534416485167,0.9771642804877758,0.8592798090517049,0.9195439059936266,0.9198153903084763,0.5913415996061488,0.8107299956826686,0.5783593599125474,0.8785552712548108,0.8677116464358359,0.35635014391727327,0.7058763700713437,0.42823333330761604,0.5210844879776779,0.8546500371706718,0.9896537032181667,0.9767322297879477,0.9623178431436709,0.7255572497221203,0.9506459562304774,0.9685409090716819,0.8265994367265916,0.8125545726266218,0.8949829971569914,0.8356975577561203,0.6758583470039715,0.9482348246292596,0.7994061389601429,0.8193419601351712,0.8297570205522512,0.805384076066737,0.880694867393798,0.8109753726322407,0.8108452415443369,0.884918516975369,0.8935868247126357,0.8790494607269994,0.9914025061477674,0.9414233772425455,0.9824195351349521,0.85494779681067,1.0010027781088953,0.9898154614984653,0.8671377984085749,0.8852450108676058,0.7906390766572563,0.8906407000954439,0.8525261821431852,0.9820632554427153,0.9640861229606283,0.7098411118984579,0.8785133751264933,1.0245490745251966,1.0327833375198394,0.9797808225935554,0.9926921251368492,0.8989129176019197,0.9284922999053387,0.986450654413706,0.5870363654248173,0.7132063014170977,0.7408866965902106,0.8372906846043578,0.9793471732173453,0.8658769630542261,0.9052753228637681,0.9507239264871985,0.5859119649823228,0.8527426824739824,0.9640789617273978,0.9980056516583564,0.9486866155890572,0.7945315549921834,0.9774887336819584,0.9693896538865407,0.9773555137526281,0.7251122871229165,0.836538854943687,0.8292439765907329,0.6608379088029558,0.5009286486765313,0.5949411732832273,0.46272348469440966,0.9195232287324238,0.9396883209752998,0.940493394584814,0.9637146610646057,0.7735690037029306,0.9304956702616585,0.7252090872849973,0.961713414836863,5.551115123125783e-17
