species_id,species_name,n_images,B1_presence_c1,B1_presence_c2,B1_presence_c3,B1_presence_c4,B1_presence_c5,B1_presence_c6,B1_presence_c7,B1_presence_c8,B1_presence_c9,B1_presence_c10,B1_presence_c11,B1_presence_c12,B1_presence_c13,B1_presence_c14,B1_areafrac_c1,B1_areafrac_c2,B1_areafrac_c3,B1_areafrac_c4,B1_areafrac_c5,B1_areafrac_c6,B1_areafrac_c7,B1_areafrac_c8,B1_areafrac_c9,B1_areafrac_c10,B1_areafrac_c11,B1_areafrac_c12,B1_areafrac_c13,B1_areafrac_c14,B2_log_area_c1,B2_sphericity_c1,B2_log_aspect_c1,B2_log_elong_c1,B2_bbox_extent_c1,B2_log_area_c2,B2_sphericity_c2,B2_log_aspect_c2,B2_log_elong_c2,B2_bbox_extent_c2,B2_log_area_c3,B2_sphericity_c3,B2_log_aspect_c3,B2_log_elong_c3,B2_bbox_extent_c3,B2_log_area_c4,B2_sphericity_c4,B2_log_aspect_c4,B2_log_elong_c4,B2_bbox_extent_c4,B2_log_area_c5,B2_sphericity_c5,B2_log_aspect_c5,B2_log_elong_c5,B2_bbox_extent_c5,B2_log_area_c6,B2_sphericity_c6,B2_log_aspect_c6,B2_log_elong_c6,B2_bbox_extent_c6,B2_log_area_c7,B2_sphericity_c7,B2_log_aspect_c7,B2_log_elong_c7,B2_bbox_extent_c7,B2_log_area_c8,B2_sphericity_c8,B2_log_aspect_c8,B2_log_elong_c8,B2_bbox_extent_c8,B2_log_area_c9,B2_sphericity_c9,B2_log_aspect_c9,B2_log_elong_c9,B2_bbox_extent_c9,B2_log_area_c10,B2_sphericity_c10,B2_log_aspect_c10,B2_log_elong_c10,B2_bbox_extent_c10,B2_log_area_c11,B2_sphericity_c11,B2_log_aspect_c11,B2_log_elong_c11,B2_bbox_extent_c11,B2_log_area_c12,B2_sphericity_c12,B2_log_aspect_c12,B2_log_elong_c12,B2_bbox_extent_c12,B2_log_area_c13,B2_sphericity_c13,B2_log_aspect_c13,B2_log_elong_c13,B2_bbox_extent_c13,B2_log_area_c14,B2_sphericity_c14,B2_log_aspect_c14,B2_log_elong_c14,B2_bbox_extent_c14,B2_log_area_std_c1,B2_sphericity_std_c1,B2_log_aspect_std_c1,B2_log_elong_std_c1,B2_bbox_extent_std_c1,B2_log_area_std_c2,B2_sphericity_std_c2,B2_log_aspect_std_c2,B2_log_elong_std_c2,B2_bbox_extent_std_c2,B2_log_area_std_c3,B2_sphericity_std_c3,B2_log_aspect_std_c3,B2_log_elong_std_c3,B2_bbox_extent_std_c3,B2_log_area_std_c4,B2_sphericity_std_c4,B2_log_aspect_std_c4,B2_log_elong_std_c4,B2_bbox_extent_std_c4,B2_log_area_std_c5,B2_sphericity_std_c5,B2_log_aspect_std_c5,B2_log_elong_std_c5,B2_bbox_extent_std_c5,B2_log_area_std_c6,B2_sphericity_std_c6,B2_log_aspect_std_c6,B2_log_elong_std_c6,B2_bbox_extent_std_c6,B2_log_area_std_c7,B2_sphericity_std_c7,B2_log_aspect_std_c7,B2_log_elong_std_c7,B2_bbox_extent_std_c7,B2_log_area_std_c8,B2_sphericity_std_c8,B2_log_aspect_std_c8,B2_log_elong_std_c8,B2_bbox_extent_std_c8,B2_log_area_std_c9,B2_sphericity_std_c9,B2_log_aspect_std_c9,B2_log_elong_std_c9,B2_bbox_extent_std_c9,B2_log_area_std_c10,B2_sphericity_std_c10,B2_log_aspect_std_c10,B2_log_elong_std_c10,B2_bbox_extent_std_c10,B2_log_area_std_c11,B2_sphericity_std_c11,B2_log_aspect_std_c11,B2_log_elong_std_c11,B2_bbox_extent_std_c11,B2_log_area_std_c12,B2_sphericity_std_c12,B2_log_aspect_std_c12,B2_log_elong_std_c12,B2_bbox_extent_std_c12,B2_log_area_std_c13,B2_sphericity_std_c13,B2_log_aspect_std_c13,B2_log_elong_std_c13,B2_bbox_extent_std_c13,B2_log_area_std_c14,B2_sphericity_std_c14,B2_log_aspect_std_c14,B2_log_elong_std_c14,B2_bbox_extent_std_c14,B3_jacc_0_0,B3_jacc_0_1,B3_jacc_0_2,B3_jacc_0_3,B3_jacc_0_4,B3_jacc_0_5,B3_jacc_0_6,B3_jacc_0_7,B3_jacc_0_8,B3_jacc_0_9,B3_jacc_0_10,B3_jacc_0_11,B3_jacc_0_12,B3_jacc_0_13,B3_jacc_1_1,B3_jacc_1_2,B3_jacc_1_3,B3_jacc_1_4,B3_jacc_1_5,B3_jacc_1_6,B3_jacc_1_7,B3_jacc_1_8,B3_jacc_1_9,B3_jacc_1_10,B3_jacc_1_11,B3_jacc_1_12,B3_jacc_1_13,B3_jacc_2_2,B3_jacc_2_3,B3_jacc_2_4,B3_jacc_2_5,B3_jacc_2_6,B3_jacc_2_7,B3_jacc_2_8,B3_jacc_2_9,B3_jacc_2_10,B3_jacc_2_11,B3_jacc_2_12,B3_jacc_2_13,B3_jacc_3_3,B3_jacc_3_4,B3_jacc_3_5,B3_jacc_3_6,B3_jacc_3_7,B3_jacc_3_8,B3_jacc_3_9,B3_jacc_3_10,B3_jacc_3_11,B3_jacc_3_12,B3_jacc_3_13,B3_jacc_4_4,B3_jacc_4_5,B3_jacc_4_6,B3_jacc_4_7,B3_jacc_4_8,B3_jacc_4_9,B3_jacc_4_10,B3_jacc_4_11,B3_jacc_4_12,B3_jacc_4_13,B3_jacc_5_5,B3_jacc_5_6,B3_jacc_5_7,B3_jacc_5_8,B3_jacc_5_9,B3_jacc_5_10,B3_jacc_5_11,B3_jacc_5_12,B3_jacc_5_13,B3_jacc_6_6,B3_jacc_6_7,B3_jacc_6_8,B3_jacc_6_9,B3_jacc_6_10,B3_jacc_6_11,B3_jacc_6_12,B3_jacc_6_13,B3_jacc_7_7,B3_jacc_7_8,B3_jacc_7_9,B3_jacc_7_10,B3_jacc_7_11,B3_jacc_7_12,B3_jacc_7_13,B3_jacc_8_8,B3_jacc_8_9,B3_jacc_8_10,B3_jacc_8_11,B3_jacc_8_12,B3_jacc_8_13,B3_jacc_9_9,B3_jacc_9_10,B3_jacc_9_11,B3_jacc_9_12,B3_jacc_9_13,B3_jacc_10_10,B3_jacc_10_11,B3_jacc_10_12,B3_jacc_10_13,B3_jacc_11_11,B3_jacc_11_12,B3_jacc_11_13,B3_jacc_12_12,B3_jacc_12_13,B3_jacc_13_13
0003,Acacia mangium Willd.,13,0.0,0.0,1.0,1.0,0.46153846153846156,0.0,1.0,0.0,0.0,0.0,0.0,0.0,1.0,0.0,0.0,0.0,0.015008093919638347,0.5939512951277043,0.008141287966955506,0.0,0.14138998548276954,0.0,0.0,0.0,0.0,0.0,0.2415093375029323,0.0,0.0,0.0,0.0,0.0,0.0,0.0,0.0,0.0,0.0,0.0,-7.5289268659788515,0.677902735885463,-0.16744379256969666,0.6001558562118856,0.6186280486560078,-5.805470608808178,0.9245038658505003,-0.12602162264466618,0.2486464946827417,0.7720486168255705,-5.74095524284171,0.8268818933923417,0.4271263586387261,0.5317931249889033,0.6887292979560629,0.0,0.0,0.0,0.0,0.0,-5.03327837323942,0.7356267531102465,-0.10586388235043637,0.47141138016293493,0.6536411793829037,0.0,0.0,0.0,0.0,0.0,0.0,0.0,0.0,0.0,0.0,0.0,0.0,0.0,0.0,0.0,0.0,0.0,0.0,0.0,0.0,0.0,0.0,0.0,0.0,0.0,-6.553433875706716,0.9386521316590024,-0.14041148146982743,0.23725204844754796,0.7731613205838335,0.0,0.0,0.0,0.0,0.0,0.0,0.0,0.0,0.0,0.0,0.0,0.0,0.0,0.0,0.0,0.39723590902134404,0.1221723129984799,0.2799781458439569,0.23047409330206758,0.09602097332175431,0.4651817507674964,0.03789276257770671,0.17798739667984792,0.14402313081041382,0.029998715303266275,0.039893613570285445,0.0064362883203644685,0.02878846362267894,0.017251915380160365,0.0056637611167306935,0.0,0.0,0.0,0.0,0.0,0.4204135942193362,0.0786748304067597,0.24364318574635233,0.15043853926673897,0.06533894085178121,0.0,0.0,0.0,0.0,0.0,0.0,0.0,0.0,0.0,0.0,0.0,0.0,0.0,0.0,0.0,0.0,0.0,0.0,0.0,0.0,0.0,0.0,0.0,0.0,0.0,0.41025636995305015,0.02440857506850467,0.1184685022260578,0.11651484192298812,0.027267289247619307,0.0,0.0,0.0,0.0,0.0,0.0,0.0,0.0,0.0,0.0,0.0,0.0,0.0,0.0,0.0,0.0,0.0,0.0,0.0,0.0,0.0,0.0,0.0,0.0,0.0,0.0,0.0,0.0,0.0,0.0,0.0,0.0,1.0,1.0,0.46153846153846156,0.0,1.0,0.0,0.0,0.0,0.0,0.0,1.0,0.0,1.0,0.46153846153846156,0.0,1.0,0.0,0.0,0.0,0.0,0.0,1.0,0.0,1.0,0.0,0.46153846153846156,0.0,0.0,0.0,0.0,0.0,0.46153846153846156,0.0,0.0,0.0,0.0,0.0,0.0,0.0,0.0,0.0,0.0,1.0,0.0,0.0,0.0,0.0,0.0,1.0,0.0,0.0,0.0,0.0,0.0,0.0,0.0,0.0,0.0,0.0,0.0,0.0,0.0,0.0,0.0,0.0,0.0,0.0,0.0,0.0,0.0,0.0,0.0,0.0,0.0,0.0,1.0,0.0,0.0
0006,Acer platanoides L.,10,0.0,0.0,0.0,0.0,0.0,0.0,0.0,0.0,0.0,0.0,0.0,0.2,1.0,1.0,0.0,0.0,0.0,0.0,0.0,0.0,0.0,0.0,0.0,0.0,0.0,0.0008867006332274628,0.3684124294858885,0.6307008698808841,0.0,0.0,0.0,0.0,0.0,0.0,0.0,0.0,0.0,0.0,0.0,0.0,0.0,0.0,0.0,0.0,0.0,0.0,0.0,0.0,0.0,0.0,0.0,0.0,0.0,0.0,0.0,0.0,0.0,0.0,0.0,0.0,0.0,0.0,0.0,0.0,0.0,0.0,0.0,0.0,0.0,0.0,0.0,0.0,0.0,0.0,0.0,0.0,0.0,0.0,0.0,0.0,0.0,0.0,0.0,-7.329281265660143,0.6757812447242564,-0.8980794741937699,0.8950560751815995,0.7954356804911019,-8.528135556745125,0.9165976229430421,-0.215576814554094,0.27950739777099753,0.7858843414698952,-4.230060480926262,0.04288709707561504,-3.262583958105806,3.583770907756688,0.400278155992669,0.0,0.0,0.0,0.0,0.0,0.0,0.0,0.0,0.0,0.0,0.0,0.0,0.0,0.0,0.0,0.0,0.0,0.0,0.0,0.0,0.0,0.0,0.0,0.0,0.0,0.0,0.0,0.0,0.0,0.0,0.0,0.0,0.0,0.0,0.0,0.0,0.0,0.0,0.0,0.0,0.0,0.0,0.0,0.0,0.0,0.0,0.0,0.0,0.0,0.0,0.0,0.0,0.0,0.0,0.0,0.0,0.0,0.0,0.0,0.0,0.26149711626317385,0.018895578338529843,0.11071567765725535,0.11087560446945585,0.03195283428543907,0.11173778567568231,0.005023676174123286,0.2759531148328462,0.10906393835958632,0.10303957692345231,0.0,0.0,0.0,0.0,0.0,0.0,0.0,0.0,0.0,0.0,0.0,0.0,0.0,0.0,0.0,0.0,0.0,0.0,0.0,0.0,0.0,0.0,0.0,0.0,0.0,0.0,0.0,0.0,0.0,0.0,0.0,0.0,0.0,0.0,0.0,0.0,0.0,0.0,0.0,0.0,0.0,0.0,0.0,0.0,0.0,0.0,0.0,0.0,0.0,0.0,0.0,0.0,0.0,0.0,0.0,0.0,0.0,0.0,0.0,0.0,0.0,0.0,0.0,0.0,0.0,0.0,0.0,0.0,0.0,0.0,0.0,0.0,0.0,0.0,0.0,0.0,0.0,0.0,0.0,0.0,0.0,0.0,0.0,0.0,0.0,0.0,0.0,0.0,0.0,0.0,0.0,0.0,0.0,0.0,0.0,0.0,0.0,0.0,0.0,1.0,0.2,0.2,1.0,1.0,1.0
0007,Acer pseudoplatanus L.,10,0.0,0.0,0.0,0.0,0.0,0.0,0.0,0.0,0.0,0.0,0.0,0.7,1.0,1.0,0.0,0.0,0.0,0.0,0.0,0.0,0.0,0.0,0.0,0.0,0.0,0.007376349813593109,0.27598308738799543,0.7166405627984115,0.0,0.0,0.0,0.0,0.0,0.0,0.0,0.0,0.0,0.0,0.0,0.0,0.0,0.0,0.0,0.0,0.0,0.0,0.0,0.0,0.0,0.0,0.0,0.0,0.0,0.0,0.0,0.0,0.0,0.0,0.0,0.0,0.0,0.0,0.0,0.0,0.0,0.0,0.0,0.0,0.0,0.0,0.0,0.0,0.0,0.0,0.0,0.0,0.0,0.0,0.0,0.0,0.0,0.0,0.0,-7.039831057507448,0.6555214574510169,-0.9266988743017902,1.0695765476216568,0.7291410887931367,-8.346878955264057,0.9007121925449848,-0.30443318245875306,0.3642519167237682,0.786855947167304,-4.230969507636066,0.045208894981651614,-2.795061293541291,3.5790551299814184,0.27721495870746177,0.0,0.0,0.0,0.0,0.0,0.0,0.0,0.0,0.0,0.0,0.0,0.0,0.0,0.0,0.0,0.0,0.0,0.0,0.0,0.0,0.0,0.0,0.0,0.0,0.0,0.0,0.0,0.0,0.0,0.0,0.0,0.0,0.0,0.0,0.0,0.0,0.0,0.0,0.0,0.0,0.0,0.0,0.0,0.0,0.0,0.0,0.0,0.0,0.0,0.0,0.0,0.0,0.0,0.0,0.0,0.06683814379345111,0.03130663358745484,0.04562920056763164,0.046394674214684496,0.01779189218256925,0.32237952176297086,0.02793201055014593,0.1386214432345459,0.1402783757077045,0.03210417599656143,0.15338100611305688,0.006029893682809364,0.13257327487853202,0.11772076311782265,0.044667293666149376,0.0,0.0,0.0,0.0,0.0,0.0,0.0,0.0,0.0,0.0,0.0,0.0,0.0,0.0,0.0,0.0,0.0,0.0,0.0,0.0,0.0,0.0,0.0,0.0,0.0,0.0,0.0,0.0,0.0,0.0,0.0,0.0,0.0,0.0,0.0,0.0,0.0,0.0,0.0,0.0,0.0,0.0,0.0,0.0,0.0,0.0,0.0,0.0,0.0,0.0,0.0,0.0,0.0,0.0,0.0,0.0,0.0,0.0,0.0,0.0,0.0,0.0,0.0,0.0,0.0,0.0,0.0,0.0,0.0,0.0,0.0,0.0,0.0,0.0,0.0,0.0,0.0,0.0,0.0,0.0,0.0,0.0,0.0,0.0,0.0,0.0,0.0,0.0,0.0,0.0,0.0,0.0,0.0,0.0,0.0,0.0,0.0,0.0,0.0,1.0,0.7,0.7,1.0,1.0,1.0
0009,Leptolobium Vogel,9,0.0,0.0,1.0,0.0,1.0,0.0,0.5555555555555556,0.0,0.0,0.0,0.0,0.0,1.0,0.0,0.0,0.0,0.18486504816059277,0.0,0.2845589802678662,0.0,0.017045157863418,0.0,0.0,0.0,0.0,0.0,0.513530813708123,0.0,0.0,0.0,0.0,0.0,0.0,0.0,0.0,0.0,0.0,0.0,-7.250697384104375,0.7066074226500951,0.020565657593171985,0.26433203450100545,0.8197410797707511,0.0,0.0,0.0,0.0,0.0,-6.312717408649163,0.48795166984026533,-0.3788780022677742,0.41685274264660743,0.5599362459576758,0.0,0.0,0.0,0.0,0.0,-5.915804420167308,0.24398752645042815,-0.45594243450646604,0.7118514377511644,0.41310253656408163,0.0,0.0,0.0,0.0,0.0,0.0,0.0,0.0,0.0,0.0,0.0,0.0,0.0,0.0,0.0,0.0,0.0,0.0,0.0,0.0,0.0,0.0,0.0,0.0,0.0,-7.373488148794867,0.7275801860972829,0.07329146910122492,0.2547613942040912,0.7951270049682182,0.0,0.0,0.0,0.0,0.0,0.0,0.0,0.0,0.0,0.0,0.0,0.0,0.0,0.0,0.0,0.28628307544795345,0.05393686416319502,0.16094904163443688,0.13664354430901315,0.0596636085222457,0.0,0.0,0.0,0.0,0.0,0.2944538412086173,0.15146697184446287,0.18050893081736807,0.1890285254028114,0.08254026144577588,0.0,0.0,0.0,0.0,0.0,0.049644568694871084,0.015161856920252108,0.025602714318410692,0.01841552831388018,0.016846787981497836,0.0,0.0,0.0,0.0,0.0,0.0,0.0,0.0,0.0,0.0,0.0,0.0,0.0,0.0,0.0,0.0,0.0,0.0,0.0,0.0,0.0,0.0,0.0,0.0,0.0,0.35597997130977965,0.06986839049510923,0.1540058852680778,0.16697678682027398,0.06336498963250385,0.0,0.0,0.0,0.0,0.0,0.0,0.0,0.0,0.0,0.0,0.0,0.0,0.0,0.0,0.0,0.0,0.0,0.0,0.0,0.0,0.0,0.0,0.0,0.0,0.0,0.0,0.0,0.0,0.0,0.0,0.0,0.0,1.0,0.0,1.0,0.0,0.5555555555555556,0.0,0.0,0.0,0.0,0.0,1.0,0.0,0.0,0.0,0.0,0.0,0.0,0.0,0.0,0.0,0.0,0.0,0.0,1.0,0.0,0.5555555555555556,0.0,0.0,0.0,0.0,0.0,1.0,0.0,0.0,0.0,0.0,0.0,0.0,0.0,0.0,0.0,0.0,1.0,0.0,0.0,0.0,0.0,0.0,0.5555555555555556,0.0,0.0,0.0,0.0,0.0,0.0,0.0,0.0,0.0,0.0,0.0,0.0,0.0,0.0,0.0,0.0,0.0,0.0,0.0,0.0,0.0,0.0,0.0,0.0,0.0,0.0,1.0,0.0,0.0
0030,Amburana cearensis (Allemão) A.C.Sm.,10,0.0,0.0,0.4,1.0,0.9,0.0,1.0,0.0,0.0,0.0,0.0,0.0,1.0,0.0,0.0,0.0,0.00580331746150335,0.38147680034526027,0.16142981463438033,0.0,0.4036217308215589,0.0,0.0,0.0,0.0,0.0,0.0476683367372971,0.0,0.0,0.0,0.0,0.0,0.0,0.0,0.0,0.0,0.0,0.0,-6.421660659692086,0.7575724634255699,-0.0988241632816399,0.30156552110274093,0.719464165821938,-3.832642580416622,0.570135191682922,-0.11202048583445534,0.17778380534589466,0.6659808500088664,-4.075443286110849,0.5002372882405828,0.2565205424279513,0.2795542837672447,0.5909442559056513,0.0,0.0,0.0,0.0,0.0,-3.1407262471766417,0.3956258166321157,0.15153246276008336,0.43527412657562603,0.5507781661332734,0.0,0.0,0.0,0.0,0.0,0.0,0.0,0.0,0.0,0.0,0.0,0.0,0.0,0.0,0.0,0.0,0.0,0.0,0.0,0.0,0.0,0.0,0.0,0.0,0.0,-6.278602455550604,0.858352373929095,-0.371385505625378,0.41308782819296763,0.7721965173672671,0.0,0.0,0.0,0.0,0.0,0.0,0.0,0.0,0.0,0.0,0.0,0.0,0.0,0.0,0.0,0.15485435238290346,0.0790095381705625,0.10563182749650545,0.10718828139851613,0.020229491088565026,0.35481406368899343,0.06190007148148595,0.1392475249347776,0.08816264106436275,0.04134004194696648,0.22077167941439443,0.045402780261099535,0.13585973292823655,0.12675416991217664,0.043646114401788276,0.0,0.0,0.0,0.0,0.0,0.2592621466095345,0.09464677629879306,0.19381454562262165,0.12512245371712152,0.06896649559154369,0.0,0.0,0.0,0.0,0.0,0.0,0.0,0.0,0.0,0.0,0.0,0.0,0.0,0.0,0.0,0.0,0.0,0.0,0.0,0.0,0.0,0.0,0.0,0.0,0.0,0.37005994628673095,0.06906238749864049,0.09945347090447317,0.11925774825541091,0.029751954781010587,0.0,0.0,0.0,0.0,0.0,0.0,0.0,0.0,0.0,0.0,0.0,0.0,0.0,0.0,0.0,0.0,0.0,0.0,0.0,0.0,0.0,0.0,0.0,0.0,0.0,0.0,0.0,0.0,0.0,0.0,0.0,0.0,1.0,0.4,0.3,0.0,0.4,0.0,0.0,0.0,0.0,0.0,0.4,0.0,1.0,0.9,0.0,1.0,0.0,0.0,0.0,0.0,0.0,1.0,0.0,1.0,0.0,0.9,0.0,0.0,0.0,0.0,0.0,0.9,0.0,0.0,0.0,0.0,0.0,0.0,0.0,0.0,0.0,0.0,1.0,0.0,0.0,0.0,0.0,0.0,1.0,0.0,0.0,0.0,0.0,0.0,0.0,0.0,0.0,0.0,0.0,0.0,0.0,0.0,0.0,0.0,0.0,0.0,0.0,0.0,0.0,0.0,0.0,0.0,0.0,0.0,0.0,1.0,0.0,0.0
0033,Anacardium excelsum (Bertero & Balb. ex Kunth) Skeels,9,0.0,1.0,0.0,1.0,0.1111111111111111,0.0,0.0,0.0,0.0,0.0,0.0,0.0,1.0,0.0,0.0,0.14706988850286873,0.0,0.4594529378064531,0.008775825864006843,0.0,0.0,0.0,0.0,0.0,0.0,0.0,0.3847013478266714,0.0,0.0,0.0,0.0,0.0,0.0,-7.776339596424559,0.826320057684996,-0.1417392438053703,0.33761147294149435,0.7405439911658641,0.0,0.0,0.0,0.0,0.0,-6.466355586867032,0.8998613146161816,-0.23968119213476477,0.34581302343235215,0.7639800184029348,-6.3546705033163375,0.8303147185042435,0.13281198058504382,0.23107296378927242,0.6465777769557929,0.0,0.0,0.0,0.0,0.0,0.0,0.0,0.0,0.0,0.0,0.0,0.0,0.0,0.0,0.0,0.0,0.0,0.0,0.0,0.0,0.0,0.0,0.0,0.0,0.0,0.0,0.0,0.0,0.0,0.0,0.0,0.0,0.0,0.0,0.0,-7.644196915114636,0.9204851741982609,-0.2725170897963827,0.334460358408621,0.7876889246666617,0.0,0.0,0.0,0.0,0.0,0.0,0.0,0.0,0.0,0.0,0.4121491611987115,0.11929014831229984,0.24749822527648183,0.19585860864380297,0.08656360396215093,0.0,0.0,0.0,0.0,0.0,0.2839754213269733,0.03900439853617313,0.1832376327793877,0.15575266281563888,0.041303640034098636,0.3619185665332731,0.044691227055080565,0.02364530199790157,0.06491262835226634,0.03267068560387643,0.0,0.0,0.0,0.0,0.0,0.0,0.0,0.0,0.0,0.0,0.0,0.0,0.0,0.0,0.0,0.0,0.0,0.0,0.0,0.0,0.0,0.0,0.0,0.0,0.0,0.0,0.0,0.0,0.0,0.0,0.0,0.0,0.0,0.0,0.0,0.2988199379368838,0.027321002268280794,0.12938962707152943,0.1470132667463138,0.029483165342636848,0.0,0.0,0.0,0.0,0.0,0.0,0.0,0.0,0.0,0.0,0.0,0.0,0.0,0.0,0.0,0.0,0.0,0.0,0.0,1.0,0.0,1.0,0.1111111111111111,0.0,0.0,0.0,0.0,0.0,0.0,0.0,1.0,0.0,0.0,0.0,0.0,0.0,0.0,0.0,0.0,0.0,0.0,0.0,0.0,0.0,1.0,0.1111111111111111,0.0,0.0,0.0,0.0,0.0,0.0,0.0,1.0,0.0,1.0,0.0,0.0,0.0,0.0,0.0,0.0,0.0,0.1111111111111111,0.0,0.0,0.0,0.0,0.0,0.0,0.0,0.0,0.0,0.0,0.0,0.0,0.0,0.0,0.0,0.0,0.0,0.0,0.0,0.0,0.0,0.0,0.0,0.0,0.0,0.0,0.0,0.0,0.0,0.0,0.0,0.0,0.0,0.0,0.0,0.0,0.0,0.0,0.0,0.0,0.0,0.0,0.0,1.0,0.0,0.0
0034,Anacardium L.,10,0.0,0.0,0.0,1.0,1.0,0.0,0.4,0.0,0.0,0.0,0.2,0.0,1.0,0.0,0.0,0.0,0.0,0.15767638993589778,0.5554099161609578,0.0,0.035460222535618265,0.0,0.0,0.0,0.07726676225430341,0.0,0.17418670911322273,0.0,0.0,0.0,0.0,0.0,0.0,0.0,0.0,0.0,0.0,0.0,0.0,0.0,0.0,0.0,0.0,-5.423576729971741,0.6184400779783841,-0.0017658943074064458,0.13835810378411878,0.7048821804530723,-5.372706724231645,0.5461088484485186,0.30510376388923327,0.30849449724035705,0.6295270995840178,0.0,0.0,0.0,0.0,0.0,-4.629838294203501,0.394641207790702,0.5948298401560052,0.726214231106215,0.5669886434798155,0.0,0.0,0.0,0.0,0.0,0.0,0.0,0.0,0.0,0.0,0.0,0.0,0.0,0.0,0.0,-3.0847300288323662,0.08406588677830355,2.1969307595055634,2.4257279928928535,0.41790184642477923,0.0,0.0,0.0,0.0,0.0,-6.711857834275968,0.8928080461659205,-0.2543732566934062,0.30133079917727723,0.7738479311912371,0.0,0.0,0.0,0.0,0.0,0.0,0.0,0.0,0.0,0.0,0.0,0.0,0.0,0.0,0.0,0.0,0.0,0.0,0.0,0.0,0.21755338876835867,0.0428867712846004,0.07712028274501778,0.06157794224781521,0.036721868448569325,0.32940759142651943,0.06397275590088373,0.153121301609548,0.14610204523505438,0.04880046548934165,0.0,0.0,0.0,0.0,0.0,0.017315549116687978,0.013014600746671344,0.0021912176564838903,0.026446940926681532,0.006300437627116587,0.0,0.0,0.0,0.0,0.0,0.0,0.0,0.0,0.0,0.0,0.0,0.0,0.0,0.0,0.0,0.0,0.0,0.0,0.0,0.0,0.0,0.0,0.0,0.0,0.0,0.468992978429955,0.07097238838183544,0.10123866524484244,0.11854270844320185,0.03847477636117323,0.0,0.0,0.0,0.0,0.0,0.0,0.0,0.0,0.0,0.0,0.0,0.0,0.0,0.0,0.0,0.0,0.0,0.0,0.0,0.0,0.0,0.0,0.0,0.0,0.0,0.0,0.0,0.0,0.0,0.0,0.0,0.0,0.0,0.0,0.0,0.0,0.0,0.0,0.0,0.0,0.0,0.0,0.0,0.0,1.0,1.0,0.0,0.4,0.0,0.0,0.0,0.2,0.0,1.0,0.0,1.0,0.0,0.4,0.0,0.0,0.0,0.2,0.0,1.0,0.0,0.0,0.0,0.0,0.0,0.0,0.0,0.0,0.0,0.0,1.0,0.0,0.0,0.0,0.0,0.0,0.4,0.0,0.0,0.0,0.0,0.0,0.0,0.0,0.0,0.0,0.0,0.0,0.0,0.0,0.0,0.0,0.0,0.0,0.0,0.0,1.0,0.0,0.2,0.0,0.0,0.0,0.0,1.0,0.0,0.0
0035,Anacardium giganteum Hancock ex Engl.,10,0.0,1.0,0.0,1.0,0.6,0.0,0.0,0.0,0.0,0.0,0.0,0.0,1.0,0.0,0.0,0.08612986673055395,0.0,0.5768283899978569,0.07565605491368806,0.0,0.0,0.0,0.0,0.0,0.0,0.0,0.26138568835790116,0.0,0.0,0.0,0.0,0.0,0.0,-6.624404764117837,0.7116729643762959,-0.05986201826545312,0.45366528215911267,0.6571794626320006,0.0,0.0,0.0,0.0,0.0,-5.247474740051966,0.8926687538123055,-0.18229973612061806,0.24132126887864508,0.7706075077381253,-4.882208039994246,0.8209439257343843,0.32974221588554,0.3988277301653183,0.7042116617035393,0.0,0.0,0.0,0.0,0.0,0.0,0.0,0.0,0.0,0.0,0.0,0.0,0.0,0.0,0.0,0.0,0.0,0.0,0.0,0.0,0.0,0.0,0.0,0.0,0.0,0.0,0.0,0.0,0.0,0.0,0.0,0.0,0.0,0.0,0.0,-6.082475040742761,0.9333345475831895,-0.23571263121034822,0.29314178122998624,0.7788383293766754,0.0,0.0,0.0,0.0,0.0,0.0,0.0,0.0,0.0,0.0,0.5469312036774172,0.15857668830375615,0.3274723838787852,0.2564403191473879,0.10873094062367897,0.0,0.0,0.0,0.0,0.0,0.40869414961862305,0.05998597724295648,0.17426799527628675,0.1580804038330919,0.03404871309201389,0.18149903948822024,0.04082399295386544,0.13554856895120612,0.1172035246224028,0.014502355030122626,0.0,0.0,0.0,0.0,0.0,0.0,0.0,0.0,0.0,0.0,0.0,0.0,0.0,0.0,0.0,0.0,0.0,0.0,0.0,0.0,0.0,0.0,0.0,0.0,0.0,0.0,0.0,0.0,0.0,0.0,0.0,0.0,0.0,0.0,0.0,0.5361306939196763,0.026748966724072714,0.14045164373385868,0.14015439013910863,0.025452540769371167,0.0,0.0,0.0,0.0,0.0,0.0,0.0,0.0,0.0,0.0,0.0,0.0,0.0,0.0,0.0,0.0,0.0,0.0,0.0,1.0,0.0,1.0,0.6,0.0,0.0,0.0,0.0,0.0,0.0,0.0,1.0,0.0,0.0,0.0,0.0,0.0,0.0,0.0,0.0,0.0,0.0,0.0,0.0,0.0,1.0,0.6,0.0,0.0,0.0,0.0,0.0,0.0,0.0,1.0,0.0,1.0,0.0,0.0,0.0,0.0,0.0,0.0,0.0,0.6,0.0,0.0,0.0,0.0,0.0,0.0,0.0,0.0,0.0,0.0,0.0,0.0,0.0,0.0,0.0,0.0,0.0,0.0,0.0,0.0,0.0,0.0,0.0,0.0,0.0,0.0,0.0,0.0,0.0,0.0,0.0,0.0,0.0,0.0,0.0,0.0,0.0,0.0,0.0,0.0,0.0,0.0,0.0,1.0,0.0,0.0
0041,Aniba rosodora Ducke,7,0.0,0.0,0.0,0.0,0.0,0.0,0.0,0.0,0.0,0.0,0.0,0.0,1.0,0.0,0.0,0.0,0.0,0.0,0.0,0.0,0.0,0.0,0.0,0.0,0.0,0.0,1.0,0.0,0.0,0.0,0.0,0.0,0.0,0.0,0.0,0.0,0.0,0.0,0.0,0.0,0.0,0.0,0.0,0.0,0.0,0.0,0.0,0.0,0.0,0.0,0.0,0.0,0.0,0.0,0.0,0.0,0.0,0.0,0.0,0.0,0.0,0.0,0.0,0.0,0.0,0.0,0.0,0.0,0.0,0.0,0.0,0.0,0.0,0.0,0.0,0.0,0.0,0.0,0.0,0.0,0.0,0.0,0.0,0.0,0.0,0.0,0.0,0.0,-7.473857249464474,0.705611782991539,0.14148126786940826,0.2852612289843125,0.7783903446574494,0.0,0.0,0.0,0.0,0.0,0.0,0.0,0.0,0.0,0.0,0.0,0.0,0.0,0.0,0.0,0.0,0.0,0.0,0.0,0.0,0.0,0.0,0.0,0.0,0.0,0.0,0.0,0.0,0.0,0.0,0.0,0.0,0.0,0.0,0.0,0.0,0.0,0.0,0.0,0.0,0.0,0.0,0.0,0.0,0.0,0.0,0.0,0.0,0.0,0.0,0.0,0.0,0.0,0.0,0.0,0.0,0.0,0.0,0.0,0.0,0.0,0.0,0.0,0.0,0.0,0.321795783045589,0.05777820736709418,0.07455434686396903,0.11916715350217522,0.06942027035058514,0.0,0.0,0.0,0.0,0.0,0.0,0.0,0.0,0.0,0.0,0.0,0.0,0.0,0.0,0.0,0.0,0.0,0.0,0.0,0.0,0.0,0.0,0.0,0.0,0.0,0.0,0.0,0.0,0.0,0.0,0.0,0.0,0.0,0.0,0.0,0.0,0.0,0.0,0.0,0.0,0.0,0.0,0.0,0.0,0.0,0.0,0.0,0.0,0.0,0.0,0.0,0.0,0.0,0.0,0.0,0.0,0.0,0.0,0.0,0.0,0.0,0.0,0.0,0.0,0.0,0.0,0.0,0.0,0.0,0.0,0.0,0.0,0.0,0.0,0.0,0.0,0.0,0.0,0.0,0.0,0.0,0.0,0.0,0.0,0.0,0.0,0.0,0.0,0.0,0.0,0.0,0.0,0.0,0.0,0.0,0.0,0.0,0.0,0.0,0.0,0.0,0.0,0.0,0.0,0.0,0.0,0.0,1.0,0.0,0.0
0045,Anopyxis klaineana (Pierre) Engl.,10,0.0,0.2,0.0,0.7,0.8,0.0,0.0,0.0,0.0,0.0,0.0,0.0,1.0,0.0,0.0,0.007634357605545968,0.0,0.11909257983462544,0.20881450559249903,0.0,0.0,0.0,0.0,0.0,0.0,0.0,0.6644585569673296,0.0,0.0,0.0,0.0,0.0,0.0,-5.967366751221262,0.5906568243628352,-0.3749393541502624,0.43632429425180486,0.7410175986846305,0.0,0.0,0.0,0.0,0.0,-5.668943917932768,0.4646645687344476,0.09553835163323554,0.27634552022610254,0.5943982429626847,-5.118673704797998,0.5530307018896956,0.32936535286713076,0.3498979054444664,0.5863050073925297,0.0,0.0,0.0,0.0,0.0,0.0,0.0,0.0,0.0,0.0,0.0,0.0,0.0,0.0,0.0,0.0,0.0,0.0,0.0,0.0,0.0,0.0,0.0,0.0,0.0,0.0,0.0,0.0,0.0,0.0,0.0,0.0,0.0,0.0,0.0,-5.8850177396604835,0.6979874712693108,-0.26731371692107,0.2892407987917408,0.7691052922419827,0.0,0.0,0.0,0.0,0.0,0.0,0.0,0.0,0.0,0.0,0.013078271934005903,0.02118821720550315,0.04658047971210878,0.07148472676657432,0.01989392069605972,0.0,0.0,0.0,0.0,0.0,0.2665761162620504,0.1622690708904755,0.14319964969662166,0.1578359787939378,0.11344190131430125,0.29043424442843707,0.1433602173251605,0.19058512679683665,0.10212136552280417,0.09449038223037773,0.0,0.0,0.0,0.0,0.0,0.0,0.0,0.0,0.0,0.0,0.0,0.0,0.0,0.0,0.0,0.0,0.0,0.0,0.0,0.0,0.0,0.0,0.0,0.0,0.0,0.0,0.0,0.0,0.0,0.0,0.0,0.0,0.0,0.0,0.0,0.2936219126657253,0.06626679813967871,0.1562738621158583,0.17489403640928947,0.04933477071737669,0.0,0.0,0.0,0.0,0.0,0.0,0.0,0.0,0.0,0.0,0.0,0.0,0.0,0.0,0.0,0.0,0.0,0.0,0.0,1.0,0.0,0.2857142857142857,0.25,0.0,0.0,0.0,0.0,0.0,0.0,0.0,0.2,0.0,0.0,0.0,0.0,0.0,0.0,0.0,0.0,0.0,0.0,0.0,0.0,0.0,1.0,0.6666666666666666,0.0,0.0,0.0,0.0,0.0,0.0,0.0,0.7,0.0,1.0,0.0,0.0,0.0,0.0,0.0,0.0,0.0,0.8,0.0,0.0,0.0,0.0,0.0,0.0,0.0,0.0,0.0,0.0,0.0,0.0,0.0,0.0,0.0,0.0,0.0,0.0,0.0,0.0,0.0,0.0,0.0,0.0,0.0,0.0,0.0,0.0,0.0,0.0,0.0,0.0,0.0,0.0,0.0,0.0,0.0,0.0,0.0,0.0,0.0,0.0,0.0,1.0,0.0,0.0
0066,Aucoumea klaineana Pierre,10,0.0,1.0,0.0,0.0,0.0,0.0,0.0,0.0,0.0,0.0,0.0,0.1,1.0,0.0,0.0,0.19540676115645703,0.0,0.0,0.0,0.0,0.0,0.0,0.0,0.0,0.0,0.009824725651024359,0.7947685131925186,0.0,0.0,0.0,0.0,0.0,0.0,-6.545970083962111,0.8165029103618414,-0.13675429326536048,0.3115181791865082,0.7143671818420468,0.0,0.0,0.0,0.0,0.0,0.0,0.0,0.0,0.0,0.0,0.0,0.0,0.0,0.0,0.0,0.0,0.0,0.0,0.0,0.0,0.0,0.0,0.0,0.0,0.0,0.0,0.0,0.0,0.0,0.0,0.0,0.0,0.0,0.0,0.0,0.0,0.0,0.0,0.0,0.0,0.0,0.0,0.0,0.0,0.0,-4.8024564752661805,0.33010445981032926,-1.1860640003191911,1.083369805856925,0.6839716888787235,-6.2509910524311465,0.9466730489824069,-0.18753558011219623,0.23582489686212083,0.7801478057746785,0.0,0.0,0.0,0.0,0.0,0.0,0.0,0.0,0.0,0.0,0.23518428907521996,0.0726045059776727,0.12534926634794635,0.09832768113331544,0.04471714322563177,0.0,0.0,0.0,0.0,0.0,0.0,0.0,0.0,0.0,0.0,0.0,0.0,0.0,0.0,0.0,0.0,0.0,0.0,0.0,0.0,0.0,0.0,0.0,0.0,0.0,0.0,0.0,0.0,0.0,0.0,0.0,0.0,0.0,0.0,0.0,0.0,0.0,0.0,0.0,0.0,0.0,0.0,0.0,0.0,0.0,0.0,0.0,0.0,0.0,0.0,0.28529935085002245,0.020774436639173787,0.10850182384795222,0.10486338064995979,0.025932925485932574,0.0,0.0,0.0,0.0,0.0,0.0,0.0,0.0,0.0,0.0,0.0,0.0,0.0,0.0,0.0,0.0,0.0,0.0,0.0,1.0,0.0,0.0,0.0,0.0,0.0,0.0,0.0,0.0,0.0,0.1,1.0,0.0,0.0,0.0,0.0,0.0,0.0,0.0,0.0,0.0,0.0,0.0,0.0,0.0,0.0,0.0,0.0,0.0,0.0,0.0,0.0,0.0,0.0,0.0,0.0,0.0,0.0,0.0,0.0,0.0,0.0,0.0,0.0,0.0,0.0,0.0,0.0,0.0,0.0,0.0,0.0,0.0,0.0,0.0,0.0,0.0,0.0,0.0,0.0,0.0,0.0,0.0,0.0,0.0,0.0,0.0,0.0,0.0,0.0,0.0,0.0,0.0,0.0,0.0,0.0,0.0,0.0,0.0,0.0,0.0,0.0,0.0,0.0,0.0,1.0,0.1,0.0,1.0,0.0,0.0
0070,Bagassa guianensis Aubl.,9,0.0,1.0,0.0,1.0,0.8888888888888888,0.0,0.7777777777777778,0.0,0.0,0.0,0.2222222222222222,0.3333333333333333,1.0,0.0,0.0,0.05828087216827443,0.0,0.591132579272796,0.08140433200695542,0.0,0.14226264038300737,0.0,0.0,0.0,0.015725558009005682,0.019636460729078598,0.0915575574308823,0.0,0.0,0.0,0.0,0.0,0.0,-5.611044527202218,0.648605497938665,-0.14893467520215029,0.2318331722266681,0.693998662309281,0.0,0.0,0.0,0.0,0.0,-4.808367289615879,0.6117299812102868,-0.2047958696129217,0.21560675980394617,0.699199174153102,-5.061042400771353,0.5956012744010866,0.1297840900634482,0.22039382811025768,0.6541856483279485,0.0,0.0,0.0,0.0,0.0,-4.163819265099673,0.4147978502868655,-0.2163549407370186,0.5014089261015965,0.5732202413492542,0.0,0.0,0.0,0.0,0.0,0.0,0.0,0.0,0.0,0.0,0.0,0.0,0.0,0.0,0.0,-4.049159699436183,0.04498839790940229,2.745618923405064,2.9579027367748023,0.309647307248641,-4.547612301098634,0.3943533935051901,-1.0409212417649227,0.9791800662164931,0.6930418634342476,-5.539873128045046,0.7385987512178382,-0.2985067811631462,0.28675164663003916,0.732989164289582,0.0,0.0,0.0,0.0,0.0,0.0,0.0,0.0,0.0,0.0,0.31861984416758754,0.10315633699201582,0.11785145058858923,0.06846260157054308,0.04698704605516359,0.0,0.0,0.0,0.0,0.0,0.3098884543189053,0.06033188601999717,0.18709523864925706,0.14649652445936664,0.037387682986306535,0.18528894453370254,0.028243207470602525,0.07219849545326866,0.051898587535778036,0.02296803008996342,0.0,0.0,0.0,0.0,0.0,0.13166025782243973,0.028708690603316517,0.2304661623417545,0.07740638675986547,0.04175200924970538,0.0,0.0,0.0,0.0,0.0,0.0,0.0,0.0,0.0,0.0,0.0,0.0,0.0,0.0,0.0,0.0,0.0,0.0,0.0,0.0,0.1526566405433747,0.014069956681755869,0.06141982383070288,0.06702297473724207,0.0029772731828126378,0.25985625033689375,0.05910342162000401,0.096973776097209,0.11486375228581412,0.02744640678677741,0.0,0.0,0.0,0.0,0.0,0.0,0.0,0.0,0.0,0.0,0.0,0.0,0.0,0.0,0.0,0.0,0.0,0.0,0.0,1.0,0.0,1.0,0.8888888888888888,0.0,0.7777777777777778,0.0,0.0,0.0,0.2222222222222222,0.3333333333333333,1.0,0.0,0.0,0.0,0.0,0.0,0.0,0.0,0.0,0.0,0.0,0.0,0.0,0.0,1.0,0.8888888888888888,0.0,0.7777777777777778,0.0,0.0,0.0,0.2222222222222222,0.3333333333333333,1.0,0.0,1.0,0.0,0.6666666666666666,0.0,0.0,0.0,0.1111111111111111,0.375,0.8888888888888888,0.0,0.0,0.0,0.0,0.0,0.0,0.0,0.0,0.0,0.0,1.0,0.0,0.0,0.0,0.2857142857142857,0.25,0.7777777777777778,0.0,0.0,0.0,0.0,0.0,0.0,0.0,0.0,0.0,0.0,0.0,0.0,0.0,0.0,0.0,0.0,0.0,0.0,0.0,1.0,0.25,0.2222222222222222,0.0,1.0,0.3333333333333333,0.0,1.0,0.0,0.0
0071,Baikiaea plurijuga Harms,4,0.0,1.0,0.5,0.0,0.0,0.0,0.0,0.0,0.0,0.0,0.0,0.0,0.5,0.0,0.0,0.7382064233298389,0.14822580132786933,0.0,0.0,0.0,0.0,0.0,0.0,0.0,0.0,0.0,0.11356777534229166,0.0,0.0,0.0,0.0,0.0,0.0,-7.778154209885266,0.7872950629765741,-0.05332905153047465,0.2600759234179037,0.8068023357996678,-7.565472837564007,0.7269481491758134,-0.15703281942219072,0.19288287976277566,0.8132464434790017,0.0,0.0,0.0,0.0,0.0,0.0,0.0,0.0,0.0,0.0,0.0,0.0,0.0,0.0,0.0,0.0,0.0,0.0,0.0,0.0,0.0,0.0,0.0,0.0,0.0,0.0,0.0,0.0,0.0,0.0,0.0,0.0,0.0,0.0,0.0,0.0,0.0,0.0,0.0,0.0,0.0,0.0,0.0,0.0,0.0,-7.864890444044471,0.8042271150581615,-0.1579264747092386,0.1767352021722939,0.8108115842490842,0.0,0.0,0.0,0.0,0.0,0.0,0.0,0.0,0.0,0.0,0.10610352425534621,0.04943867567321284,0.14892915998569298,0.08168276435450128,0.040533898010552814,0.0,0.0,0.0,0.0,0.0,0.0,0.0,0.0,0.0,0.0,0.0,0.0,0.0,0.0,0.0,0.0,0.0,0.0,0.0,0.0,0.0,0.0,0.0,0.0,0.0,0.0,0.0,0.0,0.0,0.0,0.0,0.0,0.0,0.0,0.0,0.0,0.0,0.0,0.0,0.0,0.0,0.0,0.0,0.0,0.0,0.0,0.0,0.0,0.0,0.0,0.0,0.0,0.0,0.0,0.0,0.0,0.0,0.0,0.0,0.0,0.0,0.0,0.0,0.0,0.0,0.0,0.0,0.0,0.0,0.0,0.0,0.0,0.0,0.0,1.0,0.5,0.0,0.0,0.0,0.0,0.0,0.0,0.0,0.0,0.0,0.5,0.0,1.0,0.0,0.0,0.0,0.0,0.0,0.0,0.0,0.0,0.0,0.3333333333333333,0.0,0.0,0.0,0.0,0.0,0.0,0.0,0.0,0.0,0.0,0.0,0.0,0.0,0.0,0.0,0.0,0.0,0.0,0.0,0.0,0.0,0.0,0.0,0.0,0.0,0.0,0.0,0.0,0.0,0.0,0.0,0.0,0.0,0.0,0.0,0.0,0.0,0.0,0.0,0.0,0.0,0.0,0.0,0.0,0.0,0.0,0.0,0.0,0.0,0.0,0.0,0.0,0.0,0.0,0.0,0.0,0.0,0.0,0.0,0.0,0.0,0.0,0.0,0.0,1.0,0.0,0.0
0072,Baillonella toxisperma Pierre,10,0.0,1.0,0.0,0.0,0.0,0.0,0.0,0.0,0.0,0.8,0.0,0.5,1.0,0.0,0.0,0.31770173627617715,0.0,0.0,0.0,0.0,0.0,0.0,0.0,0.03976967976425762,0.0,0.03842853802555935,0.6041000459340058,0.0,0.0,0.0,0.0,0.0,0.0,-6.888571076653946,0.8749619654304922,-0.17537759673951517,0.319878110484446,0.7591342967876156,0.0,0.0,0.0,0.0,0.0,0.0,0.0,0.0,0.0,0.0,0.0,0.0,0.0,0.0,0.0,0.0,0.0,0.0,0.0,0.0,0.0,0.0,0.0,0.0,0.0,0.0,0.0,0.0,0.0,0.0,0.0,0.0,0.0,0.0,0.0,-5.9018916745069125,0.06448665012426223,1.54590740352704,1.9822725119861908,0.19993003699936515,0.0,0.0,0.0,0.0,0.0,-5.413897577215185,0.5419121953678129,-0.7979146493559828,0.6827873688664815,0.7340318539158812,-6.75041534837856,0.9069800604959282,-0.24337210569470144,0.3174657266257209,0.7752100353986289,0.0,0.0,0.0,0.0,0.0,0.0,0.0,0.0,0.0,0.0,0.3871751838806789,0.11379445110279954,0.21544643128980248,0.17288668112307343,0.07021380344723746,0.0,0.0,0.0,0.0,0.0,0.0,0.0,0.0,0.0,0.0,0.0,0.0,0.0,0.0,0.0,0.0,0.0,0.0,0.0,0.0,0.0,0.0,0.0,0.0,0.0,0.0,0.0,0.0,0.0,0.0,0.0,0.0,0.0,0.0,0.0,0.1828128862404415,0.009564401194395377,0.14845959954858692,0.13128671373556744,0.025513122116513097,0.0,0.0,0.0,0.0,0.0,0.13263418254655926,0.04126278587638326,0.09700185613490213,0.1146868620019951,0.043023045822149344,0.29989143907730453,0.0642109203161119,0.14698421198757122,0.1510470764293919,0.042667563930460825,0.0,0.0,0.0,0.0,0.0,0.0,0.0,0.0,0.0,0.0,0.0,0.0,0.0,0.0,0.0,0.0,0.0,0.0,0.0,1.0,0.0,0.0,0.0,0.0,0.0,0.0,0.0,0.8,0.0,0.5,1.0,0.0,0.0,0.0,0.0,0.0,0.0,0.0,0.0,0.0,0.0,0.0,0.0,0.0,0.0,0.0,0.0,0.0,0.0,0.0,0.0,0.0,0.0,0.0,0.0,0.0,0.0,0.0,0.0,0.0,0.0,0.0,0.0,0.0,0.0,0.0,0.0,0.0,0.0,0.0,0.0,0.0,0.0,0.0,0.0,0.0,0.0,0.0,0.0,0.0,0.0,0.0,0.0,0.0,0.0,0.0,0.0,0.0,0.0,0.0,0.0,0.0,0.0,0.0,0.0,1.0,0.0,0.3,0.8,0.0,0.0,0.0,0.0,0.0,1.0,0.5,0.0,1.0,0.0,0.0
0073,Balfourodendron riedelianum (Engl.) Engl.,12,0.0,0.0,1.0,0.0,0.0,0.0,0.0,0.0,0.0,0.0,0.9166666666666666,0.3333333333333333,1.0,0.4166666666666667,0.0,0.0,0.058891429941399204,0.0,0.0,0.0,0.0,0.0,0.0,0.0,0.30669644042214517,0.0080798014057747,0.4394320417324018,0.18690028649827903,0.0,0.0,0.0,0.0,0.0,0.0,0.0,0.0,0.0,0.0,-7.929696207672844,0.8728074578103366,-0.23681791506238278,0.3299467626438956,0.7688397690339582,0.0,0.0,0.0,0.0,0.0,0.0,0.0,0.0,0.0,0.0,0.0,0.0,0.0,0.0,0.0,0.0,0.0,0.0,0.0,0.0,0.0,0.0,0.0,0.0,0.0,0.0,0.0,0.0,0.0,0.0,0.0,0.0,0.0,0.0,0.0,-4.336861007002636,0.02314571154689525,2.130613783891321,3.2818749905407785,0.11965326246120193,-6.838738407407238,0.42144047537979074,-0.9335794662247309,0.8425174931792625,0.6489629633207882,-8.238637396924611,0.8975830328323813,-0.26799855129558003,0.33844724775383234,0.7746936726671917,-4.744833684901444,0.018820336359388075,-3.046339000160182,3.666498771254301,0.19388587480506211,0.0,0.0,0.0,0.0,0.0,0.0,0.0,0.0,0.0,0.0,0.2776527789185744,0.06134297634871661,0.1942420914798493,0.16547237259990324,0.04699458995735455,0.0,0.0,0.0,0.0,0.0,0.0,0.0,0.0,0.0,0.0,0.0,0.0,0.0,0.0,0.0,0.0,0.0,0.0,0.0,0.0,0.0,0.0,0.0,0.0,0.0,0.0,0.0,0.0,0.0,0.0,0.0,0.0,0.0,0.0,0.0,0.08719964543875852,0.002612018754386452,0.036272839654019166,0.07154656682268357,0.015545825091153598,0.02684192703500965,0.003143437104621158,0.008714638156971974,0.015808000811672523,0.005521558294260126,0.32522202784148035,0.044793374521682215,0.14722281914278126,0.15417786124828284,0.04132819826069425,0.08687304335907982,0.00141539924942729,0.11733361121482175,0.07457556036191358,0.023879691394249607,0.0,0.0,0.0,0.0,0.0,0.0,0.0,0.0,0.0,0.0,0.0,0.0,0.0,0.0,0.0,0.0,0.0,0.0,0.0,0.0,0.0,0.0,0.0,0.0,0.0,0.0,0.0,1.0,0.0,0.0,0.0,0.0,0.0,0.0,0.0,0.9166666666666666,0.3333333333333333,1.0,0.4166666666666667,0.0,0.0,0.0,0.0,0.0,0.0,0.0,0.0,0.0,0.0,0.0,0.0,0.0,0.0,0.0,0.0,0.0,0.0,0.0,0.0,0.0,0.0,0.0,0.0,0.0,0.0,0.0,0.0,0.0,0.0,0.0,0.0,0.0,0.0,0.0,0.0,0.0,0.0,0.0,0.0,0.0,0.0,0.0,0.0,0.0,0.0,0.0,0.0,0.0,0.0,0.0,0.0,0.0,0.0,0.0,0.0,1.0,0.36363636363636365,0.9166666666666666,0.3333333333333333,1.0,0.3333333333333333,0.125,1.0,0.4166666666666667,1.0
0080,Betula papyrifera Marshall,10,0.0,0.0,0.0,0.0,0.0,0.0,0.0,0.0,0.0,0.0,0.0,0.4,1.0,0.0,0.0,0.0,0.0,0.0,0.0,0.0,0.0,0.0,0.0,0.0,0.0,0.024035910732752807,0.9759640892672472,0.0,0.0,0.0,0.0,0.0,0.0,0.0,0.0,0.0,0.0,0.0,0.0,0.0,0.0,0.0,0.0,0.0,0.0,0.0,0.0,0.0,0.0,0.0,0.0,0.0,0.0,0.0,0.0,0.0,0.0,0.0,0.0,0.0,0.0,0.0,0.0,0.0,0.0,0.0,0.0,0.0,0.0,0.0,0.0,0.0,0.0,0.0,0.0,0.0,0.0,0.0,0.0,0.0,0.0,0.0,0.0,-6.543913675196439,0.6431865969408381,-1.0243630842756817,1.047253637112176,0.7887114396976875,-7.702890766508449,0.9020797928817788,-0.2920864155200481,0.3683385491202912,0.7865250943898954,0.0,0.0,0.0,0.0,0.0,0.0,0.0,0.0,0.0,0.0,0.0,0.0,0.0,0.0,0.0,0.0,0.0,0.0,0.0,0.0,0.0,0.0,0.0,0.0,0.0,0.0,0.0,0.0,0.0,0.0,0.0,0.0,0.0,0.0,0.0,0.0,0.0,0.0,0.0,0.0,0.0,0.0,0.0,0.0,0.0,0.0,0.0,0.0,0.0,0.0,0.0,0.0,0.0,0.0,0.0,0.0,0.0,0.0,0.0,0.0,0.05760928160064738,0.015724058533312185,0.02071393777854179,0.018874412789629813,0.010875440342536374,0.33211654860901824,0.0338371156860242,0.14229492795891618,0.1503570911049335,0.03932262227270049,0.0,0.0,0.0,0.0,0.0,0.0,0.0,0.0,0.0,0.0,0.0,0.0,0.0,0.0,0.0,0.0,0.0,0.0,0.0,0.0,0.0,0.0,0.0,0.0,0.0,0.0,0.0,0.0,0.0,0.0,0.0,0.0,0.0,0.0,0.0,0.0,0.0,0.0,0.0,0.0,0.0,0.0,0.0,0.0,0.0,0.0,0.0,0.0,0.0,0.0,0.0,0.0,0.0,0.0,0.0,0.0,0.0,0.0,0.0,0.0,0.0,0.0,0.0,0.0,0.0,0.0,0.0,0.0,0.0,0.0,0.0,0.0,0.0,0.0,0.0,0.0,0.0,0.0,0.0,0.0,0.0,0.0,0.0,0.0,0.0,0.0,0.0,0.0,0.0,0.0,0.0,0.0,0.0,0.0,0.0,0.0,0.0,0.0,0.0,0.0,0.0,0.0,0.0,0.0,1.0,0.4,0.0,1.0,0.0,0.0
0081,Betula pendula Roth,5,0.0,0.0,0.0,0.0,0.0,0.0,0.0,0.0,0.0,0.0,0.0,1.0,1.0,0.0,0.0,0.0,0.0,0.0,0.0,0.0,0.0,0.0,0.0,0.0,0.0,0.07344968460540346,0.9265503153945965,0.0,0.0,0.0,0.0,0.0,0.0,0.0,0.0,0.0,0.0,0.0,0.0,0.0,0.0,0.0,0.0,0.0,0.0,0.0,0.0,0.0,0.0,0.0,0.0,0.0,0.0,0.0,0.0,0.0,0.0,0.0,0.0,0.0,0.0,0.0,0.0,0.0,0.0,0.0,0.0,0.0,0.0,0.0,0.0,0.0,0.0,0.0,0.0,0.0,0.0,0.0,0.0,0.0,0.0,0.0,0.0,-6.9936963058152575,0.7278844497571153,-0.8627565033613026,0.9950626975431923,0.8204561835678934,-8.148270640743807,0.9139078656620481,-0.20295271433441964,0.27796042317359626,0.7987963510412169,0.0,0.0,0.0,0.0,0.0,0.0,0.0,0.0,0.0,0.0,0.0,0.0,0.0,0.0,0.0,0.0,0.0,0.0,0.0,0.0,0.0,0.0,0.0,0.0,0.0,0.0,0.0,0.0,0.0,0.0,0.0,0.0,0.0,0.0,0.0,0.0,0.0,0.0,0.0,0.0,0.0,0.0,0.0,0.0,0.0,0.0,0.0,0.0,0.0,0.0,0.0,0.0,0.0,0.0,0.0,0.0,0.0,0.0,0.0,0.0,0.17033575524502415,0.05821999789099602,0.15130479391379698,0.1760642999984332,0.016837527412784947,0.35541923194085506,0.02544607478591483,0.14348106023956236,0.13680304214647518,0.03455186983387168,0.0,0.0,0.0,0.0,0.0,0.0,0.0,0.0,0.0,0.0,0.0,0.0,0.0,0.0,0.0,0.0,0.0,0.0,0.0,0.0,0.0,0.0,0.0,0.0,0.0,0.0,0.0,0.0,0.0,0.0,0.0,0.0,0.0,0.0,0.0,0.0,0.0,0.0,0.0,0.0,0.0,0.0,0.0,0.0,0.0,0.0,0.0,0.0,0.0,0.0,0.0,0.0,0.0,0.0,0.0,0.0,0.0,0.0,0.0,0.0,0.0,0.0,0.0,0.0,0.0,0.0,0.0,0.0,0.0,0.0,0.0,0.0,0.0,0.0,0.0,0.0,0.0,0.0,0.0,0.0,0.0,0.0,0.0,0.0,0.0,0.0,0.0,0.0,0.0,0.0,0.0,0.0,0.0,0.0,0.0,0.0,0.0,0.0,0.0,0.0,0.0,0.0,0.0,0.0,1.0,1.0,0.0,1.0,0.0,0.0
0085,Bobgunnia fistuloides (Harms) J.H. Kirkbr. & Wiersema,12,0.0,0.25,1.0,0.0,0.0,0.75,1.0,0.75,0.0,0.0,0.0,0.0,1.0,0.0,0.0,0.0015036967789806167,0.17354381039713432,0.0,0.0,0.0439507529080291,0.19049779638336942,0.004120448925308544,0.0,0.0,0.0,0.0,0.586383494607178,0.0,0.0,0.0,0.0,0.0,0.0,-7.292269455215139,0.7463912006283063,-0.22571402362623025,0.26881297731067905,0.7425835005103298,-6.710017733961823,0.6747322763158673,-0.17631806589235932,0.32578535149218063,0.7438796867863865,0.0,0.0,0.0,0.0,0.0,0.0,0.0,0.0,0.0,0.0,-5.4568583396169,0.28571076718040705,0.8810335973705634,0.9216706031429379,0.49620399161600237,-6.416052084429787,0.31101258944820415,0.7427408680132442,1.1625419062379434,0.5089332309813585,-8.384792981850937,0.2487147015767887,-0.35887208790998254,0.9470035131638966,0.3910227422218706,0.0,0.0,0.0,0.0,0.0,0.0,0.0,0.0,0.0,0.0,0.0,0.0,0.0,0.0,0.0,0.0,0.0,0.0,0.0,0.0,-6.611399339776091,0.6279782508728773,-0.2879422214284405,0.3817913414644462,0.7746460203970619,0.0,0.0,0.0,0.0,0.0,0.0,0.0,0.0,0.0,0.0,0.028858727688778618,0.037509665624677134,0.029243570083189934,0.005689489061632645,0.00594050258684405,0.4246344891538291,0.09977567740618835,0.26974325052687154,0.18313563320881207,0.0696476673830154,0.0,0.0,0.0,0.0,0.0,0.0,0.0,0.0,0.0,0.0,0.12747802753257867,0.03711576737897607,0.1023744587164031,0.11708129493094131,0.022029698808569406,0.581979584054825,0.05387824168337438,0.24194321435603605,0.2085407926666505,0.04982634161241493,0.2989104691663236,0.03199726419130977,0.2271796430568212,0.17838873961132698,0.055599230490797145,0.0,0.0,0.0,0.0,0.0,0.0,0.0,0.0,0.0,0.0,0.0,0.0,0.0,0.0,0.0,0.0,0.0,0.0,0.0,0.0,0.5677874327679763,0.10355445449618887,0.26035150058096385,0.26345987119862463,0.09722488539307178,0.0,0.0,0.0,0.0,0.0,0.0,0.0,0.0,0.0,0.0,0.0,0.0,0.0,0.0,0.0,0.0,0.0,0.0,0.0,1.0,0.25,0.0,0.0,0.3333333333333333,0.25,0.3333333333333333,0.0,0.0,0.0,0.0,0.25,0.0,1.0,0.0,0.0,0.75,1.0,0.75,0.0,0.0,0.0,0.0,1.0,0.0,0.0,0.0,0.0,0.0,0.0,0.0,0.0,0.0,0.0,0.0,0.0,0.0,0.0,0.0,0.0,0.0,0.0,0.0,0.0,0.0,0.0,1.0,0.75,0.6363636363636364,0.0,0.0,0.0,0.0,0.75,0.0,1.0,0.75,0.0,0.0,0.0,0.0,1.0,0.0,1.0,0.0,0.0,0.0,0.0,0.75,0.0,0.0,0.0,0.0,0.0,0.0,0.0,0.0,0.0,0.0,0.0,0.0,0.0,0.0,0.0,0.0,0.0,0.0,0.0,1.0,0.0,0.0
0091,Brachystegia Benth.,12,0.0,0.0,0.8333333333333334,0.0,1.0,0.5,0.9166666666666666,0.0,0.0,0.0,0.8333333333333334,0.0,1.0,0.0,0.0,0.0,0.010918026183424445,0.0,0.5837321277857114,0.048392812606800735,0.17149086269069222,0.0,0.0,0.0,0.08687094079376653,0.0,0.09859522993960469,0.0,0.0,0.0,0.0,0.0,0.0,0.0,0.0,0.0,0.0,0.0,-6.531650704465856,0.8590209297455997,-0.2112287721095742,0.419572529333864,0.763198204464546,0.0,0.0,0.0,0.0,0.0,-4.413873731213429,0.7759889137821241,0.4391662974583805,0.4902828917206065,0.6642992333163568,-3.73514494650535,0.303006385920308,1.3924047836897737,1.510610242662427,0.4722475061255797,-3.595007549799354,0.44427716153235186,0.9616565480171269,1.077090831268477,0.5383409867239964,0.0,0.0,0.0,0.0,0.0,0.0,0.0,0.0,0.0,0.0,0.0,0.0,0.0,0.0,0.0,-3.4999859660368386,0.07741099160867757,2.506958830877405,2.774788573255147,0.37894904658059153,0.0,0.0,0.0,0.0,0.0,-6.212954143194334,0.9294917327589776,-0.3074637183559297,0.3433964873417618,0.7882498047742259,0.0,0.0,0.0,0.0,0.0,0.0,0.0,0.0,0.0,0.0,0.0,0.0,0.0,0.0,0.0,0.16218328646327435,0.034186920535055634,0.11133047564400914,0.07088348527124141,0.020419045929920016,0.0,0.0,0.0,0.0,0.0,0.2129837800895067,0.08727970980966254,0.2008964398959566,0.19051090769297271,0.04484746607888076,0.028346078684649778,0.016249735054000573,0.0596054746134155,0.05856702142276079,0.006315025192083656,0.11412653104513946,0.09042288637685504,0.16001877485176721,0.15390972272271305,0.038509363389193044,0.0,0.0,0.0,0.0,0.0,0.0,0.0,0.0,0.0,0.0,0.0,0.0,0.0,0.0,0.0,0.0,0.0,0.0,0.0,0.0,0.0,0.0,0.0,0.0,0.0,0.31954982642768964,0.027437678439141522,0.09494998258039745,0.11542805022946523,0.02040932220827026,0.0,0.0,0.0,0.0,0.0,0.0,0.0,0.0,0.0,0.0,0.0,0.0,0.0,0.0,0.0,0.0,0.0,0.0,0.0,0.0,0.0,0.0,0.0,0.0,0.0,0.0,0.0,0.0,0.0,0.0,0.0,0.0,1.0,0.0,0.8333333333333334,0.6,0.75,0.0,0.0,0.0,1.0,0.0,0.8333333333333334,0.0,0.0,0.0,0.0,0.0,0.0,0.0,0.0,0.0,0.0,0.0,0.0,1.0,0.5,0.9166666666666666,0.0,0.0,0.0,0.8333333333333334,0.0,1.0,0.0,1.0,0.5454545454545454,0.0,0.0,0.0,0.6,0.0,0.5,0.0,1.0,0.0,0.0,0.0,0.75,0.0,0.9166666666666666,0.0,0.0,0.0,0.0,0.0,0.0,0.0,0.0,0.0,0.0,0.0,0.0,0.0,0.0,0.0,0.0,0.0,0.0,0.0,1.0,0.0,0.8333333333333334,0.0,0.0,0.0,0.0,1.0,0.0,0.0
0092,Brachystegia cynometroides Harms,12,0.0,0.0,1.0,0.0,1.0,0.0,1.0,0.0,0.0,0.0,1.0,0.0,1.0,0.0,0.0,0.0,0.032624359376400194,0.0,0.45724108814819403,0.0,0.1812530512488358,0.0,0.0,0.0,0.14327864938796048,0.0,0.1856028518386095,0.0,0.0,0.0,0.0,0.0,0.0,0.0,0.0,0.0,0.0,0.0,-6.166968941614854,0.8611199094838877,-0.16659003813699275,0.3475640305671961,0.7244603009965487,0.0,0.0,0.0,0.0,0.0,-4.618826383178192,0.790448806465368,0.3681005295757516,0.42955705945428124,0.6500875370034843,0.0,0.0,0.0,0.0,0.0,-3.872867160666926,0.5260589079950047,0.6546170145652103,0.750577544709676,0.5668241321837288,0.0,0.0,0.0,0.0,0.0,0.0,0.0,0.0,0.0,0.0,0.0,0.0,0.0,0.0,0.0,-3.243884835718688,0.09086217071771051,1.8976723244555556,2.3782326543573684,0.29178625358216154,0.0,0.0,0.0,0.0,0.0,-5.960774381413684,0.948923027301399,-0.20963351784434836,0.26591045300121585,0.78439244758431,0.0,0.0,0.0,0.0,0.0,0.0,0.0,0.0,0.0,0.0,0.0,0.0,0.0,0.0,0.0,0.4175524616769863,0.0997960705223901,0.17343999812648994,0.16025420520409014,0.0682180459745843,0.0,0.0,0.0,0.0,0.0,0.22999239618245282,0.07120520577232038,0.13096137439404515,0.1441164476717815,0.043701615957703686,0.0,0.0,0.0,0.0,0.0,0.17100020035903404,0.07016355222576291,0.1665622879488951,0.18465605021137085,0.039349900996767016,0.0,0.0,0.0,0.0,0.0,0.0,0.0,0.0,0.0,0.0,0.0,0.0,0.0,0.0,0.0,0.07518422021061123,0.0066800730282096125,0.057843994583020225,0.06043978871864116,0.016703842546901417,0.0,0.0,0.0,0.0,0.0,0.3637140431489138,0.02097677215449861,0.11134053905304035,0.10843461957456733,0.018804183756089807,0.0,0.0,0.0,0.0,0.0,0.0,0.0,0.0,0.0,0.0,0.0,0.0,0.0,0.0,0.0,0.0,0.0,0.0,0.0,0.0,0.0,0.0,0.0,0.0,0.0,0.0,0.0,0.0,0.0,0.0,0.0,0.0,1.0,0.0,1.0,0.0,1.0,0.0,0.0,0.0,1.0,0.0,1.0,0.0,0.0,0.0,0.0,0.0,0.0,0.0,0.0,0.0,0.0,0.0,0.0,1.0,0.0,1.0,0.0,0.0,0.0,1.0,0.0,1.0,0.0,0.0,0.0,0.0,0.0,0.0,0.0,0.0,0.0,0.0,1.0,0.0,0.0,0.0,1.0,0.0,1.0,0.0,0.0,0.0,0.0,0.0,0.0,0.0,0.0,0.0,0.0,0.0,0.0,0.0,0.0,0.0,0.0,0.0,0.0,0.0,1.0,0.0,1.0,0.0,0.0,0.0,0.0,1.0,0.0,0.0
0093,Brachystegia laurentii (De Wild.) Louis ex J.Léonard,12,0.0,0.0,1.0,0.0,1.0,0.0,0.5833333333333334,0.0,0.0,0.0,0.75,0.0,1.0,0.0,0.0,0.0,0.02014325733298188,0.0,0.46929967650547194,0.0,0.08037724635052354,0.0,0.0,0.0,0.29396700771926115,0.0,0.13621281209176142,0.0,0.0,0.0,0.0,0.0,0.0,0.0,0.0,0.0,0.0,0.0,-6.987058243995346,0.7447995414967196,0.07519859552812518,0.4940141265652224,0.6588386384500374,0.0,0.0,0.0,0.0,0.0,-4.56172719419936,0.844907922301034,0.16791128233698174,0.26727817632990064,0.6977274872486424,0.0,0.0,0.0,0.0,0.0,-4.0057396527956195,0.5915599809080516,0.266971970289604,0.5478678177141589,0.59277321303493,0.0,0.0,0.0,0.0,0.0,0.0,0.0,0.0,0.0,0.0,0.0,0.0,0.0,0.0,0.0,-3.137773632455149,0.10303389632925142,1.915048084633271,2.1771005558434893,0.3343329305565641,0.0,0.0,0.0,0.0,0.0,-6.251833237432898,0.9348506534101473,-0.28341639076567754,0.3322249803847095,0.789453658604104,0.0,0.0,0.0,0.0,0.0,0.0,0.0,0.0,0.0,0.0,0.0,0.0,0.0,0.0,0.0,0.3811188479965996,0.08579111404096677,0.18510760077377894,0.14164892149241096,0.06667538981048465,0.0,0.0,0.0,0.0,0.0,0.18814099512960422,0.06827123789264904,0.19011480073792994,0.13779795868890016,0.044851781585395135,0.0,0.0,0.0,0.0,0.0,0.047768728031840936,0.008055617773946162,0.046519905745934495,0.03543860269673537,0.01137263223543261,0.0,0.0,0.0,0.0,0.0,0.0,0.0,0.0,0.0,0.0,0.0,0.0,0.0,0.0,0.0,0.11375274253459315,0.011628482841244943,0.13497112418804944,0.15335304744742984,0.029295580738724562,0.0,0.0,0.0,0.0,0.0,0.38166766462026214,0.020471773363773364,0.10490948612620181,0.10807352305999211,0.021051820512477736,0.0,0.0,0.0,0.0,0.0,0.0,0.0,0.0,0.0,0.0,0.0,0.0,0.0,0.0,0.0,0.0,0.0,0.0,0.0,0.0,0.0,0.0,0.0,0.0,0.0,0.0,0.0,0.0,0.0,0.0,0.0,0.0,1.0,0.0,1.0,0.0,0.5833333333333334,0.0,0.0,0.0,0.75,0.0,1.0,0.0,0.0,0.0,0.0,0.0,0.0,0.0,0.0,0.0,0.0,0.0,0.0,1.0,0.0,0.5833333333333334,0.0,0.0,0.0,0.75,0.0,1.0,0.0,0.0,0.0,0.0,0.0,0.0,0.0,0.0,0.0,0.0,1.0,0.0,0.0,0.0,0.45454545454545453,0.0,0.5833333333333334,0.0,0.0,0.0,0.0,0.0,0.0,0.0,0.0,0.0,0.0,0.0,0.0,0.0,0.0,0.0,0.0,0.0,0.0,0.0,1.0,0.0,0.75,0.0,0.0,0.0,0.0,1.0,0.0,0.0
0095,Brosimum alicastrum Swartz,12,0.0,0.8333333333333334,0.0,0.8333333333333334,0.8333333333333334,0.0,0.08333333333333333,0.0,0.0,0.08333333333333333,0.0,0.0,1.0,0.0,0.0,0.2593374518451474,0.0,0.13142378974242933,0.08193120349063088,0.0,0.0010673406567133592,0.0,0.0,0.00629019427023073,0.0,0.0,0.5199500199948484,0.0,0.0,0.0,0.0,0.0,0.0,-7.367599458110227,0.7514310130631499,-0.24385012620623278,0.30161482378271026,0.7716095047587694,0.0,0.0,0.0,0.0,0.0,-6.634228499353675,0.6454264714987206,-0.1480940012493836,0.34936802650865256,0.6756350449421124,-6.412482586866429,0.5700611312867043,0.3206417735887573,0.32083237352293775,0.5607575470911645,0.0,0.0,0.0,0.0,0.0,-8.006367567650246,0.5838424208706249,0.10821358464023279,0.24703377754257141,0.5494505494505495,0.0,0.0,0.0,0.0,0.0,0.0,0.0,0.0,0.0,0.0,-6.232545799108859,0.16529844818875644,0.6470560733596783,1.44065119959038,0.187829338772735,0.0,0.0,0.0,0.0,0.0,0.0,0.0,0.0,0.0,0.0,-7.527984397921582,0.739183985822916,-0.21180731132247796,0.28192101576835954,0.7893037158084791,0.0,0.0,0.0,0.0,0.0,0.0,0.0,0.0,0.0,0.0,0.2121212538418354,0.05269418674197598,0.13753876500904721,0.1282005920909851,0.042313951400080235,0.0,0.0,0.0,0.0,0.0,0.132844381468206,0.042021147171768754,0.10729669833173414,0.1094038371034596,0.038861721485185324,0.08735019093301413,0.02781912765839283,0.052264663595394154,0.038750312540103526,0.020068963304404643,0.0,0.0,0.0,0.0,0.0,0.0,0.0,0.0,0.0,0.0,0.0,0.0,0.0,0.0,0.0,0.0,0.0,0.0,0.0,0.0,0.0,0.0,0.0,0.0,0.0,0.0,0.0,0.0,0.0,0.0,0.0,0.0,0.0,0.0,0.0,0.35318457528598085,0.07718346874172273,0.132354222891461,0.1547032871984265,0.074721180150996,0.0,0.0,0.0,0.0,0.0,0.0,0.0,0.0,0.0,0.0,0.0,0.0,0.0,0.0,0.0,0.0,0.0,0.0,0.0,1.0,0.0,0.8181818181818182,0.6666666666666666,0.0,0.1,0.0,0.0,0.1,0.0,0.0,0.8333333333333334,0.0,0.0,0.0,0.0,0.0,0.0,0.0,0.0,0.0,0.0,0.0,0.0,0.0,1.0,0.8181818181818182,0.0,0.1,0.0,0.0,0.1,0.0,0.0,0.8333333333333334,0.0,1.0,0.0,0.1,0.0,0.0,0.1,0.0,0.0,0.8333333333333334,0.0,0.0,0.0,0.0,0.0,0.0,0.0,0.0,0.0,0.0,1.0,0.0,0.0,0.0,0.0,0.0,0.08333333333333333,0.0,0.0,0.0,0.0,0.0,0.0,0.0,0.0,0.0,0.0,0.0,0.0,0.0,0.0,1.0,0.0,0.0,0.08333333333333333,0.0,0.0,0.0,0.0,0.0,0.0,0.0,0.0,1.0,0.0,0.0
0096,Brosimum guianense (Aubl.) Huber ex Ducke,14,0.0,0.0,0.5714285714285714,0.42857142857142855,1.0,0.14285714285714285,0.07142857142857142,0.0,0.0,0.0,0.0,0.0,1.0,0.0,0.0,0.0,0.030161557927650174,0.032157821118171455,0.7865579485420711,0.031725776547885325,0.006770815314066318,0.0,0.0,0.0,0.0,0.0,0.11262608055015569,0.0,0.0,0.0,0.0,0.0,0.0,0.0,0.0,0.0,0.0,0.0,-5.763916826911272,0.6511616608322959,-0.18278352529998537,0.18687229630214153,0.7557100782739806,-4.969953150191519,0.6394727840846065,-0.10969031108213184,0.35564199141855674,0.6849284738460986,-4.963632213319209,0.4248988158457295,0.604660988623299,0.6619948624147273,0.5370149263419185,-3.858984031640483,0.21962971894312308,1.4655261913678341,1.6152550373967438,0.492953944239066,-4.71025913358559,0.36499851627785956,1.1739342952067087,1.0237687989107902,0.6520150647009593,0.0,0.0,0.0,0.0,0.0,0.0,0.0,0.0,0.0,0.0,0.0,0.0,0.0,0.0,0.0,0.0,0.0,0.0,0.0,0.0,0.0,0.0,0.0,0.0,0.0,-6.360366742956962,0.681991216945617,-0.20618967343531786,0.2619301242239942,0.7949540929790733,0.0,0.0,0.0,0.0,0.0,0.0,0.0,0.0,0.0,0.0,0.0,0.0,0.0,0.0,0.0,0.030484687878180927,0.013302008360033125,0.05110187201246088,0.032992682094220356,0.006213476073897009,0.0,0.0,0.0,0.0,0.0,0.37395537751312696,0.1091348212563746,0.33751254923028584,0.330209958658766,0.07254327805751296,0.0,0.0,0.0,0.0,0.0,0.0,0.0,0.0,0.0,0.0,0.0,0.0,0.0,0.0,0.0,0.0,0.0,0.0,0.0,0.0,0.0,0.0,0.0,0.0,0.0,0.0,0.0,0.0,0.0,0.0,0.0,0.0,0.0,0.0,0.0,0.34854532537929844,0.05424223192492051,0.13032718894302753,0.1621114813529644,0.05293809780946274,0.0,0.0,0.0,0.0,0.0,0.0,0.0,0.0,0.0,0.0,0.0,0.0,0.0,0.0,0.0,0.0,0.0,0.0,0.0,0.0,0.0,0.0,0.0,0.0,0.0,0.0,0.0,0.0,0.0,0.0,0.0,0.0,1.0,0.4,0.5714285714285714,0.25,0.0,0.0,0.0,0.0,0.0,0.0,0.5714285714285714,0.0,1.0,0.42857142857142855,0.14285714285714285,0.16666666666666666,0.0,0.0,0.0,0.0,0.0,0.42857142857142855,0.0,1.0,0.14285714285714285,0.07142857142857142,0.0,0.0,0.0,0.0,0.0,1.0,0.0,1.0,0.0,0.0,0.0,0.0,0.0,0.0,0.14285714285714285,0.0,1.0,0.0,0.0,0.0,0.0,0.0,0.07142857142857142,0.0,0.0,0.0,0.0,0.0,0.0,0.0,0.0,0.0,0.0,0.0,0.0,0.0,0.0,0.0,0.0,0.0,0.0,0.0,0.0,0.0,0.0,0.0,0.0,0.0,0.0,1.0,0.0,0.0
0114,Cantleya corniculata (Becc.) R.A.Howard,4,0.0,0.5,1.0,0.75,1.0,0.0,0.0,0.0,0.0,0.0,0.0,0.0,1.0,0.25,0.0,0.0007864722924562998,0.6255066696499478,0.04138534357507834,0.1259757682028964,0.0,0.0,0.0,0.0,0.0,0.0,0.0,0.17594028572279108,0.030405460556830067,0.0,0.0,0.0,0.0,0.0,-9.377205532026181,0.27932829787939495,0.2470676946628059,0.8065765804918663,0.34340974673953345,-6.598730809337114,0.7452956511728716,-0.12315951872307845,0.23102690942782905,0.8142369434402074,-6.648542932953256,0.5283074217306556,-0.1657891171683994,0.23022292151765544,0.6145625751119231,-7.043116387904825,0.3415372509535519,0.02236241351719516,0.4338489192000089,0.44946380326972935,0.0,0.0,0.0,0.0,0.0,0.0,0.0,0.0,0.0,0.0,0.0,0.0,0.0,0.0,0.0,0.0,0.0,0.0,0.0,0.0,0.0,0.0,0.0,0.0,0.0,0.0,0.0,0.0,0.0,0.0,0.0,0.0,0.0,0.0,0.0,-7.004167032346567,0.7682721963352996,-0.22405802957475324,0.2720059924727274,0.795773649239181,-4.956683869003783,0.10129899907702919,-2.609756852667476,2.6577204596803536,0.5271368161688809,0.0,0.0,0.0,0.0,0.0,0.0,0.0,0.0,0.0,0.0,0.26310823740887707,0.06180217342231427,0.12732530350247795,0.13569624084655726,0.04459582194043394,0.6728824284657334,0.21415782649719609,0.060811922847677696,0.04632146580753963,0.19986375598107464,0.5920289422248901,0.2029084569280087,0.2298066052675592,0.25579677000179246,0.1666572318674171,0.0,0.0,0.0,0.0,0.0,0.0,0.0,0.0,0.0,0.0,0.0,0.0,0.0,0.0,0.0,0.0,0.0,0.0,0.0,0.0,0.0,0.0,0.0,0.0,0.0,0.0,0.0,0.0,0.0,0.0,0.0,0.0,0.0,0.0,0.0,0.2776291358589922,0.05701418672277925,0.12135362730983605,0.14076635688189537,0.049360207626655404,0.0,0.0,0.0,0.0,0.0,0.0,0.0,0.0,0.0,0.0,0.0,0.0,0.0,0.0,0.0,0.0,0.0,0.0,0.0,1.0,0.5,0.6666666666666666,0.5,0.0,0.0,0.0,0.0,0.0,0.0,0.0,0.5,0.0,1.0,0.75,1.0,0.0,0.0,0.0,0.0,0.0,0.0,0.0,1.0,0.25,1.0,0.75,0.0,0.0,0.0,0.0,0.0,0.0,0.0,0.75,0.0,1.0,0.0,0.0,0.0,0.0,0.0,0.0,0.0,1.0,0.25,0.0,0.0,0.0,0.0,0.0,0.0,0.0,0.0,0.0,0.0,0.0,0.0,0.0,0.0,0.0,0.0,0.0,0.0,0.0,0.0,0.0,0.0,0.0,0.0,0.0,0.0,0.0,0.0,0.0,0.0,0.0,0.0,0.0,0.0,0.0,0.0,0.0,0.0,0.0,0.0,0.0,0.0,1.0,0.25,1.0
0115,Carapa guianensis Aubl.,10,0.0,0.0,1.0,1.0,0.0,0.0,0.1,0.0,0.0,0.0,0.5,0.3,1.0,0.0,0.0,0.0,0.015050889648476205,0.7345447059811305,0.0,0.0,0.003757953565356252,0.0,0.0,0.0,0.045547310656121665,0.008514522373319587,0.19258461777559588,0.0,0.0,0.0,0.0,0.0,0.0,0.0,0.0,0.0,0.0,0.0,-7.431211484428125,0.5251539521600621,-0.21869072243969617,0.5501517356700326,0.5247780824935748,-5.6060955654199365,0.7542648136063252,-0.27207283985004577,0.3189365865505009,0.7398664111035229,0.0,0.0,0.0,0.0,0.0,0.0,0.0,0.0,0.0,0.0,-4.949835315106774,0.5267314067843226,0.2561688067457043,0.43140216649818025,0.6573588601591788,0.0,0.0,0.0,0.0,0.0,0.0,0.0,0.0,0.0,0.0,0.0,0.0,0.0,0.0,0.0,-4.374057049679549,0.022968878994552338,2.426427783433776,2.98309355346279,0.17246380432394873,-5.256572993726777,0.5166812592729731,-0.7518268257012215,0.7164332273585076,0.6799009400317096,-6.337965227994747,0.8785672885408591,-0.22717093297065533,0.2716761101385149,0.7688601661568576,0.0,0.0,0.0,0.0,0.0,0.0,0.0,0.0,0.0,0.0,0.0,0.0,0.0,0.0,0.0,0.3021721910630363,0.11335765105944093,0.23956938123229204,0.19727349757669405,0.09020817014292651,0.3107369454589976,0.10453829715245437,0.2140460124715513,0.174485435467983,0.05205606344177984,0.0,0.0,0.0,0.0,0.0,0.0,0.0,0.0,0.0,0.0,0.0,0.0,0.0,0.0,0.0,0.0,0.0,0.0,0.0,0.0,0.0,0.0,0.0,0.0,0.0,0.0,0.0,0.0,0.0,0.0,0.06701582073130981,0.0015988972423205104,0.07614166700280607,0.0451813919126451,0.0053157707930356814,0.0,0.0,0.0,0.0,0.0,0.23840974219621977,0.08085218270506296,0.0966906441904554,0.11778270867956978,0.03392003543844821,0.0,0.0,0.0,0.0,0.0,0.0,0.0,0.0,0.0,0.0,0.0,0.0,0.0,0.0,0.0,0.0,0.0,0.0,0.0,0.0,0.0,0.0,0.0,0.0,0.0,0.0,0.0,0.0,0.0,0.0,0.0,0.0,1.0,1.0,0.0,0.0,0.1,0.0,0.0,0.0,0.5,0.3,1.0,0.0,1.0,0.0,0.0,0.1,0.0,0.0,0.0,0.5,0.3,1.0,0.0,0.0,0.0,0.0,0.0,0.0,0.0,0.0,0.0,0.0,0.0,0.0,0.0,0.0,0.0,0.0,0.0,0.0,0.0,0.0,1.0,0.0,0.0,0.0,0.0,0.0,0.1,0.0,0.0,0.0,0.0,0.0,0.0,0.0,0.0,0.0,0.0,0.0,0.0,0.0,0.0,0.0,0.0,0.0,0.0,0.0,1.0,0.14285714285714285,0.5,0.0,1.0,0.3,0.0,1.0,0.0,0.0
0129,Castanea crenata Siebold & Zucc.,10,1.0,1.0,0.0,0.0,0.0,0.0,0.0,0.0,0.0,0.0,0.0,0.0,1.0,0.0,0.32455157965685166,0.14025822565271123,0.0,0.0,0.0,0.0,0.0,0.0,0.0,0.0,0.0,0.0,0.5351901946904372,0.0,-4.479273124319649,0.2082515706385621,0.8099503135157343,1.071374252787793,0.4134247448406274,-5.259276285642718,0.899566780695843,-0.08653541225872369,0.23105503034444785,0.7591881404938625,0.0,0.0,0.0,0.0,0.0,0.0,0.0,0.0,0.0,0.0,0.0,0.0,0.0,0.0,0.0,0.0,0.0,0.0,0.0,0.0,0.0,0.0,0.0,0.0,0.0,0.0,0.0,0.0,0.0,0.0,0.0,0.0,0.0,0.0,0.0,0.0,0.0,0.0,0.0,0.0,0.0,0.0,0.0,0.0,0.0,0.0,0.0,0.0,0.0,0.0,-5.446889846851645,0.9475918169304416,-0.06844223740345011,0.19733446135363644,0.7787432735773676,0.0,0.0,0.0,0.0,0.0,0.40164334707170557,0.06614493087503273,0.3999390114204663,0.39004359054834165,0.0755251932226473,0.29076944552252126,0.07896694771232234,0.17264807320269168,0.14429774922177466,0.04754706443406377,0.0,0.0,0.0,0.0,0.0,0.0,0.0,0.0,0.0,0.0,0.0,0.0,0.0,0.0,0.0,0.0,0.0,0.0,0.0,0.0,0.0,0.0,0.0,0.0,0.0,0.0,0.0,0.0,0.0,0.0,0.0,0.0,0.0,0.0,0.0,0.0,0.0,0.0,0.0,0.0,0.0,0.0,0.0,0.0,0.0,0.0,0.0,0.0,0.0,0.0,0.5481748685720527,0.02284921504916327,0.1466374354732831,0.10721082517935561,0.02967045219724728,0.0,0.0,0.0,0.0,0.0,1.0,1.0,0.0,0.0,0.0,0.0,0.0,0.0,0.0,0.0,0.0,0.0,1.0,0.0,1.0,0.0,0.0,0.0,0.0,0.0,0.0,0.0,0.0,0.0,0.0,1.0,0.0,0.0,0.0,0.0,0.0,0.0,0.0,0.0,0.0,0.0,0.0,0.0,0.0,0.0,0.0,0.0,0.0,0.0,0.0,0.0,0.0,0.0,0.0,0.0,0.0,0.0,0.0,0.0,0.0,0.0,0.0,0.0,0.0,0.0,0.0,0.0,0.0,0.0,0.0,0.0,0.0,0.0,0.0,0.0,0.0,0.0,0.0,0.0,0.0,0.0,0.0,0.0,0.0,0.0,0.0,0.0,0.0,0.0,0.0,0.0,0.0,0.0,0.0,0.0,0.0,0.0,0.0,0.0,0.0,0.0,0.0,0.0,0.0,0.0,0.0,0.0,1.0,0.0,0.0
0130,Castanea sativa Mill.,10,0.9,1.0,0.0,0.0,0.0,0.0,0.0,0.0,0.0,0.0,0.0,0.0,1.0,0.0,0.880721481269514,0.0455202043986495,0.0,0.0,0.0,0.0,0.0,0.0,0.0,0.0,0.0,0.0,0.07375831433183659,0.0,-4.771245283548426,0.2295498762509595,-0.37488047412865416,0.8788285441160372,0.3872852090061612,-7.5194498622891786,0.48630939834830283,-0.00441999367372801,0.5165549686919897,0.5166947546149643,0.0,0.0,0.0,0.0,0.0,0.0,0.0,0.0,0.0,0.0,0.0,0.0,0.0,0.0,0.0,0.0,0.0,0.0,0.0,0.0,0.0,0.0,0.0,0.0,0.0,0.0,0.0,0.0,0.0,0.0,0.0,0.0,0.0,0.0,0.0,0.0,0.0,0.0,0.0,0.0,0.0,0.0,0.0,0.0,0.0,0.0,0.0,0.0,0.0,0.0,-6.63996618078424,0.8043365809115519,-0.17607981839651415,0.2662680905688083,0.7182779631930556,0.0,0.0,0.0,0.0,0.0,0.4877303090785603,0.08182451819030674,0.34805762897577114,0.32080234102883304,0.09049713361304197,0.5366872949758229,0.11901005469490536,0.2748735205646876,0.2149043938548915,0.09068231860878187,0.0,0.0,0.0,0.0,0.0,0.0,0.0,0.0,0.0,0.0,0.0,0.0,0.0,0.0,0.0,0.0,0.0,0.0,0.0,0.0,0.0,0.0,0.0,0.0,0.0,0.0,0.0,0.0,0.0,0.0,0.0,0.0,0.0,0.0,0.0,0.0,0.0,0.0,0.0,0.0,0.0,0.0,0.0,0.0,0.0,0.0,0.0,0.0,0.0,0.0,0.34093106934566336,0.06342048079190693,0.0998981308810695,0.11128035683379123,0.033001785592976805,0.0,0.0,0.0,0.0,0.0,1.0,0.9,0.0,0.0,0.0,0.0,0.0,0.0,0.0,0.0,0.0,0.0,0.9,0.0,1.0,0.0,0.0,0.0,0.0,0.0,0.0,0.0,0.0,0.0,0.0,1.0,0.0,0.0,0.0,0.0,0.0,0.0,0.0,0.0,0.0,0.0,0.0,0.0,0.0,0.0,0.0,0.0,0.0,0.0,0.0,0.0,0.0,0.0,0.0,0.0,0.0,0.0,0.0,0.0,0.0,0.0,0.0,0.0,0.0,0.0,0.0,0.0,0.0,0.0,0.0,0.0,0.0,0.0,0.0,0.0,0.0,0.0,0.0,0.0,0.0,0.0,0.0,0.0,0.0,0.0,0.0,0.0,0.0,0.0,0.0,0.0,0.0,0.0,0.0,0.0,0.0,0.0,0.0,0.0,0.0,0.0,0.0,0.0,0.0,0.0,0.0,0.0,1.0,0.0,0.0
0147,Ceiba pentandra (L.) Gaertn.,12,0.0,1.0,0.0,1.0,0.0,0.0,0.0,0.0,0.0,0.0,0.0,0.0,1.0,0.0,0.0,0.06297113186245132,0.0,0.4593392949415176,0.0,0.0,0.0,0.0,0.0,0.0,0.0,0.0,0.47768957319603106,0.0,0.0,0.0,0.0,0.0,0.0,-6.7963545354455634,0.5872330431485094,-0.08870322359739673,0.6017030387565725,0.5464305281133207,0.0,0.0,0.0,0.0,0.0,-5.030283598547979,0.843393972646358,-0.18703517621953902,0.2568387542588768,0.7921006623668423,0.0,0.0,0.0,0.0,0.0,0.0,0.0,0.0,0.0,0.0,0.0,0.0,0.0,0.0,0.0,0.0,0.0,0.0,0.0,0.0,0.0,0.0,0.0,0.0,0.0,0.0,0.0,0.0,0.0,0.0,0.0,0.0,0.0,0.0,0.0,0.0,0.0,0.0,0.0,0.0,-5.71532173595187,0.9361607526480342,-0.252731860553114,0.3101178151826069,0.7813092953406455,0.0,0.0,0.0,0.0,0.0,0.0,0.0,0.0,0.0,0.0,0.3429135434400956,0.15900453560342756,0.346737975279543,0.2395663691519092,0.11280536963044889,0.0,0.0,0.0,0.0,0.0,0.2239882930560746,0.04922067962131057,0.13561617915952703,0.12049747182834449,0.030307847065440607,0.0,0.0,0.0,0.0,0.0,0.0,0.0,0.0,0.0,0.0,0.0,0.0,0.0,0.0,0.0,0.0,0.0,0.0,0.0,0.0,0.0,0.0,0.0,0.0,0.0,0.0,0.0,0.0,0.0,0.0,0.0,0.0,0.0,0.0,0.0,0.0,0.0,0.0,0.0,0.0,0.26020386370434145,0.01869380113477624,0.10062628954363169,0.10566238958730734,0.020426498650814643,0.0,0.0,0.0,0.0,0.0,0.0,0.0,0.0,0.0,0.0,0.0,0.0,0.0,0.0,0.0,0.0,0.0,0.0,0.0,1.0,0.0,1.0,0.0,0.0,0.0,0.0,0.0,0.0,0.0,0.0,1.0,0.0,0.0,0.0,0.0,0.0,0.0,0.0,0.0,0.0,0.0,0.0,0.0,0.0,1.0,0.0,0.0,0.0,0.0,0.0,0.0,0.0,0.0,1.0,0.0,0.0,0.0,0.0,0.0,0.0,0.0,0.0,0.0,0.0,0.0,0.0,0.0,0.0,0.0,0.0,0.0,0.0,0.0,0.0,0.0,0.0,0.0,0.0,0.0,0.0,0.0,0.0,0.0,0.0,0.0,0.0,0.0,0.0,0.0,0.0,0.0,0.0,0.0,0.0,0.0,0.0,0.0,0.0,0.0,0.0,0.0,0.0,0.0,0.0,0.0,0.0,0.0,1.0,0.0,0.0
0157,Ceriops tagal (Perr.) C.B. Robinson,4,0.0,0.0,0.0,0.5,0.0,0.0,0.0,0.0,0.0,0.0,0.0,0.0,1.0,0.0,0.0,0.0,0.0,0.2534907207516052,0.0,0.0,0.0,0.0,0.0,0.0,0.0,0.0,0.7465092792483948,0.0,0.0,0.0,0.0,0.0,0.0,0.0,0.0,0.0,0.0,0.0,0.0,0.0,0.0,0.0,0.0,-7.21590463784978,0.7303835852236692,-0.28732034877222856,0.3580927216441445,0.7971829038762666,0.0,0.0,0.0,0.0,0.0,0.0,0.0,0.0,0.0,0.0,0.0,0.0,0.0,0.0,0.0,0.0,0.0,0.0,0.0,0.0,0.0,0.0,0.0,0.0,0.0,0.0,0.0,0.0,0.0,0.0,0.0,0.0,0.0,0.0,0.0,0.0,0.0,0.0,0.0,0.0,-8.153969720926547,0.7390856728673898,-0.34467045612269664,0.4528658830666967,0.81436373150208,0.0,0.0,0.0,0.0,0.0,0.0,0.0,0.0,0.0,0.0,0.0,0.0,0.0,0.0,0.0,0.0,0.0,0.0,0.0,0.0,0.1937741915881964,0.02927928631717914,0.1758728803220448,0.17197142305761814,0.041148725317321694,0.0,0.0,0.0,0.0,0.0,0.0,0.0,0.0,0.0,0.0,0.0,0.0,0.0,0.0,0.0,0.0,0.0,0.0,0.0,0.0,0.0,0.0,0.0,0.0,0.0,0.0,0.0,0.0,0.0,0.0,0.0,0.0,0.0,0.0,0.0,0.0,0.0,0.0,0.0,0.0,0.21130996268704638,0.046059119923394086,0.12832467030323158,0.18278840946283204,0.04611816223857455,0.0,0.0,0.0,0.0,0.0,0.0,0.0,0.0,0.0,0.0,0.0,0.0,0.0,0.0,0.0,0.0,0.0,0.0,0.0,0.0,0.0,0.0,0.0,0.0,0.0,0.0,0.0,0.0,0.0,0.0,0.0,0.0,0.0,0.0,0.0,0.0,0.0,0.0,0.0,0.0,0.0,0.0,0.0,0.0,1.0,0.0,0.0,0.0,0.0,0.0,0.0,0.0,0.0,0.5,0.0,0.0,0.0,0.0,0.0,0.0,0.0,0.0,0.0,0.0,0.0,0.0,0.0,0.0,0.0,0.0,0.0,0.0,0.0,0.0,0.0,0.0,0.0,0.0,0.0,0.0,0.0,0.0,0.0,0.0,0.0,0.0,0.0,0.0,0.0,0.0,0.0,0.0,0.0,0.0,0.0,0.0,0.0,0.0,0.0,0.0,0.0,0.0,0.0,0.0,0.0,0.0,0.0,1.0,0.0,0.0
0158,"Chlorocardium rodiei (R.H.Schomb.) Rohwer, H.G.Richt. & van der Werff",10,0.0,0.0,0.1,1.0,1.0,0.0,1.0,0.0,0.0,0.0,0.0,0.0,1.0,0.0,0.0,0.0,0.00028360131685672025,0.26408588196001725,0.4953061828195183,0.0,0.025226503445502445,0.0,0.0,0.0,0.0,0.0,0.2150978304581053,0.0,0.0,0.0,0.0,0.0,0.0,0.0,0.0,0.0,0.0,0.0,-6.762981760967476,0.8296321467245443,-0.05310982531394841,0.08840301528710685,0.8152037617554859,-5.810055415569064,0.7330613714232749,-0.13294108288221418,0.24815718987355911,0.7477368649224521,-5.771395544038502,0.5868582207813403,-0.05269661916361994,0.27932688012633156,0.7166677961646519,0.0,0.0,0.0,0.0,0.0,-5.95315533839424,0.5301731163887666,-0.16362390568885204,0.5547455559332068,0.6425615668457992,0.0,0.0,0.0,0.0,0.0,0.0,0.0,0.0,0.0,0.0,0.0,0.0,0.0,0.0,0.0,0.0,0.0,0.0,0.0,0.0,0.0,0.0,0.0,0.0,0.0,-6.807283347138883,0.7544377894758626,-0.29840180390371457,0.3300388409800338,0.794338958883859,0.0,0.0,0.0,0.0,0.0,0.0,0.0,0.0,0.0,0.0,0.0,0.0,0.0,0.0,0.0,0.0,0.0,0.0,0.0,0.0,0.2996894854936809,0.1171337063973821,0.16758288441919356,0.15737255817700188,0.07874189832119953,0.29749112261892896,0.15491845196527415,0.1701165928869836,0.18606538075857432,0.1005256993830183,0.0,0.0,0.0,0.0,0.0,0.7023439567806817,0.06485692543185276,0.22720816545684247,0.10888072791888748,0.07020726375122653,0.0,0.0,0.0,0.0,0.0,0.0,0.0,0.0,0.0,0.0,0.0,0.0,0.0,0.0,0.0,0.0,0.0,0.0,0.0,0.0,0.0,0.0,0.0,0.0,0.0,0.23610493841425845,0.06002137054774117,0.13431196460184314,0.15900231728639508,0.038842649429878154,0.0,0.0,0.0,0.0,0.0,0.0,0.0,0.0,0.0,0.0,0.0,0.0,0.0,0.0,0.0,0.0,0.0,0.0,0.0,0.0,0.0,0.0,0.0,0.0,0.0,0.0,0.0,0.0,0.0,0.0,0.0,0.0,1.0,0.1,0.1,0.0,0.1,0.0,0.0,0.0,0.0,0.0,0.1,0.0,1.0,1.0,0.0,1.0,0.0,0.0,0.0,0.0,0.0,1.0,0.0,1.0,0.0,1.0,0.0,0.0,0.0,0.0,0.0,1.0,0.0,0.0,0.0,0.0,0.0,0.0,0.0,0.0,0.0,0.0,1.0,0.0,0.0,0.0,0.0,0.0,1.0,0.0,0.0,0.0,0.0,0.0,0.0,0.0,0.0,0.0,0.0,0.0,0.0,0.0,0.0,0.0,0.0,0.0,0.0,0.0,0.0,0.0,0.0,0.0,0.0,0.0,0.0,1.0,0.0,0.0
0181,Cotylelobium Pierre,10,0.0,0.6,0.0,1.0,0.1,0.0,0.0,0.0,0.0,0.0,0.0,0.0,1.0,0.0,0.0,0.013871660500877056,0.0,0.268103241001317,0.01793930567926601,0.0,0.0,0.0,0.0,0.0,0.0,0.0,0.7000857928185401,0.0,0.0,0.0,0.0,0.0,0.0,-7.4922138652883605,0.7505909922662863,-0.2091153509826014,0.2249623904467711,0.7561416953751646,0.0,0.0,0.0,0.0,0.0,-6.835640081400794,0.6207746822142945,-0.15450355891956996,0.2572460606383043,0.6934845686046797,-6.53525947155169,0.7378523914058162,0.07107509593145955,0.17817731578044121,0.7219112627436841,0.0,0.0,0.0,0.0,0.0,0.0,0.0,0.0,0.0,0.0,0.0,0.0,0.0,0.0,0.0,0.0,0.0,0.0,0.0,0.0,0.0,0.0,0.0,0.0,0.0,0.0,0.0,0.0,0.0,0.0,0.0,0.0,0.0,0.0,0.0,-7.352560374188615,0.7248269924956723,-0.23141024284941522,0.3092417395608179,0.8058585373919808,0.0,0.0,0.0,0.0,0.0,0.0,0.0,0.0,0.0,0.0,0.04417837471761351,0.008455355910570292,0.00945916521071072,0.017175004523100643,0.005672835537963457,0.0,0.0,0.0,0.0,0.0,0.2934662770086647,0.19965689745285956,0.09616592953798236,0.08569219822900516,0.14124213851719683,0.10104297198641585,0.03845112608116953,0.07285027938031519,0.07299914548713048,0.04452990024881041,0.0,0.0,0.0,0.0,0.0,0.0,0.0,0.0,0.0,0.0,0.0,0.0,0.0,0.0,0.0,0.0,0.0,0.0,0.0,0.0,0.0,0.0,0.0,0.0,0.0,0.0,0.0,0.0,0.0,0.0,0.0,0.0,0.0,0.0,0.0,0.30252963368877694,0.05424493313460003,0.1331121584522445,0.14801284066687803,0.06412420514599484,0.0,0.0,0.0,0.0,0.0,0.0,0.0,0.0,0.0,0.0,0.0,0.0,0.0,0.0,0.0,0.0,0.0,0.0,0.0,1.0,0.0,0.6,0.16666666666666666,0.0,0.0,0.0,0.0,0.0,0.0,0.0,0.6,0.0,0.0,0.0,0.0,0.0,0.0,0.0,0.0,0.0,0.0,0.0,0.0,0.0,1.0,0.1,0.0,0.0,0.0,0.0,0.0,0.0,0.0,1.0,0.0,1.0,0.0,0.0,0.0,0.0,0.0,0.0,0.0,0.1,0.0,0.0,0.0,0.0,0.0,0.0,0.0,0.0,0.0,0.0,0.0,0.0,0.0,0.0,0.0,0.0,0.0,0.0,0.0,0.0,0.0,0.0,0.0,0.0,0.0,0.0,0.0,0.0,0.0,0.0,0.0,0.0,0.0,0.0,0.0,0.0,0.0,0.0,0.0,0.0,0.0,0.0,0.0,1.0,0.0,0.0
0195,Ctenolophon parvifolius Oliv.,12,0.0,1.0,0.4166666666666667,0.9166666666666666,0.0,0.0,0.0,0.0,0.0,0.0,0.0,0.0,1.0,0.0,0.0,0.3064765401207187,0.014714225891347504,0.10042729566494639,0.0,0.0,0.0,0.0,0.0,0.0,0.0,0.0,0.5783819383229873,0.0,0.0,0.0,0.0,0.0,0.0,-6.894425835797223,0.6772092109530216,-0.21625735313189112,0.3181505477310627,0.7625605233255848,-6.383870990173318,0.6791608641289866,-0.34144568675179904,0.32205234759664614,0.7956760898236883,-6.733116899260747,0.5078465023254949,-0.12520536631386361,0.21487388576598354,0.5550837453200214,0.0,0.0,0.0,0.0,0.0,0.0,0.0,0.0,0.0,0.0,0.0,0.0,0.0,0.0,0.0,0.0,0.0,0.0,0.0,0.0,0.0,0.0,0.0,0.0,0.0,0.0,0.0,0.0,0.0,0.0,0.0,0.0,0.0,0.0,0.0,0.0,0.0,0.0,0.0,0.0,-6.890146847408616,0.6830909383924468,-0.26342429301051856,0.34229707989196206,0.7592382389233524,0.0,0.0,0.0,0.0,0.0,0.0,0.0,0.0,0.0,0.0,0.48482541541388585,0.12165313975861496,0.19942726691290172,0.21695400565995837,0.09122985528430128,0.09695466406948691,0.014462384950882002,0.02920573196677969,0.05011204656710781,0.015115387044967982,0.3935489666549348,0.20790139103524402,0.08449329997317129,0.10850804126068563,0.1580608705038123,0.0,0.0,0.0,0.0,0.0,0.0,0.0,0.0,0.0,0.0,0.0,0.0,0.0,0.0,0.0,0.0,0.0,0.0,0.0,0.0,0.0,0.0,0.0,0.0,0.0,0.0,0.0,0.0,0.0,0.0,0.0,0.0,0.0,0.0,0.0,0.0,0.0,0.0,0.0,0.0,0.43493872229973546,0.11912038198467471,0.16047487923798304,0.1855982753131918,0.09458690782492087,0.0,0.0,0.0,0.0,0.0,0.0,0.0,0.0,0.0,0.0,0.0,0.0,0.0,0.0,0.0,0.0,0.0,0.0,0.0,1.0,0.4166666666666667,0.9166666666666666,0.0,0.0,0.0,0.0,0.0,0.0,0.0,0.0,1.0,0.0,1.0,0.3333333333333333,0.0,0.0,0.0,0.0,0.0,0.0,0.0,0.0,0.4166666666666667,0.0,1.0,0.0,0.0,0.0,0.0,0.0,0.0,0.0,0.0,0.9166666666666666,0.0,0.0,0.0,0.0,0.0,0.0,0.0,0.0,0.0,0.0,0.0,0.0,0.0,0.0,0.0,0.0,0.0,0.0,0.0,0.0,0.0,0.0,0.0,0.0,0.0,0.0,0.0,0.0,0.0,0.0,0.0,0.0,0.0,0.0,0.0,0.0,0.0,0.0,0.0,0.0,0.0,0.0,0.0,0.0,0.0,0.0,0.0,0.0,0.0,0.0,0.0,0.0,0.0,1.0,0.0,0.0
0207,Dalbergia nigra (Vell.) Allemão ex Benth.,11,0.0,0.0,1.0,1.0,0.9090909090909091,0.0,0.45454545454545453,0.18181818181818182,0.0,0.36363636363636365,0.0,0.0,1.0,0.0,0.0,0.0,0.17369948218998205,0.34656948628250994,0.14612521549285637,0.0,0.03947325283267459,0.007653464260252495,0.0,0.03305354802252891,0.0,0.0,0.2534255509191956,0.0,0.0,0.0,0.0,0.0,0.0,0.0,0.0,0.0,0.0,0.0,-6.209016633418946,0.7703346578877519,0.21160388764752677,0.39718879105026184,0.7319705724695421,-5.062577710673913,0.8818535815142282,0.25243821230384356,0.27857465745950194,0.7466667655372142,-5.232073077087952,0.7818594365449225,-0.15035438108706392,0.2731950124782789,0.6443904879979477,0.0,0.0,0.0,0.0,0.0,-4.547531555367184,0.779678745356051,-0.07751472546840868,0.3283590927013368,0.681278238193139,-5.03474929153769,0.7846656192858129,0.1734407138828648,0.28382884012077,0.6805639923723357,0.0,0.0,0.0,0.0,0.0,-4.265391345424893,0.02400168735386545,-2.497394767423175,3.1336528402915764,0.17423485967535385,0.0,0.0,0.0,0.0,0.0,0.0,0.0,0.0,0.0,0.0,-6.011628747063086,0.8520482252338355,0.29076510652920917,0.3780716849831384,0.7785599102123949,0.0,0.0,0.0,0.0,0.0,0.0,0.0,0.0,0.0,0.0,0.0,0.0,0.0,0.0,0.0,0.5038156474024692,0.15218016646718363,0.23078226753116715,0.21852383811247494,0.08665605853585304,0.25100940279044903,0.04716572768976317,0.11680425300413448,0.11094926845117073,0.045218275051004786,0.2376476670070285,0.08502260422751287,0.15423705622510575,0.14579626417864583,0.05695167812232307,0.0,0.0,0.0,0.0,0.0,0.004426892853523157,0.001278280707870938,0.07212353022685603,0.032999913691795814,0.006375741771559429,0.0,0.0,0.0,0.0,0.0,0.0,0.0,0.0,0.0,0.0,0.0,0.0,0.0,0.0,0.0,0.0,0.0,0.0,0.0,0.0,0.0,0.0,0.0,0.0,0.0,0.4774916814557411,0.08346576634388679,0.11664701642104501,0.1383998529056531,0.03289323146783695,0.0,0.0,0.0,0.0,0.0,0.0,0.0,0.0,0.0,0.0,0.0,0.0,0.0,0.0,0.0,0.0,0.0,0.0,0.0,0.0,0.0,0.0,0.0,0.0,0.0,0.0,0.0,0.0,0.0,0.0,0.0,0.0,1.0,1.0,0.9090909090909091,0.0,0.45454545454545453,0.18181818181818182,0.0,0.36363636363636365,0.0,0.0,1.0,0.0,1.0,0.9090909090909091,0.0,0.45454545454545453,0.18181818181818182,0.0,0.36363636363636365,0.0,0.0,1.0,0.0,1.0,0.0,0.5,0.09090909090909091,0.0,0.2727272727272727,0.0,0.0,0.9090909090909091,0.0,0.0,0.0,0.0,0.0,0.0,0.0,0.0,0.0,0.0,1.0,0.16666666666666666,0.0,0.125,0.0,0.0,0.45454545454545453,0.0,1.0,0.0,0.5,0.0,0.0,0.18181818181818182,0.0,0.0,0.0,0.0,0.0,0.0,0.0,1.0,0.0,0.0,0.36363636363636365,0.0,0.0,0.0,0.0,0.0,0.0,0.0,0.0,1.0,0.0,0.0
0214,Daniellia thurifera Benn.,9,0.0,0.0,1.0,1.0,0.0,0.0,0.0,0.0,0.0,0.0,0.6666666666666666,0.2222222222222222,1.0,0.0,0.0,0.0,0.04178448445260527,0.3810661144796166,0.0,0.0,0.0,0.0,0.0,0.0,0.26999240430741317,0.010564701959568077,0.2965922948007969,0.0,0.0,0.0,0.0,0.0,0.0,0.0,0.0,0.0,0.0,0.0,-7.016963306640326,0.6298912696965662,-0.13323864342579572,0.5945586357931311,0.6075311538589634,-5.031619018885374,0.807037182623819,-0.27155742587578297,0.30228105411160927,0.7577166225542096,0.0,0.0,0.0,0.0,0.0,0.0,0.0,0.0,0.0,0.0,0.0,0.0,0.0,0.0,0.0,0.0,0.0,0.0,0.0,0.0,0.0,0.0,0.0,0.0,0.0,0.0,0.0,0.0,0.0,0.0,-3.0381467705499206,0.1047004130590941,2.112600461569088,2.395374448186154,0.4148147239449365,-5.177054691881322,0.9322652410811256,-0.2421262232260734,0.25066166521040817,0.7971653511210952,-6.442400353528102,0.9194971051541123,-0.2736659308104172,0.3318758970082868,0.7772699494535664,0.0,0.0,0.0,0.0,0.0,0.0,0.0,0.0,0.0,0.0,0.0,0.0,0.0,0.0,0.0,0.5367539890387216,0.18307397623152732,0.43841989863976943,0.2919664171858891,0.13747773187308282,0.39586195358832554,0.06424899197450973,0.14289882799252218,0.11608850757219678,0.04366298262376492,0.0,0.0,0.0,0.0,0.0,0.0,0.0,0.0,0.0,0.0,0.0,0.0,0.0,0.0,0.0,0.0,0.0,0.0,0.0,0.0,0.0,0.0,0.0,0.0,0.0,0.0,0.0,0.0,0.0,0.0,0.0,0.0,0.0,0.0,0.0,0.0,0.0,0.0,0.0,0.0,0.8326212383052304,0.02938401259777025,0.11939090755392805,0.11904459653086755,0.034447017043397254,0.0,0.0,0.0,0.0,0.0,0.0,0.0,0.0,0.0,0.0,0.0,0.0,0.0,0.0,0.0,0.0,0.0,0.0,0.0,0.0,0.0,0.0,0.0,0.0,0.0,0.0,0.0,0.0,0.0,0.0,0.0,0.0,1.0,1.0,0.0,0.0,0.0,0.0,0.0,0.0,0.6666666666666666,0.2222222222222222,1.0,0.0,1.0,0.0,0.0,0.0,0.0,0.0,0.0,0.6666666666666666,0.2222222222222222,1.0,0.0,0.0,0.0,0.0,0.0,0.0,0.0,0.0,0.0,0.0,0.0,0.0,0.0,0.0,0.0,0.0,0.0,0.0,0.0,0.0,0.0,0.0,0.0,0.0,0.0,0.0,0.0,0.0,0.0,0.0,0.0,0.0,0.0,0.0,0.0,0.0,0.0,0.0,0.0,0.0,0.0,0.0,0.0,0.0,0.0,0.0,1.0,0.3333333333333333,0.6666666666666666,0.0,1.0,0.2222222222222222,0.0,1.0,0.0,0.0
0236,Dipterocarpus C.F.Gaertn.,11,0.0,1.0,0.0,1.0,0.36363636363636365,0.0,0.09090909090909091,0.0,0.0,0.0,0.0,0.0,1.0,0.0,0.0,0.04057828976792095,0.0,0.39004688350797095,0.010862798330908587,0.0,0.011135690069947557,0.0,0.0,0.0,0.0,0.0,0.5473763383232519,0.0,0.0,0.0,0.0,0.0,0.0,-7.0328166022416445,0.7657405811069339,-0.1671630006290686,0.4648646007748962,0.6844116757062265,0.0,0.0,0.0,0.0,0.0,-5.599737130118324,0.8775914206677693,-0.14901462446092129,0.23263139088030804,0.7940757125237062,-5.797983356670229,0.7672009730037288,0.45196179324205255,0.4805176803097644,0.714527302325678,0.0,0.0,0.0,0.0,0.0,-4.712024898037862,0.7467894411045939,-0.5862008354856781,0.529630932126299,0.7783496961232337,0.0,0.0,0.0,0.0,0.0,0.0,0.0,0.0,0.0,0.0,0.0,0.0,0.0,0.0,0.0,0.0,0.0,0.0,0.0,0.0,0.0,0.0,0.0,0.0,0.0,-6.735984715085871,0.9195715022202747,-0.20313397465906116,0.3041887873945677,0.7738950957693252,0.0,0.0,0.0,0.0,0.0,0.0,0.0,0.0,0.0,0.0,0.5776988408913744,0.16710581743757627,0.2668722358220317,0.2429631184562019,0.11683618487936281,0.0,0.0,0.0,0.0,0.0,0.3022050516639463,0.04940149481139489,0.17284643783687081,0.12689784002864643,0.035342546161808944,0.07502811483897641,0.03234012458652982,0.0641048115472689,0.08734473304584989,0.03709011733338953,0.0,0.0,0.0,0.0,0.0,0.28126075518536703,0.09174746521139182,0.2859014476217778,0.2578666076164741,0.06240322075456334,0.0,0.0,0.0,0.0,0.0,0.0,0.0,0.0,0.0,0.0,0.0,0.0,0.0,0.0,0.0,0.0,0.0,0.0,0.0,0.0,0.0,0.0,0.0,0.0,0.0,0.8028313258016688,0.03750978094476732,0.17115369357251498,0.15479596606943516,0.03561219569593638,0.0,0.0,0.0,0.0,0.0,0.0,0.0,0.0,0.0,0.0,0.0,0.0,0.0,0.0,0.0,0.0,0.0,0.0,0.0,1.0,0.0,1.0,0.36363636363636365,0.0,0.09090909090909091,0.0,0.0,0.0,0.0,0.0,1.0,0.0,0.0,0.0,0.0,0.0,0.0,0.0,0.0,0.0,0.0,0.0,0.0,0.0,1.0,0.36363636363636365,0.0,0.09090909090909091,0.0,0.0,0.0,0.0,0.0,1.0,0.0,1.0,0.0,0.0,0.0,0.0,0.0,0.0,0.0,0.36363636363636365,0.0,0.0,0.0,0.0,0.0,0.0,0.0,0.0,0.0,0.0,1.0,0.0,0.0,0.0,0.0,0.0,0.09090909090909091,0.0,0.0,0.0,0.0,0.0,0.0,0.0,0.0,0.0,0.0,0.0,0.0,0.0,0.0,0.0,0.0,0.0,0.0,0.0,0.0,0.0,0.0,0.0,0.0,0.0,0.0,1.0,0.0,0.0
0238,Dipterocarpus kerrii King,12,0.0,1.0,0.0,1.0,0.0,0.0,0.0,0.0,0.0,0.0,0.0,0.0,1.0,0.0,0.0,0.041712895954717125,0.0,0.3832928320787964,0.0,0.0,0.0,0.0,0.0,0.0,0.0,0.0,0.5749942719664866,0.0,0.0,0.0,0.0,0.0,0.0,-6.679534423286126,0.7749291874918919,-0.19019027785526124,0.5094491907856593,0.6740275899040548,0.0,0.0,0.0,0.0,0.0,-5.275795452512178,0.8660414337492246,-0.2662640444430063,0.2935327305510515,0.78391095559902,0.0,0.0,0.0,0.0,0.0,0.0,0.0,0.0,0.0,0.0,0.0,0.0,0.0,0.0,0.0,0.0,0.0,0.0,0.0,0.0,0.0,0.0,0.0,0.0,0.0,0.0,0.0,0.0,0.0,0.0,0.0,0.0,0.0,0.0,0.0,0.0,0.0,0.0,0.0,0.0,-5.992415356444486,0.9071943861537443,-0.3020181972254364,0.3759675387546419,0.7739606070067734,0.0,0.0,0.0,0.0,0.0,0.0,0.0,0.0,0.0,0.0,0.5706679005475017,0.17053631785367176,0.26856035201590117,0.263336300674639,0.12493591736666025,0.0,0.0,0.0,0.0,0.0,0.21689097682960443,0.05728291977170638,0.14370545310832653,0.1338301357489788,0.03618564572498121,0.0,0.0,0.0,0.0,0.0,0.0,0.0,0.0,0.0,0.0,0.0,0.0,0.0,0.0,0.0,0.0,0.0,0.0,0.0,0.0,0.0,0.0,0.0,0.0,0.0,0.0,0.0,0.0,0.0,0.0,0.0,0.0,0.0,0.0,0.0,0.0,0.0,0.0,0.0,0.0,0.6605663112356588,0.03961028909192209,0.1581851544136839,0.15580720018760044,0.030544974626520352,0.0,0.0,0.0,0.0,0.0,0.0,0.0,0.0,0.0,0.0,0.0,0.0,0.0,0.0,0.0,0.0,0.0,0.0,0.0,1.0,0.0,1.0,0.0,0.0,0.0,0.0,0.0,0.0,0.0,0.0,1.0,0.0,0.0,0.0,0.0,0.0,0.0,0.0,0.0,0.0,0.0,0.0,0.0,0.0,1.0,0.0,0.0,0.0,0.0,0.0,0.0,0.0,0.0,1.0,0.0,0.0,0.0,0.0,0.0,0.0,0.0,0.0,0.0,0.0,0.0,0.0,0.0,0.0,0.0,0.0,0.0,0.0,0.0,0.0,0.0,0.0,0.0,0.0,0.0,0.0,0.0,0.0,0.0,0.0,0.0,0.0,0.0,0.0,0.0,0.0,0.0,0.0,0.0,0.0,0.0,0.0,0.0,0.0,0.0,0.0,0.0,0.0,0.0,0.0,0.0,0.0,0.0,1.0,0.0,0.0
0239,Dipteryx odorata (Aubl.) Forsyth f.,8,0.0,0.875,0.0,0.625,0.625,0.0,0.0,0.0,0.0,0.0,0.0,0.0,1.0,0.0,0.0,0.08874612261278893,0.0,0.06252898612244441,0.1102518082779805,0.0,0.0,0.0,0.0,0.0,0.0,0.0,0.7384730829867863,0.0,0.0,0.0,0.0,0.0,0.0,-6.6307774635029215,0.6488259411545612,-0.13693159320086654,0.26848724648691313,0.71359937594813,0.0,0.0,0.0,0.0,0.0,-5.715557851661341,0.6110481900399152,-0.1874107093305284,0.3012393540944938,0.6776091923593093,-5.726233455894598,0.5109783464037684,0.36999750471442494,0.4513684906013625,0.5360172071076797,0.0,0.0,0.0,0.0,0.0,0.0,0.0,0.0,0.0,0.0,0.0,0.0,0.0,0.0,0.0,0.0,0.0,0.0,0.0,0.0,0.0,0.0,0.0,0.0,0.0,0.0,0.0,0.0,0.0,0.0,0.0,0.0,0.0,0.0,0.0,-6.641459154372379,0.677529156454486,-0.26186746543718875,0.3307584733310568,0.7938348766984498,0.0,0.0,0.0,0.0,0.0,0.0,0.0,0.0,0.0,0.0,0.2161301732507577,0.05896251284940447,0.1438577234348509,0.0847906279895738,0.06649029881312359,0.0,0.0,0.0,0.0,0.0,0.2738744833753253,0.12292448374119833,0.1143798696392689,0.0886177418881151,0.08732124623497257,0.31166887109736535,0.15037635136074748,0.1340453407513426,0.06926100666452319,0.08625674271930821,0.0,0.0,0.0,0.0,0.0,0.0,0.0,0.0,0.0,0.0,0.0,0.0,0.0,0.0,0.0,0.0,0.0,0.0,0.0,0.0,0.0,0.0,0.0,0.0,0.0,0.0,0.0,0.0,0.0,0.0,0.0,0.0,0.0,0.0,0.0,0.4058259838614017,0.07209153845937236,0.19389268068450305,0.21645020772324436,0.06952223026919196,0.0,0.0,0.0,0.0,0.0,0.0,0.0,0.0,0.0,0.0,0.0,0.0,0.0,0.0,0.0,0.0,0.0,0.0,0.0,1.0,0.0,0.7142857142857143,0.5,0.0,0.0,0.0,0.0,0.0,0.0,0.0,0.875,0.0,0.0,0.0,0.0,0.0,0.0,0.0,0.0,0.0,0.0,0.0,0.0,0.0,1.0,0.42857142857142855,0.0,0.0,0.0,0.0,0.0,0.0,0.0,0.625,0.0,1.0,0.0,0.0,0.0,0.0,0.0,0.0,0.0,0.625,0.0,0.0,0.0,0.0,0.0,0.0,0.0,0.0,0.0,0.0,0.0,0.0,0.0,0.0,0.0,0.0,0.0,0.0,0.0,0.0,0.0,0.0,0.0,0.0,0.0,0.0,0.0,0.0,0.0,0.0,0.0,0.0,0.0,0.0,0.0,0.0,0.0,0.0,0.0,0.0,0.0,0.0,0.0,1.0,0.0,0.0
0243,Dracontomelon dao (Blanco) Merr. & Rolfe,11,0.0,0.7272727272727273,0.09090909090909091,1.0,0.6363636363636364,0.0,0.0,0.0,0.0,0.0,0.0,0.0,1.0,0.0,0.0,0.041914789117003415,0.0009278904504217779,0.4704055015830011,0.063429005703367,0.0,0.0,0.0,0.0,0.0,0.0,0.0,0.4233228131462069,0.0,0.0,0.0,0.0,0.0,0.0,-5.694300272876057,0.6807867987383539,-0.0829488138854724,0.3963695507964293,0.7611181565511393,-6.564323191425864,0.7869918771812674,-0.1442496088445468,0.05802768715100682,0.8162635100360268,-4.914710543838203,0.6580693439582369,-0.1433308985429711,0.27574714626284297,0.7396779428233716,-5.255247462917491,0.4766323977060561,0.09170690670728357,0.25131772177416545,0.5337726208696372,0.0,0.0,0.0,0.0,0.0,0.0,0.0,0.0,0.0,0.0,0.0,0.0,0.0,0.0,0.0,0.0,0.0,0.0,0.0,0.0,0.0,0.0,0.0,0.0,0.0,0.0,0.0,0.0,0.0,0.0,0.0,0.0,0.0,0.0,0.0,-5.506720766075886,0.6449437697363436,-0.2693588912480014,0.2994610416177151,0.764427848730833,0.0,0.0,0.0,0.0,0.0,0.0,0.0,0.0,0.0,0.0,0.28579103438292425,0.04799216060746797,0.14414889583267992,0.0895962548680516,0.0173468360561235,0.0,0.0,0.0,0.0,0.0,0.46729032637287377,0.1269044039345222,0.18918921732819352,0.20416256624723497,0.09839866399297797,0.2839367995899542,0.1566419085158297,0.10534038944481705,0.09059775874176257,0.11173676120975673,0.0,0.0,0.0,0.0,0.0,0.0,0.0,0.0,0.0,0.0,0.0,0.0,0.0,0.0,0.0,0.0,0.0,0.0,0.0,0.0,0.0,0.0,0.0,0.0,0.0,0.0,0.0,0.0,0.0,0.0,0.0,0.0,0.0,0.0,0.0,0.5044204355402514,0.09484975188026543,0.1886339396096669,0.23521845415274054,0.06910173859883678,0.0,0.0,0.0,0.0,0.0,0.0,0.0,0.0,0.0,0.0,0.0,0.0,0.0,0.0,0.0,0.0,0.0,0.0,0.0,1.0,0.125,0.7272727272727273,0.5,0.0,0.0,0.0,0.0,0.0,0.0,0.0,0.7272727272727273,0.0,1.0,0.09090909090909091,0.14285714285714285,0.0,0.0,0.0,0.0,0.0,0.0,0.0,0.09090909090909091,0.0,1.0,0.6363636363636364,0.0,0.0,0.0,0.0,0.0,0.0,0.0,1.0,0.0,1.0,0.0,0.0,0.0,0.0,0.0,0.0,0.0,0.6363636363636364,0.0,0.0,0.0,0.0,0.0,0.0,0.0,0.0,0.0,0.0,0.0,0.0,0.0,0.0,0.0,0.0,0.0,0.0,0.0,0.0,0.0,0.0,0.0,0.0,0.0,0.0,0.0,0.0,0.0,0.0,0.0,0.0,0.0,0.0,0.0,0.0,0.0,0.0,0.0,0.0,0.0,0.0,0.0,1.0,0.0,0.0
0244,Dryobalanops C.F.Gaertn.,12,0.0,1.0,0.0,0.0,1.0,0.0,1.0,0.0,0.0,0.0,0.0,0.0,1.0,1.0,0.0,0.09766055540208554,0.0,0.0,0.14876055621060294,0.0,0.13889724940119375,0.0,0.0,0.0,0.0,0.0,0.44847306747542526,0.16620857151069243,0.0,0.0,0.0,0.0,0.0,-6.242019175524323,0.8743984548863164,-0.2854934363514815,0.40878767306044234,0.7547133755385674,0.0,0.0,0.0,0.0,0.0,0.0,0.0,0.0,0.0,0.0,-5.385214500509629,0.6866869014777836,0.3449803534272282,0.37354787526550043,0.6120558728170783,0.0,0.0,0.0,0.0,0.0,-4.691856223328952,0.6928974094851627,0.1089305727528196,0.4010280112101852,0.6893526074161374,0.0,0.0,0.0,0.0,0.0,0.0,0.0,0.0,0.0,0.0,0.0,0.0,0.0,0.0,0.0,0.0,0.0,0.0,0.0,0.0,0.0,0.0,0.0,0.0,0.0,-6.151335133133458,0.9141286432693603,-0.33414439150904957,0.3874929688014881,0.7783301494863241,-4.244677741297157,0.042253215487779744,-3.231674140910531,3.4909764824542413,0.38187638371852817,0.0,0.0,0.0,0.0,0.0,0.3814525298732756,0.08693625608175692,0.2120294297816978,0.15459852736682703,0.06223241245747068,0.0,0.0,0.0,0.0,0.0,0.0,0.0,0.0,0.0,0.0,0.25122836960895684,0.1006199911636243,0.17513780348997773,0.16803937112467382,0.06536381143017769,0.0,0.0,0.0,0.0,0.0,0.23381162656237475,0.1153503291879006,0.277081415237298,0.1469782605378172,0.06094600446893574,0.0,0.0,0.0,0.0,0.0,0.0,0.0,0.0,0.0,0.0,0.0,0.0,0.0,0.0,0.0,0.0,0.0,0.0,0.0,0.0,0.0,0.0,0.0,0.0,0.0,0.45050830280725834,0.036168351244021756,0.1434480751934456,0.1463420505452446,0.026958497456894007,0.08602264978101781,0.0036943533045850976,0.12932664467550092,0.1255004013732808,0.048338221726896204,0.0,0.0,0.0,0.0,0.0,0.0,0.0,0.0,0.0,0.0,0.0,0.0,0.0,0.0,1.0,0.0,0.0,1.0,0.0,1.0,0.0,0.0,0.0,0.0,0.0,1.0,1.0,0.0,0.0,0.0,0.0,0.0,0.0,0.0,0.0,0.0,0.0,0.0,0.0,0.0,0.0,0.0,0.0,0.0,0.0,0.0,0.0,0.0,0.0,0.0,1.0,0.0,1.0,0.0,0.0,0.0,0.0,0.0,1.0,1.0,0.0,0.0,0.0,0.0,0.0,0.0,0.0,0.0,0.0,1.0,0.0,0.0,0.0,0.0,0.0,1.0,1.0,0.0,0.0,0.0,0.0,0.0,0.0,0.0,0.0,0.0,0.0,0.0,0.0,0.0,0.0,0.0,0.0,0.0,0.0,0.0,0.0,0.0,0.0,0.0,0.0,0.0,1.0,1.0,1.0
0245,Dryobalanops aromatica C.F.Gaertn.,12,0.0,1.0,0.0,0.0,1.0,0.0,1.0,0.9166666666666666,0.0,0.0,0.0,0.0,1.0,0.0,0.0,0.26499864611482343,0.0,0.0,0.12290476923835815,0.0,0.15240408981825693,0.010327899704143184,0.0,0.0,0.0,0.0,0.44936459512441834,0.0,0.0,0.0,0.0,0.0,0.0,-6.285251090227757,0.8582451616410413,-0.32900825994433575,0.40282663507439675,0.7654192222410449,0.0,0.0,0.0,0.0,0.0,0.0,0.0,0.0,0.0,0.0,-5.692158093610407,0.7789561898249877,0.16090614568029915,0.26130728682705545,0.6471468656773226,0.0,0.0,0.0,0.0,0.0,-4.908810897953119,0.6968800262308864,0.20367109488271506,0.41596686384187515,0.6610889962312648,-5.87952291249699,0.9132068390204577,-0.3549361507527255,0.3948111196383895,0.8047863496787347,0.0,0.0,0.0,0.0,0.0,0.0,0.0,0.0,0.0,0.0,0.0,0.0,0.0,0.0,0.0,0.0,0.0,0.0,0.0,0.0,-6.25253726894725,0.9044165980932194,-0.3628573418849787,0.42115698780900424,0.7910342231503776,0.0,0.0,0.0,0.0,0.0,0.0,0.0,0.0,0.0,0.0,0.3792685405002896,0.14171239262948193,0.1689732899789321,0.16676294157221672,0.08898115755796758,0.0,0.0,0.0,0.0,0.0,0.0,0.0,0.0,0.0,0.0,0.20744480397792628,0.10395552063343601,0.17192488289716523,0.1730169650536695,0.06565795995282522,0.0,0.0,0.0,0.0,0.0,0.28266201088050996,0.1141565367934811,0.2187606141136156,0.18656011641112916,0.08719049772961059,0.08081900616235083,0.009069793589426287,0.04427137643482479,0.04816514727764151,0.008844466486035811,0.0,0.0,0.0,0.0,0.0,0.0,0.0,0.0,0.0,0.0,0.0,0.0,0.0,0.0,0.0,0.0,0.0,0.0,0.0,0.0,0.30518794253921094,0.04517086642367941,0.1466513166413751,0.1613258143626766,0.03356302748191053,0.0,0.0,0.0,0.0,0.0,0.0,0.0,0.0,0.0,0.0,0.0,0.0,0.0,0.0,0.0,0.0,0.0,0.0,0.0,1.0,0.0,0.0,1.0,0.0,1.0,0.9166666666666666,0.0,0.0,0.0,0.0,1.0,0.0,0.0,0.0,0.0,0.0,0.0,0.0,0.0,0.0,0.0,0.0,0.0,0.0,0.0,0.0,0.0,0.0,0.0,0.0,0.0,0.0,0.0,0.0,0.0,1.0,0.0,1.0,0.9166666666666666,0.0,0.0,0.0,0.0,1.0,0.0,0.0,0.0,0.0,0.0,0.0,0.0,0.0,0.0,0.0,1.0,0.9166666666666666,0.0,0.0,0.0,0.0,1.0,0.0,1.0,0.0,0.0,0.0,0.0,0.9166666666666666,0.0,0.0,0.0,0.0,0.0,0.0,0.0,0.0,0.0,0.0,0.0,0.0,0.0,0.0,0.0,0.0,0.0,0.0,0.0,1.0,0.0,0.0
0256,Entandrophragma angolense (Welw.) Panshin,10,0.0,0.0,0.7,1.0,0.8,0.0,0.4,0.0,0.0,0.0,0.6,0.0,1.0,1.0,0.0,0.0,0.005484632433116304,0.149639709367199,0.04930288115977544,0.0,0.01675241293069779,0.0,0.0,0.0,0.07578921548055506,0.0,0.23814795242360015,0.4648831962050562,0.0,0.0,0.0,0.0,0.0,0.0,0.0,0.0,0.0,0.0,-6.969030887496962,0.8509463507019566,-0.1930140030551441,0.4168432104532573,0.7492241824910488,-5.74799009166896,0.8575969083715819,-0.11903579364107016,0.23326712830538301,0.7810299065856523,-5.48654715215098,0.6323656688198196,0.6271647324718126,0.6339491949365605,0.6493072371611895,0.0,0.0,0.0,0.0,0.0,-4.977013950385404,0.5572641004607235,0.6816559284620476,0.6736626341266729,0.6688879613573901,0.0,0.0,0.0,0.0,0.0,0.0,0.0,0.0,0.0,0.0,0.0,0.0,0.0,0.0,0.0,-3.5760875149943714,0.04487489689578058,2.1107161194256867,2.7590186748122227,0.24438833580619554,0.0,0.0,0.0,0.0,0.0,-6.53732307979305,0.9390131283731286,-0.1423373875522079,0.24410842939836536,0.7740892517643715,-3.733210728008532,0.06825176443707455,-2.998384268370651,3.1525238366355093,0.4949529517652107,0.0,0.0,0.0,0.0,0.0,0.0,0.0,0.0,0.0,0.0,0.1757426468865142,0.056135917680010784,0.09835508549371862,0.07630727526333762,0.027699547200709582,0.2472924645041072,0.06916257752481811,0.12690955578905896,0.11608332577034278,0.03828832332412217,0.19722126607279347,0.08534069621275733,0.15705416782376586,0.1946714853849031,0.03361864390300911,0.0,0.0,0.0,0.0,0.0,0.0058476626749836,0.0324730720893432,0.009498538497932876,0.0032212770120897544,0.0197243040063506,0.0,0.0,0.0,0.0,0.0,0.0,0.0,0.0,0.0,0.0,0.0,0.0,0.0,0.0,0.0,0.0,0.0,0.0,0.0,0.0,0.0,0.0,0.0,0.0,0.0,0.38783549279165924,0.022338000409946168,0.12689103584298894,0.10981606129679815,0.02965787465945722,0.10344827141913795,0.006747120845045517,0.0818048563205056,0.09263701388660725,0.04767554973293554,0.0,0.0,0.0,0.0,0.0,0.0,0.0,0.0,0.0,0.0,0.0,0.0,0.0,0.0,0.0,0.0,0.0,0.0,0.0,0.0,0.0,0.0,0.0,0.0,0.0,0.0,0.0,1.0,0.7,0.5,0.0,0.375,0.0,0.0,0.0,0.625,0.0,0.7,0.7,1.0,0.8,0.0,0.4,0.0,0.0,0.0,0.6,0.0,1.0,1.0,1.0,0.0,0.5,0.0,0.0,0.0,0.5555555555555556,0.0,0.8,0.8,0.0,0.0,0.0,0.0,0.0,0.0,0.0,0.0,0.0,1.0,0.0,0.0,0.0,0.25,0.0,0.4,0.4,0.0,0.0,0.0,0.0,0.0,0.0,0.0,0.0,0.0,0.0,0.0,0.0,0.0,0.0,0.0,0.0,0.0,0.0,1.0,0.0,0.6,0.6,0.0,0.0,0.0,1.0,1.0,1.0
0257,Entandrophragma candollei Harms,12,0.0,0.0,0.75,0.9166666666666666,0.0,0.25,0.0,0.0,1.0,0.0,0.0,0.0,1.0,0.0,0.0,0.0,0.013296417793807882,0.11514575131475543,0.0,0.009366654560251996,0.0,0.0,0.7402549857769007,0.0,0.0,0.0,0.12193619055428402,0.0,0.0,0.0,0.0,0.0,0.0,0.0,0.0,0.0,0.0,0.0,-6.847262774718974,0.6342406935634519,-0.24261749507900746,0.4632466394006628,0.6197541443867838,-5.432526807819168,0.6633369503423302,-0.10878389330200232,0.2081199949328213,0.7099342244924195,0.0,0.0,0.0,0.0,0.0,-4.47284539352473,0.12172782730269643,1.6017864028734408,1.8012255917158886,0.36701078395516956,0.0,0.0,0.0,0.0,0.0,0.0,0.0,0.0,0.0,0.0,-3.3970725545684317,0.06585476109798565,2.0637271079579063,2.3902064622627877,0.34613489485528737,0.0,0.0,0.0,0.0,0.0,0.0,0.0,0.0,0.0,0.0,0.0,0.0,0.0,0.0,0.0,-6.23118884074288,0.9495448934581759,-0.13774870527970798,0.22120684073605432,0.793029793480221,0.0,0.0,0.0,0.0,0.0,0.0,0.0,0.0,0.0,0.0,0.0,0.0,0.0,0.0,0.0,0.3599154051360671,0.13011235512754438,0.20470657568310127,0.21724133556886407,0.10259834287213616,0.21134613297255364,0.07971192327164459,0.13233102428909865,0.10811307276948608,0.044922913078349856,0.0,0.0,0.0,0.0,0.0,0.0,0.0,0.0,0.0,0.0,0.0,0.0,0.0,0.0,0.0,0.0,0.0,0.0,0.0,0.0,0.41039843186975905,0.01633622120767585,0.2647563348044428,0.23004739664561005,0.08884182313248144,0.0,0.0,0.0,0.0,0.0,0.0,0.0,0.0,0.0,0.0,0.0,0.0,0.0,0.0,0.0,0.28485866671469956,0.019755802372730214,0.12751248433323673,0.11208638038404388,0.023637353780456023,0.0,0.0,0.0,0.0,0.0,0.0,0.0,0.0,0.0,0.0,0.0,0.0,0.0,0.0,0.0,0.0,0.0,0.0,0.0,0.0,0.0,0.0,0.0,0.0,0.0,0.0,0.0,0.0,0.0,0.0,0.0,0.0,1.0,0.6666666666666666,0.0,0.3333333333333333,0.0,0.0,0.75,0.0,0.0,0.0,0.75,0.0,1.0,0.0,0.2727272727272727,0.0,0.0,0.9166666666666666,0.0,0.0,0.0,0.9166666666666666,0.0,0.0,0.0,0.0,0.0,0.0,0.0,0.0,0.0,0.0,0.0,1.0,0.0,0.0,0.25,0.0,0.0,0.0,0.25,0.0,0.0,0.0,0.0,0.0,0.0,0.0,0.0,0.0,0.0,0.0,0.0,0.0,0.0,0.0,0.0,1.0,0.0,0.0,0.0,1.0,0.0,0.0,0.0,0.0,0.0,0.0,0.0,0.0,0.0,0.0,0.0,0.0,0.0,1.0,0.0,0.0
0258,Entandrophragma cylindricum (Sprague) Sprague,12,0.0,0.0,1.0,1.0,0.0,0.0,0.9166666666666666,0.0,0.0,0.0,0.75,0.0,1.0,0.25,0.0,0.0,0.05206696028515542,0.5835199323019947,0.0,0.0,0.07146593873743722,0.0,0.0,0.0,0.07177583588950201,0.0,0.20737991885456092,0.013791413931349748,0.0,0.0,0.0,0.0,0.0,0.0,0.0,0.0,0.0,0.0,-6.908710219090833,0.8242081880741018,-0.16772778286222734,0.3811930351864891,0.7363762886183096,-5.611156541925826,0.8313262629432628,-0.3222149268866324,0.371348295760577,0.7790427023828235,0.0,0.0,0.0,0.0,0.0,0.0,0.0,0.0,0.0,0.0,-4.870954699163331,0.7643140402078278,-0.041727178614558706,0.3336614675458136,0.7073519508052878,0.0,0.0,0.0,0.0,0.0,0.0,0.0,0.0,0.0,0.0,0.0,0.0,0.0,0.0,0.0,-3.59426532687184,0.0460300310064283,2.351771562407877,2.795398241330468,0.3017129965717684,0.0,0.0,0.0,0.0,0.0,-6.436598143095342,0.9341257627434651,-0.2246861318897233,0.30028487886659677,0.7837266511566293,-4.1448084851906195,0.04337859888369693,-2.9129527823973462,3.3217901012923488,0.29749473895661316,0.0,0.0,0.0,0.0,0.0,0.0,0.0,0.0,0.0,0.0,0.36908883369540896,0.1156497873333558,0.26497448117806405,0.2144782817074752,0.0797437474312936,0.3551710954103185,0.07528465537902382,0.20255384053832048,0.18815492070691095,0.04169634843140944,0.0,0.0,0.0,0.0,0.0,0.0,0.0,0.0,0.0,0.0,0.2121998031240439,0.049488578056403026,0.18147899668705691,0.1255546026776935,0.028607512497477616,0.0,0.0,0.0,0.0,0.0,0.0,0.0,0.0,0.0,0.0,0.0,0.0,0.0,0.0,0.0,0.0,0.0,0.0,0.0,0.0,0.0,0.0,0.0,0.0,0.0,0.30362751359786444,0.029229548289854357,0.14701415375983265,0.1448878777138656,0.024984618733801086,0.0,0.0,0.0,0.0,0.0,0.0,0.0,0.0,0.0,0.0,0.0,0.0,0.0,0.0,0.0,0.0,0.0,0.0,0.0,0.0,0.0,0.0,0.0,0.0,0.0,0.0,0.0,0.0,0.0,0.0,0.0,0.0,1.0,1.0,0.0,0.0,0.9166666666666666,0.0,0.0,0.0,0.75,0.0,1.0,0.25,1.0,0.0,0.0,0.9166666666666666,0.0,0.0,0.0,0.75,0.0,1.0,0.25,0.0,0.0,0.0,0.0,0.0,0.0,0.0,0.0,0.0,0.0,0.0,0.0,0.0,0.0,0.0,0.0,0.0,0.0,0.0,1.0,0.0,0.0,0.0,0.6666666666666666,0.0,0.9166666666666666,0.2727272727272727,0.0,0.0,0.0,0.0,0.0,0.0,0.0,0.0,0.0,0.0,0.0,0.0,0.0,0.0,0.0,0.0,0.0,0.0,1.0,0.0,0.75,0.2,0.0,0.0,0.0,1.0,0.25,1.0
0259,Entandrophragma utile (Dawe & Sprague) Sprague,6,0.0,0.0,1.0,0.5,0.0,1.0,0.0,0.0,0.0,0.0,0.8333333333333334,0.0,1.0,0.0,0.0,0.0,0.11206208650567634,0.06340688881014417,0.0,0.13337730592638486,0.0,0.0,0.0,0.0,0.11599468733828175,0.0,0.5751590314195129,0.0,0.0,0.0,0.0,0.0,0.0,0.0,0.0,0.0,0.0,0.0,-6.487009995772524,0.799394136754152,-0.3382146467582063,0.46580399042708853,0.7121409141441518,-5.536012537637657,0.8581905782776723,-0.3026948938623783,0.40405976424490014,0.760772504754674,0.0,0.0,0.0,0.0,0.0,-4.789743442969677,0.27591260452942556,1.0441480316751663,1.1886344511570182,0.38926119707633505,0.0,0.0,0.0,0.0,0.0,0.0,0.0,0.0,0.0,0.0,0.0,0.0,0.0,0.0,0.0,0.0,0.0,0.0,0.0,0.0,-4.431494521578828,0.02464207964362867,2.628680013093325,3.1170782193230577,0.19480443434211597,0.0,0.0,0.0,0.0,0.0,-5.976465040408946,0.918829182807531,-0.34522646912394855,0.39335205698803644,0.7854854800058751,0.0,0.0,0.0,0.0,0.0,0.0,0.0,0.0,0.0,0.0,0.0,0.0,0.0,0.0,0.0,0.504586534057983,0.13766531009577704,0.20020057316560136,0.2044770636784519,0.09303589108754301,0.18352103170713005,0.033049508304392065,0.07899843124606915,0.07036259568610577,0.020239033165589213,0.0,0.0,0.0,0.0,0.0,0.10845371929348895,0.027561337428789884,0.0980121349207738,0.08835820881087035,0.016694826215679217,0.0,0.0,0.0,0.0,0.0,0.0,0.0,0.0,0.0,0.0,0.0,0.0,0.0,0.0,0.0,0.0,0.0,0.0,0.0,0.0,0.01513412282257578,0.0005557720789193945,0.014573579307100504,0.0010313981979555465,0.007005940009780521,0.0,0.0,0.0,0.0,0.0,0.2423993240188903,0.048984609170952716,0.13703968148714177,0.15514661855007525,0.02171115637283702,0.0,0.0,0.0,0.0,0.0,0.0,0.0,0.0,0.0,0.0,0.0,0.0,0.0,0.0,0.0,0.0,0.0,0.0,0.0,0.0,0.0,0.0,0.0,0.0,0.0,0.0,0.0,0.0,0.0,0.0,0.0,0.0,1.0,0.5,0.0,1.0,0.0,0.0,0.0,0.0,0.8333333333333334,0.0,1.0,0.0,1.0,0.0,0.5,0.0,0.0,0.0,0.0,0.3333333333333333,0.0,0.5,0.0,0.0,0.0,0.0,0.0,0.0,0.0,0.0,0.0,0.0,0.0,1.0,0.0,0.0,0.0,0.0,0.8333333333333334,0.0,1.0,0.0,0.0,0.0,0.0,0.0,0.0,0.0,0.0,0.0,0.0,0.0,0.0,0.0,0.0,0.0,0.0,0.0,0.0,0.0,0.0,0.0,0.0,0.0,0.0,0.0,0.0,0.0,1.0,0.0,0.8333333333333334,0.0,0.0,0.0,0.0,1.0,0.0,0.0
0269,Erythrophleum ivorense A. Chev,14,0.0,0.0,1.0,0.9285714285714286,0.9285714285714286,0.5,1.0,0.8571428571428571,0.0,0.0,0.0,0.0,1.0,0.0,0.0,0.0,0.03479551321947689,0.05348087062965465,0.11196137125614385,0.02961723128803163,0.5675121707133585,0.054636347152735396,0.0,0.0,0.0,0.0,0.14799649574059906,0.0,0.0,0.0,0.0,0.0,0.0,0.0,0.0,0.0,0.0,0.0,-6.202754206864301,0.6637650987005335,-0.20856702857541842,0.5816691948512186,0.6408910449218371,-4.003482878665963,0.8514690150805957,-0.14916594108655665,0.25146834699887577,0.7153055299368827,-3.953292741805145,0.8034985572714022,0.16489444337684878,0.27427420993958024,0.6623294501362551,-4.275466361225106,0.4940419071412473,0.9016607162528157,0.9739545585837387,0.5721015931062687,-3.0893525624705807,0.522364487946846,0.3323257387455878,0.5754359345744895,0.5605186413716845,-4.2110154794057895,0.8378935284787281,0.0012765496419046007,0.23869766612658624,0.6778079266957769,0.0,0.0,0.0,0.0,0.0,0.0,0.0,0.0,0.0,0.0,0.0,0.0,0.0,0.0,0.0,0.0,0.0,0.0,0.0,0.0,-5.448778619083531,0.9084406988835211,-0.393493666033296,0.43981218908246245,0.7842755992459238,0.0,0.0,0.0,0.0,0.0,0.0,0.0,0.0,0.0,0.0,0.0,0.0,0.0,0.0,0.0,0.5224682946447955,0.1687720339934535,0.4091285177266976,0.2678499385080661,0.11437735156063593,0.08335536792745127,0.015982395559689434,0.05122747463190051,0.04830231632279742,0.010653001441017412,0.19673313962559746,0.04343044330504342,0.11328433711485389,0.09442010751689377,0.025807832989819014,0.24232259956170626,0.0673221957493563,0.15461330621582542,0.18747628668694288,0.03153416075992407,0.33160629141938264,0.13458295771828754,0.28327364064533694,0.25005632520856,0.07907787475878754,0.07188751162759253,0.01977347885386639,0.07822973816670141,0.051496536183459736,0.01327770462484249,0.0,0.0,0.0,0.0,0.0,0.0,0.0,0.0,0.0,0.0,0.0,0.0,0.0,0.0,0.0,0.0,0.0,0.0,0.0,0.0,0.3373288566987944,0.0318148050373321,0.11720258016558702,0.12760847110784226,0.021552501499898256,0.0,0.0,0.0,0.0,0.0,0.0,0.0,0.0,0.0,0.0,0.0,0.0,0.0,0.0,0.0,0.0,0.0,0.0,0.0,0.0,0.0,0.0,0.0,0.0,0.0,0.0,0.0,0.0,0.0,0.0,0.0,0.0,1.0,0.9285714285714286,0.9285714285714286,0.5,1.0,0.8571428571428571,0.0,0.0,0.0,0.0,1.0,0.0,1.0,0.8571428571428571,0.5384615384615384,0.9285714285714286,0.9230769230769231,0.0,0.0,0.0,0.0,0.9285714285714286,0.0,1.0,0.42857142857142855,0.9285714285714286,0.7857142857142857,0.0,0.0,0.0,0.0,0.9285714285714286,0.0,1.0,0.5,0.46153846153846156,0.0,0.0,0.0,0.0,0.5,0.0,1.0,0.8571428571428571,0.0,0.0,0.0,0.0,1.0,0.0,1.0,0.0,0.0,0.0,0.0,0.8571428571428571,0.0,0.0,0.0,0.0,0.0,0.0,0.0,0.0,0.0,0.0,0.0,0.0,0.0,0.0,0.0,0.0,0.0,0.0,0.0,1.0,0.0,0.0
0270,Erythrophleum suaveolens (Guill. & Perr.) Brenan,12,0.0,0.0,0.9166666666666666,0.16666666666666666,1.0,0.6666666666666666,1.0,0.5,0.0,0.0,0.0,0.0,1.0,0.0,0.0,0.0,0.014619945051702115,0.0049150808814305315,0.20258070036088574,0.03502345148328109,0.5411322147427531,0.017063828355917868,0.0,0.0,0.0,0.0,0.1846647791240295,0.0,0.0,0.0,0.0,0.0,0.0,0.0,0.0,0.0,0.0,0.0,-6.37748289135628,0.7424611197304418,-0.05637203674354248,0.4005372777097632,0.6841794944295376,-4.372440914111461,0.8589216808203874,0.09964219873316041,0.10141111660868693,0.697011668989455,-4.192596684480949,0.7271191469492551,0.4686258563187266,0.47896952474657467,0.6445390524500871,-4.123191947257489,0.5342848861471188,0.8486886370303788,0.9271459922116617,0.5734067030715426,-3.351020331089881,0.39643207000797737,0.5994770296589719,0.7705868766836675,0.5121294588729689,-4.54346142188241,0.8360875835315187,-0.019256743465786992,0.16427894165210435,0.7018831691458938,0.0,0.0,0.0,0.0,0.0,0.0,0.0,0.0,0.0,0.0,0.0,0.0,0.0,0.0,0.0,0.0,0.0,0.0,0.0,0.0,-5.6041979859587485,0.9333753313566544,-0.22906158283307956,0.29781575564343304,0.7710098502353889,0.0,0.0,0.0,0.0,0.0,0.0,0.0,0.0,0.0,0.0,0.0,0.0,0.0,0.0,0.0,0.4745764077271652,0.13029789022467766,0.21699096640023566,0.16058665329546598,0.0924312920363029,0.0,0.0,0.0,0.0,0.0,0.19465127384444156,0.048459290889819574,0.13664729190579603,0.14034416337679506,0.03338150254141157,0.029392869505145386,0.02059579856428038,0.050733373844697845,0.06491103366164416,0.0036769647944869116,0.3944349907516445,0.142665454489688,0.4507301438184564,0.3938831411653507,0.09950084991249726,0.0493792563707649,0.002718083708135468,0.029303703778695993,0.014309432435827088,0.006392811503638879,0.0,0.0,0.0,0.0,0.0,0.0,0.0,0.0,0.0,0.0,0.0,0.0,0.0,0.0,0.0,0.0,0.0,0.0,0.0,0.0,0.42297019083662496,0.03179006743304287,0.13801732070849068,0.1262125405869525,0.025020184348466704,0.0,0.0,0.0,0.0,0.0,0.0,0.0,0.0,0.0,0.0,0.0,0.0,0.0,0.0,0.0,0.0,0.0,0.0,0.0,0.0,0.0,0.0,0.0,0.0,0.0,0.0,0.0,0.0,0.0,0.0,0.0,0.0,1.0,0.08333333333333333,0.9166666666666666,0.7272727272727273,0.9166666666666666,0.5454545454545454,0.0,0.0,0.0,0.0,0.9166666666666666,0.0,1.0,0.16666666666666666,0.1111111111111111,0.16666666666666666,0.14285714285714285,0.0,0.0,0.0,0.0,0.16666666666666666,0.0,1.0,0.6666666666666666,1.0,0.5,0.0,0.0,0.0,0.0,1.0,0.0,1.0,0.6666666666666666,0.5555555555555556,0.0,0.0,0.0,0.0,0.6666666666666666,0.0,1.0,0.5,0.0,0.0,0.0,0.0,1.0,0.0,1.0,0.0,0.0,0.0,0.0,0.5,0.0,0.0,0.0,0.0,0.0,0.0,0.0,0.0,0.0,0.0,0.0,0.0,0.0,0.0,0.0,0.0,0.0,0.0,0.0,1.0,0.0,0.0
0293,Fraxinus americana L.,10,0.0,1.0,0.0,1.0,0.0,0.4,1.0,0.0,0.0,0.0,0.0,0.0,1.0,0.0,0.0,0.11836700950469999,0.0,0.18294278849928208,0.0,0.0047045598861789415,0.12191807855649918,0.0,0.0,0.0,0.0,0.0,0.5720675635533399,0.0,0.0,0.0,0.0,0.0,0.0,-7.091505440566235,0.7094103146573586,-0.3287525502648209,0.5548595441566779,0.664332848745703,0.0,0.0,0.0,0.0,0.0,-7.056066961226252,0.9085212960503345,-0.2134785495840578,0.34075833047487325,0.7917750115216519,0.0,0.0,0.0,0.0,0.0,-6.422098705042943,0.5470692214765994,0.8670883033222007,0.9856935045837873,0.5767927544420142,-6.20198091443365,0.569835601051461,0.6794660102182419,0.9344271302758264,0.6191127503021763,0.0,0.0,0.0,0.0,0.0,0.0,0.0,0.0,0.0,0.0,0.0,0.0,0.0,0.0,0.0,0.0,0.0,0.0,0.0,0.0,0.0,0.0,0.0,0.0,0.0,-7.092986697414291,0.8864465556308607,-0.3753079938082228,0.4540989706482751,0.7820576487265276,0.0,0.0,0.0,0.0,0.0,0.0,0.0,0.0,0.0,0.0,0.6024841199022872,0.16872095923406077,0.3287077158017442,0.2602460149157647,0.10776822912711977,0.0,0.0,0.0,0.0,0.0,0.3129539455603546,0.03653504846669926,0.2349258002895187,0.1744742260355753,0.039237157586659875,0.0,0.0,0.0,0.0,0.0,0.0,0.0,0.0,0.0,0.0,0.34001313470714195,0.1622580000229378,0.4231922947001882,0.31685003360009556,0.10325473125280298,0.0,0.0,0.0,0.0,0.0,0.0,0.0,0.0,0.0,0.0,0.0,0.0,0.0,0.0,0.0,0.0,0.0,0.0,0.0,0.0,0.0,0.0,0.0,0.0,0.0,1.0332323046911218,0.04944390206055874,0.18194516663295676,0.19776383441398546,0.036429199190281474,0.0,0.0,0.0,0.0,0.0,0.0,0.0,0.0,0.0,0.0,0.0,0.0,0.0,0.0,0.0,0.0,0.0,0.0,0.0,1.0,0.0,1.0,0.0,0.4,1.0,0.0,0.0,0.0,0.0,0.0,1.0,0.0,0.0,0.0,0.0,0.0,0.0,0.0,0.0,0.0,0.0,0.0,0.0,0.0,1.0,0.0,0.4,1.0,0.0,0.0,0.0,0.0,0.0,1.0,0.0,0.0,0.0,0.0,0.0,0.0,0.0,0.0,0.0,0.0,0.0,1.0,0.4,0.0,0.0,0.0,0.0,0.0,0.4,0.0,1.0,0.0,0.0,0.0,0.0,0.0,1.0,0.0,0.0,0.0,0.0,0.0,0.0,0.0,0.0,0.0,0.0,0.0,0.0,0.0,0.0,0.0,0.0,0.0,0.0,0.0,0.0,0.0,0.0,0.0,0.0,0.0,0.0,1.0,0.0,0.0
0294,Fraxinus excelsior L.,12,0.0,0.9166666666666666,0.0,1.0,0.0,0.0,0.75,0.0,0.0,0.0,1.0,0.0,1.0,0.0,0.0,0.027803733964684572,0.0,0.20834098429586775,0.0,0.0,0.038381952622099945,0.0,0.0,0.0,0.18731722739980053,0.0,0.5381561017175472,0.0,0.0,0.0,0.0,0.0,0.0,-6.895686911269904,0.5558998264934155,-0.1882408782665931,0.5580644321042191,0.5756838029119346,0.0,0.0,0.0,0.0,0.0,-6.865099242354293,0.7376214116555064,-0.14974670303629992,0.27585821228053925,0.7085872120831226,0.0,0.0,0.0,0.0,0.0,0.0,0.0,0.0,0.0,0.0,-6.304221491461693,0.5479468762536117,0.1573208828263133,0.5207921182045726,0.6050983372384029,0.0,0.0,0.0,0.0,0.0,0.0,0.0,0.0,0.0,0.0,0.0,0.0,0.0,0.0,0.0,-3.878861466745944,0.039472173072774806,2.3124871837152496,3.1146294810652773,0.22495407617944466,0.0,0.0,0.0,0.0,0.0,-6.74372084928735,0.9165316033443665,-0.2604540873988764,0.3171009317120372,0.7907003699702458,0.0,0.0,0.0,0.0,0.0,0.0,0.0,0.0,0.0,0.0,0.3465060877954464,0.13341218224633858,0.3220226440252057,0.24668697087340793,0.09470538311492209,0.0,0.0,0.0,0.0,0.0,0.4234544578403791,0.06719782588986688,0.201500023729859,0.14711763737880598,0.05036450448515664,0.0,0.0,0.0,0.0,0.0,0.0,0.0,0.0,0.0,0.0,0.2821646906675363,0.07579621332448072,0.29673355703281395,0.18290721774476365,0.06484258517415006,0.0,0.0,0.0,0.0,0.0,0.0,0.0,0.0,0.0,0.0,0.0,0.0,0.0,0.0,0.0,0.07846966079176171,0.002868581231409703,0.05593333500821301,0.06677868748868603,0.010578923999669204,0.0,0.0,0.0,0.0,0.0,0.9807392950558929,0.04316781041151877,0.14194591042201163,0.15103062981131535,0.028602846851381772,0.0,0.0,0.0,0.0,0.0,0.0,0.0,0.0,0.0,0.0,0.0,0.0,0.0,0.0,0.0,0.0,0.0,0.0,0.0,1.0,0.0,0.9166666666666666,0.0,0.0,0.8181818181818182,0.0,0.0,0.0,0.9166666666666666,0.0,0.9166666666666666,0.0,0.0,0.0,0.0,0.0,0.0,0.0,0.0,0.0,0.0,0.0,0.0,0.0,1.0,0.0,0.0,0.75,0.0,0.0,0.0,1.0,0.0,1.0,0.0,0.0,0.0,0.0,0.0,0.0,0.0,0.0,0.0,0.0,0.0,0.0,0.0,0.0,0.0,0.0,0.0,0.0,0.0,0.0,1.0,0.0,0.0,0.0,0.75,0.0,0.75,0.0,0.0,0.0,0.0,0.0,0.0,0.0,0.0,0.0,0.0,0.0,0.0,0.0,0.0,0.0,0.0,0.0,0.0,0.0,1.0,0.0,1.0,0.0,0.0,0.0,0.0,1.0,0.0,0.0
0295,Fraxinus nigra Marshall,10,0.0,1.0,0.0,1.0,0.0,0.0,0.0,0.0,0.0,0.0,0.0,0.0,1.0,0.0,0.0,0.13460994589698774,0.0,0.04297477996898523,0.0,0.0,0.0,0.0,0.0,0.0,0.0,0.0,0.822415274134027,0.0,0.0,0.0,0.0,0.0,0.0,-6.86936904203858,0.8304164351081799,-0.07599694604792709,0.355043682691937,0.7156699241236562,0.0,0.0,0.0,0.0,0.0,-7.405973492012964,0.9340992024514241,-0.028543287160967535,0.2010723761748748,0.7785599512614956,0.0,0.0,0.0,0.0,0.0,0.0,0.0,0.0,0.0,0.0,0.0,0.0,0.0,0.0,0.0,0.0,0.0,0.0,0.0,0.0,0.0,0.0,0.0,0.0,0.0,0.0,0.0,0.0,0.0,0.0,0.0,0.0,0.0,0.0,0.0,0.0,0.0,0.0,0.0,0.0,-6.97110220535758,0.9307189089323803,-0.12482669337441424,0.2429026776348046,0.7852801789262561,0.0,0.0,0.0,0.0,0.0,0.0,0.0,0.0,0.0,0.0,0.47073685771320906,0.14289714620287905,0.28201172954023357,0.2371513027167477,0.09179153041773036,0.0,0.0,0.0,0.0,0.0,0.2890930233633368,0.02248993293932085,0.15271282038443196,0.0980078922433709,0.03594990307764973,0.0,0.0,0.0,0.0,0.0,0.0,0.0,0.0,0.0,0.0,0.0,0.0,0.0,0.0,0.0,0.0,0.0,0.0,0.0,0.0,0.0,0.0,0.0,0.0,0.0,0.0,0.0,0.0,0.0,0.0,0.0,0.0,0.0,0.0,0.0,0.0,0.0,0.0,0.0,0.0,0.9516188895774184,0.03193395891485379,0.17722340581773025,0.14912003883225336,0.03496730465090701,0.0,0.0,0.0,0.0,0.0,0.0,0.0,0.0,0.0,0.0,0.0,0.0,0.0,0.0,0.0,0.0,0.0,0.0,0.0,1.0,0.0,1.0,0.0,0.0,0.0,0.0,0.0,0.0,0.0,0.0,1.0,0.0,0.0,0.0,0.0,0.0,0.0,0.0,0.0,0.0,0.0,0.0,0.0,0.0,1.0,0.0,0.0,0.0,0.0,0.0,0.0,0.0,0.0,1.0,0.0,0.0,0.0,0.0,0.0,0.0,0.0,0.0,0.0,0.0,0.0,0.0,0.0,0.0,0.0,0.0,0.0,0.0,0.0,0.0,0.0,0.0,0.0,0.0,0.0,0.0,0.0,0.0,0.0,0.0,0.0,0.0,0.0,0.0,0.0,0.0,0.0,0.0,0.0,0.0,0.0,0.0,0.0,0.0,0.0,0.0,0.0,0.0,0.0,0.0,0.0,0.0,0.0,1.0,0.0,0.0
0296,Fraxinus ornus L.,10,0.0,0.9,0.0,1.0,0.0,0.1,0.8,0.0,0.0,0.0,0.0,0.0,1.0,0.0,0.0,0.02870297297153833,0.0,0.4615388534203457,0.0,0.009420602990555162,0.10158409701513425,0.0,0.0,0.0,0.0,0.0,0.3987534736024266,0.0,0.0,0.0,0.0,0.0,0.0,-8.411670865999964,0.8057029070172825,-0.16601768021696178,0.3933719540529106,0.7265007231479831,0.0,0.0,0.0,0.0,0.0,-7.128430569700852,0.8704841857352875,-0.23160460075423656,0.3467033185869897,0.7763128536646231,0.0,0.0,0.0,0.0,0.0,-6.411046134663016,0.48022477015495424,1.0108235725088188,1.0972543441260199,0.6324716670550536,-6.32254622969954,0.8299859012441946,0.1896519975124796,0.36266678245060957,0.771509962008399,0.0,0.0,0.0,0.0,0.0,0.0,0.0,0.0,0.0,0.0,0.0,0.0,0.0,0.0,0.0,0.0,0.0,0.0,0.0,0.0,0.0,0.0,0.0,0.0,0.0,-8.069210279753214,0.9195386758626561,-0.21380100842543878,0.29356798360456393,0.7910889020656804,0.0,0.0,0.0,0.0,0.0,0.0,0.0,0.0,0.0,0.0,0.2851983051690932,0.08930980504410922,0.22683460595809024,0.17175204182171205,0.06310463489260594,0.0,0.0,0.0,0.0,0.0,0.3840130251133964,0.05304733828340127,0.2303073758168163,0.16559720647244242,0.042811435667514566,0.0,0.0,0.0,0.0,0.0,0.3792224488634539,0.07040347574817754,0.01368074400556879,0.11363093468847535,0.014053626762013327,0.24095329590079057,0.0566176415646022,0.21209835569211094,0.13666298334396623,0.02811662592472403,0.0,0.0,0.0,0.0,0.0,0.0,0.0,0.0,0.0,0.0,0.0,0.0,0.0,0.0,0.0,0.0,0.0,0.0,0.0,0.0,0.0,0.0,0.0,0.0,0.0,0.6359822687338585,0.03177493114250414,0.13523164686236408,0.1436173262379975,0.0355826602370155,0.0,0.0,0.0,0.0,0.0,0.0,0.0,0.0,0.0,0.0,0.0,0.0,0.0,0.0,0.0,0.0,0.0,0.0,0.0,1.0,0.0,0.9,0.0,0.1111111111111111,0.8888888888888888,0.0,0.0,0.0,0.0,0.0,0.9,0.0,0.0,0.0,0.0,0.0,0.0,0.0,0.0,0.0,0.0,0.0,0.0,0.0,1.0,0.0,0.1,0.8,0.0,0.0,0.0,0.0,0.0,1.0,0.0,0.0,0.0,0.0,0.0,0.0,0.0,0.0,0.0,0.0,0.0,1.0,0.125,0.0,0.0,0.0,0.0,0.0,0.1,0.0,1.0,0.0,0.0,0.0,0.0,0.0,0.8,0.0,0.0,0.0,0.0,0.0,0.0,0.0,0.0,0.0,0.0,0.0,0.0,0.0,0.0,0.0,0.0,0.0,0.0,0.0,0.0,0.0,0.0,0.0,0.0,0.0,0.0,1.0,0.0,0.0
0297,Fraxinus mandshurica Rupr.,11,0.0,0.9090909090909091,0.0,1.0,0.0,0.45454545454545453,1.0,0.0,0.0,0.0,0.0,0.0,1.0,0.0,0.0,0.026609758805566517,0.0,0.17342388805131792,0.0,0.0030898565875909527,0.022845360204470408,0.0,0.0,0.0,0.0,0.0,0.7740311363510542,0.0,0.0,0.0,0.0,0.0,0.0,-6.836510075920394,0.704230387939434,-0.3016935979163114,0.6130565441059002,0.6465137794524336,0.0,0.0,0.0,0.0,0.0,-7.234279578494389,0.9259999175369203,-0.14791059811462065,0.26163619911945146,0.79214759596499,0.0,0.0,0.0,0.0,0.0,-7.0730818854595325,0.7229666498809527,0.7565232729043224,0.869001432819512,0.7297217181155611,-6.486015769014782,0.7946479255782829,0.2273405578515531,0.47807818361891563,0.6946822296172882,0.0,0.0,0.0,0.0,0.0,0.0,0.0,0.0,0.0,0.0,0.0,0.0,0.0,0.0,0.0,0.0,0.0,0.0,0.0,0.0,0.0,0.0,0.0,0.0,0.0,-6.9245682631887915,0.9024319182193398,-0.3349667469165178,0.3976305483216789,0.7818271701016102,0.0,0.0,0.0,0.0,0.0,0.0,0.0,0.0,0.0,0.0,0.41368785749633313,0.1419690650023978,0.3483844060920801,0.29641229244175654,0.08644223537464316,0.0,0.0,0.0,0.0,0.0,0.3594135919578998,0.02769672865293775,0.18311822857664878,0.14166934264762968,0.03459519586480164,0.0,0.0,0.0,0.0,0.0,0.0841943811015402,0.015409024671182613,0.03100741234878286,0.04499085316591147,0.002312881034766856,0.23298135380560606,0.04176320188254698,0.08105450184977882,0.061196197892267996,0.04367205210037657,0.0,0.0,0.0,0.0,0.0,0.0,0.0,0.0,0.0,0.0,0.0,0.0,0.0,0.0,0.0,0.0,0.0,0.0,0.0,0.0,0.0,0.0,0.0,0.0,0.0,1.281494851920988,0.04407950031358591,0.1782936744781159,0.18152674701270669,0.03222491464441072,0.0,0.0,0.0,0.0,0.0,0.0,0.0,0.0,0.0,0.0,0.0,0.0,0.0,0.0,0.0,0.0,0.0,0.0,0.0,1.0,0.0,0.9090909090909091,0.0,0.5,0.9090909090909091,0.0,0.0,0.0,0.0,0.0,0.9090909090909091,0.0,0.0,0.0,0.0,0.0,0.0,0.0,0.0,0.0,0.0,0.0,0.0,0.0,1.0,0.0,0.45454545454545453,1.0,0.0,0.0,0.0,0.0,0.0,1.0,0.0,0.0,0.0,0.0,0.0,0.0,0.0,0.0,0.0,0.0,0.0,1.0,0.45454545454545453,0.0,0.0,0.0,0.0,0.0,0.45454545454545453,0.0,1.0,0.0,0.0,0.0,0.0,0.0,1.0,0.0,0.0,0.0,0.0,0.0,0.0,0.0,0.0,0.0,0.0,0.0,0.0,0.0,0.0,0.0,0.0,0.0,0.0,0.0,0.0,0.0,0.0,0.0,0.0,0.0,0.0,1.0,0.0,0.0
0301,Gilbertiodendron dewevrei (De Wild.) J.Léonard,14,0.0,0.0,0.7857142857142857,0.0,1.0,0.0,1.0,0.0,0.0,0.0,1.0,0.0,1.0,0.0,0.0,0.0,0.01712411953296168,0.0,0.5852045828744168,0.0,0.3064935950068475,0.0,0.0,0.0,0.05508928641155019,0.0,0.0360884161742237,0.0,0.0,0.0,0.0,0.0,0.0,0.0,0.0,0.0,0.0,0.0,-5.847123209613456,0.7201289130345057,-0.2040724111194133,0.298802920034108,0.731452685744301,0.0,0.0,0.0,0.0,0.0,-4.510808898041921,0.5431887654480424,0.13434780410490496,0.2539123057182006,0.6065471381426367,0.0,0.0,0.0,0.0,0.0,-3.619118758617143,0.3426905039645587,0.21526907674436788,0.5945867115524762,0.5094177592926693,0.0,0.0,0.0,0.0,0.0,0.0,0.0,0.0,0.0,0.0,0.0,0.0,0.0,0.0,0.0,-4.048239586645217,0.031249689645783212,2.2115039583340486,2.9086081038372713,0.1745509787185687,0.0,0.0,0.0,0.0,0.0,-6.145762343175429,0.8006713898484578,-0.34754573446242315,0.3218354668869954,0.7415471132394036,0.0,0.0,0.0,0.0,0.0,0.0,0.0,0.0,0.0,0.0,0.0,0.0,0.0,0.0,0.0,0.18167275680819495,0.03900933022982799,0.07184817876804671,0.06452141305263077,0.019171824482242538,0.0,0.0,0.0,0.0,0.0,0.2822498991082035,0.053959328917335285,0.20774743322241382,0.16173224156014523,0.03926448119269642,0.0,0.0,0.0,0.0,0.0,0.20756950812145855,0.07665294285020473,0.30485921175577346,0.22905525873749252,0.05400617579320185,0.0,0.0,0.0,0.0,0.0,0.0,0.0,0.0,0.0,0.0,0.0,0.0,0.0,0.0,0.0,0.0016280567857771544,2.466528307424136e-05,0.015618270557651146,0.005555439347718801,0.0017914730403096938,0.0,0.0,0.0,0.0,0.0,0.27098997860952273,0.052339729306496906,0.09260634314012448,0.10453818613871001,0.023509283113097895,0.0,0.0,0.0,0.0,0.0,0.0,0.0,0.0,0.0,0.0,0.0,0.0,0.0,0.0,0.0,0.0,0.0,0.0,0.0,0.0,0.0,0.0,0.0,0.0,0.0,0.0,0.0,0.0,0.0,0.0,0.0,0.0,1.0,0.0,0.7857142857142857,0.0,0.7857142857142857,0.0,0.0,0.0,0.7857142857142857,0.0,0.7857142857142857,0.0,0.0,0.0,0.0,0.0,0.0,0.0,0.0,0.0,0.0,0.0,0.0,1.0,0.0,1.0,0.0,0.0,0.0,1.0,0.0,1.0,0.0,0.0,0.0,0.0,0.0,0.0,0.0,0.0,0.0,0.0,1.0,0.0,0.0,0.0,1.0,0.0,1.0,0.0,0.0,0.0,0.0,0.0,0.0,0.0,0.0,0.0,0.0,0.0,0.0,0.0,0.0,0.0,0.0,0.0,0.0,0.0,1.0,0.0,1.0,0.0,0.0,0.0,0.0,1.0,0.0,0.0
0302,Gilbertiodendron preussii (Harms) J.Léonard,11,0.0,0.0,1.0,0.0,1.0,0.0,1.0,0.0,0.0,0.0,0.09090909090909091,0.0,1.0,0.0,0.0,0.0,0.031399556552224116,0.0,0.5981916823563691,0.0,0.2687269805872604,0.0,0.0,0.0,0.004038246050289341,0.0,0.09764353445385679,0.0,0.0,0.0,0.0,0.0,0.0,0.0,0.0,0.0,0.0,0.0,-5.977118864779845,0.8866461340219538,-0.21565904389577148,0.37970146245030384,0.7565276890484188,0.0,0.0,0.0,0.0,0.0,-4.291968340555868,0.8512087310545688,0.15321718882386728,0.27529672597742355,0.6732166354270862,0.0,0.0,0.0,0.0,0.0,-3.490942073836692,0.6134302565793607,0.22565982246802124,0.581996720703812,0.5561967796497983,0.0,0.0,0.0,0.0,0.0,0.0,0.0,0.0,0.0,0.0,0.0,0.0,0.0,0.0,0.0,-4.1006865703089685,0.02594862383556663,2.5386257477202774,3.0700760576185426,0.21428151401776924,0.0,0.0,0.0,0.0,0.0,-5.861807334684295,0.8872457061931835,-0.43713219589852836,0.49867127051406396,0.7764347291382915,0.0,0.0,0.0,0.0,0.0,0.0,0.0,0.0,0.0,0.0,0.0,0.0,0.0,0.0,0.0,0.5032495396301319,0.06131486861223408,0.19211028905648805,0.16327693566018808,0.033539367430568214,0.0,0.0,0.0,0.0,0.0,0.3698926124422073,0.06614329022377156,0.2036051363259624,0.16268373352074122,0.03161864498418083,0.0,0.0,0.0,0.0,0.0,0.2140736146734616,0.06384250964172412,0.15301088066824117,0.11505832104589232,0.04172788824536425,0.0,0.0,0.0,0.0,0.0,0.0,0.0,0.0,0.0,0.0,0.0,0.0,0.0,0.0,0.0,0.0,0.0,0.0,0.0,0.0,0.0,0.0,0.0,0.0,0.0,0.35422441627851015,0.03144227827905765,0.08815378625791313,0.09899690674681842,0.022054715759562474,0.0,0.0,0.0,0.0,0.0,0.0,0.0,0.0,0.0,0.0,0.0,0.0,0.0,0.0,0.0,0.0,0.0,0.0,0.0,0.0,0.0,0.0,0.0,0.0,0.0,0.0,0.0,0.0,0.0,0.0,0.0,0.0,1.0,0.0,1.0,0.0,1.0,0.0,0.0,0.0,0.09090909090909091,0.0,1.0,0.0,0.0,0.0,0.0,0.0,0.0,0.0,0.0,0.0,0.0,0.0,0.0,1.0,0.0,1.0,0.0,0.0,0.0,0.09090909090909091,0.0,1.0,0.0,0.0,0.0,0.0,0.0,0.0,0.0,0.0,0.0,0.0,1.0,0.0,0.0,0.0,0.09090909090909091,0.0,1.0,0.0,0.0,0.0,0.0,0.0,0.0,0.0,0.0,0.0,0.0,0.0,0.0,0.0,0.0,0.0,0.0,0.0,0.0,0.0,1.0,0.0,0.09090909090909091,0.0,0.0,0.0,0.0,1.0,0.0,0.0
0313,Grevillea robusta A.Cunn. ex R.Br.,11,0.0,0.09090909090909091,0.09090909090909091,0.18181818181818182,0.0,0.0,0.0,0.0,0.0,0.0,0.0,0.0,1.0,0.0,0.0,0.0014240892102799657,0.0003716641611356261,0.007434643384326926,0.0,0.0,0.0,0.0,0.0,0.0,0.0,0.0,0.9907696032442574,0.0,0.0,0.0,0.0,0.0,0.0,-6.97960938275012,0.7373418478187242,-0.36593426935152906,0.4858601732640003,0.7854463615903976,-8.32290646656401,0.7552835064158951,0.03636764417087479,0.05160450891690297,0.7228835978835979,-6.2099392974626895,0.4124043619867603,0.1158872202567424,0.3085188162853134,0.620849586288416,0.0,0.0,0.0,0.0,0.0,0.0,0.0,0.0,0.0,0.0,0.0,0.0,0.0,0.0,0.0,0.0,0.0,0.0,0.0,0.0,0.0,0.0,0.0,0.0,0.0,0.0,0.0,0.0,0.0,0.0,0.0,0.0,0.0,0.0,0.0,0.0,0.0,0.0,0.0,0.0,-6.796717656116953,0.7439352720919318,-0.07925584841946591,0.220946139503472,0.7733007820782297,0.0,0.0,0.0,0.0,0.0,0.0,0.0,0.0,0.0,0.0,0.0,0.0,0.0,0.0,0.0,0.0,0.0,0.0,0.0,0.0,0.0,0.0,0.0,0.0,0.0,0.0,0.0,0.0,0.0,0.0,0.0,0.0,0.0,0.0,0.0,0.0,0.0,0.0,0.0,0.0,0.0,0.0,0.0,0.0,0.0,0.0,0.0,0.0,0.0,0.0,0.0,0.0,0.0,0.0,0.0,0.0,0.0,0.0,0.0,0.0,0.0,0.0,0.0,0.0,0.0,0.544376341817006,0.07643734665037967,0.1828666171508506,0.18670150996992696,0.045940546394985134,0.0,0.0,0.0,0.0,0.0,0.0,0.0,0.0,0.0,0.0,0.0,0.0,0.0,0.0,0.0,0.0,0.0,0.0,0.0,1.0,0.0,0.0,0.0,0.0,0.0,0.0,0.0,0.0,0.0,0.0,0.09090909090909091,0.0,1.0,0.0,0.0,0.0,0.0,0.0,0.0,0.0,0.0,0.0,0.09090909090909091,0.0,1.0,0.0,0.0,0.0,0.0,0.0,0.0,0.0,0.0,0.18181818181818182,0.0,0.0,0.0,0.0,0.0,0.0,0.0,0.0,0.0,0.0,0.0,0.0,0.0,0.0,0.0,0.0,0.0,0.0,0.0,0.0,0.0,0.0,0.0,0.0,0.0,0.0,0.0,0.0,0.0,0.0,0.0,0.0,0.0,0.0,0.0,0.0,0.0,0.0,0.0,0.0,0.0,0.0,0.0,0.0,0.0,0.0,0.0,0.0,0.0,0.0,0.0,0.0,0.0,1.0,0.0,0.0
0318,Leplaea cedrata (A.Chev.) E.J.M.Koenen & J.J.de Wilde,18,0.0,0.0,1.0,0.0,0.0,0.0,0.0,0.0,1.0,0.0,0.0,0.0,1.0,0.0,0.0,0.0,0.08675452783584876,0.0,0.0,0.0,0.0,0.0,0.7633396024039647,0.0,0.0,0.0,0.14990586976018652,0.0,0.0,0.0,0.0,0.0,0.0,0.0,0.0,0.0,0.0,0.0,-6.817401844829023,0.8486906410282579,0.43939671051977575,0.5127879490951073,0.7733256539519942,0.0,0.0,0.0,0.0,0.0,0.0,0.0,0.0,0.0,0.0,0.0,0.0,0.0,0.0,0.0,0.0,0.0,0.0,0.0,0.0,0.0,0.0,0.0,0.0,0.0,-3.6657082413191415,0.0542597156206002,-2.0339931144899075,2.437219733553181,0.26881304098054937,0.0,0.0,0.0,0.0,0.0,0.0,0.0,0.0,0.0,0.0,0.0,0.0,0.0,0.0,0.0,-6.934306912864297,0.8978520933801194,0.39365821054019146,0.458142895317921,0.7805877538246885,0.0,0.0,0.0,0.0,0.0,0.0,0.0,0.0,0.0,0.0,0.0,0.0,0.0,0.0,0.0,0.3688473029336067,0.09012649118122228,0.21439324245178124,0.20067813996801415,0.04004506097950608,0.0,0.0,0.0,0.0,0.0,0.0,0.0,0.0,0.0,0.0,0.0,0.0,0.0,0.0,0.0,0.0,0.0,0.0,0.0,0.0,0.0,0.0,0.0,0.0,0.0,0.18568825887827453,0.011184503547661649,0.2665016669824951,0.21613188286796145,0.05024305351789679,0.0,0.0,0.0,0.0,0.0,0.0,0.0,0.0,0.0,0.0,0.0,0.0,0.0,0.0,0.0,0.25535839412591627,0.030006240741401062,0.10659134021759219,0.12902706429365424,0.02784296765133893,0.0,0.0,0.0,0.0,0.0,0.0,0.0,0.0,0.0,0.0,0.0,0.0,0.0,0.0,0.0,0.0,0.0,0.0,0.0,0.0,0.0,0.0,0.0,0.0,0.0,0.0,0.0,0.0,0.0,0.0,0.0,0.0,1.0,0.0,0.0,0.0,0.0,0.0,1.0,0.0,0.0,0.0,1.0,0.0,0.0,0.0,0.0,0.0,0.0,0.0,0.0,0.0,0.0,0.0,0.0,0.0,0.0,0.0,0.0,0.0,0.0,0.0,0.0,0.0,0.0,0.0,0.0,0.0,0.0,0.0,0.0,0.0,0.0,0.0,0.0,0.0,0.0,0.0,0.0,0.0,0.0,0.0,0.0,0.0,0.0,0.0,0.0,0.0,0.0,1.0,0.0,0.0,0.0,1.0,0.0,0.0,0.0,0.0,0.0,0.0,0.0,0.0,0.0,0.0,0.0,0.0,0.0,1.0,0.0,0.0
0323,Guibourtia demeusei (Harms) J.Léonard,14,0.0,0.0,1.0,0.0,1.0,0.0,0.6428571428571429,0.0,0.0,0.0,0.6428571428571429,0.0,0.6428571428571429,1.0,0.0,0.0,0.048618245124996615,0.0,0.19642772087565616,0.0,0.02787078444325704,0.0,0.0,0.0,0.026041929704253654,0.0,0.025270373504053267,0.6757709463477832,0.0,0.0,0.0,0.0,0.0,0.0,0.0,0.0,0.0,0.0,-6.34939803832294,0.8257034724391457,0.01329055265388455,0.27365804991437986,0.739466331152854,0.0,0.0,0.0,0.0,0.0,-4.9799624412956565,0.6524214092221652,0.4447348294701614,0.5263745013034374,0.6521590161276242,0.0,0.0,0.0,0.0,0.0,-4.450872689992136,0.46173285706597295,0.8324483488722634,0.9370027466006304,0.6021485071667363,0.0,0.0,0.0,0.0,0.0,0.0,0.0,0.0,0.0,0.0,0.0,0.0,0.0,0.0,0.0,-4.439603759450798,0.02663209688044518,1.675017813250163,3.2513441167220725,0.09074916440688763,0.0,0.0,0.0,0.0,0.0,-6.410925055592867,0.9297692513376258,-0.14127464184413482,0.2339500828676406,0.7653887402095758,-3.9290607203229686,0.06149494721877148,-2.99944914270556,3.3210264718742657,0.4202397278248569,0.0,0.0,0.0,0.0,0.0,0.0,0.0,0.0,0.0,0.0,0.316698257824294,0.14725929815708635,0.1887486883507889,0.15490250154155963,0.07739028739783217,0.0,0.0,0.0,0.0,0.0,0.2124723138485112,0.11126003584157358,0.2173445829612726,0.2020594914370528,0.05509447327929266,0.0,0.0,0.0,0.0,0.0,0.014347738806930977,0.0248258521542326,0.037490216637752274,0.0415507759119384,0.003153404995521266,0.0,0.0,0.0,0.0,0.0,0.0,0.0,0.0,0.0,0.0,0.0,0.0,0.0,0.0,0.0,0.07193119559819516,0.0030978204197375145,0.00801743822082774,0.04213372661547581,0.009457203904133675,0.0,0.0,0.0,0.0,0.0,0.3231834029252789,0.031121816845872355,0.10729110823140575,0.09447031888035806,0.035286134732492966,0.21611741698191014,0.010901011375853751,0.1321398642352781,0.17595114997285635,0.06017224672796301,0.0,0.0,0.0,0.0,0.0,0.0,0.0,0.0,0.0,0.0,0.0,0.0,0.0,0.0,0.0,0.0,0.0,0.0,0.0,0.0,0.0,0.0,0.0,0.0,0.0,0.0,0.0,1.0,0.0,1.0,0.0,0.6428571428571429,0.0,0.0,0.0,0.6428571428571429,0.0,0.6428571428571429,1.0,0.0,0.0,0.0,0.0,0.0,0.0,0.0,0.0,0.0,0.0,0.0,1.0,0.0,0.6428571428571429,0.0,0.0,0.0,0.6428571428571429,0.0,0.6428571428571429,1.0,0.0,0.0,0.0,0.0,0.0,0.0,0.0,0.0,0.0,1.0,0.0,0.0,0.0,0.6363636363636364,0.0,0.5,0.6428571428571429,0.0,0.0,0.0,0.0,0.0,0.0,0.0,0.0,0.0,0.0,0.0,0.0,0.0,0.0,0.0,0.0,0.0,0.0,1.0,0.0,0.38461538461538464,0.6428571428571429,0.0,0.0,0.0,1.0,0.6428571428571429,1.0
0324,Guibourtia pellegriniana J.Léonard,5,0.0,0.0,1.0,0.2,1.0,0.6,1.0,0.0,0.0,0.0,1.0,0.0,1.0,1.0,0.0,0.0,0.04361758238086513,0.0038003664580410945,0.31931669957751646,0.02707618144445687,0.09777094596813901,0.0,0.0,0.0,0.09404950889276689,0.0,0.12176340393733241,0.2926053113408823,0.0,0.0,0.0,0.0,0.0,0.0,0.0,0.0,0.0,0.0,-6.861347372374858,0.803712715816495,0.13432647870268305,0.33395182761235664,0.7121222599795262,-5.825269516156058,0.8922124856545061,-0.12442247623762238,0.15728970839267548,0.8036419648984736,-5.361440948860961,0.7078940976969726,-0.5907977277816514,0.6471789262444227,0.6528555021113231,-4.9822526866318215,0.42921369790164876,-1.0690042308529668,1.2163347573214052,0.519350896874501,-4.48735509058813,0.4299374203336024,-0.9584973681293316,1.1389171845916695,0.523097086572906,0.0,0.0,0.0,0.0,0.0,0.0,0.0,0.0,0.0,0.0,0.0,0.0,0.0,0.0,0.0,-4.099950565817972,0.03031477389415026,-2.680320789942814,3.1361114183676504,0.2574217784275582,0.0,0.0,0.0,0.0,0.0,-6.654161086353971,0.9491320059748378,0.15885747378403242,0.2301401851646562,0.7899238248204771,-4.56385940524561,0.027209999470357016,3.036576134253772,3.61011222316401,0.241082526388002,0.0,0.0,0.0,0.0,0.0,0.0,0.0,0.0,0.0,0.0,0.4553239893237356,0.19734931602008748,0.2275927504021707,0.19938405130297027,0.10412530387538257,0.034621108478194884,0.05136370894161024,0.1132491756394972,0.0915256198439227,0.0026432133379242218,0.23353026590665107,0.08609631563798179,0.1599300392778054,0.18093698215451276,0.047367623868455486,0.12653162207395224,0.018067973256465756,0.0942699987342893,0.10312731736040344,0.010340561383290828,0.06317770407859111,0.057297188882126406,0.1362620177611263,0.12295316157014821,0.02251629407263393,0.0,0.0,0.0,0.0,0.0,0.0,0.0,0.0,0.0,0.0,0.0,0.0,0.0,0.0,0.0,0.05803229431571585,0.0012380020166957975,0.04799479205965991,0.05147735179537618,0.024057271871532622,0.0,0.0,0.0,0.0,0.0,0.3356745404984774,0.018252641860929092,0.11735414211620307,0.09536489458368294,0.021531144701277705,0.12895525601334706,0.004239755377336535,0.16341892103277514,0.11312369688778641,0.05743518680866083,0.0,0.0,0.0,0.0,0.0,0.0,0.0,0.0,0.0,0.0,0.0,0.0,0.0,0.0,0.0,0.0,0.0,0.0,0.0,0.0,0.0,0.0,0.0,0.0,0.0,0.0,0.0,1.0,0.2,1.0,0.6,1.0,0.0,0.0,0.0,1.0,0.0,1.0,1.0,1.0,0.2,0.0,0.2,0.0,0.0,0.0,0.2,0.0,0.2,0.2,1.0,0.6,1.0,0.0,0.0,0.0,1.0,0.0,1.0,1.0,1.0,0.6,0.0,0.0,0.0,0.6,0.0,0.6,0.6,1.0,0.0,0.0,0.0,1.0,0.0,1.0,1.0,0.0,0.0,0.0,0.0,0.0,0.0,0.0,0.0,0.0,0.0,0.0,0.0,0.0,0.0,0.0,0.0,0.0,0.0,1.0,0.0,1.0,1.0,0.0,0.0,0.0,1.0,1.0,1.0
0325,Guibourtia tessmannii (Harms) J.Léonard,14,0.0,0.0,0.07142857142857142,0.0,1.0,0.6428571428571429,0.0,0.0,0.0,0.0,0.8571428571428571,0.0,1.0,1.0,0.0,0.0,0.002273979334055261,0.0,0.29657430160450265,0.02764456055594429,0.0,0.0,0.0,0.0,0.0346932739284856,0.0,0.10802035493666677,0.5307935296403455,0.0,0.0,0.0,0.0,0.0,0.0,0.0,0.0,0.0,0.0,-6.33833213054603,0.6252802116839218,-0.10624927331461842,0.34530720865557496,0.6225109210365198,0.0,0.0,0.0,0.0,0.0,-4.991614816366371,0.6643360291192085,0.5421420398404033,0.6143081590148504,0.6164636454574378,-5.037008659339417,0.5117078378176981,0.9178870833665818,1.0096631211916407,0.5793556182562487,0.0,0.0,0.0,0.0,0.0,0.0,0.0,0.0,0.0,0.0,0.0,0.0,0.0,0.0,0.0,0.0,0.0,0.0,0.0,0.0,-4.408661339222285,0.022972789356203577,2.66831870504339,3.3690448432413866,0.18287266888935114,0.0,0.0,0.0,0.0,0.0,-6.132060217990005,0.9493848341847961,-0.13632133240284858,0.20426116750955262,0.7863542136596088,-4.240855461193559,0.04650757424165419,-3.0812788737342838,3.4254300030329654,0.3532078046158409,0.0,0.0,0.0,0.0,0.0,0.0,0.0,0.0,0.0,0.0,0.48129652769130227,0.3086646165889685,0.25311698681701594,0.17623333727239857,0.1451245794915299,0.0,0.0,0.0,0.0,0.0,0.16879448688021825,0.08351565782523997,0.15994614254328215,0.18402974539680342,0.04271881233035834,0.08239547247108359,0.019651433596420007,0.04600153488223854,0.04350581319412909,0.02908376797711768,0.0,0.0,0.0,0.0,0.0,0.0,0.0,0.0,0.0,0.0,0.0,0.0,0.0,0.0,0.0,0.0,0.0,0.0,0.0,0.0,0.0,0.0,0.0,0.0,0.0,0.0,0.0,0.0,0.0,0.0,0.2842283243829215,0.022058741752908867,0.11651053384250325,0.11007124050367337,0.022904700177432288,0.18564746976747246,0.0068163489856851835,0.16755270556703933,0.16672095607776444,0.06543275543770741,0.0,0.0,0.0,0.0,0.0,0.0,0.0,0.0,0.0,0.0,0.0,0.0,0.0,0.0,0.0,0.0,0.0,0.0,0.0,0.0,0.0,0.0,0.0,0.0,0.0,0.0,0.0,1.0,0.0,0.07142857142857142,0.0,0.0,0.0,0.0,0.0,0.08333333333333333,0.0,0.07142857142857142,0.07142857142857142,0.0,0.0,0.0,0.0,0.0,0.0,0.0,0.0,0.0,0.0,0.0,1.0,0.6428571428571429,0.0,0.0,0.0,0.0,0.8571428571428571,0.0,1.0,1.0,1.0,0.0,0.0,0.0,0.0,0.6153846153846154,0.0,0.6428571428571429,0.6428571428571429,0.0,0.0,0.0,0.0,0.0,0.0,0.0,0.0,0.0,0.0,0.0,0.0,0.0,0.0,0.0,0.0,0.0,0.0,0.0,0.0,0.0,0.0,0.0,0.0,0.0,0.0,1.0,0.0,0.8571428571428571,0.8571428571428571,0.0,0.0,0.0,1.0,1.0,1.0
0326,Guibourtia ehie (A. Chev.) J. Léonard,10,0.0,0.0,0.5,0.1,1.0,0.0,1.0,0.0,0.0,0.0,0.4,0.0,1.0,0.9,0.0,0.0,0.025053628372899078,0.0010684753489869248,0.42311483425153784,0.0,0.09090153063353353,0.0,0.0,0.0,0.01631933729944219,0.0,0.14027133001756167,0.3032708640760387,0.0,0.0,0.0,0.0,0.0,0.0,0.0,0.0,0.0,0.0,-6.436712538437059,0.8869054653387478,-0.20191379097542858,0.31619195408562495,0.7737161555809001,-5.567039577769706,0.9278831721947474,0.018692133012152546,0.18358750873260044,0.7511355695317959,-5.189203871725496,0.8257070921512837,0.23991485408797764,0.3184925950216354,0.7132739790532289,0.0,0.0,0.0,0.0,0.0,-4.458455672313751,0.5634250503528883,0.67410674243052,0.7551485218095214,0.6477874259127876,0.0,0.0,0.0,0.0,0.0,0.0,0.0,0.0,0.0,0.0,0.0,0.0,0.0,0.0,0.0,-4.4698459874598795,0.01876684916518951,3.009226380630004,3.5411961109340915,0.23512025088125776,0.0,0.0,0.0,0.0,0.0,-6.46025186408905,0.9281061978916985,-0.2977025874796301,0.35421731951038665,0.7866403925811338,-4.238387054038654,0.05113702235147682,-3.152982894704231,3.451679054115363,0.41202484269861744,0.0,0.0,0.0,0.0,0.0,0.0,0.0,0.0,0.0,0.0,0.32081855925158526,0.0731723501504962,0.19381209515033843,0.13769096175714568,0.044241629236383744,0.0,0.0,0.0,0.0,0.0,0.22250551466839372,0.082808393977041,0.1863138127675105,0.16128826612289635,0.04897231507474945,0.0,0.0,0.0,0.0,0.0,0.13494671865156888,0.06875521931081363,0.15381164475265913,0.09064913729549748,0.042216127999926016,0.0,0.0,0.0,0.0,0.0,0.0,0.0,0.0,0.0,0.0,0.0,0.0,0.0,0.0,0.0,0.061903160841575655,0.0009648286561237866,0.03198094160364051,0.027678523373106223,0.007036625894061312,0.0,0.0,0.0,0.0,0.0,0.29883713309596527,0.022696559619255947,0.10587784202508155,0.11854584300677211,0.02393958135646316,0.2591242485691527,0.007720502793071742,0.16318047908243996,0.1662045135401718,0.06713251217997156,0.0,0.0,0.0,0.0,0.0,0.0,0.0,0.0,0.0,0.0,0.0,0.0,0.0,0.0,0.0,0.0,0.0,0.0,0.0,0.0,0.0,0.0,0.0,0.0,0.0,0.0,0.0,1.0,0.0,0.5,0.0,0.5,0.0,0.0,0.0,0.125,0.0,0.5,0.4,1.0,0.1,0.0,0.1,0.0,0.0,0.0,0.25,0.0,0.1,0.1111111111111111,1.0,0.0,1.0,0.0,0.0,0.0,0.4,0.0,1.0,0.9,0.0,0.0,0.0,0.0,0.0,0.0,0.0,0.0,0.0,1.0,0.0,0.0,0.0,0.4,0.0,1.0,0.9,0.0,0.0,0.0,0.0,0.0,0.0,0.0,0.0,0.0,0.0,0.0,0.0,0.0,0.0,0.0,0.0,0.0,0.0,1.0,0.0,0.4,0.4444444444444444,0.0,0.0,0.0,1.0,0.9,1.0
0331,Heritiera utilis (Sprague) Sprague,10,0.0,0.0,1.0,1.0,0.0,0.0,0.0,0.0,0.0,0.0,0.1,0.2,1.0,1.0,0.0,0.0,0.02581967289113935,0.22942732070179717,0.0,0.0,0.0,0.0,0.0,0.0,0.0077663863959005945,0.011238350117057027,0.07522894968172399,0.6505193202123818,0.0,0.0,0.0,0.0,0.0,0.0,0.0,0.0,0.0,0.0,-6.579812963388494,0.7882812361770863,0.07055253479253902,0.42937336112432345,0.7339917116073811,-5.002610384778269,0.9025297826549872,-0.19683531024418505,0.27271255119234705,0.7886319868459556,0.0,0.0,0.0,0.0,0.0,0.0,0.0,0.0,0.0,0.0,0.0,0.0,0.0,0.0,0.0,0.0,0.0,0.0,0.0,0.0,0.0,0.0,0.0,0.0,0.0,0.0,0.0,0.0,0.0,0.0,-3.803626495069685,0.042223171601603604,2.5435466006469136,3.1281535099444486,0.28698497397611866,-5.167327521493563,0.675716274981922,-0.8264242484339277,0.8682898015703564,0.7429746975042113,-5.668807226865802,0.9583979145560064,-0.13901829367131757,0.19183387719100606,0.7933881065401432,-3.7814146566086535,0.07100453714238955,-2.7326715359680764,3.10631251790369,0.38485059431673996,0.0,0.0,0.0,0.0,0.0,0.0,0.0,0.0,0.0,0.0,0.4869055693495395,0.10746983625524673,0.3425248605071499,0.1990224123912111,0.07837424337122877,0.2946396422457388,0.04504334606954123,0.17479737678210788,0.13175711151274155,0.02993289178763109,0.0,0.0,0.0,0.0,0.0,0.0,0.0,0.0,0.0,0.0,0.0,0.0,0.0,0.0,0.0,0.0,0.0,0.0,0.0,0.0,0.0,0.0,0.0,0.0,0.0,0.0,0.0,0.0,0.0,0.0,0.0,0.0,0.0,0.0,0.0,0.24722930898308118,0.0791498310190357,0.173975820048772,0.18154159976709489,0.037079416466593594,0.2967414044139599,0.01516652443141774,0.08483069878631785,0.08329325108480377,0.014833588446242076,0.21415830812997375,0.012480379780064612,0.10891522637996061,0.16302282352946343,0.06685226734502861,0.0,0.0,0.0,0.0,0.0,0.0,0.0,0.0,0.0,0.0,0.0,0.0,0.0,0.0,0.0,0.0,0.0,0.0,0.0,0.0,0.0,0.0,0.0,0.0,0.0,0.0,0.0,1.0,1.0,0.0,0.0,0.0,0.0,0.0,0.0,0.1,0.2,1.0,1.0,1.0,0.0,0.0,0.0,0.0,0.0,0.0,0.1,0.2,1.0,1.0,0.0,0.0,0.0,0.0,0.0,0.0,0.0,0.0,0.0,0.0,0.0,0.0,0.0,0.0,0.0,0.0,0.0,0.0,0.0,0.0,0.0,0.0,0.0,0.0,0.0,0.0,0.0,0.0,0.0,0.0,0.0,0.0,0.0,0.0,0.0,0.0,0.0,0.0,0.0,0.0,0.0,0.0,0.0,0.0,0.0,1.0,0.5,0.1,0.1,1.0,0.2,0.2,1.0,1.0,1.0
0353,Intsia Thouars,15,0.0,0.0,0.2,0.0,1.0,0.0,1.0,0.0,0.0,0.0,0.9333333333333333,0.2,0.5333333333333333,0.4,0.0,0.0,0.002926558305582542,0.0,0.437341384862175,0.0,0.3199790544341158,0.0,0.0,0.0,0.1266269295231935,0.003950377130371575,0.04239759569544237,0.0667781000491192,0.0,0.0,0.0,0.0,0.0,0.0,0.0,0.0,0.0,0.0,-6.50191782266923,0.9306474074141718,0.05432365572584064,0.26617768823240584,0.8129204082186315,0.0,0.0,0.0,0.0,0.0,-4.996558501717234,0.8127599424814572,-0.3645070097638466,0.4237387653174584,0.6886491511920821,0.0,0.0,0.0,0.0,0.0,-4.161762561633422,0.6021164702440183,-0.5217504550657058,0.7290115329814989,0.5927426796923584,0.0,0.0,0.0,0.0,0.0,0.0,0.0,0.0,0.0,0.0,0.0,0.0,0.0,0.0,0.0,-4.149439643945707,0.03154032771203447,-2.608479573926878,3.134410209435471,0.2307286983351078,-5.4057111748043285,0.6655998755011389,0.8646565195285701,0.8143642688008335,0.7646682857283761,-6.593307501796701,0.9300376386385245,0.23644559065163342,0.31373373182161507,0.7957240702795874,-4.5328022718276175,0.023756493468201034,2.4644358030131177,3.593467633067608,0.13352786975612319,0.0,0.0,0.0,0.0,0.0,0.0,0.0,0.0,0.0,0.0,0.26640455265543805,0.03274687773477199,0.1986516424329259,0.12793405082140882,0.019412323251676505,0.0,0.0,0.0,0.0,0.0,0.31069327387481444,0.07630597290925906,0.22248826983066325,0.19292958084937611,0.040677877386468345,0.0,0.0,0.0,0.0,0.0,0.2545293680168576,0.12020703546624846,0.27580352638523364,0.21041059427035702,0.07215794831233377,0.0,0.0,0.0,0.0,0.0,0.0,0.0,0.0,0.0,0.0,0.0,0.0,0.0,0.0,0.0,0.2376951892121356,0.006817943776538526,0.1210679151261087,0.1785568383507643,0.034202209455704714,0.08955636713110134,0.04859916790637971,0.02009263218181173,0.04061298351198528,0.0299105156939999,0.3800570571987012,0.02955150173238847,0.13005651176602784,0.11234529294240929,0.031134666818341483,0.07934517085040803,0.0023070659526382704,0.0765056987001267,0.0771620135964325,0.01334949668321908,0.0,0.0,0.0,0.0,0.0,0.0,0.0,0.0,0.0,0.0,0.0,0.0,0.0,0.0,0.0,0.0,0.0,0.0,0.0,0.0,0.0,0.0,0.0,0.0,0.0,0.0,0.0,1.0,0.0,0.2,0.0,0.2,0.0,0.0,0.0,0.13333333333333333,0.5,0.2222222222222222,0.2857142857142857,0.0,0.0,0.0,0.0,0.0,0.0,0.0,0.0,0.0,0.0,0.0,1.0,0.0,1.0,0.0,0.0,0.0,0.9333333333333333,0.2,0.5333333333333333,0.4,0.0,0.0,0.0,0.0,0.0,0.0,0.0,0.0,0.0,1.0,0.0,0.0,0.0,0.9333333333333333,0.2,0.5333333333333333,0.4,0.0,0.0,0.0,0.0,0.0,0.0,0.0,0.0,0.0,0.0,0.0,0.0,0.0,0.0,0.0,0.0,0.0,0.0,1.0,0.13333333333333333,0.4666666666666667,0.42857142857142855,1.0,0.2222222222222222,0.125,1.0,0.4,1.0
0354,Intsia bijuga (Colebr.) Kuntze,11,0.0,0.0,1.0,0.0,1.0,0.18181818181818182,0.8181818181818182,0.0,0.0,0.0,0.09090909090909091,0.0,1.0,0.0,0.0,0.0,0.04451359900149169,0.0,0.6486952230059426,0.010279475132082326,0.14859232456266208,0.0,0.0,0.0,0.004501365475029123,0.0,0.1434180128227922,0.0,0.0,0.0,0.0,0.0,0.0,0.0,0.0,0.0,0.0,0.0,-6.952443987006146,0.7587790494701285,-0.029628164920177925,0.40748564870526044,0.6838383250465314,0.0,0.0,0.0,0.0,0.0,-4.760761981118886,0.7774362454136821,-0.5290354651764118,0.5751511718350475,0.6610928090077238,-4.514739630532965,0.5430715163218234,-0.9581651552362583,1.0839474364829789,0.5778834138371183,-4.181836622755458,0.5855561738365413,-0.6494033821690997,0.7968279048017951,0.581486145913134,0.0,0.0,0.0,0.0,0.0,0.0,0.0,0.0,0.0,0.0,0.0,0.0,0.0,0.0,0.0,-4.286949370881277,0.05035128309071452,-2.36880662988954,3.2668457816131475,0.187362277470043,0.0,0.0,0.0,0.0,0.0,-6.406771969724681,0.9336206462462638,0.26870312355684445,0.30973992032714653,0.7943548399017147,0.0,0.0,0.0,0.0,0.0,0.0,0.0,0.0,0.0,0.0,0.0,0.0,0.0,0.0,0.0,0.49203452106651197,0.17711777802264528,0.2947433890386349,0.21266754708913388,0.1250848903829691,0.0,0.0,0.0,0.0,0.0,0.26546525669779775,0.061624449244333496,0.16467505813710348,0.1772457199277545,0.03782711578380013,0.09954766357353839,0.02928047546926496,0.07531864248681991,0.05410422232304507,5.053182054207128e-05,0.1578499856140462,0.09225559337219577,0.198871501307767,0.19420311054447334,0.05650862003374207,0.0,0.0,0.0,0.0,0.0,0.0,0.0,0.0,0.0,0.0,0.0,0.0,0.0,0.0,0.0,0.0,0.0,0.0,0.0,0.0,0.0,0.0,0.0,0.0,0.0,0.3101928059240585,0.024924917514734534,0.11069926454319588,0.12433450911447426,0.024014627751265307,0.0,0.0,0.0,0.0,0.0,0.0,0.0,0.0,0.0,0.0,0.0,0.0,0.0,0.0,0.0,0.0,0.0,0.0,0.0,0.0,0.0,0.0,0.0,0.0,0.0,0.0,0.0,0.0,0.0,0.0,0.0,0.0,1.0,0.0,1.0,0.18181818181818182,0.8181818181818182,0.0,0.0,0.0,0.09090909090909091,0.0,1.0,0.0,0.0,0.0,0.0,0.0,0.0,0.0,0.0,0.0,0.0,0.0,0.0,1.0,0.18181818181818182,0.8181818181818182,0.0,0.0,0.0,0.09090909090909091,0.0,1.0,0.0,1.0,0.2222222222222222,0.0,0.0,0.0,0.0,0.0,0.18181818181818182,0.0,1.0,0.0,0.0,0.0,0.0,0.0,0.8181818181818182,0.0,0.0,0.0,0.0,0.0,0.0,0.0,0.0,0.0,0.0,0.0,0.0,0.0,0.0,0.0,0.0,0.0,0.0,0.0,1.0,0.0,0.09090909090909091,0.0,0.0,0.0,0.0,1.0,0.0,0.0
0366,Juglans regia L.,11,0.0,0.0,0.0,0.0,0.0,0.0,0.0,0.0,0.0,0.0,0.0,0.0,1.0,0.0,0.0,0.0,0.0,0.0,0.0,0.0,0.0,0.0,0.0,0.0,0.0,0.0,1.0,0.0,0.0,0.0,0.0,0.0,0.0,0.0,0.0,0.0,0.0,0.0,0.0,0.0,0.0,0.0,0.0,0.0,0.0,0.0,0.0,0.0,0.0,0.0,0.0,0.0,0.0,0.0,0.0,0.0,0.0,0.0,0.0,0.0,0.0,0.0,0.0,0.0,0.0,0.0,0.0,0.0,0.0,0.0,0.0,0.0,0.0,0.0,0.0,0.0,0.0,0.0,0.0,0.0,0.0,0.0,0.0,0.0,0.0,0.0,0.0,0.0,-6.7499476345533145,0.9190105038068345,0.24610071986113918,0.32826256541016985,0.7783758072263015,0.0,0.0,0.0,0.0,0.0,0.0,0.0,0.0,0.0,0.0,0.0,0.0,0.0,0.0,0.0,0.0,0.0,0.0,0.0,0.0,0.0,0.0,0.0,0.0,0.0,0.0,0.0,0.0,0.0,0.0,0.0,0.0,0.0,0.0,0.0,0.0,0.0,0.0,0.0,0.0,0.0,0.0,0.0,0.0,0.0,0.0,0.0,0.0,0.0,0.0,0.0,0.0,0.0,0.0,0.0,0.0,0.0,0.0,0.0,0.0,0.0,0.0,0.0,0.0,0.0,0.37940740663668265,0.0270640791144959,0.12814632736239975,0.1301407576406191,0.03156849688487994,0.0,0.0,0.0,0.0,0.0,0.0,0.0,0.0,0.0,0.0,0.0,0.0,0.0,0.0,0.0,0.0,0.0,0.0,0.0,0.0,0.0,0.0,0.0,0.0,0.0,0.0,0.0,0.0,0.0,0.0,0.0,0.0,0.0,0.0,0.0,0.0,0.0,0.0,0.0,0.0,0.0,0.0,0.0,0.0,0.0,0.0,0.0,0.0,0.0,0.0,0.0,0.0,0.0,0.0,0.0,0.0,0.0,0.0,0.0,0.0,0.0,0.0,0.0,0.0,0.0,0.0,0.0,0.0,0.0,0.0,0.0,0.0,0.0,0.0,0.0,0.0,0.0,0.0,0.0,0.0,0.0,0.0,0.0,0.0,0.0,0.0,0.0,0.0,0.0,0.0,0.0,0.0,0.0,0.0,0.0,0.0,0.0,0.0,0.0,0.0,0.0,0.0,0.0,0.0,0.0,0.0,0.0,1.0,0.0,0.0
0367,Juglans nigra L.,9,0.0,1.0,0.0,0.0,0.0,0.0,0.0,0.0,0.0,0.0,0.0,0.0,1.0,0.0,0.0,0.23540518131259525,0.0,0.0,0.0,0.0,0.0,0.0,0.0,0.0,0.0,0.0,0.7645948186874048,0.0,0.0,0.0,0.0,0.0,0.0,-6.736410270531587,0.7719683391593051,0.21066693806470102,0.3815859535908655,0.7136371994446389,0.0,0.0,0.0,0.0,0.0,0.0,0.0,0.0,0.0,0.0,0.0,0.0,0.0,0.0,0.0,0.0,0.0,0.0,0.0,0.0,0.0,0.0,0.0,0.0,0.0,0.0,0.0,0.0,0.0,0.0,0.0,0.0,0.0,0.0,0.0,0.0,0.0,0.0,0.0,0.0,0.0,0.0,0.0,0.0,0.0,0.0,0.0,0.0,0.0,0.0,-6.6728489726525995,0.9027571411577081,0.2848866083438246,0.3556234020221727,0.7758450202124347,0.0,0.0,0.0,0.0,0.0,0.0,0.0,0.0,0.0,0.0,0.4568846301866924,0.13247323153100898,0.24675435702747534,0.18587719881760933,0.07799661548562589,0.0,0.0,0.0,0.0,0.0,0.0,0.0,0.0,0.0,0.0,0.0,0.0,0.0,0.0,0.0,0.0,0.0,0.0,0.0,0.0,0.0,0.0,0.0,0.0,0.0,0.0,0.0,0.0,0.0,0.0,0.0,0.0,0.0,0.0,0.0,0.0,0.0,0.0,0.0,0.0,0.0,0.0,0.0,0.0,0.0,0.0,0.0,0.0,0.0,0.0,0.551563166182692,0.03803142549159191,0.15763521778697073,0.14731731795894953,0.038129714448210526,0.0,0.0,0.0,0.0,0.0,0.0,0.0,0.0,0.0,0.0,0.0,0.0,0.0,0.0,0.0,0.0,0.0,0.0,0.0,1.0,0.0,0.0,0.0,0.0,0.0,0.0,0.0,0.0,0.0,0.0,1.0,0.0,0.0,0.0,0.0,0.0,0.0,0.0,0.0,0.0,0.0,0.0,0.0,0.0,0.0,0.0,0.0,0.0,0.0,0.0,0.0,0.0,0.0,0.0,0.0,0.0,0.0,0.0,0.0,0.0,0.0,0.0,0.0,0.0,0.0,0.0,0.0,0.0,0.0,0.0,0.0,0.0,0.0,0.0,0.0,0.0,0.0,0.0,0.0,0.0,0.0,0.0,0.0,0.0,0.0,0.0,0.0,0.0,0.0,0.0,0.0,0.0,0.0,0.0,0.0,0.0,0.0,0.0,0.0,0.0,0.0,0.0,0.0,0.0,0.0,0.0,0.0,1.0,0.0,0.0
0371,Khaya grandifoliola C.DC.,18,0.0,0.0,1.0,0.0,0.0,0.0,0.0,0.0,0.0,0.0,0.0,0.0,1.0,0.0,0.0,0.0,0.3323187172388484,0.0,0.0,0.0,0.0,0.0,0.0,0.0,0.0,0.0,0.6676812827611516,0.0,0.0,0.0,0.0,0.0,0.0,0.0,0.0,0.0,0.0,0.0,-6.807604920190372,0.7931965282631848,0.15933006101977112,0.4128614368826153,0.7164472021393744,0.0,0.0,0.0,0.0,0.0,0.0,0.0,0.0,0.0,0.0,0.0,0.0,0.0,0.0,0.0,0.0,0.0,0.0,0.0,0.0,0.0,0.0,0.0,0.0,0.0,0.0,0.0,0.0,0.0,0.0,0.0,0.0,0.0,0.0,0.0,0.0,0.0,0.0,0.0,0.0,0.0,0.0,0.0,0.0,0.0,-6.289722814702831,0.9229140931965074,0.2926905545022398,0.35133564069108214,0.7823967684340656,0.0,0.0,0.0,0.0,0.0,0.0,0.0,0.0,0.0,0.0,0.0,0.0,0.0,0.0,0.0,0.48057719218485556,0.143205303560705,0.28416159182735173,0.20523950722213533,0.09253272275167193,0.0,0.0,0.0,0.0,0.0,0.0,0.0,0.0,0.0,0.0,0.0,0.0,0.0,0.0,0.0,0.0,0.0,0.0,0.0,0.0,0.0,0.0,0.0,0.0,0.0,0.0,0.0,0.0,0.0,0.0,0.0,0.0,0.0,0.0,0.0,0.0,0.0,0.0,0.0,0.0,0.0,0.0,0.0,0.0,0.0,0.40188251538647546,0.02514185935064323,0.11486093661031334,0.11236714786294136,0.024130068157124134,0.0,0.0,0.0,0.0,0.0,0.0,0.0,0.0,0.0,0.0,0.0,0.0,0.0,0.0,0.0,0.0,0.0,0.0,0.0,0.0,0.0,0.0,0.0,0.0,0.0,0.0,0.0,0.0,0.0,0.0,0.0,0.0,1.0,0.0,0.0,0.0,0.0,0.0,0.0,0.0,0.0,0.0,1.0,0.0,0.0,0.0,0.0,0.0,0.0,0.0,0.0,0.0,0.0,0.0,0.0,0.0,0.0,0.0,0.0,0.0,0.0,0.0,0.0,0.0,0.0,0.0,0.0,0.0,0.0,0.0,0.0,0.0,0.0,0.0,0.0,0.0,0.0,0.0,0.0,0.0,0.0,0.0,0.0,0.0,0.0,0.0,0.0,0.0,0.0,0.0,0.0,0.0,0.0,0.0,0.0,0.0,0.0,0.0,0.0,0.0,0.0,0.0,0.0,0.0,0.0,0.0,0.0,1.0,0.0,0.0
0372,Khaya ivorensis A.Chev.,11,0.0,0.0,1.0,0.9090909090909091,0.0,0.0,0.0,0.0,0.0,0.0,0.0,0.0,1.0,0.6363636363636364,0.0,0.0,0.07203387759727194,0.1858979949316034,0.0,0.0,0.0,0.0,0.0,0.0,0.0,0.0,0.574706002963068,0.1673621245080568,0.0,0.0,0.0,0.0,0.0,0.0,0.0,0.0,0.0,0.0,-7.200762523751518,0.7364155785227435,0.27083836196518174,0.46174220737536015,0.6710639610068879,-5.764548759511066,0.8737125150176428,0.2499623763669367,0.30073849809746067,0.7891171782878825,0.0,0.0,0.0,0.0,0.0,0.0,0.0,0.0,0.0,0.0,0.0,0.0,0.0,0.0,0.0,0.0,0.0,0.0,0.0,0.0,0.0,0.0,0.0,0.0,0.0,0.0,0.0,0.0,0.0,0.0,0.0,0.0,0.0,0.0,0.0,0.0,0.0,0.0,0.0,0.0,-6.797040082968692,0.914309136949549,0.30170442091212396,0.364299272573224,0.7828819923790875,-4.437143227741332,0.035063917004149806,3.3314188292560254,3.7598644691497047,0.34218097804677455,0.0,0.0,0.0,0.0,0.0,0.0,0.0,0.0,0.0,0.0,0.43831600600056664,0.169567229455264,0.286910908357823,0.23759104867273784,0.10889463132650427,0.2072946002368295,0.03682630665498188,0.11993480854459349,0.12378082322507837,0.028548005219307664,0.0,0.0,0.0,0.0,0.0,0.0,0.0,0.0,0.0,0.0,0.0,0.0,0.0,0.0,0.0,0.0,0.0,0.0,0.0,0.0,0.0,0.0,0.0,0.0,0.0,0.0,0.0,0.0,0.0,0.0,0.0,0.0,0.0,0.0,0.0,0.0,0.0,0.0,0.0,0.0,0.49460155466976247,0.0316102145036589,0.12663148061469237,0.13827747846631325,0.030122572049121447,0.05712437934354001,0.0018077700882912185,0.09246711976056557,0.04541123560064808,0.03533734375013642,0.0,0.0,0.0,0.0,0.0,0.0,0.0,0.0,0.0,0.0,0.0,0.0,0.0,0.0,0.0,0.0,0.0,0.0,0.0,0.0,0.0,0.0,0.0,0.0,0.0,0.0,0.0,1.0,0.9090909090909091,0.0,0.0,0.0,0.0,0.0,0.0,0.0,0.0,1.0,0.6363636363636364,1.0,0.0,0.0,0.0,0.0,0.0,0.0,0.0,0.0,0.9090909090909091,0.5454545454545454,0.0,0.0,0.0,0.0,0.0,0.0,0.0,0.0,0.0,0.0,0.0,0.0,0.0,0.0,0.0,0.0,0.0,0.0,0.0,0.0,0.0,0.0,0.0,0.0,0.0,0.0,0.0,0.0,0.0,0.0,0.0,0.0,0.0,0.0,0.0,0.0,0.0,0.0,0.0,0.0,0.0,0.0,0.0,0.0,0.0,0.0,0.0,0.0,0.0,0.0,0.0,0.0,1.0,0.6363636363636364,1.0
0375,Koompassia malaccensis Maing.,11,0.0,0.0,1.0,0.0,1.0,1.0,1.0,0.0,0.0,0.0,0.0,0.0,1.0,0.0,0.0,0.0,0.06260494110047236,0.0,0.41389122124187944,0.03233195065232193,0.32654901308027084,0.0,0.0,0.0,0.0,0.0,0.16462287392505556,0.0,0.0,0.0,0.0,0.0,0.0,0.0,0.0,0.0,0.0,0.0,-6.560431279769609,0.8121150435720441,0.05555072795241629,0.42839195025898236,0.7377598938348015,0.0,0.0,0.0,0.0,0.0,-4.568620931033499,0.630180863843547,-0.5266609302963592,0.6144668635546288,0.5692045033719452,-5.147505542307626,0.36373435509024604,-1.3275318658044342,1.3831641309076284,0.5341380641105752,-3.7999854383452845,0.37612899858078186,-0.7818833006359692,0.9585374368898537,0.48016572139265984,0.0,0.0,0.0,0.0,0.0,0.0,0.0,0.0,0.0,0.0,0.0,0.0,0.0,0.0,0.0,0.0,0.0,0.0,0.0,0.0,0.0,0.0,0.0,0.0,0.0,-6.023247712472105,0.9329387838908865,0.2981461882721838,0.340175424786255,0.7899148030434889,0.0,0.0,0.0,0.0,0.0,0.0,0.0,0.0,0.0,0.0,0.0,0.0,0.0,0.0,0.0,0.5933535395060597,0.14452725000056976,0.36103702243733155,0.25231985166107407,0.08830825450496135,0.0,0.0,0.0,0.0,0.0,0.2779497323696985,0.07111123260530525,0.19044564781669193,0.21246826526748783,0.042451219978442915,0.11585144950408745,0.01243252549073353,0.047584479653949296,0.04662591460935172,0.016134452536230935,0.26212284472823877,0.08516686268047505,0.23221249607908778,0.21706352052847933,0.05623368846041752,0.0,0.0,0.0,0.0,0.0,0.0,0.0,0.0,0.0,0.0,0.0,0.0,0.0,0.0,0.0,0.0,0.0,0.0,0.0,0.0,0.0,0.0,0.0,0.0,0.0,0.4488506019921004,0.023057584760609637,0.11027090308485912,0.11342587174358912,0.019217280350581595,0.0,0.0,0.0,0.0,0.0,0.0,0.0,0.0,0.0,0.0,0.0,0.0,0.0,0.0,0.0,0.0,0.0,0.0,0.0,0.0,0.0,0.0,0.0,0.0,0.0,0.0,0.0,0.0,0.0,0.0,0.0,0.0,1.0,0.0,1.0,1.0,1.0,0.0,0.0,0.0,0.0,0.0,1.0,0.0,0.0,0.0,0.0,0.0,0.0,0.0,0.0,0.0,0.0,0.0,0.0,1.0,1.0,1.0,0.0,0.0,0.0,0.0,0.0,1.0,0.0,1.0,1.0,0.0,0.0,0.0,0.0,0.0,1.0,0.0,1.0,0.0,0.0,0.0,0.0,0.0,1.0,0.0,0.0,0.0,0.0,0.0,0.0,0.0,0.0,0.0,0.0,0.0,0.0,0.0,0.0,0.0,0.0,0.0,0.0,0.0,0.0,0.0,0.0,0.0,0.0,0.0,0.0,1.0,0.0,0.0
0380,Libidibia paraguariensis (D.Parodi) G.P.Lewis,23,0.0,0.30434782608695654,0.17391304347826086,0.0,0.782608695652174,0.0,0.8260869565217391,0.2608695652173913,0.391304347826087,0.0,0.0,0.0,1.0,0.0,0.0,0.0026322629985162382,0.0033162474503046005,0.0,0.125833972357714,0.0,0.35016012174226263,0.005668374621357264,0.041271206804869114,0.0,0.0,0.0,0.4711178140249761,0.0,0.0,0.0,0.0,0.0,0.0,-7.705525030756305,0.6385271205832416,0.09475886846483303,0.4001531136152962,0.670859188133878,-7.491455310145475,0.7033662699729054,0.20049882114200354,0.3155556794386519,0.7248341459535298,0.0,0.0,0.0,0.0,0.0,-5.723355984053683,0.5364552781469248,-0.22541518655601822,0.31690887288469116,0.6124551596569314,0.0,0.0,0.0,0.0,0.0,-5.859033399766639,0.34707260308098575,-0.4615988685480712,0.8417380016658556,0.5013297126102264,-6.2788691841753765,0.3590954341127482,-0.21989571486603252,0.2751057404186547,0.5221278734675382,-5.381573795516758,0.20568814875342717,-1.2885499885177305,1.4631905253238382,0.452399598721452,0.0,0.0,0.0,0.0,0.0,0.0,0.0,0.0,0.0,0.0,0.0,0.0,0.0,0.0,0.0,-7.638075005837732,0.7117233501620678,0.221993565923788,0.35826159976103256,0.7920650268523697,0.0,0.0,0.0,0.0,0.0,0.0,0.0,0.0,0.0,0.0,0.10348198636455809,0.008600942903866869,0.038788059733747486,0.05710310118703889,0.012294678393305596,0.11794186218208944,0.027801917718398225,0.05090106171908703,0.05651904996023217,0.015562750501175903,0.0,0.0,0.0,0.0,0.0,0.17623938720636573,0.07955420521926983,0.17449649850669172,0.12682247984147016,0.04068453415935148,0.0,0.0,0.0,0.0,0.0,1.3172794792981353,0.13294889270052837,0.41975114257436485,0.2888029621614397,0.10953996817268595,0.008228836494343705,0.0276268608678487,0.032959655157132096,0.03153383849201584,0.009864612894699512,0.4677904107492085,0.040073888433128965,0.09896088993781205,0.08588170069184496,0.01573235667481988,0.0,0.0,0.0,0.0,0.0,0.0,0.0,0.0,0.0,0.0,0.0,0.0,0.0,0.0,0.0,0.4326441459536225,0.08119609296105024,0.1775239584578142,0.18697334960766543,0.08100763267820141,0.0,0.0,0.0,0.0,0.0,0.0,0.0,0.0,0.0,0.0,0.0,0.0,0.0,0.0,0.0,0.0,0.0,0.0,0.0,1.0,0.1,0.0,0.13636363636363635,0.0,0.23809523809523808,0.08333333333333333,0.45454545454545453,0.0,0.0,0.0,0.30434782608695654,0.0,1.0,0.0,0.15789473684210525,0.0,0.15,0.1111111111111111,0.08333333333333333,0.0,0.0,0.0,0.17391304347826086,0.0,0.0,0.0,0.0,0.0,0.0,0.0,0.0,0.0,0.0,0.0,0.0,1.0,0.0,0.85,0.2631578947368421,0.2857142857142857,0.0,0.0,0.0,0.782608695652174,0.0,0.0,0.0,0.0,0.0,0.0,0.0,0.0,0.0,0.0,1.0,0.25,0.3333333333333333,0.0,0.0,0.0,0.8260869565217391,0.0,1.0,0.07142857142857142,0.0,0.0,0.0,0.2608695652173913,0.0,1.0,0.0,0.0,0.0,0.391304347826087,0.0,0.0,0.0,0.0,0.0,0.0,0.0,0.0,0.0,0.0,0.0,0.0,0.0,1.0,0.0,0.0
0396,Lophira alata Banks ex C.F.Gaertn.,12,0.0,0.0,1.0,0.0,0.0,0.0,0.0,0.0,1.0,0.0,0.0,0.0,1.0,0.0,0.0,0.0,0.06112034306953486,0.0,0.0,0.0,0.0,0.0,0.8860913147098435,0.0,0.0,0.0,0.05278834222062159,0.0,0.0,0.0,0.0,0.0,0.0,0.0,0.0,0.0,0.0,0.0,-5.714512839537491,0.6974191756548774,0.23351418172581181,0.3255688796364295,0.6793170778148784,0.0,0.0,0.0,0.0,0.0,0.0,0.0,0.0,0.0,0.0,0.0,0.0,0.0,0.0,0.0,0.0,0.0,0.0,0.0,0.0,0.0,0.0,0.0,0.0,0.0,-3.523441969126614,0.05855990786955975,-1.8281539709102483,2.4028717680534255,0.2511968512077153,0.0,0.0,0.0,0.0,0.0,0.0,0.0,0.0,0.0,0.0,0.0,0.0,0.0,0.0,0.0,-5.555919468640528,0.8976372417839888,0.3200484525499549,0.3565956012645452,0.7739719267818005,0.0,0.0,0.0,0.0,0.0,0.0,0.0,0.0,0.0,0.0,0.0,0.0,0.0,0.0,0.0,0.3268549922957665,0.1074114351142771,0.1566383058441596,0.12868941543476017,0.060572306433156704,0.0,0.0,0.0,0.0,0.0,0.0,0.0,0.0,0.0,0.0,0.0,0.0,0.0,0.0,0.0,0.0,0.0,0.0,0.0,0.0,0.0,0.0,0.0,0.0,0.0,0.30128275638814284,0.012669296954664915,0.19829479700069655,0.18661185798245758,0.047774072968697005,0.0,0.0,0.0,0.0,0.0,0.0,0.0,0.0,0.0,0.0,0.0,0.0,0.0,0.0,0.0,0.2999200018243987,0.038478732545925536,0.0935100676785723,0.11462909949520429,0.01689738006593985,0.0,0.0,0.0,0.0,0.0,0.0,0.0,0.0,0.0,0.0,0.0,0.0,0.0,0.0,0.0,0.0,0.0,0.0,0.0,0.0,0.0,0.0,0.0,0.0,0.0,0.0,0.0,0.0,0.0,0.0,0.0,0.0,1.0,0.0,0.0,0.0,0.0,0.0,1.0,0.0,0.0,0.0,1.0,0.0,0.0,0.0,0.0,0.0,0.0,0.0,0.0,0.0,0.0,0.0,0.0,0.0,0.0,0.0,0.0,0.0,0.0,0.0,0.0,0.0,0.0,0.0,0.0,0.0,0.0,0.0,0.0,0.0,0.0,0.0,0.0,0.0,0.0,0.0,0.0,0.0,0.0,0.0,0.0,0.0,0.0,0.0,0.0,0.0,0.0,1.0,0.0,0.0,0.0,1.0,0.0,0.0,0.0,0.0,0.0,0.0,0.0,0.0,0.0,0.0,0.0,0.0,0.0,1.0,0.0,0.0
0399,Lovoa trichilioides Harms,20,0.0,0.0,1.0,1.0,1.0,0.2,1.0,0.5,0.0,0.0,0.0,0.0,1.0,0.0,0.0,0.0,0.09433932312735863,0.17231462029049976,0.12999946527553077,0.0033448838874662523,0.20232231205293527,0.006346940326230456,0.0,0.0,0.0,0.0,0.39133245503997893,0.0,0.0,0.0,0.0,0.0,0.0,0.0,0.0,0.0,0.0,0.0,-6.910942903280352,0.8280867587933323,0.22736141650392513,0.370455538588625,0.7299215640482026,-5.89054287128021,0.8707686921728065,0.21874062676465997,0.269775686605651,0.7703580977703839,-5.804068480518743,0.7565537209786651,-0.2804265784327262,0.3494781131349202,0.6549495349583646,-6.070992796466475,0.40368205517865086,-0.9179505706131822,1.1035926143345902,0.4835585055083792,-5.006885635827073,0.6073894950847117,-0.3802120413177225,0.6017650369515832,0.6068700341118969,-5.961909379854836,0.8159093102183188,0.2151505517351949,0.27167883824927236,0.7275469065038627,0.0,0.0,0.0,0.0,0.0,0.0,0.0,0.0,0.0,0.0,0.0,0.0,0.0,0.0,0.0,0.0,0.0,0.0,0.0,0.0,-6.579108988359242,0.9251169991499966,0.26176322326652934,0.3222412547065979,0.7774227852263927,0.0,0.0,0.0,0.0,0.0,0.0,0.0,0.0,0.0,0.0,0.0,0.0,0.0,0.0,0.0,0.418587252916416,0.13751941537721354,0.2251084318078394,0.1959865015634121,0.09225920810039713,0.24856765541019787,0.056692591539622215,0.16127653141041537,0.14201125277463128,0.03641818463354215,0.1910386773133938,0.09805554082538062,0.16220621072056535,0.15884679214763903,0.05184080483415239,0.10890061621608482,0.03924070548089543,0.13298378541955055,0.14217589424923527,0.017861820471200718,0.2893655238161369,0.14386280030291496,0.2769546261239555,0.2390732745581448,0.09295711457236067,0.013252580360424867,0.0167189269858894,0.03485921873611399,0.03976038699425022,0.01559815780605322,0.0,0.0,0.0,0.0,0.0,0.0,0.0,0.0,0.0,0.0,0.0,0.0,0.0,0.0,0.0,0.0,0.0,0.0,0.0,0.0,0.24666427893653178,0.031244371089193108,0.1176681296908149,0.1297726021141089,0.029658261180436844,0.0,0.0,0.0,0.0,0.0,0.0,0.0,0.0,0.0,0.0,0.0,0.0,0.0,0.0,0.0,0.0,0.0,0.0,0.0,0.0,0.0,0.0,0.0,0.0,0.0,0.0,0.0,0.0,0.0,0.0,0.0,0.0,1.0,1.0,1.0,0.2,1.0,0.5,0.0,0.0,0.0,0.0,1.0,0.0,1.0,1.0,0.2,1.0,0.5,0.0,0.0,0.0,0.0,1.0,0.0,1.0,0.2,1.0,0.5,0.0,0.0,0.0,0.0,1.0,0.0,1.0,0.2,0.0,0.0,0.0,0.0,0.0,0.2,0.0,1.0,0.5,0.0,0.0,0.0,0.0,1.0,0.0,1.0,0.0,0.0,0.0,0.0,0.5,0.0,0.0,0.0,0.0,0.0,0.0,0.0,0.0,0.0,0.0,0.0,0.0,0.0,0.0,0.0,0.0,0.0,0.0,0.0,1.0,0.0,0.0
0418,Mansonia altissima (A. Chev.) A. Chev.,12,0.0,0.0,0.0,0.0,0.0,0.0,0.0,0.0,0.0,0.0,0.0,0.0,1.0,0.0,0.0,0.0,0.0,0.0,0.0,0.0,0.0,0.0,0.0,0.0,0.0,0.0,1.0,0.0,0.0,0.0,0.0,0.0,0.0,0.0,0.0,0.0,0.0,0.0,0.0,0.0,0.0,0.0,0.0,0.0,0.0,0.0,0.0,0.0,0.0,0.0,0.0,0.0,0.0,0.0,0.0,0.0,0.0,0.0,0.0,0.0,0.0,0.0,0.0,0.0,0.0,0.0,0.0,0.0,0.0,0.0,0.0,0.0,0.0,0.0,0.0,0.0,0.0,0.0,0.0,0.0,0.0,0.0,0.0,0.0,0.0,0.0,0.0,0.0,-7.431940347865765,0.9180253790174456,0.25189094453570443,0.32198098798885805,0.7897930645301106,0.0,0.0,0.0,0.0,0.0,0.0,0.0,0.0,0.0,0.0,0.0,0.0,0.0,0.0,0.0,0.0,0.0,0.0,0.0,0.0,0.0,0.0,0.0,0.0,0.0,0.0,0.0,0.0,0.0,0.0,0.0,0.0,0.0,0.0,0.0,0.0,0.0,0.0,0.0,0.0,0.0,0.0,0.0,0.0,0.0,0.0,0.0,0.0,0.0,0.0,0.0,0.0,0.0,0.0,0.0,0.0,0.0,0.0,0.0,0.0,0.0,0.0,0.0,0.0,0.0,0.35038083554793525,0.02923201763462076,0.13848154126723797,0.13933915590528706,0.03071164006396854,0.0,0.0,0.0,0.0,0.0,0.0,0.0,0.0,0.0,0.0,0.0,0.0,0.0,0.0,0.0,0.0,0.0,0.0,0.0,0.0,0.0,0.0,0.0,0.0,0.0,0.0,0.0,0.0,0.0,0.0,0.0,0.0,0.0,0.0,0.0,0.0,0.0,0.0,0.0,0.0,0.0,0.0,0.0,0.0,0.0,0.0,0.0,0.0,0.0,0.0,0.0,0.0,0.0,0.0,0.0,0.0,0.0,0.0,0.0,0.0,0.0,0.0,0.0,0.0,0.0,0.0,0.0,0.0,0.0,0.0,0.0,0.0,0.0,0.0,0.0,0.0,0.0,0.0,0.0,0.0,0.0,0.0,0.0,0.0,0.0,0.0,0.0,0.0,0.0,0.0,0.0,0.0,0.0,0.0,0.0,0.0,0.0,0.0,0.0,0.0,0.0,0.0,0.0,0.0,0.0,0.0,0.0,1.0,0.0,0.0
0425,Mezilaurus ita-uba (Meisn.) Taub. ex Mez,16,0.0,0.75,1.0,0.0,0.0625,0.0,0.0,0.0,0.0,0.0,0.0,0.0,1.0,0.0,0.0,0.1296471609298324,0.6147283486821373,0.0,0.008340753450354416,0.0,0.0,0.0,0.0,0.0,0.0,0.0,0.24728373693767605,0.0,0.0,0.0,0.0,0.0,0.0,-7.219702897038617,0.6325922031567689,0.1296620945963982,0.26835696263841724,0.6993832559516435,-6.852881228882455,0.714024786741214,0.20457157758239977,0.3645011664605083,0.815547134989022,0.0,0.0,0.0,0.0,0.0,-5.821140600599504,0.7386985516515526,-0.0953101798043249,0.14880483021948737,0.7485409652076319,0.0,0.0,0.0,0.0,0.0,0.0,0.0,0.0,0.0,0.0,0.0,0.0,0.0,0.0,0.0,0.0,0.0,0.0,0.0,0.0,0.0,0.0,0.0,0.0,0.0,0.0,0.0,0.0,0.0,0.0,0.0,0.0,0.0,0.0,0.0,-7.398357977842338,0.7132959697688676,0.14204453940367326,0.3662966115130057,0.7181643022151699,0.0,0.0,0.0,0.0,0.0,0.0,0.0,0.0,0.0,0.0,0.19662056652765428,0.08435045056164064,0.11695538403428468,0.0841481479882208,0.05152394400939869,0.26685462865917436,0.053492377655007535,0.15410879167224562,0.1830750504009937,0.05767303151142341,0.0,0.0,0.0,0.0,0.0,0.0,0.0,0.0,0.0,0.0,0.0,0.0,0.0,0.0,0.0,0.0,0.0,0.0,0.0,0.0,0.0,0.0,0.0,0.0,0.0,0.0,0.0,0.0,0.0,0.0,0.0,0.0,0.0,0.0,0.0,0.0,0.0,0.0,0.0,0.0,0.0,0.0,0.0,0.0,0.0,0.4947356064552803,0.1159273306081628,0.2280546160329197,0.21507850021497243,0.09624432930987545,0.0,0.0,0.0,0.0,0.0,0.0,0.0,0.0,0.0,0.0,0.0,0.0,0.0,0.0,0.0,0.0,0.0,0.0,0.0,1.0,0.75,0.0,0.08333333333333333,0.0,0.0,0.0,0.0,0.0,0.0,0.0,0.75,0.0,1.0,0.0,0.0625,0.0,0.0,0.0,0.0,0.0,0.0,0.0,1.0,0.0,0.0,0.0,0.0,0.0,0.0,0.0,0.0,0.0,0.0,0.0,0.0,1.0,0.0,0.0,0.0,0.0,0.0,0.0,0.0,0.0625,0.0,0.0,0.0,0.0,0.0,0.0,0.0,0.0,0.0,0.0,0.0,0.0,0.0,0.0,0.0,0.0,0.0,0.0,0.0,0.0,0.0,0.0,0.0,0.0,0.0,0.0,0.0,0.0,0.0,0.0,0.0,0.0,0.0,0.0,0.0,0.0,0.0,0.0,0.0,0.0,0.0,0.0,0.0,1.0,0.0,0.0
0426,Microberlinia brazzavillensis A. Chev.,15,0.0,0.0,1.0,0.0,1.0,1.0,0.6666666666666666,0.0,0.3333333333333333,0.0,0.0,0.0,1.0,0.0,0.0,0.0,0.047288135157506024,0.0,0.4442269112028062,0.2366587143664474,0.0722713271401825,0.0,0.03855110364321185,0.0,0.0,0.0,0.16100380848984608,0.0,0.0,0.0,0.0,0.0,0.0,0.0,0.0,0.0,0.0,0.0,-6.039927537750325,0.8996442599990483,0.12904511343133515,0.265971517944934,0.741563882641427,0.0,0.0,0.0,0.0,0.0,-4.833439916574944,0.5328446858157897,-0.47142472532959434,0.48976994841656735,0.5663124823346039,-4.64751696197232,0.3215534081568221,-0.8166661373790641,0.946138697524279,0.44380297563132537,-4.108502507437128,0.317528589132682,-0.7721668394343247,0.8918054971492966,0.47486203257133175,0.0,0.0,0.0,0.0,0.0,-4.151577516781039,0.06467617776970355,-2.073190070733798,2.54312014738228,0.27169787929629313,0.0,0.0,0.0,0.0,0.0,0.0,0.0,0.0,0.0,0.0,0.0,0.0,0.0,0.0,0.0,-6.074381205138707,0.9443917544272551,0.18046323774566672,0.23599503607371433,0.7685920212256181,0.0,0.0,0.0,0.0,0.0,0.0,0.0,0.0,0.0,0.0,0.0,0.0,0.0,0.0,0.0,0.3622404442474186,0.0776380541262839,0.13499250142921412,0.12244527631551974,0.047609409116644116,0.0,0.0,0.0,0.0,0.0,0.20613361304878441,0.05902986842964481,0.13758193140885788,0.14091982323491808,0.03251784441089272,0.19615546522151528,0.09748996988843818,0.2767100895963272,0.33737503833755156,0.07149321766972902,0.10891025419869478,0.035536020836894236,0.182161428724145,0.17580089339730032,0.034243035377613605,0.0,0.0,0.0,0.0,0.0,0.11012795722301176,0.010884042034882465,0.12644527867078192,0.18791338056776716,0.02672775792468358,0.0,0.0,0.0,0.0,0.0,0.0,0.0,0.0,0.0,0.0,0.0,0.0,0.0,0.0,0.0,0.38170917328085374,0.028704650386109757,0.10511727418184542,0.10217051610115097,0.024004010919491597,0.0,0.0,0.0,0.0,0.0,0.0,0.0,0.0,0.0,0.0,0.0,0.0,0.0,0.0,0.0,0.0,0.0,0.0,0.0,0.0,0.0,0.0,0.0,0.0,0.0,0.0,0.0,0.0,0.0,0.0,0.0,0.0,1.0,0.0,1.0,1.0,0.6666666666666666,0.0,0.3333333333333333,0.0,0.0,0.0,1.0,0.0,0.0,0.0,0.0,0.0,0.0,0.0,0.0,0.0,0.0,0.0,0.0,1.0,1.0,0.6666666666666666,0.0,0.3333333333333333,0.0,0.0,0.0,1.0,0.0,1.0,0.6666666666666666,0.0,0.3333333333333333,0.0,0.0,0.0,1.0,0.0,1.0,0.0,0.25,0.0,0.0,0.0,0.6666666666666666,0.0,0.0,0.0,0.0,0.0,0.0,0.0,0.0,1.0,0.0,0.0,0.0,0.3333333333333333,0.0,0.0,0.0,0.0,0.0,0.0,0.0,0.0,0.0,0.0,0.0,0.0,0.0,1.0,0.0,0.0
0430,Milicia excelsa (Welw.) C.C. Berg,10,0.0,1.0,0.0,0.7,1.0,1.0,1.0,0.0,0.5,0.0,0.6,0.0,1.0,0.0,0.0,0.06347379804955215,0.0,0.019473407577323323,0.2057096042129852,0.24695522268849374,0.21284251673408713,0.0,0.0758289136671855,0.0,0.08843422050645255,0.0,0.08728231656392052,0.0,0.0,0.0,0.0,0.0,0.0,-6.1255449815097105,0.8360290131748765,0.17043825504152754,0.34251083510202646,0.7246027558476372,0.0,0.0,0.0,0.0,0.0,-4.733491584215224,0.5527548465523503,-0.10687731794546078,0.22148963528845936,0.6547695397637154,-4.4480464372111115,0.44842103957133794,-0.5769309234338917,0.5621835525619112,0.5852362477824131,-4.018374338157773,0.2156895049285792,-1.2642582368164619,1.3796500344031277,0.4605548694677786,-3.4826415014544105,0.20245668469673633,-1.209289994000492,1.378353591262922,0.4447851645868156,0.0,0.0,0.0,0.0,0.0,-2.996738170998017,0.08032019806626627,-1.8386938133532584,2.1491460006548544,0.3218798605466787,0.0,0.0,0.0,0.0,0.0,-2.9940445298785012,0.08002502055586264,-1.8095817650004482,2.1514928208437176,0.31296669381614584,0.0,0.0,0.0,0.0,0.0,-6.029266489436734,0.8811989903193916,0.19772373629815415,0.24277373128524257,0.7590728244155668,0.0,0.0,0.0,0.0,0.0,0.0,0.0,0.0,0.0,0.0,0.58770259651258,0.13971547429920012,0.23833805441832695,0.1956456606713758,0.08476317646237994,0.0,0.0,0.0,0.0,0.0,0.036813981957208676,0.016805404691224317,0.0911248004156578,0.012793599454603259,0.006642057032930486,0.2572218468806414,0.06270005436616455,0.1651054309362833,0.17767600924873336,0.05051581401246049,0.4292276372965095,0.07613182642028155,0.25775343175036214,0.3316221580811106,0.07676579912662049,0.2277720804345133,0.060077593887310245,0.1891155201765638,0.2660881704183732,0.06780709148184987,0.0,0.0,0.0,0.0,0.0,0.039564920002285044,0.0008632257027243878,0.017504558361958234,0.02625721053687462,0.002219879658042434,0.0,0.0,0.0,0.0,0.0,0.032969681163440345,0.0007194028302172593,0.01459984172469527,0.021583589244639618,0.0018539868305370484,0.0,0.0,0.0,0.0,0.0,0.44198334199762745,0.08430393980719358,0.10691093785590138,0.10020441918827713,0.036348813969025416,0.0,0.0,0.0,0.0,0.0,0.0,0.0,0.0,0.0,0.0,0.0,0.0,0.0,0.0,0.0,0.0,0.0,0.0,0.0,1.0,0.0,0.7,1.0,1.0,1.0,0.0,0.5,0.0,0.6,0.0,1.0,0.0,0.0,0.0,0.0,0.0,0.0,0.0,0.0,0.0,0.0,0.0,0.0,0.0,1.0,0.7,0.7,0.7,0.0,0.5,0.0,0.625,0.0,0.7,0.0,1.0,1.0,1.0,0.0,0.5,0.0,0.6,0.0,1.0,0.0,1.0,1.0,0.0,0.5,0.0,0.6,0.0,1.0,0.0,1.0,0.0,0.5,0.0,0.6,0.0,1.0,0.0,0.0,0.0,0.0,0.0,0.0,0.0,0.0,1.0,0.0,0.8333333333333334,0.0,0.5,0.0,0.0,0.0,0.0,0.0,0.0,1.0,0.0,0.6,0.0,0.0,0.0,0.0,1.0,0.0,0.0
0431,Millettia laurentii De Wild.,14,0.0,0.0,0.9285714285714286,0.0,0.42857142857142855,0.0,0.07142857142857142,0.0,1.0,0.0,0.0,0.0,1.0,0.0,0.0,0.0,0.015217200250406262,0.0,0.009397883670151123,0.0,0.0022402400951457234,0.0,0.8890265596828227,0.0,0.0,0.0,0.08411811630147407,0.0,0.0,0.0,0.0,0.0,0.0,0.0,0.0,0.0,0.0,0.0,-6.460108009577946,0.6793658504420008,0.21139804662541684,0.5202777754794522,0.6376036607116528,0.0,0.0,0.0,0.0,0.0,-4.785917438784055,0.8372861296002213,-0.27206026811759604,0.23400272183464513,0.6971317726315734,0.0,0.0,0.0,0.0,0.0,-4.382054901740057,0.5528920385769838,0.5954202897571902,0.5043341073844358,0.737490625409729,0.0,0.0,0.0,0.0,0.0,-2.60952652525456,0.11811299903285744,-1.5885419961628837,1.8445137938552865,0.4117729193301113,0.0,0.0,0.0,0.0,0.0,0.0,0.0,0.0,0.0,0.0,0.0,0.0,0.0,0.0,0.0,-5.809971245195986,0.9173458942813116,0.268894803218187,0.3016037234623075,0.7708624350495495,0.0,0.0,0.0,0.0,0.0,0.0,0.0,0.0,0.0,0.0,0.0,0.0,0.0,0.0,0.0,0.4868048587687822,0.15631537418859648,0.2222059352109246,0.24843991369690394,0.09560881652100242,0.0,0.0,0.0,0.0,0.0,0.0,0.0,0.0,0.0,0.0,0.0,0.0,0.0,0.0,0.0,0.0,0.0,0.0,0.0,0.0,0.0,0.0,0.0,0.0,0.0,0.3092231048552158,0.028155895954230566,0.26721195722485164,0.2878451358264532,0.07650969365608405,0.0,0.0,0.0,0.0,0.0,0.0,0.0,0.0,0.0,0.0,0.0,0.0,0.0,0.0,0.0,0.46078741032257814,0.037251935386064146,0.09092031483038222,0.101269645724307,0.023025984732497153,0.0,0.0,0.0,0.0,0.0,0.0,0.0,0.0,0.0,0.0,0.0,0.0,0.0,0.0,0.0,0.0,0.0,0.0,0.0,0.0,0.0,0.0,0.0,0.0,0.0,0.0,0.0,0.0,0.0,0.0,0.0,0.0,1.0,0.0,0.46153846153846156,0.0,0.07692307692307693,0.0,0.9285714285714286,0.0,0.0,0.0,0.9285714285714286,0.0,0.0,0.0,0.0,0.0,0.0,0.0,0.0,0.0,0.0,0.0,0.0,1.0,0.0,0.0,0.0,0.42857142857142855,0.0,0.0,0.0,0.42857142857142855,0.0,0.0,0.0,0.0,0.0,0.0,0.0,0.0,0.0,0.0,1.0,0.0,0.07142857142857142,0.0,0.0,0.0,0.07142857142857142,0.0,0.0,0.0,0.0,0.0,0.0,0.0,0.0,1.0,0.0,0.0,0.0,1.0,0.0,0.0,0.0,0.0,0.0,0.0,0.0,0.0,0.0,0.0,0.0,0.0,0.0,1.0,0.0,0.0
0461,Ochroma pyramidale (Cav. ex Lam.) Urb.,18,0.0,0.0,0.0,0.0,0.0,0.0,0.0,0.0,0.0,0.0,0.0,0.0,1.0,0.9444444444444444,0.0,0.0,0.0,0.0,0.0,0.0,0.0,0.0,0.0,0.0,0.0,0.0,0.26887782270280036,0.7311221772971996,0.0,0.0,0.0,0.0,0.0,0.0,0.0,0.0,0.0,0.0,0.0,0.0,0.0,0.0,0.0,0.0,0.0,0.0,0.0,0.0,0.0,0.0,0.0,0.0,0.0,0.0,0.0,0.0,0.0,0.0,0.0,0.0,0.0,0.0,0.0,0.0,0.0,0.0,0.0,0.0,0.0,0.0,0.0,0.0,0.0,0.0,0.0,0.0,0.0,0.0,0.0,0.0,0.0,0.0,0.0,0.0,0.0,0.0,0.0,0.0,-6.209009013947628,0.9283459331539434,0.1793475187033692,0.2481805457383953,0.7723775194017062,-3.8606311173184586,0.06704630826857265,2.543169377368184,3.196924949945581,0.31678912237656354,0.0,0.0,0.0,0.0,0.0,0.0,0.0,0.0,0.0,0.0,0.0,0.0,0.0,0.0,0.0,0.0,0.0,0.0,0.0,0.0,0.0,0.0,0.0,0.0,0.0,0.0,0.0,0.0,0.0,0.0,0.0,0.0,0.0,0.0,0.0,0.0,0.0,0.0,0.0,0.0,0.0,0.0,0.0,0.0,0.0,0.0,0.0,0.0,0.0,0.0,0.0,0.0,0.0,0.0,0.0,0.0,0.0,0.0,0.0,0.0,0.39022110225417667,0.028749981837904393,0.11570434891849644,0.10470825660058958,0.02763210706605747,0.13167005853512415,0.0077212547889103185,0.14605771697432895,0.12549036219943566,0.05392562682653307,0.0,0.0,0.0,0.0,0.0,0.0,0.0,0.0,0.0,0.0,0.0,0.0,0.0,0.0,0.0,0.0,0.0,0.0,0.0,0.0,0.0,0.0,0.0,0.0,0.0,0.0,0.0,0.0,0.0,0.0,0.0,0.0,0.0,0.0,0.0,0.0,0.0,0.0,0.0,0.0,0.0,0.0,0.0,0.0,0.0,0.0,0.0,0.0,0.0,0.0,0.0,0.0,0.0,0.0,0.0,0.0,0.0,0.0,0.0,0.0,0.0,0.0,0.0,0.0,0.0,0.0,0.0,0.0,0.0,0.0,0.0,0.0,0.0,0.0,0.0,0.0,0.0,0.0,0.0,0.0,0.0,0.0,0.0,0.0,0.0,0.0,0.0,0.0,0.0,0.0,0.0,0.0,0.0,0.0,0.0,0.0,0.0,0.0,0.0,0.0,0.0,0.0,1.0,0.9444444444444444,1.0
0478,Peltogyne Vogel,15,0.0,0.0,1.0,0.0,1.0,0.0,1.0,0.2,0.0,0.0,0.9333333333333333,0.0,1.0,0.0,0.0,0.0,0.04108536924522943,0.0,0.35383537594197456,0.0,0.3372877639652709,0.0034377727216832457,0.0,0.0,0.11113166350364928,0.0,0.1532220546221926,0.0,0.0,0.0,0.0,0.0,0.0,0.0,0.0,0.0,0.0,0.0,-6.327990256205462,0.8442461559102152,0.03925882040627582,0.2906536026929327,0.7367015035639589,0.0,0.0,0.0,0.0,0.0,-4.750765051594698,0.5373889660076387,-0.3530526212908453,0.4285464655134156,0.5895389175417621,0.0,0.0,0.0,0.0,0.0,-3.799676338126201,0.32223408335946513,-0.7395227969214189,0.9876835521403584,0.4686055324579554,-5.26247599821312,0.6679880196647128,0.29089636210715875,0.36230448943318144,0.7102133253508983,0.0,0.0,0.0,0.0,0.0,0.0,0.0,0.0,0.0,0.0,-3.776453730992163,0.044540857829594147,-2.1520785622717926,2.5655609441317795,0.22334072499906718,0.0,0.0,0.0,0.0,0.0,-6.2234660911568565,0.9297930515189955,0.22031985811025717,0.26791589428764495,0.7782704501702565,0.0,0.0,0.0,0.0,0.0,0.0,0.0,0.0,0.0,0.0,0.0,0.0,0.0,0.0,0.0,0.4359455310766266,0.10823498214679682,0.22309112358785796,0.1519334480627501,0.06733106231212736,0.0,0.0,0.0,0.0,0.0,0.21534307935661517,0.11057195384740437,0.16840970637871083,0.17861765166734464,0.05510597745863219,0.0,0.0,0.0,0.0,0.0,0.3169897674244389,0.10708614422367838,0.2963429107217023,0.2523143183776965,0.07512844929663638,0.08408248231260806,0.013392487372913283,0.05581445148956826,0.05446166439003683,0.03478470005475872,0.0,0.0,0.0,0.0,0.0,0.0,0.0,0.0,0.0,0.0,0.29198934717221553,0.00996981240398794,0.1401751153463882,0.1580378777053901,0.03409705777540244,0.0,0.0,0.0,0.0,0.0,0.312764124716925,0.04212114777872014,0.11507177998045591,0.11832037816462865,0.02537769810141573,0.0,0.0,0.0,0.0,0.0,0.0,0.0,0.0,0.0,0.0,0.0,0.0,0.0,0.0,0.0,0.0,0.0,0.0,0.0,0.0,0.0,0.0,0.0,0.0,0.0,0.0,0.0,0.0,0.0,0.0,0.0,0.0,1.0,0.0,1.0,0.0,1.0,0.2,0.0,0.0,0.9333333333333333,0.0,1.0,0.0,0.0,0.0,0.0,0.0,0.0,0.0,0.0,0.0,0.0,0.0,0.0,1.0,0.0,1.0,0.2,0.0,0.0,0.9333333333333333,0.0,1.0,0.0,0.0,0.0,0.0,0.0,0.0,0.0,0.0,0.0,0.0,1.0,0.2,0.0,0.0,0.9333333333333333,0.0,1.0,0.0,1.0,0.0,0.0,0.21428571428571427,0.0,0.2,0.0,0.0,0.0,0.0,0.0,0.0,0.0,0.0,0.0,0.0,0.0,0.0,1.0,0.0,0.9333333333333333,0.0,0.0,0.0,0.0,1.0,0.0,0.0
0479,Peltogyne catingae Ducke,12,0.0,0.0,0.0,0.0,1.0,0.0,1.0,1.0,0.0,0.0,0.9166666666666666,0.0,1.0,0.16666666666666666,0.0,0.0,0.0,0.0,0.407465408475115,0.0,0.3389625196960742,0.0932555056044669,0.0,0.0,0.045029635123968244,0.0,0.06698328068577157,0.04830365041460395,0.0,0.0,0.0,0.0,0.0,0.0,0.0,0.0,0.0,0.0,0.0,0.0,0.0,0.0,0.0,0.0,0.0,0.0,0.0,0.0,-4.689383730498967,0.5502834797067232,-0.9351469500764152,0.9605594437756858,0.6280729641996784,0.0,0.0,0.0,0.0,0.0,-3.744135655357361,0.3410037269917625,-1.2310556774833905,1.3977327550638916,0.5013540271364071,-4.871960649371249,0.6102374909273922,-0.745290889587522,0.7537606304653179,0.6305871266271038,0.0,0.0,0.0,0.0,0.0,0.0,0.0,0.0,0.0,0.0,-4.177963833965827,0.0369843713359977,-2.6108429693756388,3.0635409251580428,0.25258170798175406,0.0,0.0,0.0,0.0,0.0,-6.858273289279004,0.9373975710587302,0.19284321424366344,0.26274383554166647,0.7808509091497126,-4.55206947496637,0.02619592149329045,2.6612603863529483,3.3959669210690366,0.1735012128944094,0.0,0.0,0.0,0.0,0.0,0.0,0.0,0.0,0.0,0.0,0.0,0.0,0.0,0.0,0.0,0.0,0.0,0.0,0.0,0.0,0.31879592281804586,0.10392377342153664,0.24928761056456303,0.2710410785039279,0.049736407657214564,0.0,0.0,0.0,0.0,0.0,0.3215547718776494,0.10819232788473071,0.32285828464900507,0.32147881523966265,0.07309533138541512,0.20419851864780314,0.08588549295547504,0.19641993576104802,0.20535539834318406,0.04258649042318158,0.0,0.0,0.0,0.0,0.0,0.0,0.0,0.0,0.0,0.0,0.04245861501640163,0.0007064062642036752,0.022974368440236228,0.019734526246314787,0.0055993262874782035,0.0,0.0,0.0,0.0,0.0,0.3407079895988574,0.022563100615718642,0.10459362584580323,0.09798499890488561,0.025320949144123858,0.09839598404387959,0.002162100976029071,0.23980467763513624,0.0913371544191526,0.04120197556535039,0.0,0.0,0.0,0.0,0.0,0.0,0.0,0.0,0.0,0.0,0.0,0.0,0.0,0.0,0.0,0.0,0.0,0.0,0.0,0.0,0.0,0.0,0.0,0.0,0.0,0.0,0.0,0.0,0.0,0.0,0.0,0.0,0.0,0.0,0.0,0.0,0.0,0.0,0.0,0.0,0.0,0.0,0.0,0.0,0.0,0.0,0.0,0.0,0.0,0.0,1.0,0.0,1.0,1.0,0.0,0.0,0.9166666666666666,0.0,1.0,0.16666666666666666,0.0,0.0,0.0,0.0,0.0,0.0,0.0,0.0,0.0,1.0,1.0,0.0,0.0,0.9166666666666666,0.0,1.0,0.16666666666666666,1.0,0.0,0.0,0.9166666666666666,0.0,1.0,0.16666666666666666,0.0,0.0,0.0,0.0,0.0,0.0,0.0,0.0,0.0,0.0,0.0,1.0,0.0,0.9166666666666666,0.18181818181818182,0.0,0.0,0.0,1.0,0.16666666666666666,1.0
0480,Peltogyne mexicana Martínez,10,0.0,0.0,1.0,0.0,1.0,0.0,1.0,1.0,0.0,0.0,0.5,0.0,1.0,0.0,0.0,0.0,0.04964269903298376,0.0,0.3150924368323512,0.0,0.43307933033852214,0.027630132524780082,0.0,0.0,0.02329991323734229,0.0,0.15125548803402056,0.0,0.0,0.0,0.0,0.0,0.0,0.0,0.0,0.0,0.0,0.0,-7.3456612654398254,0.871896265502448,-0.025899193538964294,0.32317881737325416,0.7497149100292397,0.0,0.0,0.0,0.0,0.0,-5.794632080031716,0.6954201385862007,-0.3128307348356704,0.3965688160720368,0.6042553302242342,0.0,0.0,0.0,0.0,0.0,-5.001480416164259,0.4493016214161479,-0.6966152820439653,0.9145811177196315,0.5105717577745039,-6.243533682667827,0.8034563064860182,0.13365081195348,0.3050879264345515,0.7087811506918721,0.0,0.0,0.0,0.0,0.0,0.0,0.0,0.0,0.0,0.0,-4.304490083106976,0.02549492591496002,-2.547769403305616,3.267762421803847,0.18021906303164642,0.0,0.0,0.0,0.0,0.0,-7.256472877188197,0.9386044155708916,0.17505488375976808,0.25464264491995914,0.7774093714529842,0.0,0.0,0.0,0.0,0.0,0.0,0.0,0.0,0.0,0.0,0.0,0.0,0.0,0.0,0.0,0.42521737006159144,0.09132230074313857,0.25807997388849435,0.19954077686140242,0.06358095521750028,0.0,0.0,0.0,0.0,0.0,0.2763358711279887,0.0944506598715796,0.2266597548110946,0.20072920715344292,0.05460378693605933,0.0,0.0,0.0,0.0,0.0,0.33825787213019454,0.13987292682202185,0.3272149379048098,0.31640313550004834,0.09505742096676775,0.17049800512588867,0.04283786601925751,0.14025557830038982,0.10809082110125467,0.040100056800074654,0.0,0.0,0.0,0.0,0.0,0.0,0.0,0.0,0.0,0.0,0.0,0.0,0.0,0.0,0.0,0.0,0.0,0.0,0.0,0.0,0.3233263722372165,0.02078652267558701,0.1085186176526615,0.11679004191801087,0.026687302909233122,0.0,0.0,0.0,0.0,0.0,0.0,0.0,0.0,0.0,0.0,0.0,0.0,0.0,0.0,0.0,0.0,0.0,0.0,0.0,0.0,0.0,0.0,0.0,0.0,0.0,0.0,0.0,0.0,0.0,0.0,0.0,0.0,1.0,0.0,1.0,0.0,1.0,1.0,0.0,0.0,0.5,0.0,1.0,0.0,0.0,0.0,0.0,0.0,0.0,0.0,0.0,0.0,0.0,0.0,0.0,1.0,0.0,1.0,1.0,0.0,0.0,0.5,0.0,1.0,0.0,0.0,0.0,0.0,0.0,0.0,0.0,0.0,0.0,0.0,1.0,1.0,0.0,0.0,0.5,0.0,1.0,0.0,1.0,0.0,0.0,0.5,0.0,1.0,0.0,0.0,0.0,0.0,0.0,0.0,0.0,0.0,0.0,0.0,0.0,0.0,1.0,0.0,0.5,0.0,0.0,0.0,0.0,1.0,0.0,0.0
0530,Pterocarpus soyauxii Taub.,9,0.0,0.0,0.0,0.0,0.1111111111111111,1.0,0.0,0.0,1.0,0.5555555555555556,0.0,0.0,1.0,0.0,0.0,0.0,0.0,0.0,0.003702959061251684,0.11162857929253792,0.0,0.0,0.6746976834383908,0.08483988705798465,0.0,0.0,0.1251308911498349,0.0,0.0,0.0,0.0,0.0,0.0,0.0,0.0,0.0,0.0,0.0,0.0,0.0,0.0,0.0,0.0,0.0,0.0,0.0,0.0,0.0,-5.0528819140246775,0.6229530915906942,-0.09592012187873925,0.24892904461160717,0.5884555573743657,-4.5079972571609,0.268191068696818,-0.8259358248212821,1.0022746875088584,0.4158112342658926,0.0,0.0,0.0,0.0,0.0,0.0,0.0,0.0,0.0,0.0,-3.7838754561146097,0.054160229761645216,-2.0732640389049686,2.4818448627684804,0.2556524307794293,-4.580380567646225,0.0479806847185353,-2.12465039839592,2.634411412827074,0.24267416479058895,0.0,0.0,0.0,0.0,0.0,0.0,0.0,0.0,0.0,0.0,-5.876908951188517,0.9491927152548292,0.18773113969742578,0.2489457985443741,0.7748705082025128,0.0,0.0,0.0,0.0,0.0,0.0,0.0,0.0,0.0,0.0,0.0,0.0,0.0,0.0,0.0,0.0,0.0,0.0,0.0,0.0,0.0,0.0,0.0,0.0,0.0,0.0,0.0,0.0,0.0,0.0,0.07288184379837118,0.0406479396558543,0.10434449690616768,0.13716826781393196,0.024625003002168036,0.0,0.0,0.0,0.0,0.0,0.0,0.0,0.0,0.0,0.0,0.1883045390616221,0.012741470441891941,0.2273686068889901,0.2149885109631901,0.03644867495608992,0.25865572107089335,0.00928615578447925,0.14186439270306658,0.1311770366942318,0.03740743598842363,0.0,0.0,0.0,0.0,0.0,0.0,0.0,0.0,0.0,0.0,0.621966207329598,0.015139591446457953,0.11452441651780781,0.09150991039045615,0.020206092167012506,0.0,0.0,0.0,0.0,0.0,0.0,0.0,0.0,0.0,0.0,0.0,0.0,0.0,0.0,0.0,0.0,0.0,0.0,0.0,0.0,0.0,0.0,0.0,0.0,0.0,0.0,0.0,0.0,0.0,0.0,0.0,0.0,0.0,0.0,0.0,0.0,0.0,0.0,0.0,0.0,0.0,0.0,0.0,0.0,0.0,0.0,0.0,0.0,0.0,0.0,0.0,0.0,0.0,0.0,0.0,1.0,0.1111111111111111,0.0,0.0,0.1111111111111111,0.0,0.0,0.0,0.1111111111111111,0.0,1.0,0.0,0.0,1.0,0.5555555555555556,0.0,0.0,1.0,0.0,0.0,0.0,0.0,0.0,0.0,0.0,0.0,0.0,0.0,0.0,0.0,0.0,0.0,0.0,0.0,1.0,0.5555555555555556,0.0,0.0,1.0,0.0,1.0,0.0,0.0,0.5555555555555556,0.0,0.0,0.0,0.0,0.0,0.0,0.0,0.0,1.0,0.0,0.0
0541,Pterygota macrocarpa K. Schum.,14,0.0,0.0,0.0,0.0,0.0,0.0,0.0,0.0,1.0,0.0,0.0,0.0,1.0,0.0,0.0,0.0,0.0,0.0,0.0,0.0,0.0,0.0,0.9195727561453433,0.0,0.0,0.0,0.08042724385465673,0.0,0.0,0.0,0.0,0.0,0.0,0.0,0.0,0.0,0.0,0.0,0.0,0.0,0.0,0.0,0.0,0.0,0.0,0.0,0.0,0.0,0.0,0.0,0.0,0.0,0.0,0.0,0.0,0.0,0.0,0.0,0.0,0.0,0.0,0.0,0.0,0.0,0.0,0.0,0.0,0.0,-3.0818503602030263,0.08943974949223525,-1.8186048828193926,2.090121614788005,0.3621134807256386,0.0,0.0,0.0,0.0,0.0,0.0,0.0,0.0,0.0,0.0,0.0,0.0,0.0,0.0,0.0,-5.990876443711966,0.9286545549345874,0.330093670697928,0.3672503763555944,0.7866341148397566,0.0,0.0,0.0,0.0,0.0,0.0,0.0,0.0,0.0,0.0,0.0,0.0,0.0,0.0,0.0,0.0,0.0,0.0,0.0,0.0,0.0,0.0,0.0,0.0,0.0,0.0,0.0,0.0,0.0,0.0,0.0,0.0,0.0,0.0,0.0,0.0,0.0,0.0,0.0,0.0,0.0,0.0,0.0,0.0,0.0,0.2754527133426998,0.01958093514860691,0.22043287596363004,0.24092396253263396,0.057817149250971,0.0,0.0,0.0,0.0,0.0,0.0,0.0,0.0,0.0,0.0,0.0,0.0,0.0,0.0,0.0,0.2810536039532458,0.02171664013334534,0.10580292830868361,0.12434662227688575,0.015215035237594566,0.0,0.0,0.0,0.0,0.0,0.0,0.0,0.0,0.0,0.0,0.0,0.0,0.0,0.0,0.0,0.0,0.0,0.0,0.0,0.0,0.0,0.0,0.0,0.0,0.0,0.0,0.0,0.0,0.0,0.0,0.0,0.0,0.0,0.0,0.0,0.0,0.0,0.0,0.0,0.0,0.0,0.0,0.0,0.0,0.0,0.0,0.0,0.0,0.0,0.0,0.0,0.0,0.0,0.0,0.0,0.0,0.0,0.0,0.0,0.0,0.0,0.0,0.0,0.0,0.0,0.0,0.0,0.0,0.0,0.0,0.0,0.0,0.0,0.0,0.0,0.0,0.0,0.0,0.0,0.0,0.0,0.0,0.0,0.0,0.0,0.0,0.0,0.0,0.0,1.0,0.0,0.0,0.0,1.0,0.0,0.0,0.0,0.0,0.0,0.0,0.0,0.0,0.0,0.0,0.0,0.0,0.0,1.0,0.0,0.0
0542,Pycnanthus angolensis (Welw.) Warb.,15,0.0,1.0,0.0,0.0,0.0,0.0,0.0,0.0,0.0,0.0,0.0,0.0,1.0,0.9333333333333333,0.0,0.2975611159866041,0.0,0.0,0.0,0.0,0.0,0.0,0.0,0.0,0.0,0.0,0.3856078184019809,0.31683106561141494,0.0,0.0,0.0,0.0,0.0,-6.320259257362172,0.8093423441603992,0.18818699400591937,0.3520249532919241,0.7196418819854712,0.0,0.0,0.0,0.0,0.0,0.0,0.0,0.0,0.0,0.0,0.0,0.0,0.0,0.0,0.0,0.0,0.0,0.0,0.0,0.0,0.0,0.0,0.0,0.0,0.0,0.0,0.0,0.0,0.0,0.0,0.0,0.0,0.0,0.0,0.0,0.0,0.0,0.0,0.0,0.0,0.0,0.0,0.0,0.0,0.0,0.0,0.0,0.0,0.0,0.0,-6.027133734359248,0.9279107614086021,0.240244534536259,0.29975005668533944,0.7808565668913293,-4.153519700652789,0.043967902100640825,2.964058436706214,3.377802257005372,0.3260512155111656,0.0,0.0,0.0,0.0,0.0,0.4637730969496164,0.17366103770844846,0.2340162194411331,0.20359596144619987,0.10529654568807657,0.0,0.0,0.0,0.0,0.0,0.0,0.0,0.0,0.0,0.0,0.0,0.0,0.0,0.0,0.0,0.0,0.0,0.0,0.0,0.0,0.0,0.0,0.0,0.0,0.0,0.0,0.0,0.0,0.0,0.0,0.0,0.0,0.0,0.0,0.0,0.0,0.0,0.0,0.0,0.0,0.0,0.0,0.0,0.0,0.0,0.0,0.0,0.0,0.0,0.0,0.30254285083549937,0.026572445977499477,0.11572424147196557,0.11906006704556514,0.028472328075444066,0.09848035142714806,0.004008902306675847,0.0801543464914648,0.09450172921177133,0.0390561668420627,0.0,0.0,0.0,0.0,0.0,0.0,0.0,0.0,0.0,0.0,0.0,0.0,0.0,0.0,1.0,0.0,0.0,0.0,0.0,0.0,0.0,0.0,0.0,0.0,0.0,1.0,0.9333333333333333,0.0,0.0,0.0,0.0,0.0,0.0,0.0,0.0,0.0,0.0,0.0,0.0,0.0,0.0,0.0,0.0,0.0,0.0,0.0,0.0,0.0,0.0,0.0,0.0,0.0,0.0,0.0,0.0,0.0,0.0,0.0,0.0,0.0,0.0,0.0,0.0,0.0,0.0,0.0,0.0,0.0,0.0,0.0,0.0,0.0,0.0,0.0,0.0,0.0,0.0,0.0,0.0,0.0,0.0,0.0,0.0,0.0,0.0,0.0,0.0,0.0,0.0,0.0,0.0,0.0,0.0,0.0,0.0,0.0,0.0,0.0,0.0,0.0,0.0,0.0,1.0,0.9333333333333333,1.0
0550,Quercus mongolica Fisch. ex Ledeb.,6,1.0,0.6666666666666666,0.0,0.0,0.0,0.0,0.0,0.0,0.0,1.0,0.0,0.0,1.0,1.0,0.4239181813798657,0.04743434083804549,0.0,0.0,0.0,0.0,0.0,0.0,0.0,0.04703688858723919,0.0,0.0,0.2550092316105011,0.22660135758434843,-4.343422168419003,0.281087030689752,-0.866547458255312,1.0013331946703055,0.5150410659017607,-6.206719472820598,0.7019403807710625,0.023335624255111733,0.2687538388084644,0.7098821573495196,0.0,0.0,0.0,0.0,0.0,0.0,0.0,0.0,0.0,0.0,0.0,0.0,0.0,0.0,0.0,0.0,0.0,0.0,0.0,0.0,0.0,0.0,0.0,0.0,0.0,0.0,0.0,0.0,0.0,0.0,0.0,0.0,0.0,0.0,0.0,-6.05227500724844,0.12729136105135622,1.4692216972381476,1.8402666104916545,0.32952867211252446,0.0,0.0,0.0,0.0,0.0,0.0,0.0,0.0,0.0,0.0,-5.984658232013316,0.9189396330761173,-0.14562336031337886,0.2255755995015487,0.7706847713548082,-3.4785649480395744,0.09301750841841787,-2.8379655809565008,3.037465232164136,0.5414116328362136,0.4056168864971043,0.07053126530530367,0.2305629935962834,0.3001940317493992,0.09042526100637654,0.4930861903709577,0.11078611972757751,0.1751887675637876,0.15572079334082292,0.031467044067183196,0.0,0.0,0.0,0.0,0.0,0.0,0.0,0.0,0.0,0.0,0.0,0.0,0.0,0.0,0.0,0.0,0.0,0.0,0.0,0.0,0.0,0.0,0.0,0.0,0.0,0.0,0.0,0.0,0.0,0.0,0.0,0.0,0.0,0.0,0.0,0.3832642208040995,0.030836044239059807,0.24509829639988412,0.2690962033275436,0.06201159985249027,0.0,0.0,0.0,0.0,0.0,0.0,0.0,0.0,0.0,0.0,0.5396695743778096,0.04955282462608925,0.12250797648631095,0.10903227650879936,0.02946785852133112,0.12840580383239222,0.010390875411044635,0.1258521514328353,0.12696732640934189,0.0475177931066803,1.0,0.6666666666666666,0.0,0.0,0.0,0.0,0.0,0.0,0.0,1.0,0.0,0.0,1.0,1.0,1.0,0.0,0.0,0.0,0.0,0.0,0.0,0.0,0.6666666666666666,0.0,0.0,0.6666666666666666,0.6666666666666666,0.0,0.0,0.0,0.0,0.0,0.0,0.0,0.0,0.0,0.0,0.0,0.0,0.0,0.0,0.0,0.0,0.0,0.0,0.0,0.0,0.0,0.0,0.0,0.0,0.0,0.0,0.0,0.0,0.0,0.0,0.0,0.0,0.0,0.0,0.0,0.0,0.0,0.0,0.0,0.0,0.0,0.0,0.0,0.0,0.0,0.0,0.0,0.0,0.0,0.0,0.0,0.0,0.0,0.0,0.0,0.0,0.0,0.0,0.0,0.0,0.0,0.0,0.0,1.0,0.0,0.0,1.0,1.0,0.0,0.0,0.0,0.0,0.0,0.0,0.0,1.0,1.0,1.0
0552,Quercus alba L.,11,0.09090909090909091,1.0,0.0,0.0,0.0,0.0,0.0,0.0,0.0,1.0,0.0,0.0,1.0,0.0,0.012612635513157618,0.2036737843364562,0.0,0.0,0.0,0.0,0.0,0.0,0.0,0.14408258652488312,0.0,0.0,0.639630993625503,0.0,-4.382595685441451,0.5682830315288641,1.024062132116292,0.8905926866132245,0.750213515533255,-5.788111747103878,0.8259599678272252,0.11339651647619209,0.275095649473868,0.7394158368429493,0.0,0.0,0.0,0.0,0.0,0.0,0.0,0.0,0.0,0.0,0.0,0.0,0.0,0.0,0.0,0.0,0.0,0.0,0.0,0.0,0.0,0.0,0.0,0.0,0.0,0.0,0.0,0.0,0.0,0.0,0.0,0.0,0.0,0.0,0.0,-6.369909452801818,0.09398567344249588,-1.2935149285895433,1.7453677787777493,0.22187120572136942,0.0,0.0,0.0,0.0,0.0,0.0,0.0,0.0,0.0,0.0,-5.5683854234213435,0.9342963808437358,0.1728178784886705,0.25122116316349125,0.7756189437463981,0.0,0.0,0.0,0.0,0.0,0.0,0.0,0.0,0.0,0.0,0.2605863323581461,0.07661257260706038,0.10787527654010252,0.09083155380788975,0.04691534996222071,0.0,0.0,0.0,0.0,0.0,0.0,0.0,0.0,0.0,0.0,0.0,0.0,0.0,0.0,0.0,0.0,0.0,0.0,0.0,0.0,0.0,0.0,0.0,0.0,0.0,0.0,0.0,0.0,0.0,0.0,0.0,0.0,0.0,0.0,0.0,0.5566330285177602,0.03882199428634452,0.2639687833857397,0.27412116588054913,0.07651816291271739,0.0,0.0,0.0,0.0,0.0,0.0,0.0,0.0,0.0,0.0,0.35279841438009424,0.02548852530748711,0.12915429823985822,0.12220006137634915,0.026616505470805928,0.0,0.0,0.0,0.0,0.0,1.0,0.09090909090909091,0.0,0.0,0.0,0.0,0.0,0.0,0.0,0.09090909090909091,0.0,0.0,0.09090909090909091,0.0,1.0,0.0,0.0,0.0,0.0,0.0,0.0,0.0,1.0,0.0,0.0,1.0,0.0,0.0,0.0,0.0,0.0,0.0,0.0,0.0,0.0,0.0,0.0,0.0,0.0,0.0,0.0,0.0,0.0,0.0,0.0,0.0,0.0,0.0,0.0,0.0,0.0,0.0,0.0,0.0,0.0,0.0,0.0,0.0,0.0,0.0,0.0,0.0,0.0,0.0,0.0,0.0,0.0,0.0,0.0,0.0,0.0,0.0,0.0,0.0,0.0,0.0,0.0,0.0,0.0,0.0,0.0,0.0,0.0,0.0,0.0,0.0,0.0,0.0,0.0,0.0,1.0,0.0,0.0,1.0,0.0,0.0,0.0,0.0,0.0,0.0,0.0,0.0,1.0,0.0,0.0
0553,Quercus petraea (Matt.) Liebl.,11,0.7272727272727273,1.0,0.0,0.0,0.0,0.0,0.0,0.0,0.0,0.9090909090909091,0.0,0.0,1.0,0.09090909090909091,0.11290657172915416,0.3222277098174133,0.0,0.0,0.0,0.0,0.0,0.0,0.0,0.027410769335509573,0.0,0.0,0.5326748700413799,0.004780079076543009,-4.429789039065893,0.4728906790295522,0.1121497248705185,0.5320055690966174,0.6018061702724558,-6.135064560266858,0.8079258959772125,0.18007015981734684,0.3478439030856108,0.7114886874568316,0.0,0.0,0.0,0.0,0.0,0.0,0.0,0.0,0.0,0.0,0.0,0.0,0.0,0.0,0.0,0.0,0.0,0.0,0.0,0.0,0.0,0.0,0.0,0.0,0.0,0.0,0.0,0.0,0.0,0.0,0.0,0.0,0.0,0.0,0.0,-6.23446002060965,0.1347947528756805,-1.1147964673687478,1.7059288306758749,0.27721705048576883,0.0,0.0,0.0,0.0,0.0,0.0,0.0,0.0,0.0,0.0,-5.991483520180242,0.9247320265532992,0.22520313625251528,0.31251652476582653,0.7700428166221737,-4.262211098046471,0.04165369470364618,2.7593434954897607,3.4473451477437065,0.22249122807017543,0.1951983728320786,0.09297693625281017,0.28602351855055563,0.18883972731136103,0.07238546725747151,0.5080793067745351,0.15924059677223962,0.21612426566813453,0.182500906113455,0.08680695720239873,0.0,0.0,0.0,0.0,0.0,0.0,0.0,0.0,0.0,0.0,0.0,0.0,0.0,0.0,0.0,0.0,0.0,0.0,0.0,0.0,0.0,0.0,0.0,0.0,0.0,0.0,0.0,0.0,0.0,0.0,0.0,0.0,0.0,0.0,0.0,0.4060019416684999,0.03572797791447416,0.3487385605806745,0.20325673670749933,0.0699215336014635,0.0,0.0,0.0,0.0,0.0,0.0,0.0,0.0,0.0,0.0,0.46783401090008164,0.035381355799823655,0.16275879149575648,0.14868042703919832,0.029236545045123886,0.0,0.0,0.0,0.0,0.0,1.0,0.7272727272727273,0.0,0.0,0.0,0.0,0.0,0.0,0.0,0.6363636363636364,0.0,0.0,0.7272727272727273,0.125,1.0,0.0,0.0,0.0,0.0,0.0,0.0,0.0,0.9090909090909091,0.0,0.0,1.0,0.09090909090909091,0.0,0.0,0.0,0.0,0.0,0.0,0.0,0.0,0.0,0.0,0.0,0.0,0.0,0.0,0.0,0.0,0.0,0.0,0.0,0.0,0.0,0.0,0.0,0.0,0.0,0.0,0.0,0.0,0.0,0.0,0.0,0.0,0.0,0.0,0.0,0.0,0.0,0.0,0.0,0.0,0.0,0.0,0.0,0.0,0.0,0.0,0.0,0.0,0.0,0.0,0.0,0.0,0.0,0.0,0.0,0.0,0.0,0.0,0.0,0.0,0.0,0.0,0.0,1.0,0.0,0.0,0.9090909090909091,0.1,0.0,0.0,0.0,0.0,0.0,0.0,0.0,1.0,0.09090909090909091,1.0
0554,Quercus robur L.,13,0.15384615384615385,1.0,0.0,0.0,0.0,0.0,0.0,0.0,0.0,1.0,0.0,0.0,1.0,0.0,0.029313729729967365,0.1302734765868222,0.0,0.0,0.0,0.0,0.0,0.0,0.0,0.16009008093567548,0.0,0.0,0.680322712747535,0.0,-3.987687490635301,0.18284693287192638,0.6204861800818462,0.8970983378236173,0.38460661294937626,-7.1440795418479865,0.8100326047628297,0.28117622127489883,0.44401813709907706,0.7076855113457652,0.0,0.0,0.0,0.0,0.0,0.0,0.0,0.0,0.0,0.0,0.0,0.0,0.0,0.0,0.0,0.0,0.0,0.0,0.0,0.0,0.0,0.0,0.0,0.0,0.0,0.0,0.0,0.0,0.0,0.0,0.0,0.0,0.0,0.0,0.0,-6.315614550735816,0.14253103413682877,-1.0770010014152,1.6052208747011258,0.2983738988603842,0.0,0.0,0.0,0.0,0.0,0.0,0.0,0.0,0.0,0.0,-6.616594460055032,0.9113159885819204,0.29510620389827685,0.372103551579771,0.7670579189033655,0.0,0.0,0.0,0.0,0.0,0.0,0.0,0.0,0.0,0.0,0.47952005849322116,0.1178941023943029,0.23161222756150657,0.21228140000628934,0.07555897049173851,0.0,0.0,0.0,0.0,0.0,0.0,0.0,0.0,0.0,0.0,0.0,0.0,0.0,0.0,0.0,0.0,0.0,0.0,0.0,0.0,0.0,0.0,0.0,0.0,0.0,0.0,0.0,0.0,0.0,0.0,0.0,0.0,0.0,0.0,0.0,0.4805002723834326,0.04257770094604729,0.3177866317292893,0.2589048875230158,0.08111318671829784,0.0,0.0,0.0,0.0,0.0,0.0,0.0,0.0,0.0,0.0,0.4494870070853434,0.03894354182681999,0.15196694018688436,0.15725684079210575,0.031738965023983726,0.0,0.0,0.0,0.0,0.0,1.0,0.15384615384615385,0.0,0.0,0.0,0.0,0.0,0.0,0.0,0.15384615384615385,0.0,0.0,0.15384615384615385,0.0,1.0,0.0,0.0,0.0,0.0,0.0,0.0,0.0,1.0,0.0,0.0,1.0,0.0,0.0,0.0,0.0,0.0,0.0,0.0,0.0,0.0,0.0,0.0,0.0,0.0,0.0,0.0,0.0,0.0,0.0,0.0,0.0,0.0,0.0,0.0,0.0,0.0,0.0,0.0,0.0,0.0,0.0,0.0,0.0,0.0,0.0,0.0,0.0,0.0,0.0,0.0,0.0,0.0,0.0,0.0,0.0,0.0,0.0,0.0,0.0,0.0,0.0,0.0,0.0,0.0,0.0,0.0,0.0,0.0,0.0,0.0,0.0,0.0,0.0,0.0,0.0,1.0,0.0,0.0,1.0,0.0,0.0,0.0,0.0,0.0,0.0,0.0,0.0,1.0,0.0,0.0
0606,Swietenia humilis Zucc.,5,0.0,0.0,1.0,1.0,0.0,0.0,0.0,0.0,0.0,0.0,1.0,0.0,1.0,0.0,0.0,0.0,0.06926554105190821,0.10306393281534594,0.0,0.0,0.0,0.0,0.0,0.0,0.5623466694198682,0.0,0.2653238567128776,0.0,0.0,0.0,0.0,0.0,0.0,0.0,0.0,0.0,0.0,0.0,-7.353773138353158,0.8439669828957458,0.04640776169263159,0.34623838360757564,0.7129167363842023,-6.082454977508041,0.8466031579114676,-0.06494001325635494,0.19591575116757104,0.7695040742869901,0.0,0.0,0.0,0.0,0.0,0.0,0.0,0.0,0.0,0.0,0.0,0.0,0.0,0.0,0.0,0.0,0.0,0.0,0.0,0.0,0.0,0.0,0.0,0.0,0.0,0.0,0.0,0.0,0.0,0.0,-3.4412234781694515,0.05831705079544771,-2.3029718788650086,2.727694035866436,0.3344461941645528,0.0,0.0,0.0,0.0,0.0,-7.18975800934205,0.92699038176316,0.12179943719334896,0.2662888769937141,0.7750451310185145,0.0,0.0,0.0,0.0,0.0,0.0,0.0,0.0,0.0,0.0,0.0,0.0,0.0,0.0,0.0,0.5207697191767595,0.1371462783329737,0.2129838141844164,0.17263196877982287,0.10257739760102794,0.1372006513855307,0.05457357270993729,0.1425405183417754,0.11213148357574117,0.038269644741259365,0.0,0.0,0.0,0.0,0.0,0.0,0.0,0.0,0.0,0.0,0.0,0.0,0.0,0.0,0.0,0.0,0.0,0.0,0.0,0.0,0.0,0.0,0.0,0.0,0.0,0.0,0.0,0.0,0.0,0.0,0.03411482132222652,0.002695895743554832,0.05047393287977518,0.04800177172534508,0.022684395588985308,0.0,0.0,0.0,0.0,0.0,0.45230279092418435,0.02842300309052744,0.16770844386776468,0.12967491422184002,0.03310422332079242,0.0,0.0,0.0,0.0,0.0,0.0,0.0,0.0,0.0,0.0,0.0,0.0,0.0,0.0,0.0,0.0,0.0,0.0,0.0,0.0,0.0,0.0,0.0,0.0,0.0,0.0,0.0,0.0,0.0,0.0,0.0,0.0,1.0,1.0,0.0,0.0,0.0,0.0,0.0,0.0,1.0,0.0,1.0,0.0,1.0,0.0,0.0,0.0,0.0,0.0,0.0,1.0,0.0,1.0,0.0,0.0,0.0,0.0,0.0,0.0,0.0,0.0,0.0,0.0,0.0,0.0,0.0,0.0,0.0,0.0,0.0,0.0,0.0,0.0,0.0,0.0,0.0,0.0,0.0,0.0,0.0,0.0,0.0,0.0,0.0,0.0,0.0,0.0,0.0,0.0,0.0,0.0,0.0,0.0,0.0,0.0,0.0,0.0,0.0,0.0,1.0,0.0,1.0,0.0,0.0,0.0,0.0,1.0,0.0,0.0
0607,Swietenia macrophylla King,12,0.0,0.0,1.0,1.0,0.0,0.0,0.0,0.0,0.0,0.0,1.0,0.0,1.0,0.9166666666666666,0.0,0.0,0.08116956607152997,0.18848381546520418,0.0,0.0,0.0,0.0,0.0,0.0,0.1115250685535861,0.0,0.2785509202719877,0.3402706296376921,0.0,0.0,0.0,0.0,0.0,0.0,0.0,0.0,0.0,0.0,-6.581539321362091,0.7540717371157569,-0.008299641271694495,0.42521254138993775,0.672156252316975,-5.503249236555302,0.9112079527834894,-0.18248293571471796,0.2289907064133374,0.7851494698726559,0.0,0.0,0.0,0.0,0.0,0.0,0.0,0.0,0.0,0.0,0.0,0.0,0.0,0.0,0.0,0.0,0.0,0.0,0.0,0.0,0.0,0.0,0.0,0.0,0.0,0.0,0.0,0.0,0.0,0.0,-3.7338330544395197,0.04284670743232313,1.9445312079992456,2.897932013793993,0.17583300099110843,0.0,0.0,0.0,0.0,0.0,-6.010834377786051,0.9544703600203861,-0.15588203050359703,0.23218328196393004,0.7949440492999312,-4.270637583022932,0.04031394449200726,-3.105279672057836,3.3759621681640697,0.3223074578346757,0.0,0.0,0.0,0.0,0.0,0.0,0.0,0.0,0.0,0.0,0.44908699744595143,0.1872582016039628,0.2610590710904867,0.22046924293196332,0.12469002217749788,0.21849323331240575,0.05070897343802221,0.11093888492869192,0.11018065507652584,0.02608115401908163,0.0,0.0,0.0,0.0,0.0,0.0,0.0,0.0,0.0,0.0,0.0,0.0,0.0,0.0,0.0,0.0,0.0,0.0,0.0,0.0,0.0,0.0,0.0,0.0,0.0,0.0,0.0,0.0,0.0,0.0,0.03632287841818101,0.0013997118806579152,0.034911588146369736,0.018552033370237763,0.0055104898028479,0.0,0.0,0.0,0.0,0.0,0.2932956314765227,0.01750412468621757,0.12931902117034777,0.10155413565470078,0.020743251733729155,0.08810405332900453,0.003605033647971789,0.13190867314222665,0.1123011830261562,0.04103647627084448,0.0,0.0,0.0,0.0,0.0,0.0,0.0,0.0,0.0,0.0,0.0,0.0,0.0,0.0,0.0,0.0,0.0,0.0,0.0,0.0,0.0,0.0,0.0,0.0,0.0,0.0,0.0,1.0,1.0,0.0,0.0,0.0,0.0,0.0,0.0,1.0,0.0,1.0,0.9166666666666666,1.0,0.0,0.0,0.0,0.0,0.0,0.0,1.0,0.0,1.0,0.9166666666666666,0.0,0.0,0.0,0.0,0.0,0.0,0.0,0.0,0.0,0.0,0.0,0.0,0.0,0.0,0.0,0.0,0.0,0.0,0.0,0.0,0.0,0.0,0.0,0.0,0.0,0.0,0.0,0.0,0.0,0.0,0.0,0.0,0.0,0.0,0.0,0.0,0.0,0.0,0.0,0.0,0.0,0.0,0.0,0.0,0.0,1.0,0.0,1.0,0.9166666666666666,0.0,0.0,0.0,1.0,0.9166666666666666,1.0
0608,Swietenia mahagoni (L.) Jacq.,15,0.0,0.0,1.0,1.0,0.0,0.0,0.0,0.0,0.0,0.0,1.0,0.0,1.0,1.0,0.0,0.0,0.09007826803989015,0.16235384083469648,0.0,0.0,0.0,0.0,0.0,0.0,0.17623216865178834,0.0,0.2652139449462588,0.3061217775273662,0.0,0.0,0.0,0.0,0.0,0.0,0.0,0.0,0.0,0.0,-6.687439324223661,0.8410017033262663,-0.007228726197887745,0.3356670620150392,0.7346985140002235,-5.695331556518781,0.913026591105528,-0.22507106645747987,0.28341540996587755,0.7813889508647377,0.0,0.0,0.0,0.0,0.0,0.0,0.0,0.0,0.0,0.0,0.0,0.0,0.0,0.0,0.0,0.0,0.0,0.0,0.0,0.0,0.0,0.0,0.0,0.0,0.0,0.0,0.0,0.0,0.0,0.0,-3.903363122954427,0.036223562792732554,2.6368802728026286,2.990009451810188,0.2935762377430073,0.0,0.0,0.0,0.0,0.0,-6.454269575583964,0.9473164880385947,-0.1567703999292873,0.22175610261333467,0.7904469507088744,-4.102079113381396,0.04581222903079033,-2.8349040774924816,3.3591619519280314,0.2960641496647698,0.0,0.0,0.0,0.0,0.0,0.0,0.0,0.0,0.0,0.0,0.38012889258176913,0.12145837188079392,0.23867075428341072,0.16664208215642928,0.07641223864338373,0.3192287083900095,0.04180641429534526,0.13112293425395907,0.1237785807267416,0.029540756436808306,0.0,0.0,0.0,0.0,0.0,0.0,0.0,0.0,0.0,0.0,0.0,0.0,0.0,0.0,0.0,0.0,0.0,0.0,0.0,0.0,0.0,0.0,0.0,0.0,0.0,0.0,0.0,0.0,0.0,0.0,0.05358489015626466,0.002328128464187362,0.048341684046678775,0.06211048901983318,0.01491393375681349,0.0,0.0,0.0,0.0,0.0,0.45592439804769447,0.02078771106803221,0.11693169099369352,0.10644601394301371,0.0230196266681032,0.07802412415336503,0.0036708630877920587,0.13698434821208896,0.10297056115083762,0.036236365101847474,0.0,0.0,0.0,0.0,0.0,0.0,0.0,0.0,0.0,0.0,0.0,0.0,0.0,0.0,0.0,0.0,0.0,0.0,0.0,0.0,0.0,0.0,0.0,0.0,0.0,0.0,0.0,1.0,1.0,0.0,0.0,0.0,0.0,0.0,0.0,1.0,0.0,1.0,1.0,1.0,0.0,0.0,0.0,0.0,0.0,0.0,1.0,0.0,1.0,1.0,0.0,0.0,0.0,0.0,0.0,0.0,0.0,0.0,0.0,0.0,0.0,0.0,0.0,0.0,0.0,0.0,0.0,0.0,0.0,0.0,0.0,0.0,0.0,0.0,0.0,0.0,0.0,0.0,0.0,0.0,0.0,0.0,0.0,0.0,0.0,0.0,0.0,0.0,0.0,0.0,0.0,0.0,0.0,0.0,0.0,1.0,0.0,1.0,1.0,0.0,0.0,0.0,1.0,1.0,1.0
0613,Tabebuia rosea (Bert.) DC.,5,0.0,0.0,0.0,1.0,1.0,0.6,1.0,0.0,0.0,0.0,0.0,0.0,1.0,0.0,0.0,0.0,0.0,0.07646666919096229,0.1438797295689638,0.011559932551487838,0.5841833767290392,0.0,0.0,0.0,0.0,0.0,0.1839102919595469,0.0,0.0,0.0,0.0,0.0,0.0,0.0,0.0,0.0,0.0,0.0,0.0,0.0,0.0,0.0,0.0,-6.346694031894574,0.8689594507613932,0.11696600582560705,0.2891015324554055,0.7352620078605414,-6.074314025444958,0.7862501495035492,-0.2557327567351959,0.3874364941282974,0.6662061866430588,-5.962995352357481,0.5312699273798082,-0.9920922824606809,1.0680886731164876,0.6075754977949039,-4.85746760138375,0.4799808731796674,-0.711988431358407,1.0003783899044816,0.5206845276195676,0.0,0.0,0.0,0.0,0.0,0.0,0.0,0.0,0.0,0.0,0.0,0.0,0.0,0.0,0.0,0.0,0.0,0.0,0.0,0.0,0.0,0.0,0.0,0.0,0.0,-7.5190886069624785,0.9144778707665575,0.2893846611500499,0.37281786478409196,0.7815891659605465,0.0,0.0,0.0,0.0,0.0,0.0,0.0,0.0,0.0,0.0,0.0,0.0,0.0,0.0,0.0,0.0,0.0,0.0,0.0,0.0,0.3685280009527072,0.08322724456503369,0.2045280920343008,0.2082327573466794,0.05744085985330581,0.33797933656046275,0.10369325471505195,0.20209050594280362,0.18764325525966524,0.06309157746164883,0.043204786230096666,0.03417478320619693,0.056387168162107516,0.06058413714604227,0.015979858906008875,0.4547320259016705,0.16202870039258302,0.3938887075645849,0.35425847674043964,0.10530512991940148,0.0,0.0,0.0,0.0,0.0,0.0,0.0,0.0,0.0,0.0,0.0,0.0,0.0,0.0,0.0,0.0,0.0,0.0,0.0,0.0,0.0,0.0,0.0,0.0,0.0,0.3950463702533112,0.028926428728796093,0.13058822195052122,0.13655780962352426,0.03350391293713667,0.0,0.0,0.0,0.0,0.0,0.0,0.0,0.0,0.0,0.0,0.0,0.0,0.0,0.0,0.0,0.0,0.0,0.0,0.0,0.0,0.0,0.0,0.0,0.0,0.0,0.0,0.0,0.0,0.0,0.0,0.0,0.0,0.0,0.0,0.0,0.0,0.0,0.0,0.0,0.0,0.0,0.0,0.0,0.0,1.0,1.0,0.6,1.0,0.0,0.0,0.0,0.0,0.0,1.0,0.0,1.0,0.6,1.0,0.0,0.0,0.0,0.0,0.0,1.0,0.0,1.0,0.6,0.0,0.0,0.0,0.0,0.0,0.6,0.0,1.0,0.0,0.0,0.0,0.0,0.0,1.0,0.0,0.0,0.0,0.0,0.0,0.0,0.0,0.0,0.0,0.0,0.0,0.0,0.0,0.0,0.0,0.0,0.0,0.0,0.0,0.0,0.0,0.0,0.0,0.0,0.0,0.0,1.0,0.0,0.0
0621,Tectona grandis L.,13,0.0,0.7692307692307693,0.6153846153846154,0.23076923076923078,0.0,0.0,0.07692307692307693,0.0,0.0,0.0,0.8461538461538461,0.23076923076923078,1.0,0.0,0.0,0.04779855443012807,0.05872001623126271,0.032567186348714784,0.0,0.0,0.0025451750138284724,0.0,0.0,0.0,0.3101209415878049,0.018062517432131688,0.5301856089561294,0.0,0.0,0.0,0.0,0.0,0.0,-6.986376069634005,0.5040812815685964,0.19832540291229786,0.42127762972657123,0.5621399902192223,-6.732648832651081,0.762628349382766,0.25443805003805764,0.3270626331844567,0.709431371868579,-5.736661320259394,0.5568700112042843,0.40169249779930744,0.38412380427065473,0.6813770923300666,0.0,0.0,0.0,0.0,0.0,0.0,0.0,0.0,0.0,0.0,-6.308064442087525,0.4747332810174516,0.647477143726759,0.5202335912543595,0.6839953271028002,0.0,0.0,0.0,0.0,0.0,0.0,0.0,0.0,0.0,0.0,0.0,0.0,0.0,0.0,0.0,-3.9120400378323192,0.031097150855874854,-2.4189108681465066,2.8344814352748333,0.23323382939920173,-5.625259856033247,0.4123381172770458,0.9439192049460091,0.8779862198387542,0.6779054778729506,-6.582636179097278,0.8075160261591363,0.35504565036853875,0.38114962419804743,0.7423668906270026,0.0,0.0,0.0,0.0,0.0,0.0,0.0,0.0,0.0,0.0,0.3553073495714144,0.0864499429561432,0.17483980375650116,0.18739685004486442,0.05413286643572075,0.23787791623021926,0.047477941244612194,0.08196420441598405,0.08893555586583471,0.029081922538263312,0.04607804449107681,0.004677053597266538,0.07470461579473456,0.07425546829013886,0.01643747153534129,0.0,0.0,0.0,0.0,0.0,0.0,0.0,0.0,0.0,0.0,0.0,0.0,0.0,0.0,0.0,0.0,0.0,0.0,0.0,0.0,0.0,0.0,0.0,0.0,0.0,0.0,0.0,0.0,0.0,0.0,0.0,0.0,0.0,0.0,0.0,0.0,0.0,0.0,0.0,0.0,0.6221154694990557,0.09244382701929163,0.12874586261929963,0.14281120598650132,0.04209210821770926,0.0,0.0,0.0,0.0,0.0,0.0,0.0,0.0,0.0,0.0,0.0,0.0,0.0,0.0,0.0,0.0,0.0,0.0,0.0,1.0,0.5,0.18181818181818182,0.0,0.0,0.1,0.0,0.0,0.0,0.6153846153846154,0.3,0.7692307692307693,0.0,1.0,0.375,0.0,0.0,0.125,0.0,0.0,0.0,0.5833333333333334,0.1,0.6153846153846154,0.0,1.0,0.0,0.0,0.3333333333333333,0.0,0.0,0.0,0.2727272727272727,0.0,0.23076923076923078,0.0,0.0,0.0,0.0,0.0,0.0,0.0,0.0,0.0,0.0,0.0,0.0,0.0,0.0,0.0,0.0,0.0,0.0,0.0,0.0,1.0,0.0,0.0,0.0,0.09090909090909091,0.0,0.07692307692307693,0.0,0.0,0.0,0.0,0.0,0.0,0.0,0.0,0.0,0.0,0.0,0.0,0.0,0.0,0.0,0.0,0.0,0.0,0.0,1.0,0.2727272727272727,0.8461538461538461,0.0,1.0,0.23076923076923078,0.0,1.0,0.0,0.0
0625,Terminalia superba Engl.& Diels,12,0.0,0.0,0.9166666666666666,1.0,0.08333333333333333,0.5833333333333334,0.8333333333333334,0.0,0.0,0.0,0.0,0.0,1.0,0.0,0.0,0.0,0.02123266020752114,0.3600415209682613,0.006550396795307978,0.06492384129763243,0.15684160486690937,0.0,0.0,0.0,0.0,0.0,0.3904099758643677,0.0,0.0,0.0,0.0,0.0,0.0,0.0,0.0,0.0,0.0,0.0,-6.788160610773383,0.7826418536555443,-0.03683950740950022,0.3386573873237682,0.6855266072614928,-5.116452615412104,0.7943640326927802,0.13271439630766493,0.22920839693503084,0.7392247399550493,-5.199682349089782,0.7953812962014891,-0.06686536739800951,0.1523244511714804,0.6617102997564035,-5.306948550202633,0.4694767440772051,-0.7483301113938605,0.8729002218488379,0.5561706183911664,-4.519500522533585,0.48755289458335077,-0.3358886259211295,0.663924881169115,0.5501421077414034,0.0,0.0,0.0,0.0,0.0,0.0,0.0,0.0,0.0,0.0,0.0,0.0,0.0,0.0,0.0,0.0,0.0,0.0,0.0,0.0,0.0,0.0,0.0,0.0,0.0,-5.91939765937024,0.937781758016286,0.27535612032130863,0.33213259622434005,0.7854535033999629,0.0,0.0,0.0,0.0,0.0,0.0,0.0,0.0,0.0,0.0,0.0,0.0,0.0,0.0,0.0,0.3733851473509117,0.060266492198115126,0.15607299285389845,0.0995049349276602,0.04396082965114617,0.25368252102948396,0.09326532163376311,0.15207698872149955,0.08430605475151286,0.03668006788276241,0.37594147363261454,0.009513375414276326,0.049473624686140284,0.01928127806281872,0.017011267693487597,0.36821486421788807,0.053406901891525686,0.1569504419198416,0.1518768843368504,0.04145488370949831,0.13854513439644198,0.11120202568308062,0.16588954275762896,0.14093001493153068,0.08021873782298282,0.0,0.0,0.0,0.0,0.0,0.0,0.0,0.0,0.0,0.0,0.0,0.0,0.0,0.0,0.0,0.0,0.0,0.0,0.0,0.0,0.0,0.0,0.0,0.0,0.0,0.5434217056502059,0.020780463311637437,0.09599915570483554,0.09760743524705846,0.019605516143407904,0.0,0.0,0.0,0.0,0.0,0.0,0.0,0.0,0.0,0.0,0.0,0.0,0.0,0.0,0.0,0.0,0.0,0.0,0.0,0.0,0.0,0.0,0.0,0.0,0.0,0.0,0.0,0.0,0.0,0.0,0.0,0.0,1.0,0.9166666666666666,0.09090909090909091,0.5,0.75,0.0,0.0,0.0,0.0,0.0,0.9166666666666666,0.0,1.0,0.08333333333333333,0.5833333333333334,0.8333333333333334,0.0,0.0,0.0,0.0,0.0,1.0,0.0,1.0,0.14285714285714285,0.1,0.0,0.0,0.0,0.0,0.0,0.08333333333333333,0.0,1.0,0.4166666666666667,0.0,0.0,0.0,0.0,0.0,0.5833333333333334,0.0,1.0,0.0,0.0,0.0,0.0,0.0,0.8333333333333334,0.0,0.0,0.0,0.0,0.0,0.0,0.0,0.0,0.0,0.0,0.0,0.0,0.0,0.0,0.0,0.0,0.0,0.0,0.0,0.0,0.0,0.0,0.0,0.0,0.0,0.0,1.0,0.0,0.0
0648,Triplochiton scleroxylon K. Schum.,7,0.0,0.8571428571428571,0.0,0.0,0.0,0.0,0.0,0.0,0.0,0.0,0.0,0.0,1.0,0.0,0.0,0.11143067188344194,0.0,0.0,0.0,0.0,0.0,0.0,0.0,0.0,0.0,0.0,0.8885693281165581,0.0,0.0,0.0,0.0,0.0,0.0,-7.524354350528577,0.4585730333177271,0.12647412523956778,0.7301492232507756,0.46760336977615274,0.0,0.0,0.0,0.0,0.0,0.0,0.0,0.0,0.0,0.0,0.0,0.0,0.0,0.0,0.0,0.0,0.0,0.0,0.0,0.0,0.0,0.0,0.0,0.0,0.0,0.0,0.0,0.0,0.0,0.0,0.0,0.0,0.0,0.0,0.0,0.0,0.0,0.0,0.0,0.0,0.0,0.0,0.0,0.0,0.0,0.0,0.0,0.0,0.0,0.0,-6.06252866720367,0.9488145322640156,0.1773051100475867,0.22820255521085908,0.7871300426485922,0.0,0.0,0.0,0.0,0.0,0.0,0.0,0.0,0.0,0.0,0.6082612795056443,0.20688670481222105,0.49147924487471384,0.27706847119179573,0.17089719046105464,0.0,0.0,0.0,0.0,0.0,0.0,0.0,0.0,0.0,0.0,0.0,0.0,0.0,0.0,0.0,0.0,0.0,0.0,0.0,0.0,0.0,0.0,0.0,0.0,0.0,0.0,0.0,0.0,0.0,0.0,0.0,0.0,0.0,0.0,0.0,0.0,0.0,0.0,0.0,0.0,0.0,0.0,0.0,0.0,0.0,0.0,0.0,0.0,0.0,0.0,0.3526014421734903,0.020319689824360315,0.11741942498701342,0.10938907566531597,0.02021190842539602,0.0,0.0,0.0,0.0,0.0,0.0,0.0,0.0,0.0,0.0,0.0,0.0,0.0,0.0,0.0,0.0,0.0,0.0,0.0,1.0,0.0,0.0,0.0,0.0,0.0,0.0,0.0,0.0,0.0,0.0,0.8571428571428571,0.0,0.0,0.0,0.0,0.0,0.0,0.0,0.0,0.0,0.0,0.0,0.0,0.0,0.0,0.0,0.0,0.0,0.0,0.0,0.0,0.0,0.0,0.0,0.0,0.0,0.0,0.0,0.0,0.0,0.0,0.0,0.0,0.0,0.0,0.0,0.0,0.0,0.0,0.0,0.0,0.0,0.0,0.0,0.0,0.0,0.0,0.0,0.0,0.0,0.0,0.0,0.0,0.0,0.0,0.0,0.0,0.0,0.0,0.0,0.0,0.0,0.0,0.0,0.0,0.0,0.0,0.0,0.0,0.0,0.0,0.0,0.0,0.0,0.0,0.0,0.0,1.0,0.0,0.0
0678,Albizia ferruginea (Guill. & Perr.) Benth.,9,0.0,0.0,0.4444444444444444,0.8888888888888888,1.0,0.0,0.3333333333333333,0.0,0.0,0.0,0.0,0.0,1.0,0.0,0.0,0.0,0.007467949652066428,0.5488356354609369,0.2333097534549058,0.0,0.07799307304462016,0.0,0.0,0.0,0.0,0.0,0.13239358838747062,0.0,0.0,0.0,0.0,0.0,0.0,0.0,0.0,0.0,0.0,0.0,-6.0426304568169655,0.9255546675849098,-0.20072947765985766,0.3315608148414809,0.7990177998502346,-3.737507310467222,0.857651346231686,0.1988787405645719,0.2362241999884383,0.734849965600728,-4.267216379934396,0.6949673530401413,0.6131701313402618,0.6453190534822324,0.6729286289520531,0.0,0.0,0.0,0.0,0.0,-2.9223707441334263,0.5694855541022358,0.7967825070609337,0.7785031786212334,0.6528237845891477,0.0,0.0,0.0,0.0,0.0,0.0,0.0,0.0,0.0,0.0,0.0,0.0,0.0,0.0,0.0,0.0,0.0,0.0,0.0,0.0,0.0,0.0,0.0,0.0,0.0,-5.534682578234394,0.9431480077023934,-0.23882868836523208,0.2769003853515945,0.795378898503072,0.0,0.0,0.0,0.0,0.0,0.0,0.0,0.0,0.0,0.0,0.0,0.0,0.0,0.0,0.0,0.11855865004594121,0.005021591232651836,0.08769672979681895,0.035154232946384714,0.001444625244386214,0.2135530948059901,0.05242688686123173,0.11031207694246803,0.10922604729141762,0.02941395867773082,0.24010050361817303,0.08282607757380084,0.15376289092853268,0.19118935442521645,0.03929111247055173,0.0,0.0,0.0,0.0,0.0,0.0,0.0,0.0,0.0,0.0,0.0,0.0,0.0,0.0,0.0,0.0,0.0,0.0,0.0,0.0,0.0,0.0,0.0,0.0,0.0,0.0,0.0,0.0,0.0,0.0,0.0,0.0,0.0,0.0,0.0,0.3370533791949698,0.021047753900068453,0.11186477073565906,0.12200203673067131,0.014989239730280077,0.0,0.0,0.0,0.0,0.0,0.0,0.0,0.0,0.0,0.0,0.0,0.0,0.0,0.0,0.0,0.0,0.0,0.0,0.0,0.0,0.0,0.0,0.0,0.0,0.0,0.0,0.0,0.0,0.0,0.0,0.0,0.0,1.0,0.3333333333333333,0.4444444444444444,0.0,0.16666666666666666,0.0,0.0,0.0,0.0,0.0,0.4444444444444444,0.0,1.0,0.8888888888888888,0.0,0.375,0.0,0.0,0.0,0.0,0.0,0.8888888888888888,0.0,1.0,0.0,0.3333333333333333,0.0,0.0,0.0,0.0,0.0,1.0,0.0,0.0,0.0,0.0,0.0,0.0,0.0,0.0,0.0,0.0,1.0,0.0,0.0,0.0,0.0,0.0,0.3333333333333333,0.0,0.0,0.0,0.0,0.0,0.0,0.0,0.0,0.0,0.0,0.0,0.0,0.0,0.0,0.0,0.0,0.0,0.0,0.0,0.0,0.0,0.0,0.0,0.0,0.0,0.0,1.0,0.0,0.0
0679,Aningeria Aubrév. & Pellegr.,10,0.0,0.0,0.0,0.0,0.0,0.0,0.0,0.0,0.0,1.0,0.0,0.5,1.0,0.0,0.0,0.0,0.0,0.0,0.0,0.0,0.0,0.0,0.0,0.4131823976870225,0.0,0.026104456296090938,0.5607131460168866,0.0,0.0,0.0,0.0,0.0,0.0,0.0,0.0,0.0,0.0,0.0,0.0,0.0,0.0,0.0,0.0,0.0,0.0,0.0,0.0,0.0,0.0,0.0,0.0,0.0,0.0,0.0,0.0,0.0,0.0,0.0,0.0,0.0,0.0,0.0,0.0,0.0,0.0,0.0,0.0,0.0,0.0,0.0,0.0,0.0,0.0,-5.792825487569217,0.06370304774986475,1.504416007193538,2.1398974015753476,0.17840055466445964,0.0,0.0,0.0,0.0,0.0,-6.0838453225515705,0.4694480064924796,-1.1222620408570754,0.9804769505298481,0.7335734810495963,-7.376125706150762,0.8849321864235005,-0.35825639912390583,0.43066533509061794,0.7777312851626635,0.0,0.0,0.0,0.0,0.0,0.0,0.0,0.0,0.0,0.0,0.0,0.0,0.0,0.0,0.0,0.0,0.0,0.0,0.0,0.0,0.0,0.0,0.0,0.0,0.0,0.0,0.0,0.0,0.0,0.0,0.0,0.0,0.0,0.0,0.0,0.0,0.0,0.0,0.0,0.0,0.0,0.0,0.0,0.0,0.0,0.0,0.0,0.0,0.0,0.0,0.40841280569414107,0.02612472316373765,0.3132327612347191,0.2700995947329024,0.0472334761296759,0.0,0.0,0.0,0.0,0.0,0.0,0.0,0.0,0.0,0.0,0.2881475454268442,0.06644544857082324,0.12301813918433409,0.14476904973614962,0.044391578808688874,0.0,0.0,0.0,0.0,0.0,0.0,0.0,0.0,0.0,0.0,0.0,0.0,0.0,0.0,0.0,0.0,0.0,0.0,0.0,0.0,0.0,0.0,0.0,0.0,0.0,0.0,0.0,0.0,0.0,0.0,0.0,0.0,0.0,0.0,0.0,0.0,0.0,0.0,0.0,0.0,0.0,0.0,0.0,0.0,0.0,0.0,0.0,0.0,0.0,0.0,0.0,0.0,0.0,0.0,0.0,0.0,0.0,0.0,0.0,0.0,0.0,0.0,0.0,0.0,0.0,0.0,0.0,0.0,0.0,0.0,0.0,0.0,0.0,0.0,0.0,0.0,0.0,0.0,0.0,0.0,0.0,0.0,0.0,0.0,0.0,0.0,0.0,0.0,0.0,0.0,0.0,0.0,0.0,0.0,0.0,1.0,0.0,0.5,1.0,0.0,0.0,0.0,0.0,0.0,1.0,0.5,0.0,1.0,0.0,0.0
