species_id,species_name,n_images,B1_presence_c1,B1_presence_c2,B1_presence_c3,B1_presence_c4,B1_presence_c5,B1_presence_c6,B1_presence_c7,B1_presence_c8,B1_presence_c9,B1_presence_c10,B1_presence_c11,B1_presence_c12,B1_presence_c13,B1_presence_c14,B1_areafrac_c1,B1_areafrac_c2,B1_areafrac_c3,B1_areafrac_c4,B1_areafrac_c5,B1_areafrac_c6,B1_areafrac_c7,B1_areafrac_c8,B1_areafrac_c9,B1_areafrac_c10,B1_areafrac_c11,B1_areafrac_c12,B1_areafrac_c13,B1_areafrac_c14,B2_log_area_c1,B2_sphericity_c1,B2_log_aspect_c1,B2_log_elong_c1,B2_bbox_extent_c1,B2_log_area_c2,B2_sphericity_c2,B2_log_aspect_c2,B2_log_elong_c2,B2_bbox_extent_c2,B2_log_area_c3,B2_sphericity_c3,B2_log_aspect_c3,B2_log_elong_c3,B2_bbox_extent_c3,B2_log_area_c4,B2_sphericity_c4,B2_log_aspect_c4,B2_log_elong_c4,B2_bbox_extent_c4,B2_log_area_c5,B2_sphericity_c5,B2_log_aspect_c5,B2_log_elong_c5,B2_bbox_extent_c5,B2_log_area_c6,B2_sphericity_c6,B2_log_aspect_c6,B2_log_elong_c6,B2_bbox_extent_c6,B2_log_area_c7,B2_sphericity_c7,B2_log_aspect_c7,B2_log_elong_c7,B2_bbox_extent_c7,B2_log_area_c8,B2_sphericity_c8,B2_log_aspect_c8,B2_log_elong_c8,B2_bbox_extent_c8,B2_log_area_c9,B2_sphericity_c9,B2_log_aspect_c9,B2_log_elong_c9,B2_bbox_extent_c9,B2_log_area_c10,B2_sphericity_c10,B2_log_aspect_c10,B2_log_elong_c10,B2_bbox_extent_c10,B2_log_area_c11,B2_sphericity_c11,B2_log_aspect_c11,B2_log_elong_c11,B2_bbox_extent_c11,B2_log_area_c12,B2_sphericity_c12,B2_log_aspect_c12,B2_log_elong_c12,B2_bbox_extent_c12,B2_log_area_c13,B2_sphericity_c13,B2_log_aspect_c13,B2_log_elong_c13,B2_bbox_extent_c13,B2_log_area_c14,B2_sphericity_c14,B2_log_aspect_c14,B2_log_elong_c14,B2_bbox_extent_c14,B2_log_area_std_c1,B2_sphericity_std_c1,B2_log_aspect_std_c1,B2_log_elong_std_c1,B2_bbox_extent_std_c1,B2_log_area_std_c2,B2_sphericity_std_c2,B2_log_aspect_std_c2,B2_log_elong_std_c2,B2_bbox_extent_std_c2,B2_log_area_std_c3,B2_sphericity_std_c3,B2_log_aspect_std_c3,B2_log_elong_std_c3,B2_bbox_extent_std_c3,B2_log_area_std_c4,B2_sphericity_std_c4,B2_log_aspect_std_c4,B2_log_elong_std_c4,B2_bbox_extent_std_c4,B2_log_area_std_c5,B2_sphericity_std_c5,B2_log_aspect_std_c5,B2_log_elong_std_c5,B2_bbox_extent_std_c5,B2_log_area_std_c6,B2_sphericity_std_c6,B2_log_aspect_std_c6,B2_log_elong_std_c6,B2_bbox_extent_std_c6,B2_log_area_std_c7,B2_sphericity_std_c7,B2_log_aspect_std_c7,B2_log_elong_std_c7,B2_bbox_extent_std_c7,B2_log_area_std_c8,B2_sphericity_std_c8,B2_log_aspect_std_c8,B2_log_elong_std_c8,B2_bbox_extent_std_c8,B2_log_area_std_c9,B2_sphericity_std_c9,B2_log_aspect_std_c9,B2_log_elong_std_c9,B2_bbox_extent_std_c9,B2_log_area_std_c10,B2_sphericity_std_c10,B2_log_aspect_std_c10,B2_log_elong_std_c10,B2_bbox_extent_std_c10,B2_log_area_std_c11,B2_sphericity_std_c11,B2_log_aspect_std_c11,B2_log_elong_std_c11,B2_bbox_extent_std_c11,B2_log_area_std_c12,B2_sphericity_std_c12,B2_log_aspect_std_c12,B2_log_elong_std_c12,B2_bbox_extent_std_c12,B2_log_area_std_c13,B2_sphericity_std_c13,B2_log_aspect_std_c13,B2_log_elong_std_c13,B2_bbox_extent_std_c13,B2_log_area_std_c14,B2_sphericity_std_c14,B2_log_aspect_std_c14,B2_log_elong_std_c14,B2_bbox_extent_std_c14,B3_jacc_0_0,B3_jacc_0_1,B3_jacc_0_2,B3_jacc_0_3,B3_jacc_0_4,B3_jacc_0_5,B3_jacc_0_6,B3_jacc_0_7,B3_jacc_0_8,B3_jacc_0_9,B3_jacc_0_10,B3_jacc_0_11,B3_jacc_0_12,B3_jacc_0_13,B3_jacc_1_1,B3_jacc_1_2,B3_jacc_1_3,B3_jacc_1_4,B3_jacc_1_5,B3_jacc_1_6,B3_jacc_1_7,B3_jacc_1_8,B3_jacc_1_9,B3_jacc_1_10,B3_jacc_1_11,B3_jacc_1_12,B3_jacc_1_13,B3_jacc_2_2,B3_jacc_2_3,B3_jacc_2_4,B3_jacc_2_5,B3_jacc_2_6,B3_jacc_2_7,B3_jacc_2_8,B3_jacc_2_9,B3_jacc_2_10,B3_jacc_2_11,B3_jacc_2_12,B3_jacc_2_13,B3_jacc_3_3,B3_jacc_3_4,B3_jacc_3_5,B3_jacc_3_6,B3_jacc_3_7,B3_jacc_3_8,B3_jacc_3_9,B3_jacc_3_10,B3_jacc_3_11,B3_jacc_3_12,B3_jacc_3_13,B3_jacc_4_4,B3_jacc_4_5,B3_jacc_4_6,B3_jacc_4_7,B3_jacc_4_8,B3_jacc_4_9,B3_jacc_4_10,B3_jacc_4_11,B3_jacc_4_12,B3_jacc_4_13,B3_jacc_5_5,B3_jacc_5_6,B3_jacc_5_7,B3_jacc_5_8,B3_jacc_5_9,B3_jacc_5_10,B3_jacc_5_11,B3_jacc_5_12,B3_jacc_5_13,B3_jacc_6_6,B3_jacc_6_7,B3_jacc_6_8,B3_jacc_6_9,B3_jacc_6_10,B3_jacc_6_11,B3_jacc_6_12,B3_jacc_6_13,B3_jacc_7_7,B3_jacc_7_8,B3_jacc_7_9,B3_jacc_7_10,B3_jacc_7_11,B3_jacc_7_12,B3_jacc_7_13,B3_jacc_8_8,B3_jacc_8_9,B3_jacc_8_10,B3_jacc_8_11,B3_jacc_8_12,B3_jacc_8_13,B3_jacc_9_9,B3_jacc_9_10,B3_jacc_9_11,B3_jacc_9_12,B3_jacc_9_13,B3_jacc_10_10,B3_jacc_10_11,B3_jacc_10_12,B3_jacc_10_13,B3_jacc_11_11,B3_jacc_11_12,B3_jacc_11_13,B3_jacc_12_12,B3_jacc_12_13,B3_jacc_13_13
0003,Acacia mangium Willd.,13,0.0,0.0,1.0,1.0,0.5384615384615384,0.0,1.0,0.0,0.0,0.0,0.0,0.0,1.0,0.0,0.0,0.0,0.021457786711972543,0.5251002584532974,0.005533440503639734,0.0,0.17501201746862005,0.0,0.0,0.0,0.0,0.0,0.27289649686247025,0.0,0.0,0.0,0.0,0.0,0.0,0.0,0.0,0.0,0.0,0.0,-7.539775478312186,0.5919571249404002,-0.20981501315177417,0.5329044830023693,0.6853508595860144,-6.590642284955711,0.37688454179649283,-0.09930722751441513,0.39195347008647524,0.4965121474236449,-6.241308211579365,0.3868061395482566,0.19840199767505065,0.2693826956511789,0.501993996110989,0.0,0.0,0.0,0.0,0.0,-5.505334466989925,0.2911513326330908,-0.0380944360312775,0.4557485400097391,0.4722998324444663,0.0,0.0,0.0,0.0,0.0,0.0,0.0,0.0,0.0,0.0,0.0,0.0,0.0,0.0,0.0,0.0,0.0,0.0,0.0,0.0,0.0,0.0,0.0,0.0,0.0,-6.667842096003914,0.7203851162862859,-0.1117223185954068,0.390910481845814,0.784125514073841,0.0,0.0,0.0,0.0,0.0,0.0,0.0,0.0,0.0,0.0,0.0,0.0,0.0,0.0,0.0,0.35749070358814655,0.07745299782833834,0.2794880052041476,0.2005959909627953,0.08495463082304444,1.01179772043629,0.30778490833975763,0.42828247193984836,0.38411914268617736,0.2571369160434397,0.13761964951800498,0.08305583360086792,0.024205411336838675,0.026913011940416422,0.05036669413411414,0.0,0.0,0.0,0.0,0.0,0.7018356762167713,0.20384107776381627,0.3495339183021031,0.2108436345887693,0.1577001771602262,0.0,0.0,0.0,0.0,0.0,0.0,0.0,0.0,0.0,0.0,0.0,0.0,0.0,0.0,0.0,0.0,0.0,0.0,0.0,0.0,0.0,0.0,0.0,0.0,0.0,0.661063850040275,0.09193162844767301,0.3666323587777469,0.333690015828117,0.07030652656089188,0.0,0.0,0.0,0.0,0.0,0.0,0.0,0.0,0.0,0.0,0.0,0.0,0.0,0.0,0.0,0.0,0.0,0.0,0.0,0.0,0.0,0.0,0.0,0.0,0.0,0.0,0.0,0.0,0.0,0.0,0.0,0.0,1.0,1.0,0.5384615384615384,0.0,1.0,0.0,0.0,0.0,0.0,0.0,1.0,0.0,1.0,0.5384615384615384,0.0,1.0,0.0,0.0,0.0,0.0,0.0,1.0,0.0,1.0,0.0,0.5384615384615384,0.0,0.0,0.0,0.0,0.0,0.5384615384615384,0.0,0.0,0.0,0.0,0.0,0.0,0.0,0.0,0.0,0.0,1.0,0.0,0.0,0.0,0.0,0.0,1.0,0.0,0.0,0.0,0.0,0.0,0.0,0.0,0.0,0.0,0.0,0.0,0.0,0.0,0.0,0.0,0.0,0.0,0.0,0.0,0.0,0.0,0.0,0.0,0.0,0.0,0.0,1.0,0.0,0.0
0006,Acer platanoides L.,10,0.0,0.0,0.0,0.0,0.0,0.0,0.0,0.0,0.0,0.0,0.0,0.0,1.0,1.0,0.0,0.0,0.0,0.0,0.0,0.0,0.0,0.0,0.0,0.0,0.0,0.0,0.4562838674390749,0.5437161325609251,0.0,0.0,0.0,0.0,0.0,0.0,0.0,0.0,0.0,0.0,0.0,0.0,0.0,0.0,0.0,0.0,0.0,0.0,0.0,0.0,0.0,0.0,0.0,0.0,0.0,0.0,0.0,0.0,0.0,0.0,0.0,0.0,0.0,0.0,0.0,0.0,0.0,0.0,0.0,0.0,0.0,0.0,0.0,0.0,0.0,0.0,0.0,0.0,0.0,0.0,0.0,0.0,0.0,0.0,0.0,0.0,0.0,0.0,0.0,0.0,-8.264029093599278,0.7129918580028107,-0.19032348235419919,0.3071441990170224,0.856794596092012,-4.267914108910504,0.04815065579486778,-3.1458840036870606,3.3947122647806154,0.43621240986231546,0.0,0.0,0.0,0.0,0.0,0.0,0.0,0.0,0.0,0.0,0.0,0.0,0.0,0.0,0.0,0.0,0.0,0.0,0.0,0.0,0.0,0.0,0.0,0.0,0.0,0.0,0.0,0.0,0.0,0.0,0.0,0.0,0.0,0.0,0.0,0.0,0.0,0.0,0.0,0.0,0.0,0.0,0.0,0.0,0.0,0.0,0.0,0.0,0.0,0.0,0.0,0.0,0.0,0.0,0.0,0.0,0.0,0.0,0.0,0.0,0.2887881743835299,0.05030536043112345,0.2063218614711924,0.16189484271262042,0.07278597121433084,0.08404379403528965,0.007457200768632563,0.22599789019215016,0.14923578547423857,0.10274529630148307,0.0,0.0,0.0,0.0,0.0,0.0,0.0,0.0,0.0,0.0,0.0,0.0,0.0,0.0,0.0,0.0,0.0,0.0,0.0,0.0,0.0,0.0,0.0,0.0,0.0,0.0,0.0,0.0,0.0,0.0,0.0,0.0,0.0,0.0,0.0,0.0,0.0,0.0,0.0,0.0,0.0,0.0,0.0,0.0,0.0,0.0,0.0,0.0,0.0,0.0,0.0,0.0,0.0,0.0,0.0,0.0,0.0,0.0,0.0,0.0,0.0,0.0,0.0,0.0,0.0,0.0,0.0,0.0,0.0,0.0,0.0,0.0,0.0,0.0,0.0,0.0,0.0,0.0,0.0,0.0,0.0,0.0,0.0,0.0,0.0,0.0,0.0,0.0,0.0,0.0,0.0,0.0,0.0,0.0,0.0,0.0,0.0,0.0,0.0,0.0,0.0,0.0,1.0,1.0,1.0
0007,Acer pseudoplatanus L.,10,0.0,0.0,0.0,0.0,0.0,0.0,0.0,0.0,0.0,0.0,0.0,1.0,1.0,1.0,0.0,0.0,0.0,0.0,0.0,0.0,0.0,0.0,0.0,0.0,0.0,0.010081832134059528,0.18438459498067528,0.8055335728852653,0.0,0.0,0.0,0.0,0.0,0.0,0.0,0.0,0.0,0.0,0.0,0.0,0.0,0.0,0.0,0.0,0.0,0.0,0.0,0.0,0.0,0.0,0.0,0.0,0.0,0.0,0.0,0.0,0.0,0.0,0.0,0.0,0.0,0.0,0.0,0.0,0.0,0.0,0.0,0.0,0.0,0.0,0.0,0.0,0.0,0.0,0.0,0.0,0.0,0.0,0.0,0.0,0.0,0.0,0.0,-6.888942760925294,0.5922920120872731,-0.8374688201250249,1.0254670855002985,0.827899232758312,-8.193572589881452,0.7073422596976826,-0.25949508775536667,0.37367179210326296,0.860872571931577,-4.440782421803232,0.04128884437910299,-2.792422180875882,3.225179186042401,0.3126310272866857,0.0,0.0,0.0,0.0,0.0,0.0,0.0,0.0,0.0,0.0,0.0,0.0,0.0,0.0,0.0,0.0,0.0,0.0,0.0,0.0,0.0,0.0,0.0,0.0,0.0,0.0,0.0,0.0,0.0,0.0,0.0,0.0,0.0,0.0,0.0,0.0,0.0,0.0,0.0,0.0,0.0,0.0,0.0,0.0,0.0,0.0,0.0,0.0,0.0,0.0,0.0,0.0,0.0,0.0,0.0,0.1348237147514876,0.05080892955403622,0.13665361225759243,0.14358189924173423,0.037023726493554954,0.37604925714828635,0.05662961597718408,0.24030706359504928,0.20569201390565556,0.0772176473983765,0.27229419957301365,0.01421094732512479,0.18246371617473375,0.32224016764238056,0.07659596327901311,0.0,0.0,0.0,0.0,0.0,0.0,0.0,0.0,0.0,0.0,0.0,0.0,0.0,0.0,0.0,0.0,0.0,0.0,0.0,0.0,0.0,0.0,0.0,0.0,0.0,0.0,0.0,0.0,0.0,0.0,0.0,0.0,0.0,0.0,0.0,0.0,0.0,0.0,0.0,0.0,0.0,0.0,0.0,0.0,0.0,0.0,0.0,0.0,0.0,0.0,0.0,0.0,0.0,0.0,0.0,0.0,0.0,0.0,0.0,0.0,0.0,0.0,0.0,0.0,0.0,0.0,0.0,0.0,0.0,0.0,0.0,0.0,0.0,0.0,0.0,0.0,0.0,0.0,0.0,0.0,0.0,0.0,0.0,0.0,0.0,0.0,0.0,0.0,0.0,0.0,0.0,0.0,0.0,0.0,0.0,0.0,0.0,0.0,0.0,1.0,1.0,1.0,1.0,1.0,1.0
0009,Leptolobium Vogel,9,0.0,0.0,1.0,0.0,1.0,0.0,0.5555555555555556,0.0,0.0,0.0,0.0,0.0,1.0,0.0,0.0,0.0,0.10847227530348326,0.0,0.4812464548653366,0.0,0.011819251599060976,0.0,0.0,0.0,0.0,0.0,0.39846201823211924,0.0,0.0,0.0,0.0,0.0,0.0,0.0,0.0,0.0,0.0,0.0,-7.421135086760385,0.6780820865128292,-0.00028121971544586225,0.33944693633875933,0.7725214493941998,0.0,0.0,0.0,0.0,0.0,-6.50524316429683,0.41026463598725726,-0.35898262685560645,0.48172812530871234,0.5339999946086749,0.0,0.0,0.0,0.0,0.0,-5.981931363741448,0.25037609361350577,-0.5927987799618512,0.7296266756308383,0.4356997024291756,0.0,0.0,0.0,0.0,0.0,0.0,0.0,0.0,0.0,0.0,0.0,0.0,0.0,0.0,0.0,0.0,0.0,0.0,0.0,0.0,0.0,0.0,0.0,0.0,0.0,-7.45608763468143,0.6998116743416032,0.06002901844573342,0.3259754747187798,0.7731338139682395,0.0,0.0,0.0,0.0,0.0,0.0,0.0,0.0,0.0,0.0,0.0,0.0,0.0,0.0,0.0,0.5855859460229769,0.1066387600477142,0.2624776097482817,0.19085026157706195,0.12520842903601867,0.0,0.0,0.0,0.0,0.0,0.5824139858141595,0.2098920996168066,0.27839521934557016,0.27395520431774883,0.15425865499645847,0.0,0.0,0.0,0.0,0.0,0.05606357204313683,0.02527192022856294,0.06568297222122152,0.05895334898917894,0.01911458213076856,0.0,0.0,0.0,0.0,0.0,0.0,0.0,0.0,0.0,0.0,0.0,0.0,0.0,0.0,0.0,0.0,0.0,0.0,0.0,0.0,0.0,0.0,0.0,0.0,0.0,0.6040363841920483,0.08281518218879763,0.22307465274594337,0.1977632111171805,0.09492290165764475,0.0,0.0,0.0,0.0,0.0,0.0,0.0,0.0,0.0,0.0,0.0,0.0,0.0,0.0,0.0,0.0,0.0,0.0,0.0,0.0,0.0,0.0,0.0,0.0,0.0,0.0,0.0,0.0,0.0,0.0,0.0,0.0,1.0,0.0,1.0,0.0,0.5555555555555556,0.0,0.0,0.0,0.0,0.0,1.0,0.0,0.0,0.0,0.0,0.0,0.0,0.0,0.0,0.0,0.0,0.0,0.0,1.0,0.0,0.5555555555555556,0.0,0.0,0.0,0.0,0.0,1.0,0.0,0.0,0.0,0.0,0.0,0.0,0.0,0.0,0.0,0.0,1.0,0.0,0.0,0.0,0.0,0.0,0.5555555555555556,0.0,0.0,0.0,0.0,0.0,0.0,0.0,0.0,0.0,0.0,0.0,0.0,0.0,0.0,0.0,0.0,0.0,0.0,0.0,0.0,0.0,0.0,0.0,0.0,0.0,0.0,1.0,0.0,0.0
0030,Amburana cearensis (Allemão) A.C.Sm.,10,0.0,0.0,0.9,1.0,1.0,0.0,1.0,0.0,0.0,0.0,0.0,0.0,1.0,0.0,0.0,0.0,0.012103724311464184,0.591471923651645,0.17394840058004296,0.0,0.16536497965307417,0.0,0.0,0.0,0.0,0.0,0.057110971803773766,0.0,0.0,0.0,0.0,0.0,0.0,0.0,0.0,0.0,0.0,0.0,-6.217949545626964,0.6917759478902197,-0.17408033839707387,0.3228376618191988,0.7737349978857356,-4.198655342691495,0.5800284222842277,-0.06539529823739512,0.4515825178364697,0.6714812960185512,-4.3197323109899965,0.5605704111151331,0.33018101344432743,0.4629299686474468,0.6010190613933517,0.0,0.0,0.0,0.0,0.0,-4.865025705753787,0.3694696996314183,0.11808472222607658,0.6994273867275707,0.49870109286586767,0.0,0.0,0.0,0.0,0.0,0.0,0.0,0.0,0.0,0.0,0.0,0.0,0.0,0.0,0.0,0.0,0.0,0.0,0.0,0.0,0.0,0.0,0.0,0.0,0.0,-6.375172678973381,0.7139695010297225,-0.3673432776306429,0.5557735580761439,0.7959575669693636,0.0,0.0,0.0,0.0,0.0,0.0,0.0,0.0,0.0,0.0,0.0,0.0,0.0,0.0,0.0,0.21922983376647548,0.05176764005193613,0.14440036368069542,0.16366584427004757,0.032060006166603525,0.7458771674963776,0.1563960064766037,0.4663306895228486,0.39258354774696974,0.06433182415905472,0.5475007682655499,0.10920454956582401,0.3137641990519567,0.28419950602543287,0.05581467917775629,0.0,0.0,0.0,0.0,0.0,1.7007078320029563,0.2006311425452661,0.5491046352961955,0.40635469206520425,0.1907270793729985,0.0,0.0,0.0,0.0,0.0,0.0,0.0,0.0,0.0,0.0,0.0,0.0,0.0,0.0,0.0,0.0,0.0,0.0,0.0,0.0,0.0,0.0,0.0,0.0,0.0,0.6334661850366458,0.08978441641980855,0.38970878309806417,0.33544551037117504,0.05174931536660251,0.0,0.0,0.0,0.0,0.0,0.0,0.0,0.0,0.0,0.0,0.0,0.0,0.0,0.0,0.0,0.0,0.0,0.0,0.0,0.0,0.0,0.0,0.0,0.0,0.0,0.0,0.0,0.0,0.0,0.0,0.0,0.0,1.0,0.9,0.9,0.0,0.9,0.0,0.0,0.0,0.0,0.0,0.9,0.0,1.0,1.0,0.0,1.0,0.0,0.0,0.0,0.0,0.0,1.0,0.0,1.0,0.0,1.0,0.0,0.0,0.0,0.0,0.0,1.0,0.0,0.0,0.0,0.0,0.0,0.0,0.0,0.0,0.0,0.0,1.0,0.0,0.0,0.0,0.0,0.0,1.0,0.0,0.0,0.0,0.0,0.0,0.0,0.0,0.0,0.0,0.0,0.0,0.0,0.0,0.0,0.0,0.0,0.0,0.0,0.0,0.0,0.0,0.0,0.0,0.0,0.0,0.0,1.0,0.0,0.0
0033,Anacardium excelsum (Bertero & Balb. ex Kunth) Skeels,9,0.0,1.0,0.0,1.0,0.0,0.0,0.0,0.0,0.0,0.0,0.0,0.1111111111111111,1.0,0.0,0.0,0.15434882031176458,0.0,0.47836653245202493,0.0,0.0,0.0,0.0,0.0,0.0,0.0,0.0026106767760937723,0.3646739704601167,0.0,0.0,0.0,0.0,0.0,0.0,-7.573366950694934,0.6569290585153682,-0.12519017495718585,0.38828464832701903,0.7900084067456123,0.0,0.0,0.0,0.0,0.0,-6.687633529639396,0.5577414223757104,-0.238862033206414,0.39130861875584977,0.6655107770924027,0.0,0.0,0.0,0.0,0.0,0.0,0.0,0.0,0.0,0.0,0.0,0.0,0.0,0.0,0.0,0.0,0.0,0.0,0.0,0.0,0.0,0.0,0.0,0.0,0.0,0.0,0.0,0.0,0.0,0.0,0.0,0.0,0.0,0.0,0.0,-5.6518142041162855,0.48915693081094674,-1.285740584138103,1.2958574884708176,0.8802533209279112,-7.589924927636773,0.7033393582357447,-0.23088849710065265,0.4238451052229728,0.8218204853928656,0.0,0.0,0.0,0.0,0.0,0.0,0.0,0.0,0.0,0.0,0.3813958450161517,0.1129991282986534,0.27090064995395335,0.20123913141732291,0.10456545819543311,0.0,0.0,0.0,0.0,0.0,0.6736617216545802,0.2382611690333673,0.2612604073089451,0.2563904729573155,0.18113660980077004,0.0,0.0,0.0,0.0,0.0,0.0,0.0,0.0,0.0,0.0,0.0,0.0,0.0,0.0,0.0,0.0,0.0,0.0,0.0,0.0,0.0,0.0,0.0,0.0,0.0,0.0,0.0,0.0,0.0,0.0,0.0,0.0,0.0,0.0,0.0,0.0,0.0,0.0,0.0,0.0,0.41805445908334476,0.07454648696762413,0.2698284138958315,0.21682406543100105,0.08971934931427254,0.0,0.0,0.0,0.0,0.0,0.0,0.0,0.0,0.0,0.0,0.0,0.0,0.0,0.0,0.0,0.0,0.0,0.0,0.0,1.0,0.0,1.0,0.0,0.0,0.0,0.0,0.0,0.0,0.0,0.1111111111111111,1.0,0.0,0.0,0.0,0.0,0.0,0.0,0.0,0.0,0.0,0.0,0.0,0.0,0.0,1.0,0.0,0.0,0.0,0.0,0.0,0.0,0.0,0.1111111111111111,1.0,0.0,0.0,0.0,0.0,0.0,0.0,0.0,0.0,0.0,0.0,0.0,0.0,0.0,0.0,0.0,0.0,0.0,0.0,0.0,0.0,0.0,0.0,0.0,0.0,0.0,0.0,0.0,0.0,0.0,0.0,0.0,0.0,0.0,0.0,0.0,0.0,0.0,0.0,0.0,0.0,0.0,0.0,0.0,0.0,0.0,0.0,0.0,0.0,0.0,0.0,1.0,0.1111111111111111,0.0,1.0,0.0,0.0
0034,Anacardium L.,10,0.0,0.0,0.0,1.0,1.0,0.0,0.1,0.0,0.0,0.0,0.2,0.0,1.0,0.0,0.0,0.0,0.0,0.21064845000016283,0.5812403085326076,0.0,0.004004364312374612,0.0,0.0,0.0,0.04468081407052387,0.0,0.15942606308433113,0.0,0.0,0.0,0.0,0.0,0.0,0.0,0.0,0.0,0.0,0.0,0.0,0.0,0.0,0.0,0.0,-5.441474477418732,0.6894462943496851,0.11033582867079454,0.3538056689210077,0.6826228259185507,-5.6183226927130585,0.6513253916896256,0.2987913070866857,0.44197509839477184,0.6554362675367138,0.0,0.0,0.0,0.0,0.0,-6.129531651914215,0.39666193059342036,0.28477497093872395,0.2642231594854137,0.41930225283950634,0.0,0.0,0.0,0.0,0.0,0.0,0.0,0.0,0.0,0.0,0.0,0.0,0.0,0.0,0.0,-3.5099473934033556,0.07820666366368383,1.8989902365775682,1.8634423050855489,0.3714468724593408,0.0,0.0,0.0,0.0,0.0,-6.790739581519681,0.7228196750054644,-0.24093635161464996,0.4323814249393245,0.7968426068249994,0.0,0.0,0.0,0.0,0.0,0.0,0.0,0.0,0.0,0.0,0.0,0.0,0.0,0.0,0.0,0.0,0.0,0.0,0.0,0.0,0.5242516811889197,0.13969514497570037,0.3326717294236326,0.3246026512873163,0.07512114324993312,0.6472117225595511,0.1512407642218406,0.37992202931485397,0.32661640649140145,0.0702848124423496,0.0,0.0,0.0,0.0,0.0,1.0826127851747005,0.2814357351686928,0.14056049777059584,0.06970485447285744,0.22026818048734667,0.0,0.0,0.0,0.0,0.0,0.0,0.0,0.0,0.0,0.0,0.0,0.0,0.0,0.0,0.0,0.0,0.0,0.0,0.0,0.0,0.0,0.0,0.0,0.0,0.0,0.5863849940371149,0.06568032577204903,0.2906104251368714,0.28099576671468657,0.0523300404729878,0.0,0.0,0.0,0.0,0.0,0.0,0.0,0.0,0.0,0.0,0.0,0.0,0.0,0.0,0.0,0.0,0.0,0.0,0.0,0.0,0.0,0.0,0.0,0.0,0.0,0.0,0.0,0.0,0.0,0.0,0.0,0.0,0.0,0.0,0.0,0.0,0.0,0.0,0.0,0.0,0.0,0.0,0.0,0.0,1.0,1.0,0.0,0.1,0.0,0.0,0.0,0.2,0.0,1.0,0.0,1.0,0.0,0.1,0.0,0.0,0.0,0.2,0.0,1.0,0.0,0.0,0.0,0.0,0.0,0.0,0.0,0.0,0.0,0.0,1.0,0.0,0.0,0.0,0.0,0.0,0.1,0.0,0.0,0.0,0.0,0.0,0.0,0.0,0.0,0.0,0.0,0.0,0.0,0.0,0.0,0.0,0.0,0.0,0.0,0.0,1.0,0.0,0.2,0.0,0.0,0.0,0.0,1.0,0.0,0.0
0035,Anacardium giganteum Hancock ex Engl.,10,0.0,1.0,0.0,1.0,1.0,0.0,0.0,0.0,0.0,0.0,0.0,0.0,1.0,0.0,0.0,0.10458976972660768,0.0,0.5739406035348494,0.11880455535581656,0.0,0.0,0.0,0.0,0.0,0.0,0.0,0.2026650713827262,0.0,0.0,0.0,0.0,0.0,0.0,-6.511964388246154,0.5739323347649965,-0.0344398179994031,0.4410219115762567,0.6750736625809735,0.0,0.0,0.0,0.0,0.0,-5.836065324293185,0.5399512962717229,-0.1249273344519587,0.39442982225823153,0.6201865392877809,-5.341321078507674,0.5319321678085437,0.11836989632627212,0.2365620209716178,0.6086266867504376,0.0,0.0,0.0,0.0,0.0,0.0,0.0,0.0,0.0,0.0,0.0,0.0,0.0,0.0,0.0,0.0,0.0,0.0,0.0,0.0,0.0,0.0,0.0,0.0,0.0,0.0,0.0,0.0,0.0,0.0,0.0,0.0,0.0,0.0,0.0,-6.553933291796166,0.6589923101546933,-0.19203205835557757,0.526470710272317,0.7349841400318836,0.0,0.0,0.0,0.0,0.0,0.0,0.0,0.0,0.0,0.0,0.49374705928646023,0.1351788443640051,0.32296605343826756,0.21357767165329836,0.10431000233534957,0.0,0.0,0.0,0.0,0.0,0.9266232924095414,0.2938361508709521,0.4050605888061158,0.38578025399095783,0.22188499958263447,0.47396257449730117,0.17921835929520358,0.15008550679467944,0.10462522391203828,0.10812282546875443,0.0,0.0,0.0,0.0,0.0,0.0,0.0,0.0,0.0,0.0,0.0,0.0,0.0,0.0,0.0,0.0,0.0,0.0,0.0,0.0,0.0,0.0,0.0,0.0,0.0,0.0,0.0,0.0,0.0,0.0,0.0,0.0,0.0,0.0,0.0,0.8610500185734752,0.16405090318574778,0.44653634138671794,0.38868120553674046,0.14085182204866414,0.0,0.0,0.0,0.0,0.0,0.0,0.0,0.0,0.0,0.0,0.0,0.0,0.0,0.0,0.0,0.0,0.0,0.0,0.0,1.0,0.0,1.0,1.0,0.0,0.0,0.0,0.0,0.0,0.0,0.0,1.0,0.0,0.0,0.0,0.0,0.0,0.0,0.0,0.0,0.0,0.0,0.0,0.0,0.0,1.0,1.0,0.0,0.0,0.0,0.0,0.0,0.0,0.0,1.0,0.0,1.0,0.0,0.0,0.0,0.0,0.0,0.0,0.0,1.0,0.0,0.0,0.0,0.0,0.0,0.0,0.0,0.0,0.0,0.0,0.0,0.0,0.0,0.0,0.0,0.0,0.0,0.0,0.0,0.0,0.0,0.0,0.0,0.0,0.0,0.0,0.0,0.0,0.0,0.0,0.0,0.0,0.0,0.0,0.0,0.0,0.0,0.0,0.0,0.0,0.0,0.0,0.0,1.0,0.0,0.0
0041,Aniba rosodora Ducke,7,0.0,0.0,0.0,0.0,0.0,0.0,0.0,0.0,0.0,0.0,0.0,0.0,1.0,0.0,0.0,0.0,0.0,0.0,0.0,0.0,0.0,0.0,0.0,0.0,0.0,0.0,1.0,0.0,0.0,0.0,0.0,0.0,0.0,0.0,0.0,0.0,0.0,0.0,0.0,0.0,0.0,0.0,0.0,0.0,0.0,0.0,0.0,0.0,0.0,0.0,0.0,0.0,0.0,0.0,0.0,0.0,0.0,0.0,0.0,0.0,0.0,0.0,0.0,0.0,0.0,0.0,0.0,0.0,0.0,0.0,0.0,0.0,0.0,0.0,0.0,0.0,0.0,0.0,0.0,0.0,0.0,0.0,0.0,0.0,0.0,0.0,0.0,0.0,-7.138058626477146,0.723210617718751,0.16027746849195504,0.35073065646329027,0.808507631195806,0.0,0.0,0.0,0.0,0.0,0.0,0.0,0.0,0.0,0.0,0.0,0.0,0.0,0.0,0.0,0.0,0.0,0.0,0.0,0.0,0.0,0.0,0.0,0.0,0.0,0.0,0.0,0.0,0.0,0.0,0.0,0.0,0.0,0.0,0.0,0.0,0.0,0.0,0.0,0.0,0.0,0.0,0.0,0.0,0.0,0.0,0.0,0.0,0.0,0.0,0.0,0.0,0.0,0.0,0.0,0.0,0.0,0.0,0.0,0.0,0.0,0.0,0.0,0.0,0.0,0.22586927702313683,0.019254700034431298,0.08939097494923222,0.10125798433814771,0.03445506570388344,0.0,0.0,0.0,0.0,0.0,0.0,0.0,0.0,0.0,0.0,0.0,0.0,0.0,0.0,0.0,0.0,0.0,0.0,0.0,0.0,0.0,0.0,0.0,0.0,0.0,0.0,0.0,0.0,0.0,0.0,0.0,0.0,0.0,0.0,0.0,0.0,0.0,0.0,0.0,0.0,0.0,0.0,0.0,0.0,0.0,0.0,0.0,0.0,0.0,0.0,0.0,0.0,0.0,0.0,0.0,0.0,0.0,0.0,0.0,0.0,0.0,0.0,0.0,0.0,0.0,0.0,0.0,0.0,0.0,0.0,0.0,0.0,0.0,0.0,0.0,0.0,0.0,0.0,0.0,0.0,0.0,0.0,0.0,0.0,0.0,0.0,0.0,0.0,0.0,0.0,0.0,0.0,0.0,0.0,0.0,0.0,0.0,0.0,0.0,0.0,0.0,0.0,0.0,0.0,0.0,0.0,0.0,1.0,0.0,0.0
0045,Anopyxis klaineana (Pierre) Engl.,10,0.0,0.4,0.0,1.0,0.9,0.0,0.0,0.0,0.0,0.0,0.0,0.0,1.0,0.0,0.0,0.00991338409753155,0.0,0.11854995612746654,0.1974614928963119,0.0,0.0,0.0,0.0,0.0,0.0,0.0,0.67407516687869,0.0,0.0,0.0,0.0,0.0,0.0,-5.922483371499387,0.6738179441897288,-0.252652357155952,0.2959355945687149,0.7323298495953683,0.0,0.0,0.0,0.0,0.0,-6.103612042510214,0.38085283379515716,0.0018859974173421183,0.23806268572444284,0.45567648021821344,-5.358272007326933,0.497085920901039,0.3444936797931102,0.42058049407589726,0.5468762583193005,0.0,0.0,0.0,0.0,0.0,0.0,0.0,0.0,0.0,0.0,0.0,0.0,0.0,0.0,0.0,0.0,0.0,0.0,0.0,0.0,0.0,0.0,0.0,0.0,0.0,0.0,0.0,0.0,0.0,0.0,0.0,0.0,0.0,0.0,0.0,-6.107832918958116,0.6768533612338055,-0.2525738908145243,0.45405192125113636,0.7144096534150742,0.0,0.0,0.0,0.0,0.0,0.0,0.0,0.0,0.0,0.0,0.0,0.0,0.0,0.0,0.0,0.0,0.0,0.0,0.0,0.0,0.7066911885662405,0.20594064580298954,0.16058873418447392,0.14857381566645556,0.16992258595082083,0.45048164923064576,0.13893414892309686,0.17169508967573807,0.14545641530264722,0.08433519547939491,0.0,0.0,0.0,0.0,0.0,0.0,0.0,0.0,0.0,0.0,0.0,0.0,0.0,0.0,0.0,0.0,0.0,0.0,0.0,0.0,0.0,0.0,0.0,0.0,0.0,0.0,0.0,0.0,0.0,0.0,0.0,0.0,0.0,0.0,0.0,0.6645669397569758,0.14953428310465158,0.3641280932929722,0.34236570167561997,0.10177342546872029,0.0,0.0,0.0,0.0,0.0,0.0,0.0,0.0,0.0,0.0,0.0,0.0,0.0,0.0,0.0,0.0,0.0,0.0,0.0,1.0,0.0,0.4,0.3,0.0,0.0,0.0,0.0,0.0,0.0,0.0,0.4,0.0,0.0,0.0,0.0,0.0,0.0,0.0,0.0,0.0,0.0,0.0,0.0,0.0,1.0,0.9,0.0,0.0,0.0,0.0,0.0,0.0,0.0,1.0,0.0,1.0,0.0,0.0,0.0,0.0,0.0,0.0,0.0,0.9,0.0,0.0,0.0,0.0,0.0,0.0,0.0,0.0,0.0,0.0,0.0,0.0,0.0,0.0,0.0,0.0,0.0,0.0,0.0,0.0,0.0,0.0,0.0,0.0,0.0,0.0,0.0,0.0,0.0,0.0,0.0,0.0,0.0,0.0,0.0,0.0,0.0,0.0,0.0,0.0,0.0,0.0,0.0,1.0,0.0,0.0
0066,Aucoumea klaineana Pierre,10,0.0,1.0,0.0,0.0,0.0,0.0,0.0,0.0,0.0,0.0,0.0,0.0,1.0,0.0,0.0,0.22017914466247554,0.0,0.0,0.0,0.0,0.0,0.0,0.0,0.0,0.0,0.0,0.7798208553375244,0.0,0.0,0.0,0.0,0.0,0.0,-6.6616390153189275,0.6178754549857359,-0.12507102176267765,0.5009046543535611,0.72553996530327,0.0,0.0,0.0,0.0,0.0,0.0,0.0,0.0,0.0,0.0,0.0,0.0,0.0,0.0,0.0,0.0,0.0,0.0,0.0,0.0,0.0,0.0,0.0,0.0,0.0,0.0,0.0,0.0,0.0,0.0,0.0,0.0,0.0,0.0,0.0,0.0,0.0,0.0,0.0,0.0,0.0,0.0,0.0,0.0,0.0,0.0,0.0,0.0,0.0,0.0,-6.523149560671582,0.6878511680319315,-0.1687584119438075,0.4438757774889245,0.7475908598672283,0.0,0.0,0.0,0.0,0.0,0.0,0.0,0.0,0.0,0.0,0.33803233609439387,0.0788705756298019,0.2964998358146651,0.2666687882013462,0.06510474180647957,0.0,0.0,0.0,0.0,0.0,0.0,0.0,0.0,0.0,0.0,0.0,0.0,0.0,0.0,0.0,0.0,0.0,0.0,0.0,0.0,0.0,0.0,0.0,0.0,0.0,0.0,0.0,0.0,0.0,0.0,0.0,0.0,0.0,0.0,0.0,0.0,0.0,0.0,0.0,0.0,0.0,0.0,0.0,0.0,0.0,0.0,0.0,0.0,0.0,0.0,0.6725742230225595,0.14027793295132546,0.3882898352243388,0.3686722046490794,0.11222737587264868,0.0,0.0,0.0,0.0,0.0,0.0,0.0,0.0,0.0,0.0,0.0,0.0,0.0,0.0,0.0,0.0,0.0,0.0,0.0,1.0,0.0,0.0,0.0,0.0,0.0,0.0,0.0,0.0,0.0,0.0,1.0,0.0,0.0,0.0,0.0,0.0,0.0,0.0,0.0,0.0,0.0,0.0,0.0,0.0,0.0,0.0,0.0,0.0,0.0,0.0,0.0,0.0,0.0,0.0,0.0,0.0,0.0,0.0,0.0,0.0,0.0,0.0,0.0,0.0,0.0,0.0,0.0,0.0,0.0,0.0,0.0,0.0,0.0,0.0,0.0,0.0,0.0,0.0,0.0,0.0,0.0,0.0,0.0,0.0,0.0,0.0,0.0,0.0,0.0,0.0,0.0,0.0,0.0,0.0,0.0,0.0,0.0,0.0,0.0,0.0,0.0,0.0,0.0,0.0,0.0,0.0,0.0,1.0,0.0,0.0
0070,Bagassa guianensis Aubl.,9,0.0,1.0,0.0,1.0,0.8888888888888888,0.0,0.2222222222222222,0.0,0.0,0.0,0.0,0.2222222222222222,1.0,0.0,0.0,0.08845078383319685,0.0,0.6939944682238338,0.0530869982056871,0.0,0.0066360351652843454,0.0,0.0,0.0,0.0,0.02136533368847061,0.13646638088352736,0.0,0.0,0.0,0.0,0.0,0.0,-5.392443422359415,0.7506744492075157,-0.26473698050387423,0.3195048559291594,0.7612949133793223,0.0,0.0,0.0,0.0,0.0,-5.282428689642174,0.6010544862492142,-0.19966626365578544,0.4460742764196641,0.6544802405292428,-5.2781234278084375,0.49495036152372196,0.062151275615202305,0.14993822105151663,0.5568816536780123,0.0,0.0,0.0,0.0,0.0,-5.954024767442084,0.20279919721928502,-0.4906561300173722,0.5100842220550281,0.45236845755689437,0.0,0.0,0.0,0.0,0.0,0.0,0.0,0.0,0.0,0.0,0.0,0.0,0.0,0.0,0.0,0.0,0.0,0.0,0.0,0.0,-4.3354353370720125,0.39901479973674503,-1.2230250428528446,1.065921138858672,0.7553018173092747,-5.623949093381693,0.7512296368954884,-0.36071781561271915,0.4029963349025747,0.7741612494682681,0.0,0.0,0.0,0.0,0.0,0.0,0.0,0.0,0.0,0.0,0.25873502069024656,0.049088599802171846,0.12792692425548452,0.13029927537328184,0.03207872972147904,0.0,0.0,0.0,0.0,0.0,0.8158138521336797,0.23875202731814676,0.47901908497140866,0.4661415999382772,0.16877644248008894,0.3749572714361675,0.1547936358182652,0.05858473695978038,0.06287218613881901,0.0901142140079512,0.0,0.0,0.0,0.0,0.0,0.31384798873938924,0.057661986784719683,0.08871844614845925,0.097806643374067,0.019061994313679137,0.0,0.0,0.0,0.0,0.0,0.0,0.0,0.0,0.0,0.0,0.0,0.0,0.0,0.0,0.0,0.0,0.0,0.0,0.0,0.0,0.16395063830152923,0.04494980937960053,0.11367044085675203,0.1079426903809329,0.013916849189824953,0.43664791160302263,0.07060697718069668,0.18645550864128815,0.23174659085881918,0.03429506528481531,0.0,0.0,0.0,0.0,0.0,0.0,0.0,0.0,0.0,0.0,0.0,0.0,0.0,0.0,0.0,0.0,0.0,0.0,0.0,1.0,0.0,1.0,0.8888888888888888,0.0,0.2222222222222222,0.0,0.0,0.0,0.0,0.2222222222222222,1.0,0.0,0.0,0.0,0.0,0.0,0.0,0.0,0.0,0.0,0.0,0.0,0.0,0.0,1.0,0.8888888888888888,0.0,0.2222222222222222,0.0,0.0,0.0,0.0,0.2222222222222222,1.0,0.0,1.0,0.0,0.1111111111111111,0.0,0.0,0.0,0.0,0.25,0.8888888888888888,0.0,0.0,0.0,0.0,0.0,0.0,0.0,0.0,0.0,0.0,1.0,0.0,0.0,0.0,0.0,0.3333333333333333,0.2222222222222222,0.0,0.0,0.0,0.0,0.0,0.0,0.0,0.0,0.0,0.0,0.0,0.0,0.0,0.0,0.0,0.0,0.0,0.0,0.0,0.0,0.0,0.0,0.0,1.0,0.2222222222222222,0.0,1.0,0.0,0.0
0071,Baikiaea plurijuga Harms,4,0.0,1.0,0.5,0.0,0.0,0.0,0.0,0.0,0.0,0.0,0.0,0.0,0.5,0.0,0.0,0.8478205671601844,0.07545577014274626,0.0,0.0,0.0,0.0,0.0,0.0,0.0,0.0,0.0,0.07672366269706939,0.0,0.0,0.0,0.0,0.0,0.0,-7.571803168608795,0.7205522343724653,-0.13503853408487582,0.31294960603002053,0.8086856385686365,-7.53248471516887,0.7248260874526901,-3.122502256758253e-16,0.30070434076776476,0.8355535018447529,0.0,0.0,0.0,0.0,0.0,0.0,0.0,0.0,0.0,0.0,0.0,0.0,0.0,0.0,0.0,0.0,0.0,0.0,0.0,0.0,0.0,0.0,0.0,0.0,0.0,0.0,0.0,0.0,0.0,0.0,0.0,0.0,0.0,0.0,0.0,0.0,0.0,0.0,0.0,0.0,0.0,0.0,0.0,0.0,0.0,-7.820038700480966,0.7053183355172759,-0.2342249331227283,0.3416141011189902,0.8077771113317355,0.0,0.0,0.0,0.0,0.0,0.0,0.0,0.0,0.0,0.0,0.20136479554907794,0.038724416093553274,0.14742298022576827,0.13673179938226443,0.06673140555756009,0.019466333714686757,0.01440360325645823,0.08018231839760045,0.03220877254357111,0.01696645513738365,0.0,0.0,0.0,0.0,0.0,0.0,0.0,0.0,0.0,0.0,0.0,0.0,0.0,0.0,0.0,0.0,0.0,0.0,0.0,0.0,0.0,0.0,0.0,0.0,0.0,0.0,0.0,0.0,0.0,0.0,0.0,0.0,0.0,0.0,0.0,0.0,0.0,0.0,0.0,0.0,0.0,0.0,0.0,0.0,0.0,0.10233467759857695,0.0180084787145387,0.09266725318910368,0.07046905191029756,0.04198508587102687,0.0,0.0,0.0,0.0,0.0,0.0,0.0,0.0,0.0,0.0,0.0,0.0,0.0,0.0,0.0,0.0,0.0,0.0,0.0,1.0,0.5,0.0,0.0,0.0,0.0,0.0,0.0,0.0,0.0,0.0,0.5,0.0,1.0,0.0,0.0,0.0,0.0,0.0,0.0,0.0,0.0,0.0,0.3333333333333333,0.0,0.0,0.0,0.0,0.0,0.0,0.0,0.0,0.0,0.0,0.0,0.0,0.0,0.0,0.0,0.0,0.0,0.0,0.0,0.0,0.0,0.0,0.0,0.0,0.0,0.0,0.0,0.0,0.0,0.0,0.0,0.0,0.0,0.0,0.0,0.0,0.0,0.0,0.0,0.0,0.0,0.0,0.0,0.0,0.0,0.0,0.0,0.0,0.0,0.0,0.0,0.0,0.0,0.0,0.0,0.0,0.0,0.0,0.0,0.0,0.0,0.0,0.0,0.0,1.0,0.0,0.0
0072,Baillonella toxisperma Pierre,10,0.0,1.0,0.0,0.0,0.1,0.0,0.0,0.0,0.0,0.1,0.0,0.7,1.0,0.0,0.0,0.3553733134120039,0.0,0.0,0.00022951661908238548,0.0,0.0,0.0,0.0,0.0009824963099182328,0.0,0.060563013680114304,0.5828516599788811,0.0,0.0,0.0,0.0,0.0,0.0,-7.139194135983398,0.6223716968110868,-0.12157121719848488,0.4188412041210376,0.7187529542661905,0.0,0.0,0.0,0.0,0.0,0.0,0.0,0.0,0.0,0.0,-7.946794918570981,0.008617715610589232,0.43008978822338984,0.3519756438972796,0.053759547817400374,0.0,0.0,0.0,0.0,0.0,0.0,0.0,0.0,0.0,0.0,0.0,0.0,0.0,0.0,0.0,0.0,0.0,0.0,0.0,0.0,-6.492673771824176,0.027397035590366835,1.526049707863336,2.1762708962126034,0.1704750245255715,0.0,0.0,0.0,0.0,0.0,-6.1291866488902755,0.258032552866083,-0.8754344737348413,0.919392167685592,0.5164729858988132,-7.070163878971873,0.6516738210441029,-0.20035119892708764,0.4671068932642484,0.7339346644393483,0.0,0.0,0.0,0.0,0.0,0.0,0.0,0.0,0.0,0.0,0.7514584572368193,0.16468287388688668,0.3020948417706338,0.24101278710118276,0.14721180768611802,0.0,0.0,0.0,0.0,0.0,0.0,0.0,0.0,0.0,0.0,0.0,0.0,0.0,0.0,0.0,0.0,0.0,0.0,0.0,0.0,0.0,0.0,0.0,0.0,0.0,0.0,0.0,0.0,0.0,0.0,0.0,0.0,0.0,0.0,0.0,0.0,0.0,0.0,0.0,0.0,0.0,0.0,0.0,0.0,0.0,0.45178177847633255,0.1403168763684654,0.3629747403631662,0.32966205770867735,0.13522859124254707,0.8635654300166312,0.17507211581644005,0.32395160180371796,0.29527916862030146,0.16413502309246827,0.0,0.0,0.0,0.0,0.0,0.0,0.0,0.0,0.0,0.0,0.0,0.0,0.0,0.0,0.0,0.0,0.0,0.0,0.0,1.0,0.0,0.0,0.1,0.0,0.0,0.0,0.0,0.1,0.0,0.7,1.0,0.0,0.0,0.0,0.0,0.0,0.0,0.0,0.0,0.0,0.0,0.0,0.0,0.0,0.0,0.0,0.0,0.0,0.0,0.0,0.0,0.0,0.0,0.0,0.0,1.0,0.0,0.0,0.0,0.0,0.0,0.0,0.14285714285714285,0.1,0.0,0.0,0.0,0.0,0.0,0.0,0.0,0.0,0.0,0.0,0.0,0.0,0.0,0.0,0.0,0.0,0.0,0.0,0.0,0.0,0.0,0.0,0.0,0.0,0.0,0.0,0.0,0.0,0.0,0.0,0.0,1.0,0.0,0.0,0.1,0.0,0.0,0.0,0.0,0.0,1.0,0.7,0.0,1.0,0.0,0.0
0073,Balfourodendron riedelianum (Engl.) Engl.,12,0.0,0.0,1.0,0.0,0.0,0.0,0.0,0.0,0.0,0.0,1.0,0.16666666666666666,1.0,0.3333333333333333,0.0,0.0,0.08764891600248582,0.0,0.0,0.0,0.0,0.0,0.0,0.0,0.3470669477880063,0.0030101379184711598,0.5184918982611533,0.043782100029883364,0.0,0.0,0.0,0.0,0.0,0.0,0.0,0.0,0.0,0.0,-7.6902267735682805,0.6943794596479421,-0.20589884214435886,0.3681294053144251,0.8196152879198877,0.0,0.0,0.0,0.0,0.0,0.0,0.0,0.0,0.0,0.0,0.0,0.0,0.0,0.0,0.0,0.0,0.0,0.0,0.0,0.0,0.0,0.0,0.0,0.0,0.0,0.0,0.0,0.0,0.0,0.0,0.0,0.0,0.0,0.0,0.0,-5.864791920006617,0.01188650447436705,2.145421244634747,2.8642114524465843,0.08141761225454948,-6.486920593830084,0.43473103257457535,-0.7963389654861202,0.9797832066029198,0.7500528269532407,-8.062448476146931,0.7068187033803568,-0.2497196086665335,0.38103244102581196,0.8460903911072796,-4.8532023280427286,0.023004062870552157,-2.727497189450163,3.110448020875298,0.1932920269738272,0.0,0.0,0.0,0.0,0.0,0.0,0.0,0.0,0.0,0.0,0.3113875878735028,0.05703138428849184,0.20138261266425253,0.20377108027304627,0.0689676536154032,0.0,0.0,0.0,0.0,0.0,0.0,0.0,0.0,0.0,0.0,0.0,0.0,0.0,0.0,0.0,0.0,0.0,0.0,0.0,0.0,0.0,0.0,0.0,0.0,0.0,0.0,0.0,0.0,0.0,0.0,0.0,0.0,0.0,0.0,0.0,0.8730258087876673,0.012021324347927355,0.18555489177298812,0.28053539705874725,0.057841742690010516,0.0,0.0,0.0,0.0,0.0,0.34432704920847806,0.05570848262619163,0.22517145342550784,0.1936560523222435,0.07580137216036235,0.028109993257559605,0.0008354753241574247,0.039978686232724624,0.051103173456855513,0.0006914662266858237,0.0,0.0,0.0,0.0,0.0,0.0,0.0,0.0,0.0,0.0,0.0,0.0,0.0,0.0,0.0,0.0,0.0,0.0,0.0,0.0,0.0,0.0,0.0,0.0,0.0,0.0,0.0,1.0,0.0,0.0,0.0,0.0,0.0,0.0,0.0,1.0,0.16666666666666666,1.0,0.3333333333333333,0.0,0.0,0.0,0.0,0.0,0.0,0.0,0.0,0.0,0.0,0.0,0.0,0.0,0.0,0.0,0.0,0.0,0.0,0.0,0.0,0.0,0.0,0.0,0.0,0.0,0.0,0.0,0.0,0.0,0.0,0.0,0.0,0.0,0.0,0.0,0.0,0.0,0.0,0.0,0.0,0.0,0.0,0.0,0.0,0.0,0.0,0.0,0.0,0.0,0.0,0.0,0.0,0.0,0.0,0.0,0.0,1.0,0.16666666666666666,1.0,0.3333333333333333,1.0,0.16666666666666666,0.0,1.0,0.3333333333333333,1.0
0080,Betula papyrifera Marshall,10,0.0,0.0,0.0,0.0,0.0,0.0,0.0,0.0,0.0,0.0,0.0,0.1,1.0,0.0,0.0,0.0,0.0,0.0,0.0,0.0,0.0,0.0,0.0,0.0,0.0,0.011965341401465806,0.9880346585985341,0.0,0.0,0.0,0.0,0.0,0.0,0.0,0.0,0.0,0.0,0.0,0.0,0.0,0.0,0.0,0.0,0.0,0.0,0.0,0.0,0.0,0.0,0.0,0.0,0.0,0.0,0.0,0.0,0.0,0.0,0.0,0.0,0.0,0.0,0.0,0.0,0.0,0.0,0.0,0.0,0.0,0.0,0.0,0.0,0.0,0.0,0.0,0.0,0.0,0.0,0.0,0.0,0.0,0.0,0.0,0.0,-6.4952109744895035,0.5604367226974722,-0.896823636587224,0.9444205093279172,0.804019617909908,-7.581884943467422,0.7130313168328873,-0.25520930064240516,0.4212001817648412,0.8352651045230466,0.0,0.0,0.0,0.0,0.0,0.0,0.0,0.0,0.0,0.0,0.0,0.0,0.0,0.0,0.0,0.0,0.0,0.0,0.0,0.0,0.0,0.0,0.0,0.0,0.0,0.0,0.0,0.0,0.0,0.0,0.0,0.0,0.0,0.0,0.0,0.0,0.0,0.0,0.0,0.0,0.0,0.0,0.0,0.0,0.0,0.0,0.0,0.0,0.0,0.0,0.0,0.0,0.0,0.0,0.0,0.0,0.0,0.0,0.0,0.0,0.1196169763649054,0.024379318190438877,0.17555755414738128,0.22601890518559675,0.06225866834579694,0.36066132726427996,0.04889394240085075,0.22770746155745777,0.19960846803124696,0.06409139969884603,0.0,0.0,0.0,0.0,0.0,0.0,0.0,0.0,0.0,0.0,0.0,0.0,0.0,0.0,0.0,0.0,0.0,0.0,0.0,0.0,0.0,0.0,0.0,0.0,0.0,0.0,0.0,0.0,0.0,0.0,0.0,0.0,0.0,0.0,0.0,0.0,0.0,0.0,0.0,0.0,0.0,0.0,0.0,0.0,0.0,0.0,0.0,0.0,0.0,0.0,0.0,0.0,0.0,0.0,0.0,0.0,0.0,0.0,0.0,0.0,0.0,0.0,0.0,0.0,0.0,0.0,0.0,0.0,0.0,0.0,0.0,0.0,0.0,0.0,0.0,0.0,0.0,0.0,0.0,0.0,0.0,0.0,0.0,0.0,0.0,0.0,0.0,0.0,0.0,0.0,0.0,0.0,0.0,0.0,0.0,0.0,0.0,0.0,0.0,0.0,0.0,0.0,0.0,0.0,1.0,0.1,0.0,1.0,0.0,0.0
0081,Betula pendula Roth,5,0.0,0.0,0.0,0.0,0.0,0.0,0.0,0.0,0.0,0.0,0.0,1.0,1.0,0.0,0.0,0.0,0.0,0.0,0.0,0.0,0.0,0.0,0.0,0.0,0.0,0.13015962041138637,0.8698403795886137,0.0,0.0,0.0,0.0,0.0,0.0,0.0,0.0,0.0,0.0,0.0,0.0,0.0,0.0,0.0,0.0,0.0,0.0,0.0,0.0,0.0,0.0,0.0,0.0,0.0,0.0,0.0,0.0,0.0,0.0,0.0,0.0,0.0,0.0,0.0,0.0,0.0,0.0,0.0,0.0,0.0,0.0,0.0,0.0,0.0,0.0,0.0,0.0,0.0,0.0,0.0,0.0,0.0,0.0,0.0,0.0,-6.811593990670912,0.5579035543434441,-0.8806886612227108,1.0268165531151634,0.8065668623929456,-7.990385662010034,0.7132688325253674,-0.17050265693452596,0.33689850108750363,0.852193945878367,0.0,0.0,0.0,0.0,0.0,0.0,0.0,0.0,0.0,0.0,0.0,0.0,0.0,0.0,0.0,0.0,0.0,0.0,0.0,0.0,0.0,0.0,0.0,0.0,0.0,0.0,0.0,0.0,0.0,0.0,0.0,0.0,0.0,0.0,0.0,0.0,0.0,0.0,0.0,0.0,0.0,0.0,0.0,0.0,0.0,0.0,0.0,0.0,0.0,0.0,0.0,0.0,0.0,0.0,0.0,0.0,0.0,0.0,0.0,0.0,0.26635634609471703,0.1036891214032372,0.19944881424832192,0.2356940650078437,0.08655657857738776,0.3870799102391811,0.05856134789502625,0.2557524697945088,0.20929887162236346,0.07578677597264313,0.0,0.0,0.0,0.0,0.0,0.0,0.0,0.0,0.0,0.0,0.0,0.0,0.0,0.0,0.0,0.0,0.0,0.0,0.0,0.0,0.0,0.0,0.0,0.0,0.0,0.0,0.0,0.0,0.0,0.0,0.0,0.0,0.0,0.0,0.0,0.0,0.0,0.0,0.0,0.0,0.0,0.0,0.0,0.0,0.0,0.0,0.0,0.0,0.0,0.0,0.0,0.0,0.0,0.0,0.0,0.0,0.0,0.0,0.0,0.0,0.0,0.0,0.0,0.0,0.0,0.0,0.0,0.0,0.0,0.0,0.0,0.0,0.0,0.0,0.0,0.0,0.0,0.0,0.0,0.0,0.0,0.0,0.0,0.0,0.0,0.0,0.0,0.0,0.0,0.0,0.0,0.0,0.0,0.0,0.0,0.0,0.0,0.0,0.0,0.0,0.0,0.0,0.0,0.0,1.0,1.0,0.0,1.0,0.0,0.0
0085,Bobgunnia fistuloides (Harms) J.H. Kirkbr. & Wiersema,12,0.0,0.0,1.0,0.0,0.0,0.6666666666666666,0.08333333333333333,0.8333333333333334,0.0,0.0,0.0,0.0,1.0,0.0,0.0,0.0,0.22439905270538685,0.0,0.0,0.051234409445594105,0.009921553511585066,0.028554604071189777,0.0,0.0,0.0,0.0,0.6858903802662442,0.0,0.0,0.0,0.0,0.0,0.0,0.0,0.0,0.0,0.0,0.0,-7.129147653793793,0.5869373653424411,-0.06807508773201307,0.45735252760224815,0.6725699572230953,0.0,0.0,0.0,0.0,0.0,0.0,0.0,0.0,0.0,0.0,-5.824147333854862,0.2981668565030644,0.9800026065055801,1.1206406429333218,0.5099340585796179,-4.857027844649046,0.08808659697607188,0.7980081463413451,0.9146108500628689,0.4066331231520524,-7.677841297940434,0.1816336991057887,0.07168153511666901,0.5806676921591817,0.30730515383440943,0.0,0.0,0.0,0.0,0.0,0.0,0.0,0.0,0.0,0.0,0.0,0.0,0.0,0.0,0.0,0.0,0.0,0.0,0.0,0.0,-7.214047769925643,0.5897627404832857,-0.2137086235351312,0.5331978582035093,0.6741882431772264,0.0,0.0,0.0,0.0,0.0,0.0,0.0,0.0,0.0,0.0,0.0,0.0,0.0,0.0,0.0,0.7999326396963564,0.18350029025710057,0.406123103180758,0.3402400141560514,0.16336323814273643,0.0,0.0,0.0,0.0,0.0,0.0,0.0,0.0,0.0,0.0,0.11596741731802174,0.010939747758859048,0.05407230904985503,0.07410604438942604,0.02056438936670717,0.0,0.0,0.0,0.0,0.0,0.6989102498711922,0.0521989714365886,0.2642556917537538,0.20534168231185995,0.08229853886087168,0.0,0.0,0.0,0.0,0.0,0.0,0.0,0.0,0.0,0.0,0.0,0.0,0.0,0.0,0.0,0.0,0.0,0.0,0.0,0.0,1.3148900714457148,0.21628019329443524,0.43305461968699127,0.3510600772129652,0.2014467541702667,0.0,0.0,0.0,0.0,0.0,0.0,0.0,0.0,0.0,0.0,0.0,0.0,0.0,0.0,0.0,0.0,0.0,0.0,0.0,0.0,0.0,0.0,0.0,0.0,0.0,0.0,0.0,0.0,0.0,0.0,0.0,0.0,1.0,0.0,0.0,0.6666666666666666,0.08333333333333333,0.8333333333333334,0.0,0.0,0.0,0.0,1.0,0.0,0.0,0.0,0.0,0.0,0.0,0.0,0.0,0.0,0.0,0.0,0.0,0.0,0.0,0.0,0.0,0.0,0.0,0.0,0.0,0.0,0.0,1.0,0.0,0.8,0.0,0.0,0.0,0.0,0.6666666666666666,0.0,1.0,0.0,0.0,0.0,0.0,0.0,0.08333333333333333,0.0,1.0,0.0,0.0,0.0,0.0,0.8333333333333334,0.0,0.0,0.0,0.0,0.0,0.0,0.0,0.0,0.0,0.0,0.0,0.0,0.0,0.0,0.0,0.0,0.0,0.0,0.0,1.0,0.0,0.0
0091,Brachystegia Benth.,12,0.0,0.0,0.9166666666666666,0.0,1.0,0.6666666666666666,0.6666666666666666,0.0,0.0,0.0,0.8333333333333334,0.0,1.0,0.0,0.0,0.0,0.011113530778587125,0.0,0.592455338633956,0.07122235079937578,0.06520583638356121,0.0,0.0,0.0,0.16279945054162742,0.0,0.09720349286289248,0.0,0.0,0.0,0.0,0.0,0.0,0.0,0.0,0.0,0.0,0.0,-6.490309366458623,0.7197612809476491,-0.1485883395357586,0.45840206535880856,0.8055787302503545,0.0,0.0,0.0,0.0,0.0,-4.849244311551053,0.5992199071643334,0.3620889850601059,0.5853576023679752,0.6525283329917594,-4.056656434689862,0.2921370765568072,1.3229482840921625,1.344945227702075,0.539502663760704,-4.807395749316953,0.2970093890471059,0.8635286834653201,1.0264232213253264,0.4455242584430463,0.0,0.0,0.0,0.0,0.0,0.0,0.0,0.0,0.0,0.0,0.0,0.0,0.0,0.0,0.0,-3.684703199054495,0.06907302348266556,2.377057222106182,2.53237150557045,0.40276434783284687,0.0,0.0,0.0,0.0,0.0,-6.338685539140555,0.7312264783045177,-0.27903066053568343,0.47201568476704764,0.8038235922067454,0.0,0.0,0.0,0.0,0.0,0.0,0.0,0.0,0.0,0.0,0.0,0.0,0.0,0.0,0.0,0.25018757186205587,0.03516871575245913,0.21022446384933738,0.1358401622636834,0.039625611263435515,0.0,0.0,0.0,0.0,0.0,0.8246828086785722,0.1506081430077393,0.5140682538393538,0.4026613389980227,0.07669415650257326,0.21257037054043268,0.057850712716956645,0.1863031565655244,0.18285893426756392,0.03846691486530621,0.9445402351358123,0.15970762012967532,0.3639220126461732,0.38361199204633745,0.15809981372607476,0.0,0.0,0.0,0.0,0.0,0.0,0.0,0.0,0.0,0.0,0.0,0.0,0.0,0.0,0.0,0.17504432136310966,0.018645307732214046,0.16473871069005216,0.2082868730244381,0.05915593996299238,0.0,0.0,0.0,0.0,0.0,0.6058625172029647,0.08867409106685929,0.37741097818723307,0.35877195972783316,0.0493483921916664,0.0,0.0,0.0,0.0,0.0,0.0,0.0,0.0,0.0,0.0,0.0,0.0,0.0,0.0,0.0,0.0,0.0,0.0,0.0,0.0,0.0,0.0,0.0,0.0,0.0,0.0,0.0,0.0,0.0,0.0,0.0,0.0,1.0,0.0,0.9166666666666666,0.7272727272727273,0.7272727272727273,0.0,0.0,0.0,0.9090909090909091,0.0,0.9166666666666666,0.0,0.0,0.0,0.0,0.0,0.0,0.0,0.0,0.0,0.0,0.0,0.0,1.0,0.6666666666666666,0.6666666666666666,0.0,0.0,0.0,0.8333333333333334,0.0,1.0,0.0,1.0,0.6,0.0,0.0,0.0,0.8,0.0,0.6666666666666666,0.0,1.0,0.0,0.0,0.0,0.6363636363636364,0.0,0.6666666666666666,0.0,0.0,0.0,0.0,0.0,0.0,0.0,0.0,0.0,0.0,0.0,0.0,0.0,0.0,0.0,0.0,0.0,0.0,0.0,1.0,0.0,0.8333333333333334,0.0,0.0,0.0,0.0,1.0,0.0,0.0
0092,Brachystegia cynometroides Harms,12,0.0,0.0,1.0,0.0,1.0,0.08333333333333333,1.0,0.0,0.0,0.0,1.0,0.0,1.0,0.0,0.0,0.0,0.037261122739218736,0.0,0.4300147790901384,0.0005052976698833566,0.17771210274793253,0.0,0.0,0.0,0.18411174719927137,0.0,0.17039495055355552,0.0,0.0,0.0,0.0,0.0,0.0,0.0,0.0,0.0,0.0,0.0,-6.91616049685068,0.6109091475230127,-0.20787086137952795,0.5006809003877167,0.7137382237206413,0.0,0.0,0.0,0.0,0.0,-5.063168658613093,0.5278003446292917,0.3186941231848888,0.5001253303751391,0.5996019568684519,-5.686948812469897,0.37880077505493537,0.548173392074125,0.637885800417562,0.517599750970825,-4.308266245053834,0.23850871157136466,0.6103148432752934,0.7408146826959289,0.4911692885218429,0.0,0.0,0.0,0.0,0.0,0.0,0.0,0.0,0.0,0.0,0.0,0.0,0.0,0.0,0.0,-3.9582045668037846,0.014336760066564721,1.6870136057406366,1.8847497906061645,0.21680386123791595,0.0,0.0,0.0,0.0,0.0,-6.269121965503722,0.7193963086595426,-0.1607839405751957,0.435225639228399,0.7728641002445711,0.0,0.0,0.0,0.0,0.0,0.0,0.0,0.0,0.0,0.0,0.0,0.0,0.0,0.0,0.0,0.7328411576790055,0.13884586744102895,0.3258328763981881,0.2692340737347931,0.10903181169986036,0.0,0.0,0.0,0.0,0.0,0.8044160442685335,0.20144516061499707,0.41614132386922176,0.3233022218685402,0.11475529853607082,0.0,0.0,0.0,0.0,0.0,0.5120385858054454,0.15396539325252065,0.341086256209502,0.29243474627714766,0.10327793494891056,0.0,0.0,0.0,0.0,0.0,0.0,0.0,0.0,0.0,0.0,0.0,0.0,0.0,0.0,0.0,0.45657331177847,0.015633401267683675,0.20115571478390126,0.24067367650635074,0.08604024997206365,0.0,0.0,0.0,0.0,0.0,0.9609203856236959,0.1433263990187286,0.4305987213555922,0.3997111622732667,0.11542111145837153,0.0,0.0,0.0,0.0,0.0,0.0,0.0,0.0,0.0,0.0,0.0,0.0,0.0,0.0,0.0,0.0,0.0,0.0,0.0,0.0,0.0,0.0,0.0,0.0,0.0,0.0,0.0,0.0,0.0,0.0,0.0,0.0,1.0,0.0,1.0,0.08333333333333333,1.0,0.0,0.0,0.0,1.0,0.0,1.0,0.0,0.0,0.0,0.0,0.0,0.0,0.0,0.0,0.0,0.0,0.0,0.0,1.0,0.08333333333333333,1.0,0.0,0.0,0.0,1.0,0.0,1.0,0.0,1.0,0.08333333333333333,0.0,0.0,0.0,0.08333333333333333,0.0,0.08333333333333333,0.0,1.0,0.0,0.0,0.0,1.0,0.0,1.0,0.0,0.0,0.0,0.0,0.0,0.0,0.0,0.0,0.0,0.0,0.0,0.0,0.0,0.0,0.0,0.0,0.0,0.0,0.0,1.0,0.0,1.0,0.0,0.0,0.0,0.0,1.0,0.0,0.0
0093,Brachystegia laurentii (De Wild.) Louis ex J.Léonard,12,0.0,0.0,1.0,0.08333333333333333,1.0,0.0,0.75,0.0,0.0,0.0,0.9166666666666666,0.0,1.0,0.0,0.0,0.0,0.020188568423243434,0.0012590226430026726,0.3880705023735663,0.0,0.07151457199592415,0.0,0.0,0.0,0.42623407669863805,0.0,0.09273325786562542,0.0,0.0,0.0,0.0,0.0,0.0,0.0,0.0,0.0,0.0,0.0,-6.895875245283551,0.6087342900026246,-0.030411627107669953,0.5250565437973747,0.7251412285587628,-5.192413858337351,0.713458038384611,-0.022807597894599706,0.1241487384331586,0.752712437481749,-4.935630695872349,0.6348325731913109,0.1451017908689969,0.5048414659482513,0.6719368461785055,0.0,0.0,0.0,0.0,0.0,-4.27752771505736,0.4297504025788663,0.2308136799088263,0.6086323829477972,0.561684866685551,0.0,0.0,0.0,0.0,0.0,0.0,0.0,0.0,0.0,0.0,0.0,0.0,0.0,0.0,0.0,-3.4132499559056386,0.04364743654124434,1.8246889927691792,1.9690488428651471,0.33658490517077355,0.0,0.0,0.0,0.0,0.0,-6.422588471981071,0.7207333693070209,-0.20900890260313307,0.47609973797519545,0.7878079372990848,0.0,0.0,0.0,0.0,0.0,0.0,0.0,0.0,0.0,0.0,0.0,0.0,0.0,0.0,0.0,0.5332012043007043,0.12509500556958275,0.36334682387079725,0.25923244037157617,0.1317460658733552,0.0,0.0,0.0,0.0,0.0,0.7242327199455293,0.16529044830988585,0.4941080907507715,0.40180890196826113,0.08881212840415509,0.0,0.0,0.0,0.0,0.0,0.2178143414339529,0.0872802360243418,0.24218030651973046,0.22766891805854034,0.05169947372182285,0.0,0.0,0.0,0.0,0.0,0.0,0.0,0.0,0.0,0.0,0.0,0.0,0.0,0.0,0.0,0.32496204360058345,0.0340648240309221,0.18134927022804545,0.199060651185002,0.08720458334304512,0.0,0.0,0.0,0.0,0.0,0.6974753257052594,0.10558403346755645,0.3791380238290603,0.3154016393947901,0.0870575777431823,0.0,0.0,0.0,0.0,0.0,0.0,0.0,0.0,0.0,0.0,0.0,0.0,0.0,0.0,0.0,0.0,0.0,0.0,0.0,0.0,0.0,0.0,0.0,0.0,0.0,0.0,0.0,0.0,0.0,0.0,0.0,0.0,1.0,0.08333333333333333,1.0,0.0,0.75,0.0,0.0,0.0,0.9166666666666666,0.0,1.0,0.0,1.0,0.08333333333333333,0.0,0.1111111111111111,0.0,0.0,0.0,0.09090909090909091,0.0,0.08333333333333333,0.0,1.0,0.0,0.75,0.0,0.0,0.0,0.9166666666666666,0.0,1.0,0.0,0.0,0.0,0.0,0.0,0.0,0.0,0.0,0.0,0.0,1.0,0.0,0.0,0.0,0.6666666666666666,0.0,0.75,0.0,0.0,0.0,0.0,0.0,0.0,0.0,0.0,0.0,0.0,0.0,0.0,0.0,0.0,0.0,0.0,0.0,0.0,0.0,1.0,0.0,0.9166666666666666,0.0,0.0,0.0,0.0,1.0,0.0,0.0
0095,Brosimum alicastrum Swartz,12,0.0,0.8333333333333334,0.0,0.9166666666666666,0.5833333333333334,0.0,0.0,0.0,0.0,0.0,0.0,0.0,1.0,0.0,0.0,0.218811112253378,0.0,0.2067536997937394,0.05522383143188786,0.0,0.0,0.0,0.0,0.0,0.0,0.0,0.5192113565209949,0.0,0.0,0.0,0.0,0.0,0.0,-7.249293406440406,0.6982244171679095,-0.2704884898859393,0.4600712144774228,0.7878103872996459,0.0,0.0,0.0,0.0,0.0,-6.87928911846612,0.5892455956229088,-0.12807652606981348,0.37678171407122624,0.6175901978240467,-6.395716237886622,0.4777581607170945,0.41128869095081233,0.45073541867926725,0.5259871545740243,0.0,0.0,0.0,0.0,0.0,0.0,0.0,0.0,0.0,0.0,0.0,0.0,0.0,0.0,0.0,0.0,0.0,0.0,0.0,0.0,0.0,0.0,0.0,0.0,0.0,0.0,0.0,0.0,0.0,0.0,0.0,0.0,0.0,0.0,0.0,-7.454308068050416,0.7058309751040421,-0.19942589393677176,0.3950549742270444,0.7910554572766926,0.0,0.0,0.0,0.0,0.0,0.0,0.0,0.0,0.0,0.0,0.35085817185560514,0.055119328034293924,0.1603258792560312,0.20780512735744527,0.06799098486915325,0.0,0.0,0.0,0.0,0.0,0.3796368731436774,0.13292231615751238,0.15560227891092923,0.13912528008878827,0.10724838725977572,0.10016452388567838,0.04667865161579079,0.021916330068117888,0.05932480107611704,0.042829875661489505,0.0,0.0,0.0,0.0,0.0,0.0,0.0,0.0,0.0,0.0,0.0,0.0,0.0,0.0,0.0,0.0,0.0,0.0,0.0,0.0,0.0,0.0,0.0,0.0,0.0,0.0,0.0,0.0,0.0,0.0,0.0,0.0,0.0,0.0,0.0,0.4039457923386312,0.06618932702441603,0.19039076592755946,0.1780826734021994,0.07745703106817102,0.0,0.0,0.0,0.0,0.0,0.0,0.0,0.0,0.0,0.0,0.0,0.0,0.0,0.0,0.0,0.0,0.0,0.0,0.0,1.0,0.0,0.9090909090909091,0.7,0.0,0.0,0.0,0.0,0.0,0.0,0.0,0.8333333333333334,0.0,0.0,0.0,0.0,0.0,0.0,0.0,0.0,0.0,0.0,0.0,0.0,0.0,1.0,0.6363636363636364,0.0,0.0,0.0,0.0,0.0,0.0,0.0,0.9166666666666666,0.0,1.0,0.0,0.0,0.0,0.0,0.0,0.0,0.0,0.5833333333333334,0.0,0.0,0.0,0.0,0.0,0.0,0.0,0.0,0.0,0.0,0.0,0.0,0.0,0.0,0.0,0.0,0.0,0.0,0.0,0.0,0.0,0.0,0.0,0.0,0.0,0.0,0.0,0.0,0.0,0.0,0.0,0.0,0.0,0.0,0.0,0.0,0.0,0.0,0.0,0.0,0.0,0.0,0.0,1.0,0.0,0.0
0096,Brosimum guianense (Aubl.) Huber ex Ducke,14,0.0,0.0,0.5,0.21428571428571427,1.0,0.14285714285714285,0.0,0.0,0.0,0.0,0.0,0.0,1.0,0.0,0.0,0.0,0.01889164128644181,0.0019051634654074772,0.8301681172530131,0.02095331463671869,0.0,0.0,0.0,0.0,0.0,0.0,0.12808176335841898,0.0,0.0,0.0,0.0,0.0,0.0,0.0,0.0,0.0,0.0,0.0,-5.793004318610235,0.7291231488876003,-0.1056588525961796,0.26581750779735136,0.7645858522526167,-7.186149716384736,0.38639953344382444,0.9904047116274836,1.0301939775848383,0.6141971513779979,-5.589650071796745,0.3554019381011659,0.604283435634472,0.7211436651934128,0.46620351281443784,-4.1173313040735575,0.2581430230231372,1.357697013265521,1.4809282351807775,0.47212730894665944,0.0,0.0,0.0,0.0,0.0,0.0,0.0,0.0,0.0,0.0,0.0,0.0,0.0,0.0,0.0,0.0,0.0,0.0,0.0,0.0,0.0,0.0,0.0,0.0,0.0,0.0,0.0,0.0,0.0,0.0,-6.604261770078913,0.672386632662574,-0.17844167632443964,0.5159753458356634,0.7078783082641805,0.0,0.0,0.0,0.0,0.0,0.0,0.0,0.0,0.0,0.0,0.0,0.0,0.0,0.0,0.0,0.05038716348272595,0.005053324422577911,0.04279154116392707,0.0499780090413661,0.009585342467439266,0.0,0.0,0.0,0.0,0.0,0.9995244436328548,0.1954257756994427,0.43269810148390936,0.41940946887992336,0.16601009869302558,0.0,0.0,0.0,0.0,0.0,0.0,0.0,0.0,0.0,0.0,0.0,0.0,0.0,0.0,0.0,0.0,0.0,0.0,0.0,0.0,0.0,0.0,0.0,0.0,0.0,0.0,0.0,0.0,0.0,0.0,0.0,0.0,0.0,0.0,0.0,0.8990278275711147,0.1331992559282895,0.3716286170212099,0.3993664606605504,0.09670875105328282,0.0,0.0,0.0,0.0,0.0,0.0,0.0,0.0,0.0,0.0,0.0,0.0,0.0,0.0,0.0,0.0,0.0,0.0,0.0,0.0,0.0,0.0,0.0,0.0,0.0,0.0,0.0,0.0,0.0,0.0,0.0,0.0,1.0,0.42857142857142855,0.5,0.125,0.0,0.0,0.0,0.0,0.0,0.0,0.5,0.0,1.0,0.21428571428571427,0.25,0.0,0.0,0.0,0.0,0.0,0.0,0.21428571428571427,0.0,1.0,0.14285714285714285,0.0,0.0,0.0,0.0,0.0,0.0,1.0,0.0,1.0,0.0,0.0,0.0,0.0,0.0,0.0,0.14285714285714285,0.0,0.0,0.0,0.0,0.0,0.0,0.0,0.0,0.0,0.0,0.0,0.0,0.0,0.0,0.0,0.0,0.0,0.0,0.0,0.0,0.0,0.0,0.0,0.0,0.0,0.0,0.0,0.0,0.0,0.0,0.0,0.0,0.0,0.0,1.0,0.0,0.0
0114,Cantleya corniculata (Becc.) R.A.Howard,4,0.0,0.25,1.0,0.0,0.75,0.0,0.0,0.0,0.0,0.0,0.0,0.0,1.0,1.0,0.0,0.0002842315157221205,0.1342880947898241,0.0,0.03799660008670631,0.0,0.0,0.0,0.0,0.0,0.0,0.0,0.07646781571119869,0.7509632578965488,0.0,0.0,0.0,0.0,0.0,-7.623835875981306,0.7968767795499977,0.12800716149753563,0.13960402796971122,0.9318559663374169,-6.613380410542454,0.7442257348674856,-0.16774603120626436,0.3271195243117353,0.7901730803823626,0.0,0.0,0.0,0.0,0.0,-6.635870030557317,0.49047521190473153,0.07623558941354842,0.2978477587669027,0.5665090496936018,0.0,0.0,0.0,0.0,0.0,0.0,0.0,0.0,0.0,0.0,0.0,0.0,0.0,0.0,0.0,0.0,0.0,0.0,0.0,0.0,0.0,0.0,0.0,0.0,0.0,0.0,0.0,0.0,0.0,0.0,0.0,0.0,0.0,0.0,0.0,-6.9956714667312125,0.7272515775897593,-0.2244071370379621,0.42063431987080985,0.8057430604773843,-4.646893866967228,0.03318815698144109,-2.9360951382216456,3.1853985263416122,0.3214571381556939,0.0,0.0,0.0,0.0,0.0,0.0,0.0,0.0,0.0,0.0,0.22385315537677805,0.038885044042077675,0.14755552428407204,0.17605459946035037,0.04648701728478884,0.0,0.0,0.0,0.0,0.0,0.6489522040759014,0.2604861243284295,0.267028814529803,0.23084229560083944,0.19857300016751225,0.0,0.0,0.0,0.0,0.0,0.0,0.0,0.0,0.0,0.0,0.0,0.0,0.0,0.0,0.0,0.0,0.0,0.0,0.0,0.0,0.0,0.0,0.0,0.0,0.0,0.0,0.0,0.0,0.0,0.0,0.0,0.0,0.0,0.0,0.0,0.4089826723119956,0.06275290925418026,0.283243325462393,0.27720282439922406,0.05634841428032345,0.9616397354632787,0.022562731078939857,0.1753245929116256,0.22919871094211686,0.14203256662245392,0.0,0.0,0.0,0.0,0.0,0.0,0.0,0.0,0.0,0.0,0.0,0.0,0.0,0.0,1.0,0.25,0.0,0.3333333333333333,0.0,0.0,0.0,0.0,0.0,0.0,0.0,0.25,0.25,1.0,0.0,0.75,0.0,0.0,0.0,0.0,0.0,0.0,0.0,1.0,1.0,0.0,0.0,0.0,0.0,0.0,0.0,0.0,0.0,0.0,0.0,0.0,1.0,0.0,0.0,0.0,0.0,0.0,0.0,0.0,0.75,0.75,0.0,0.0,0.0,0.0,0.0,0.0,0.0,0.0,0.0,0.0,0.0,0.0,0.0,0.0,0.0,0.0,0.0,0.0,0.0,0.0,0.0,0.0,0.0,0.0,0.0,0.0,0.0,0.0,0.0,0.0,0.0,0.0,0.0,0.0,0.0,0.0,0.0,0.0,0.0,0.0,0.0,0.0,1.0,1.0,1.0
0115,Carapa guianensis Aubl.,10,0.0,0.0,1.0,1.0,0.1,0.0,0.1,0.0,0.0,0.0,0.7,0.4,1.0,0.0,0.0,0.0,0.021066937560709938,0.7378506295319357,0.0012137212184723256,0.0,0.0018306749357680173,0.0,0.0,0.0,0.0418303535703152,0.012394642461299269,0.18381304072149937,0.0,0.0,0.0,0.0,0.0,0.0,0.0,0.0,0.0,0.0,0.0,-7.313053547888947,0.5733260200845083,-0.13808947424975138,0.49083416165256216,0.6603060843350865,-6.034590224770724,0.5342257357593589,-0.2953929067090839,0.4704983936042617,0.6293661343549,-5.797990771090362,0.692197178880744,0.19032730224467012,0.1261092316829312,0.6841101402986901,0.0,0.0,0.0,0.0,0.0,-5.386997082319978,0.7838725105928775,0.10136565440610326,0.19315494347871037,0.770792850144388,0.0,0.0,0.0,0.0,0.0,0.0,0.0,0.0,0.0,0.0,0.0,0.0,0.0,0.0,0.0,-5.850892737676789,0.0070569337766833076,2.7463592420511334,3.1457921948542764,0.10176454492413949,-5.111581229610937,0.47269674091134206,-1.0473874036045348,0.9883845476406969,0.7454560756904232,-6.492390014154745,0.7183446743861313,-0.2385964146318687,0.4525394412666543,0.7917527228946681,0.0,0.0,0.0,0.0,0.0,0.0,0.0,0.0,0.0,0.0,0.0,0.0,0.0,0.0,0.0,0.3831218794470908,0.09845340315404424,0.31004412029762085,0.20481726920031326,0.10533292706338111,0.846716276097028,0.27230449508548804,0.3892306738945066,0.3436252843819799,0.2221736056114944,0.0,0.0,0.0,0.0,0.0,0.0,0.0,0.0,0.0,0.0,0.0,0.0,0.0,0.0,0.0,0.0,0.0,0.0,0.0,0.0,0.0,0.0,0.0,0.0,0.0,0.0,0.0,0.0,0.0,0.0,0.4218520894397527,0.0026687215277925247,0.19628755581897078,0.11670529772221704,0.038125011483444944,0.060916098172671185,0.013035742978417336,0.03838637816539385,0.04803570095986921,0.007879502830667642,0.5644349510150072,0.09129369397644269,0.36004824411322833,0.3449481973251041,0.07062910691515524,0.0,0.0,0.0,0.0,0.0,0.0,0.0,0.0,0.0,0.0,0.0,0.0,0.0,0.0,0.0,0.0,0.0,0.0,0.0,0.0,0.0,0.0,0.0,0.0,0.0,0.0,0.0,0.0,0.0,0.0,0.0,0.0,1.0,1.0,0.1,0.0,0.1,0.0,0.0,0.0,0.7,0.4,1.0,0.0,1.0,0.1,0.0,0.1,0.0,0.0,0.0,0.7,0.4,1.0,0.0,1.0,0.0,0.0,0.0,0.0,0.0,0.0,0.0,0.1,0.0,0.0,0.0,0.0,0.0,0.0,0.0,0.0,0.0,0.0,1.0,0.0,0.0,0.0,0.14285714285714285,0.0,0.1,0.0,0.0,0.0,0.0,0.0,0.0,0.0,0.0,0.0,0.0,0.0,0.0,0.0,0.0,0.0,0.0,0.0,0.0,0.0,1.0,0.2222222222222222,0.7,0.0,1.0,0.4,0.0,1.0,0.0,0.0
0129,Castanea crenata Siebold & Zucc.,10,1.0,1.0,0.0,0.0,0.0,0.0,0.0,0.0,0.0,0.0,0.0,0.0,1.0,0.0,0.41870607663096004,0.09490020767984202,0.0,0.0,0.0,0.0,0.0,0.0,0.0,0.0,0.0,0.0,0.4863937156891979,0.0,-4.5022176876177395,0.27192206491481863,0.8321230694365231,1.0309639903382635,0.4807563774984791,-5.560829883361333,0.6345646490266258,-0.11313769487086026,0.3907867156796746,0.7240670511352618,0.0,0.0,0.0,0.0,0.0,0.0,0.0,0.0,0.0,0.0,0.0,0.0,0.0,0.0,0.0,0.0,0.0,0.0,0.0,0.0,0.0,0.0,0.0,0.0,0.0,0.0,0.0,0.0,0.0,0.0,0.0,0.0,0.0,0.0,0.0,0.0,0.0,0.0,0.0,0.0,0.0,0.0,0.0,0.0,0.0,0.0,0.0,0.0,0.0,0.0,-5.775123329032514,0.7103786767334913,-0.04867473157618347,0.41371605380632814,0.7576811041702401,0.0,0.0,0.0,0.0,0.0,0.6389127451954953,0.14537987420496487,0.46133390741237046,0.42640838301351885,0.09526818583411158,0.5291638103904084,0.16024470620895448,0.30977082210724066,0.2981832943520404,0.10796408678988094,0.0,0.0,0.0,0.0,0.0,0.0,0.0,0.0,0.0,0.0,0.0,0.0,0.0,0.0,0.0,0.0,0.0,0.0,0.0,0.0,0.0,0.0,0.0,0.0,0.0,0.0,0.0,0.0,0.0,0.0,0.0,0.0,0.0,0.0,0.0,0.0,0.0,0.0,0.0,0.0,0.0,0.0,0.0,0.0,0.0,0.0,0.0,0.0,0.0,0.0,0.8593975251280941,0.1358453508769118,0.4252836117028808,0.4141128112156071,0.0899984090315733,0.0,0.0,0.0,0.0,0.0,1.0,1.0,0.0,0.0,0.0,0.0,0.0,0.0,0.0,0.0,0.0,0.0,1.0,0.0,1.0,0.0,0.0,0.0,0.0,0.0,0.0,0.0,0.0,0.0,0.0,1.0,0.0,0.0,0.0,0.0,0.0,0.0,0.0,0.0,0.0,0.0,0.0,0.0,0.0,0.0,0.0,0.0,0.0,0.0,0.0,0.0,0.0,0.0,0.0,0.0,0.0,0.0,0.0,0.0,0.0,0.0,0.0,0.0,0.0,0.0,0.0,0.0,0.0,0.0,0.0,0.0,0.0,0.0,0.0,0.0,0.0,0.0,0.0,0.0,0.0,0.0,0.0,0.0,0.0,0.0,0.0,0.0,0.0,0.0,0.0,0.0,0.0,0.0,0.0,0.0,0.0,0.0,0.0,0.0,0.0,0.0,0.0,0.0,0.0,0.0,0.0,0.0,1.0,0.0,0.0
0130,Castanea sativa Mill.,10,1.0,1.0,0.0,0.0,0.0,0.0,0.0,0.0,0.0,0.1,0.0,0.0,1.0,0.0,0.8374527713775383,0.07888490514931411,0.0,0.0,0.0,0.0,0.0,0.0,0.0,0.000449212187822435,0.0,0.0,0.0832131112853251,0.0,-5.1463002240791464,0.26429795567583275,-0.44221260711835,0.7085818167979823,0.4259171646858201,-7.315714947423764,0.5355351769301866,-0.04119060933633263,0.47766051034570856,0.6439754771883134,0.0,0.0,0.0,0.0,0.0,0.0,0.0,0.0,0.0,0.0,0.0,0.0,0.0,0.0,0.0,0.0,0.0,0.0,0.0,0.0,0.0,0.0,0.0,0.0,0.0,0.0,0.0,0.0,0.0,0.0,0.0,0.0,0.0,0.0,0.0,-7.313103993864004,0.20923222572592987,1.2655788574689695,1.1976877919175104,0.4073683488497382,0.0,0.0,0.0,0.0,0.0,0.0,0.0,0.0,0.0,0.0,-6.725191678037608,0.7061870833493953,-0.19231291117576865,0.38164469038524795,0.7590312366024352,0.0,0.0,0.0,0.0,0.0,0.6322171412088968,0.19293395931038715,0.40801646279893744,0.3732674594031427,0.1838407066160853,0.46022604846918636,0.14418181762133173,0.35990382177322283,0.28415175063054926,0.12455120749860604,0.0,0.0,0.0,0.0,0.0,0.0,0.0,0.0,0.0,0.0,0.0,0.0,0.0,0.0,0.0,0.0,0.0,0.0,0.0,0.0,0.0,0.0,0.0,0.0,0.0,0.0,0.0,0.0,0.0,0.0,0.0,0.0,0.0,0.0,0.0,0.0,0.0,0.0,0.0,0.0,0.0,0.0,0.0,0.0,0.0,0.0,0.0,0.0,0.0,0.0,0.5593306562402526,0.08217197668677556,0.24669676342265662,0.23520957131478193,0.06405515019466893,0.0,0.0,0.0,0.0,0.0,1.0,1.0,0.0,0.0,0.0,0.0,0.0,0.0,0.0,0.1,0.0,0.0,1.0,0.0,1.0,0.0,0.0,0.0,0.0,0.0,0.0,0.0,0.1,0.0,0.0,1.0,0.0,0.0,0.0,0.0,0.0,0.0,0.0,0.0,0.0,0.0,0.0,0.0,0.0,0.0,0.0,0.0,0.0,0.0,0.0,0.0,0.0,0.0,0.0,0.0,0.0,0.0,0.0,0.0,0.0,0.0,0.0,0.0,0.0,0.0,0.0,0.0,0.0,0.0,0.0,0.0,0.0,0.0,0.0,0.0,0.0,0.0,0.0,0.0,0.0,0.0,0.0,0.0,0.0,0.0,0.0,0.0,0.0,0.0,0.0,0.0,0.0,0.0,0.0,0.0,1.0,0.0,0.0,0.1,0.0,0.0,0.0,0.0,0.0,0.0,0.0,0.0,1.0,0.0,0.0
0147,Ceiba pentandra (L.) Gaertn.,12,0.0,1.0,0.0,1.0,0.0,0.0,0.0,0.0,0.0,0.0,0.0,0.0,1.0,0.0,0.0,0.0833139184702149,0.0,0.529176448977436,0.0,0.0,0.0,0.0,0.0,0.0,0.0,0.0,0.3875096325523491,0.0,0.0,0.0,0.0,0.0,0.0,-6.7982383176471295,0.46738739009329794,-0.15286578789162927,0.611151185940069,0.5742433661896397,0.0,0.0,0.0,0.0,0.0,-5.457025015948379,0.5837326593425043,-0.21251653993409036,0.4000388640068058,0.6547350282092524,0.0,0.0,0.0,0.0,0.0,0.0,0.0,0.0,0.0,0.0,0.0,0.0,0.0,0.0,0.0,0.0,0.0,0.0,0.0,0.0,0.0,0.0,0.0,0.0,0.0,0.0,0.0,0.0,0.0,0.0,0.0,0.0,0.0,0.0,0.0,0.0,0.0,0.0,0.0,0.0,-6.062376561748688,0.698387498736372,-0.18555628136673877,0.46113849191356016,0.7487457863491235,0.0,0.0,0.0,0.0,0.0,0.0,0.0,0.0,0.0,0.0,0.41069476402526267,0.14397125225136684,0.4500336867006521,0.3512815231298505,0.145379183983685,0.0,0.0,0.0,0.0,0.0,0.6522622167684683,0.27316230970574384,0.34171372694437063,0.3337581523156779,0.20465126213240914,0.0,0.0,0.0,0.0,0.0,0.0,0.0,0.0,0.0,0.0,0.0,0.0,0.0,0.0,0.0,0.0,0.0,0.0,0.0,0.0,0.0,0.0,0.0,0.0,0.0,0.0,0.0,0.0,0.0,0.0,0.0,0.0,0.0,0.0,0.0,0.0,0.0,0.0,0.0,0.0,0.7481115660453762,0.12503799869827906,0.43583161893063865,0.40066409709202117,0.09222622792774575,0.0,0.0,0.0,0.0,0.0,0.0,0.0,0.0,0.0,0.0,0.0,0.0,0.0,0.0,0.0,0.0,0.0,0.0,0.0,1.0,0.0,1.0,0.0,0.0,0.0,0.0,0.0,0.0,0.0,0.0,1.0,0.0,0.0,0.0,0.0,0.0,0.0,0.0,0.0,0.0,0.0,0.0,0.0,0.0,1.0,0.0,0.0,0.0,0.0,0.0,0.0,0.0,0.0,1.0,0.0,0.0,0.0,0.0,0.0,0.0,0.0,0.0,0.0,0.0,0.0,0.0,0.0,0.0,0.0,0.0,0.0,0.0,0.0,0.0,0.0,0.0,0.0,0.0,0.0,0.0,0.0,0.0,0.0,0.0,0.0,0.0,0.0,0.0,0.0,0.0,0.0,0.0,0.0,0.0,0.0,0.0,0.0,0.0,0.0,0.0,0.0,0.0,0.0,0.0,0.0,0.0,0.0,1.0,0.0,0.0
0157,Ceriops tagal (Perr.) C.B. Robinson,4,0.0,0.0,0.0,0.5,0.0,0.0,0.0,0.0,0.0,0.0,0.0,0.0,1.0,0.0,0.0,0.0,0.0,0.24073816710882348,0.0,0.0,0.0,0.0,0.0,0.0,0.0,0.0,0.7592618328911765,0.0,0.0,0.0,0.0,0.0,0.0,0.0,0.0,0.0,0.0,0.0,0.0,0.0,0.0,0.0,0.0,-7.3626420216183535,0.7252669079315135,-0.33711621578594053,0.460598510539323,0.8108848412556757,0.0,0.0,0.0,0.0,0.0,0.0,0.0,0.0,0.0,0.0,0.0,0.0,0.0,0.0,0.0,0.0,0.0,0.0,0.0,0.0,0.0,0.0,0.0,0.0,0.0,0.0,0.0,0.0,0.0,0.0,0.0,0.0,0.0,0.0,0.0,0.0,0.0,0.0,0.0,0.0,-8.100551723745959,0.6904069256253005,-0.2653459183996093,0.3885921541063526,0.8191994043648001,0.0,0.0,0.0,0.0,0.0,0.0,0.0,0.0,0.0,0.0,0.0,0.0,0.0,0.0,0.0,0.0,0.0,0.0,0.0,0.0,0.8394749654593715,0.03021204446170929,0.16140348946677305,0.1328613425748814,0.06389004887554409,0.0,0.0,0.0,0.0,0.0,0.0,0.0,0.0,0.0,0.0,0.0,0.0,0.0,0.0,0.0,0.0,0.0,0.0,0.0,0.0,0.0,0.0,0.0,0.0,0.0,0.0,0.0,0.0,0.0,0.0,0.0,0.0,0.0,0.0,0.0,0.0,0.0,0.0,0.0,0.0,0.3050124782981799,0.05229269785373648,0.2159579214260342,0.18446769769968901,0.0786983279338606,0.0,0.0,0.0,0.0,0.0,0.0,0.0,0.0,0.0,0.0,0.0,0.0,0.0,0.0,0.0,0.0,0.0,0.0,0.0,0.0,0.0,0.0,0.0,0.0,0.0,0.0,0.0,0.0,0.0,0.0,0.0,0.0,0.0,0.0,0.0,0.0,0.0,0.0,0.0,0.0,0.0,0.0,0.0,0.0,1.0,0.0,0.0,0.0,0.0,0.0,0.0,0.0,0.0,0.5,0.0,0.0,0.0,0.0,0.0,0.0,0.0,0.0,0.0,0.0,0.0,0.0,0.0,0.0,0.0,0.0,0.0,0.0,0.0,0.0,0.0,0.0,0.0,0.0,0.0,0.0,0.0,0.0,0.0,0.0,0.0,0.0,0.0,0.0,0.0,0.0,0.0,0.0,0.0,0.0,0.0,0.0,0.0,0.0,0.0,0.0,0.0,0.0,0.0,0.0,0.0,0.0,0.0,1.0,0.0,0.0
0158,"Chlorocardium rodiei (R.H.Schomb.) Rohwer, H.G.Richt. & van der Werff",10,0.0,0.0,0.0,1.0,1.0,0.0,1.0,0.0,0.0,0.0,0.0,0.0,1.0,0.0,0.0,0.0,0.0,0.5215957251994583,0.21442558699362885,0.0,0.042548099773576604,0.0,0.0,0.0,0.0,0.0,0.22143058803333612,0.0,0.0,0.0,0.0,0.0,0.0,0.0,0.0,0.0,0.0,0.0,0.0,0.0,0.0,0.0,0.0,-6.407872480916406,0.3938417650804639,-0.03208977233948289,0.3212425026857491,0.49637608445043657,-7.813007304035837,0.26304981897667423,-0.0610376630256125,0.5902048189746955,0.3692073238732161,0.0,0.0,0.0,0.0,0.0,-5.442651192161561,0.4294273312845503,-0.2774893563473119,0.4148105505244747,0.6016258272530877,0.0,0.0,0.0,0.0,0.0,0.0,0.0,0.0,0.0,0.0,0.0,0.0,0.0,0.0,0.0,0.0,0.0,0.0,0.0,0.0,0.0,0.0,0.0,0.0,0.0,-7.089702694798481,0.657938391965202,-0.2653150156601801,0.48402898042205134,0.7352235068237677,0.0,0.0,0.0,0.0,0.0,0.0,0.0,0.0,0.0,0.0,0.0,0.0,0.0,0.0,0.0,0.0,0.0,0.0,0.0,0.0,0.9003818408738257,0.29834675310430014,0.3086915505717514,0.2860010548436526,0.2206614000825716,1.8838970810261078,0.26411109471033367,0.531706213973594,0.5317659324012705,0.2682648175106247,0.0,0.0,0.0,0.0,0.0,0.184854129604857,0.09493950607464373,0.1253687743809293,0.04303790793845521,0.0708019617586231,0.0,0.0,0.0,0.0,0.0,0.0,0.0,0.0,0.0,0.0,0.0,0.0,0.0,0.0,0.0,0.0,0.0,0.0,0.0,0.0,0.0,0.0,0.0,0.0,0.0,0.8834437794888483,0.17661376526355294,0.3145982251825651,0.2993521601232206,0.1700457650319453,0.0,0.0,0.0,0.0,0.0,0.0,0.0,0.0,0.0,0.0,0.0,0.0,0.0,0.0,0.0,0.0,0.0,0.0,0.0,0.0,0.0,0.0,0.0,0.0,0.0,0.0,0.0,0.0,0.0,0.0,0.0,0.0,0.0,0.0,0.0,0.0,0.0,0.0,0.0,0.0,0.0,0.0,0.0,0.0,1.0,1.0,0.0,1.0,0.0,0.0,0.0,0.0,0.0,1.0,0.0,1.0,0.0,1.0,0.0,0.0,0.0,0.0,0.0,1.0,0.0,0.0,0.0,0.0,0.0,0.0,0.0,0.0,0.0,0.0,1.0,0.0,0.0,0.0,0.0,0.0,1.0,0.0,0.0,0.0,0.0,0.0,0.0,0.0,0.0,0.0,0.0,0.0,0.0,0.0,0.0,0.0,0.0,0.0,0.0,0.0,0.0,0.0,0.0,0.0,0.0,0.0,0.0,1.0,0.0,0.0
0181,Cotylelobium Pierre,10,0.0,0.0,0.0,1.0,0.0,0.0,0.0,0.0,0.0,0.0,0.0,0.0,1.0,0.0,0.0,0.0,0.0,0.48474248464246095,0.0,0.0,0.0,0.0,0.0,0.0,0.0,0.0,0.515257515357539,0.0,0.0,0.0,0.0,0.0,0.0,0.0,0.0,0.0,0.0,0.0,0.0,0.0,0.0,0.0,0.0,-7.014770853333433,0.540131701224658,-0.11631504968389965,0.2824243619503356,0.6147996441003045,0.0,0.0,0.0,0.0,0.0,0.0,0.0,0.0,0.0,0.0,0.0,0.0,0.0,0.0,0.0,0.0,0.0,0.0,0.0,0.0,0.0,0.0,0.0,0.0,0.0,0.0,0.0,0.0,0.0,0.0,0.0,0.0,0.0,0.0,0.0,0.0,0.0,0.0,0.0,0.0,-7.33465170422542,0.7094680802877285,-0.2313609933676975,0.40584100358264913,0.7964248426287043,0.0,0.0,0.0,0.0,0.0,0.0,0.0,0.0,0.0,0.0,0.0,0.0,0.0,0.0,0.0,0.0,0.0,0.0,0.0,0.0,0.7043205566404491,0.28538258655583754,0.1715125164922393,0.16289840418072915,0.23075120447274902,0.0,0.0,0.0,0.0,0.0,0.0,0.0,0.0,0.0,0.0,0.0,0.0,0.0,0.0,0.0,0.0,0.0,0.0,0.0,0.0,0.0,0.0,0.0,0.0,0.0,0.0,0.0,0.0,0.0,0.0,0.0,0.0,0.0,0.0,0.0,0.0,0.0,0.0,0.0,0.0,0.43695337237134685,0.06612341801264918,0.19733643043690913,0.1985191020018228,0.07784072022015713,0.0,0.0,0.0,0.0,0.0,0.0,0.0,0.0,0.0,0.0,0.0,0.0,0.0,0.0,0.0,0.0,0.0,0.0,0.0,0.0,0.0,0.0,0.0,0.0,0.0,0.0,0.0,0.0,0.0,0.0,0.0,0.0,0.0,0.0,0.0,0.0,0.0,0.0,0.0,0.0,0.0,0.0,0.0,0.0,1.0,0.0,0.0,0.0,0.0,0.0,0.0,0.0,0.0,1.0,0.0,0.0,0.0,0.0,0.0,0.0,0.0,0.0,0.0,0.0,0.0,0.0,0.0,0.0,0.0,0.0,0.0,0.0,0.0,0.0,0.0,0.0,0.0,0.0,0.0,0.0,0.0,0.0,0.0,0.0,0.0,0.0,0.0,0.0,0.0,0.0,0.0,0.0,0.0,0.0,0.0,0.0,0.0,0.0,0.0,0.0,0.0,0.0,0.0,0.0,0.0,0.0,0.0,1.0,0.0,0.0
0195,Ctenolophon parvifolius Oliv.,12,0.0,1.0,0.16666666666666666,1.0,0.0,0.0,0.0,0.0,0.0,0.0,0.0,0.0,1.0,0.0,0.0,0.3345144127140963,0.003271768305866868,0.059820572497227775,0.0,0.0,0.0,0.0,0.0,0.0,0.0,0.0,0.6023932464828091,0.0,0.0,0.0,0.0,0.0,0.0,-6.9554949471483445,0.6610839859142988,-0.21193906053022715,0.43712735187501156,0.7245767481958868,-7.5520607224058125,0.7628436700519323,-0.2137394730661222,0.2474970099781785,0.8732762375949371,-7.690975244034273,0.20692071291281441,-0.06972170263172817,0.30160246415088443,0.3072711140710355,0.0,0.0,0.0,0.0,0.0,0.0,0.0,0.0,0.0,0.0,0.0,0.0,0.0,0.0,0.0,0.0,0.0,0.0,0.0,0.0,0.0,0.0,0.0,0.0,0.0,0.0,0.0,0.0,0.0,0.0,0.0,0.0,0.0,0.0,0.0,0.0,0.0,0.0,0.0,0.0,-6.960441517042555,0.689610700202723,-0.24160581195946143,0.4235064035581559,0.7482756292584303,0.0,0.0,0.0,0.0,0.0,0.0,0.0,0.0,0.0,0.0,0.6925747409318607,0.12365676187559561,0.25585571104701105,0.22391129741920082,0.10762562067722804,1.3041410215126443,0.0026536782384335433,0.014785112518713839,0.005182262617481059,0.05036033122558087,0.8887209527721693,0.19878762288334076,0.16627915580301694,0.1711398418252986,0.1845712775499472,0.0,0.0,0.0,0.0,0.0,0.0,0.0,0.0,0.0,0.0,0.0,0.0,0.0,0.0,0.0,0.0,0.0,0.0,0.0,0.0,0.0,0.0,0.0,0.0,0.0,0.0,0.0,0.0,0.0,0.0,0.0,0.0,0.0,0.0,0.0,0.0,0.0,0.0,0.0,0.0,0.6292659432603982,0.10318305516952749,0.2752508989911551,0.24548340262815416,0.09871928393984646,0.0,0.0,0.0,0.0,0.0,0.0,0.0,0.0,0.0,0.0,0.0,0.0,0.0,0.0,0.0,0.0,0.0,0.0,0.0,1.0,0.16666666666666666,1.0,0.0,0.0,0.0,0.0,0.0,0.0,0.0,0.0,1.0,0.0,1.0,0.16666666666666666,0.0,0.0,0.0,0.0,0.0,0.0,0.0,0.0,0.16666666666666666,0.0,1.0,0.0,0.0,0.0,0.0,0.0,0.0,0.0,0.0,1.0,0.0,0.0,0.0,0.0,0.0,0.0,0.0,0.0,0.0,0.0,0.0,0.0,0.0,0.0,0.0,0.0,0.0,0.0,0.0,0.0,0.0,0.0,0.0,0.0,0.0,0.0,0.0,0.0,0.0,0.0,0.0,0.0,0.0,0.0,0.0,0.0,0.0,0.0,0.0,0.0,0.0,0.0,0.0,0.0,0.0,0.0,0.0,0.0,0.0,0.0,0.0,0.0,0.0,1.0,0.0,0.0
0207,Dalbergia nigra (Vell.) Allemão ex Benth.,11,0.0,0.0,1.0,1.0,1.0,0.09090909090909091,0.5454545454545454,0.0,0.0,0.0,0.0,0.0,1.0,0.0,0.0,0.0,0.15405944778585723,0.42709295593952706,0.19017890413196273,0.004237669381784949,0.04892156331422214,0.0,0.0,0.0,0.0,0.0,0.17550945944664587,0.0,0.0,0.0,0.0,0.0,0.0,0.0,0.0,0.0,0.0,0.0,-6.5493493444673705,0.5909004892324233,0.1439664345959792,0.44987418317476136,0.6827598129311291,-5.708477230713054,0.45111531269462635,0.1469388328826276,0.4070409448424778,0.5333178537847558,-5.612357558983555,0.4934496571219047,-0.08541534752400343,0.3145753927310448,0.5566401172542551,-5.003369494066753,0.41897848868304094,-0.627855079884075,0.8115007052501236,0.4965479962554492,-4.691593372741389,0.5756291457507401,-0.18345744205267245,0.32372140939967403,0.6320798195210938,0.0,0.0,0.0,0.0,0.0,0.0,0.0,0.0,0.0,0.0,0.0,0.0,0.0,0.0,0.0,0.0,0.0,0.0,0.0,0.0,0.0,0.0,0.0,0.0,0.0,-6.969002809244639,0.520713632315636,0.22762363393964,0.5282472785055277,0.6013914172130826,0.0,0.0,0.0,0.0,0.0,0.0,0.0,0.0,0.0,0.0,0.0,0.0,0.0,0.0,0.0,0.9517916829297537,0.18553343217826945,0.35680045356082907,0.2869009676405411,0.1601854219439302,0.7145039475755123,0.2901638314826418,0.33567825245834365,0.2752827169397006,0.2143675242880028,0.5000417101480968,0.21280564491089535,0.3047348663501724,0.22224460819887995,0.13110458422704374,0.0,0.0,0.0,0.0,0.0,0.10294642414810366,0.06286762327075139,0.06631425612801436,0.014093250639535393,0.03427146252487461,0.0,0.0,0.0,0.0,0.0,0.0,0.0,0.0,0.0,0.0,0.0,0.0,0.0,0.0,0.0,0.0,0.0,0.0,0.0,0.0,0.0,0.0,0.0,0.0,0.0,1.3358934061057928,0.25315449097426135,0.38348064445815067,0.3169238214165622,0.24313986783543243,0.0,0.0,0.0,0.0,0.0,0.0,0.0,0.0,0.0,0.0,0.0,0.0,0.0,0.0,0.0,0.0,0.0,0.0,0.0,0.0,0.0,0.0,0.0,0.0,0.0,0.0,0.0,0.0,0.0,0.0,0.0,0.0,1.0,1.0,1.0,0.09090909090909091,0.5454545454545454,0.0,0.0,0.0,0.0,0.0,1.0,0.0,1.0,1.0,0.09090909090909091,0.5454545454545454,0.0,0.0,0.0,0.0,0.0,1.0,0.0,1.0,0.09090909090909091,0.5454545454545454,0.0,0.0,0.0,0.0,0.0,1.0,0.0,1.0,0.16666666666666666,0.0,0.0,0.0,0.0,0.0,0.09090909090909091,0.0,1.0,0.0,0.0,0.0,0.0,0.0,0.5454545454545454,0.0,0.0,0.0,0.0,0.0,0.0,0.0,0.0,0.0,0.0,0.0,0.0,0.0,0.0,0.0,0.0,0.0,0.0,0.0,0.0,0.0,0.0,0.0,0.0,0.0,0.0,1.0,0.0,0.0
0214,Daniellia thurifera Benn.,9,0.0,0.2222222222222222,1.0,1.0,0.0,0.0,0.0,0.0,0.0,0.0,0.6666666666666666,0.2222222222222222,1.0,0.0,0.0,0.0014452200440173224,0.047834123281894354,0.3765278595994286,0.0,0.0,0.0,0.0,0.0,0.0,0.3676243623183893,0.004770051884344613,0.2017983828719257,0.0,0.0,0.0,0.0,0.0,0.0,-6.6611446466111826,0.5413672496802064,0.37239683537279294,0.7562377932543123,0.5667499796630022,-6.884518019687679,0.4797029091173758,-0.13485351900100187,0.7121199948868614,0.6025627018958857,-5.244743018802983,0.6388426587544388,-0.22261814557914267,0.4574963665373422,0.7079783553210042,0.0,0.0,0.0,0.0,0.0,0.0,0.0,0.0,0.0,0.0,0.0,0.0,0.0,0.0,0.0,0.0,0.0,0.0,0.0,0.0,0.0,0.0,0.0,0.0,0.0,0.0,0.0,0.0,0.0,0.0,-3.4172200270727333,0.060017828858034035,1.900310487305129,1.990702621931612,0.416558668292973,-5.55290874193675,0.44304244639993057,-0.1835202595800942,0.3662481160359941,0.5819074272911579,-6.5446861561440235,0.7073305174160373,-0.21363259784595134,0.4273184056655916,0.7819384398346715,0.0,0.0,0.0,0.0,0.0,0.0,0.0,0.0,0.0,0.0,0.0,0.0,0.0,0.0,0.0,0.548783215370419,0.1567870406603547,0.4943008883704773,0.29501746896302017,0.15606210208003427,0.6798675373424561,0.2007395186342541,0.3736430694748649,0.31081413884088743,0.13426980036441705,0.0,0.0,0.0,0.0,0.0,0.0,0.0,0.0,0.0,0.0,0.0,0.0,0.0,0.0,0.0,0.0,0.0,0.0,0.0,0.0,0.0,0.0,0.0,0.0,0.0,0.0,0.0,0.0,0.0,0.0,0.4364628434719376,0.029003344027026732,0.10912068543685706,0.13685989644317853,0.06794038831682088,0.0,0.0,0.0,0.0,0.0,0.9545437064437954,0.09868340712942997,0.3213988475946119,0.282729039189358,0.08404766911836058,0.0,0.0,0.0,0.0,0.0,0.0,0.0,0.0,0.0,0.0,0.0,0.0,0.0,0.0,0.0,0.0,0.0,0.0,0.0,1.0,0.2222222222222222,0.2222222222222222,0.0,0.0,0.0,0.0,0.0,0.0,0.3333333333333333,0.0,0.2222222222222222,0.0,1.0,1.0,0.0,0.0,0.0,0.0,0.0,0.0,0.6666666666666666,0.2222222222222222,1.0,0.0,1.0,0.0,0.0,0.0,0.0,0.0,0.0,0.6666666666666666,0.2222222222222222,1.0,0.0,0.0,0.0,0.0,0.0,0.0,0.0,0.0,0.0,0.0,0.0,0.0,0.0,0.0,0.0,0.0,0.0,0.0,0.0,0.0,0.0,0.0,0.0,0.0,0.0,0.0,0.0,0.0,0.0,0.0,0.0,0.0,0.0,0.0,0.0,0.0,0.0,0.0,0.0,0.0,0.0,0.0,0.0,0.0,0.0,0.0,1.0,0.3333333333333333,0.6666666666666666,0.0,1.0,0.2222222222222222,0.0,1.0,0.0,0.0
0236,Dipterocarpus C.F.Gaertn.,11,0.0,1.0,0.0,1.0,0.0,0.0,0.0,0.0,0.0,0.0,0.0,0.0,1.0,0.0,0.0,0.06447612015010759,0.0,0.304443211476471,0.0,0.0,0.0,0.0,0.0,0.0,0.0,0.0,0.6310806683734214,0.0,0.0,0.0,0.0,0.0,0.0,-6.895630787571141,0.6275370819551497,-0.13897795737998056,0.41085427367597877,0.7196432595568599,0.0,0.0,0.0,0.0,0.0,-6.354154235705166,0.3236338722245482,-0.11250305435253084,0.32679470871693633,0.4518497262106411,0.0,0.0,0.0,0.0,0.0,0.0,0.0,0.0,0.0,0.0,0.0,0.0,0.0,0.0,0.0,0.0,0.0,0.0,0.0,0.0,0.0,0.0,0.0,0.0,0.0,0.0,0.0,0.0,0.0,0.0,0.0,0.0,0.0,0.0,0.0,0.0,0.0,0.0,0.0,0.0,-6.971922469630901,0.6944811575965222,-0.1778127370844599,0.42710705747768807,0.7802979060551423,0.0,0.0,0.0,0.0,0.0,0.0,0.0,0.0,0.0,0.0,0.6407826310956238,0.11582439409469963,0.30421516335326565,0.24642345505947807,0.09657979012738328,0.0,0.0,0.0,0.0,0.0,0.7389526479725714,0.30684392397799554,0.29910097802075425,0.2973378046397604,0.24152793457577973,0.0,0.0,0.0,0.0,0.0,0.0,0.0,0.0,0.0,0.0,0.0,0.0,0.0,0.0,0.0,0.0,0.0,0.0,0.0,0.0,0.0,0.0,0.0,0.0,0.0,0.0,0.0,0.0,0.0,0.0,0.0,0.0,0.0,0.0,0.0,0.0,0.0,0.0,0.0,0.0,1.0066573145208435,0.11918610527516878,0.3756315668534548,0.3253089664549425,0.11246234782685699,0.0,0.0,0.0,0.0,0.0,0.0,0.0,0.0,0.0,0.0,0.0,0.0,0.0,0.0,0.0,0.0,0.0,0.0,0.0,1.0,0.0,1.0,0.0,0.0,0.0,0.0,0.0,0.0,0.0,0.0,1.0,0.0,0.0,0.0,0.0,0.0,0.0,0.0,0.0,0.0,0.0,0.0,0.0,0.0,1.0,0.0,0.0,0.0,0.0,0.0,0.0,0.0,0.0,1.0,0.0,0.0,0.0,0.0,0.0,0.0,0.0,0.0,0.0,0.0,0.0,0.0,0.0,0.0,0.0,0.0,0.0,0.0,0.0,0.0,0.0,0.0,0.0,0.0,0.0,0.0,0.0,0.0,0.0,0.0,0.0,0.0,0.0,0.0,0.0,0.0,0.0,0.0,0.0,0.0,0.0,0.0,0.0,0.0,0.0,0.0,0.0,0.0,0.0,0.0,0.0,0.0,0.0,1.0,0.0,0.0
0238,Dipterocarpus kerrii King,12,0.0,1.0,0.0,1.0,0.0,0.0,0.0,0.0,0.0,0.0,0.0,0.0,1.0,0.0,0.0,0.053758550686829866,0.0,0.26067812655737255,0.0,0.0,0.0,0.0,0.0,0.0,0.0,0.0,0.6855633227557976,0.0,0.0,0.0,0.0,0.0,0.0,-6.736810627300645,0.5835087521980703,-0.17260847180249858,0.5175214090793742,0.6718336644131323,0.0,0.0,0.0,0.0,0.0,-6.700962155011492,0.18185980690196946,-0.272154709004554,0.4675354124227633,0.29556229978110177,0.0,0.0,0.0,0.0,0.0,0.0,0.0,0.0,0.0,0.0,0.0,0.0,0.0,0.0,0.0,0.0,0.0,0.0,0.0,0.0,0.0,0.0,0.0,0.0,0.0,0.0,0.0,0.0,0.0,0.0,0.0,0.0,0.0,0.0,0.0,0.0,0.0,0.0,0.0,0.0,-6.247702658690059,0.6894871390632469,-0.28352689099621287,0.5030803653802794,0.7646810267672789,0.0,0.0,0.0,0.0,0.0,0.0,0.0,0.0,0.0,0.0,0.7098605495063174,0.12859806217958897,0.37220415297273785,0.2341332788934343,0.1109045221873083,0.0,0.0,0.0,0.0,0.0,0.8969206012716406,0.2560937141245729,0.38152016467609945,0.3573103893728304,0.2312567489580238,0.0,0.0,0.0,0.0,0.0,0.0,0.0,0.0,0.0,0.0,0.0,0.0,0.0,0.0,0.0,0.0,0.0,0.0,0.0,0.0,0.0,0.0,0.0,0.0,0.0,0.0,0.0,0.0,0.0,0.0,0.0,0.0,0.0,0.0,0.0,0.0,0.0,0.0,0.0,0.0,0.950308636475257,0.1368966406750222,0.3888249574131945,0.35910585243498466,0.11439746235664465,0.0,0.0,0.0,0.0,0.0,0.0,0.0,0.0,0.0,0.0,0.0,0.0,0.0,0.0,0.0,0.0,0.0,0.0,0.0,1.0,0.0,1.0,0.0,0.0,0.0,0.0,0.0,0.0,0.0,0.0,1.0,0.0,0.0,0.0,0.0,0.0,0.0,0.0,0.0,0.0,0.0,0.0,0.0,0.0,1.0,0.0,0.0,0.0,0.0,0.0,0.0,0.0,0.0,1.0,0.0,0.0,0.0,0.0,0.0,0.0,0.0,0.0,0.0,0.0,0.0,0.0,0.0,0.0,0.0,0.0,0.0,0.0,0.0,0.0,0.0,0.0,0.0,0.0,0.0,0.0,0.0,0.0,0.0,0.0,0.0,0.0,0.0,0.0,0.0,0.0,0.0,0.0,0.0,0.0,0.0,0.0,0.0,0.0,0.0,0.0,0.0,0.0,0.0,0.0,0.0,0.0,0.0,1.0,0.0,0.0
0239,Dipteryx odorata (Aubl.) Forsyth f.,8,0.0,1.0,0.0,0.5,0.875,0.0,0.0,0.0,0.0,0.0,0.0,0.0,1.0,0.0,0.0,0.11329031399631409,0.0,0.027784031784145114,0.12055699095839402,0.0,0.0,0.0,0.0,0.0,0.0,0.0,0.7383686632611467,0.0,0.0,0.0,0.0,0.0,0.0,-6.623115794795217,0.694350185701079,-0.13016025527331737,0.31478788902668176,0.7361874395399535,0.0,0.0,0.0,0.0,0.0,-5.759887119004216,0.4788078776994178,-0.19822642272352525,0.32155270798442914,0.548225792681026,-6.273414445705482,0.2231089786695164,0.39683957736106856,0.4061051876753939,0.34893675611047964,0.0,0.0,0.0,0.0,0.0,0.0,0.0,0.0,0.0,0.0,0.0,0.0,0.0,0.0,0.0,0.0,0.0,0.0,0.0,0.0,0.0,0.0,0.0,0.0,0.0,0.0,0.0,0.0,0.0,0.0,0.0,0.0,0.0,0.0,0.0,-6.873552037715301,0.6672305652779471,-0.2335845518376956,0.4878137931831025,0.7275663029989802,0.0,0.0,0.0,0.0,0.0,0.0,0.0,0.0,0.0,0.0,0.26794821943701647,0.04983133563564239,0.09019518150849153,0.10069081108766452,0.05604665870406461,0.0,0.0,0.0,0.0,0.0,0.1574516233734472,0.06424185840841269,0.03358407327286858,0.015312103591537101,0.03884216582865303,0.4209466079973643,0.16608319193770438,0.16290449121938158,0.1431654021394832,0.10492140568184842,0.0,0.0,0.0,0.0,0.0,0.0,0.0,0.0,0.0,0.0,0.0,0.0,0.0,0.0,0.0,0.0,0.0,0.0,0.0,0.0,0.0,0.0,0.0,0.0,0.0,0.0,0.0,0.0,0.0,0.0,0.0,0.0,0.0,0.0,0.0,0.8201078466591522,0.13632583690130057,0.3362917518338976,0.31635334623497324,0.126661792960288,0.0,0.0,0.0,0.0,0.0,0.0,0.0,0.0,0.0,0.0,0.0,0.0,0.0,0.0,0.0,0.0,0.0,0.0,0.0,1.0,0.0,0.5,0.875,0.0,0.0,0.0,0.0,0.0,0.0,0.0,1.0,0.0,0.0,0.0,0.0,0.0,0.0,0.0,0.0,0.0,0.0,0.0,0.0,0.0,1.0,0.5714285714285714,0.0,0.0,0.0,0.0,0.0,0.0,0.0,0.5,0.0,1.0,0.0,0.0,0.0,0.0,0.0,0.0,0.0,0.875,0.0,0.0,0.0,0.0,0.0,0.0,0.0,0.0,0.0,0.0,0.0,0.0,0.0,0.0,0.0,0.0,0.0,0.0,0.0,0.0,0.0,0.0,0.0,0.0,0.0,0.0,0.0,0.0,0.0,0.0,0.0,0.0,0.0,0.0,0.0,0.0,0.0,0.0,0.0,0.0,0.0,0.0,0.0,1.0,0.0,0.0
0243,Dracontomelon dao (Blanco) Merr. & Rolfe,11,0.0,0.45454545454545453,0.0,1.0,0.7272727272727273,0.0,0.0,0.0,0.0,0.0,0.0,0.0,1.0,0.0,0.0,0.025524115113892024,0.0,0.4433957327473277,0.08788646046814881,0.0,0.0,0.0,0.0,0.0,0.0,0.0,0.4431936916706316,0.0,0.0,0.0,0.0,0.0,0.0,-5.533988378329511,0.7424661673976278,0.10680145885522134,0.3802582904954487,0.7739422503255102,0.0,0.0,0.0,0.0,0.0,-5.569416707444876,0.5058204497986261,-0.028636743842250657,0.41847415599976984,0.5483741234717933,-5.823139154909918,0.38390786859534093,0.0617080720137191,0.27342289436615186,0.42991240011952575,0.0,0.0,0.0,0.0,0.0,0.0,0.0,0.0,0.0,0.0,0.0,0.0,0.0,0.0,0.0,0.0,0.0,0.0,0.0,0.0,0.0,0.0,0.0,0.0,0.0,0.0,0.0,0.0,0.0,0.0,0.0,0.0,0.0,0.0,0.0,-5.862455604351222,0.6823816363858237,-0.21985300011873787,0.4848516831024522,0.7103986004940788,0.0,0.0,0.0,0.0,0.0,0.0,0.0,0.0,0.0,0.0,0.12489690360010453,0.042513558334992,0.0856718109278864,0.10553818451220084,0.03046597187086832,0.0,0.0,0.0,0.0,0.0,1.056431099860768,0.31138996506445077,0.4370104624755683,0.39170823323418663,0.24115226654628727,0.6629154402061326,0.261120023237692,0.21119205384792167,0.19729178742261938,0.19072933228510877,0.0,0.0,0.0,0.0,0.0,0.0,0.0,0.0,0.0,0.0,0.0,0.0,0.0,0.0,0.0,0.0,0.0,0.0,0.0,0.0,0.0,0.0,0.0,0.0,0.0,0.0,0.0,0.0,0.0,0.0,0.0,0.0,0.0,0.0,0.0,0.9728031372496225,0.18036376012753494,0.4315311589806161,0.38429455767575293,0.12283675538237754,0.0,0.0,0.0,0.0,0.0,0.0,0.0,0.0,0.0,0.0,0.0,0.0,0.0,0.0,0.0,0.0,0.0,0.0,0.0,1.0,0.0,0.45454545454545453,0.3,0.0,0.0,0.0,0.0,0.0,0.0,0.0,0.45454545454545453,0.0,0.0,0.0,0.0,0.0,0.0,0.0,0.0,0.0,0.0,0.0,0.0,0.0,1.0,0.7272727272727273,0.0,0.0,0.0,0.0,0.0,0.0,0.0,1.0,0.0,1.0,0.0,0.0,0.0,0.0,0.0,0.0,0.0,0.7272727272727273,0.0,0.0,0.0,0.0,0.0,0.0,0.0,0.0,0.0,0.0,0.0,0.0,0.0,0.0,0.0,0.0,0.0,0.0,0.0,0.0,0.0,0.0,0.0,0.0,0.0,0.0,0.0,0.0,0.0,0.0,0.0,0.0,0.0,0.0,0.0,0.0,0.0,0.0,0.0,0.0,0.0,0.0,0.0,1.0,0.0,0.0
0244,Dryobalanops C.F.Gaertn.,12,0.0,1.0,0.0,0.0,1.0,0.0,1.0,0.0,0.0,0.0,0.0,0.0,1.0,1.0,0.0,0.05191651415561176,0.0,0.0,0.13666088739738466,0.0,0.06335387935328551,0.0,0.0,0.0,0.0,0.0,0.4229302736414347,0.3251384454522834,0.0,0.0,0.0,0.0,0.0,-7.118905517207673,0.4974331046390497,-0.22425017293548796,0.5597992681137507,0.599913983146787,0.0,0.0,0.0,0.0,0.0,0.0,0.0,0.0,0.0,0.0,-6.634880163523938,0.1700791272143359,0.3043718551364308,0.46653712872781455,0.30167448164759086,0.0,0.0,0.0,0.0,0.0,-5.863020280266486,0.12115176351811026,0.12330863585968978,0.3636921118008018,0.31980069524567417,0.0,0.0,0.0,0.0,0.0,0.0,0.0,0.0,0.0,0.0,0.0,0.0,0.0,0.0,0.0,0.0,0.0,0.0,0.0,0.0,0.0,0.0,0.0,0.0,0.0,-6.482044787666595,0.6626819669711191,-0.30131422906845023,0.5343240428619608,0.7420757794481525,-5.296081816707074,0.022802334500427457,-3.1965903105941234,3.4909776645813744,0.26179507355015813,0.0,0.0,0.0,0.0,0.0,1.3543635145546746,0.20348351807098677,0.4285522297346023,0.3649543486667159,0.1731218163475656,0.0,0.0,0.0,0.0,0.0,0.0,0.0,0.0,0.0,0.0,0.9334141269452899,0.17073471363885398,0.3800457527783321,0.33729127303042294,0.17109713756314807,0.0,0.0,0.0,0.0,0.0,0.7228200926411089,0.0838223784136205,0.29372382817323145,0.1680313183559565,0.13792298872301811,0.0,0.0,0.0,0.0,0.0,0.0,0.0,0.0,0.0,0.0,0.0,0.0,0.0,0.0,0.0,0.0,0.0,0.0,0.0,0.0,0.0,0.0,0.0,0.0,0.0,0.9989884082552748,0.16854959586058327,0.4072002447522339,0.35020937866412005,0.14291388315747705,0.9437692531326763,0.020224987558220237,0.18493655065540537,0.1908314195400572,0.14808546134498565,0.0,0.0,0.0,0.0,0.0,0.0,0.0,0.0,0.0,0.0,0.0,0.0,0.0,0.0,1.0,0.0,0.0,1.0,0.0,1.0,0.0,0.0,0.0,0.0,0.0,1.0,1.0,0.0,0.0,0.0,0.0,0.0,0.0,0.0,0.0,0.0,0.0,0.0,0.0,0.0,0.0,0.0,0.0,0.0,0.0,0.0,0.0,0.0,0.0,0.0,1.0,0.0,1.0,0.0,0.0,0.0,0.0,0.0,1.0,1.0,0.0,0.0,0.0,0.0,0.0,0.0,0.0,0.0,0.0,1.0,0.0,0.0,0.0,0.0,0.0,1.0,1.0,0.0,0.0,0.0,0.0,0.0,0.0,0.0,0.0,0.0,0.0,0.0,0.0,0.0,0.0,0.0,0.0,0.0,0.0,0.0,0.0,0.0,0.0,0.0,0.0,0.0,1.0,1.0,1.0
0245,Dryobalanops aromatica C.F.Gaertn.,12,0.0,1.0,0.0,0.0,1.0,0.0,1.0,0.8333333333333334,0.0,0.0,0.0,0.0,1.0,0.0,0.0,0.2916681935051647,0.0,0.0,0.11629069134022803,0.0,0.11465508189164714,0.007080357589603508,0.0,0.0,0.0,0.0,0.4703056756733566,0.0,0.0,0.0,0.0,0.0,0.0,-6.924824914741973,0.5561511948911442,-0.28820543015913946,0.5389926345560377,0.6534108425861201,0.0,0.0,0.0,0.0,0.0,0.0,0.0,0.0,0.0,0.0,-7.382527176407465,0.11726793309414012,0.11370656433499433,0.3473283974126846,0.2144077201350716,0.0,0.0,0.0,0.0,0.0,-6.338402112953222,0.06341277627898091,0.199355996486299,0.3565976062859963,0.2261119766648654,-7.07373683805355,0.118928923515626,-0.15412545368013755,0.28115323045599305,0.26176744376711325,0.0,0.0,0.0,0.0,0.0,0.0,0.0,0.0,0.0,0.0,0.0,0.0,0.0,0.0,0.0,0.0,0.0,0.0,0.0,0.0,-7.096724779440124,0.5697304365805035,-0.3078100141662399,0.6160988641848723,0.6602406535937829,0.0,0.0,0.0,0.0,0.0,0.0,0.0,0.0,0.0,0.0,1.1764743125697652,0.2235512530863506,0.3855650713271425,0.32802143756788454,0.19602043881428788,0.0,0.0,0.0,0.0,0.0,0.0,0.0,0.0,0.0,0.0,1.0898240929245897,0.15709335466902138,0.30240113007852715,0.2824846747829667,0.16335606273727396,0.0,0.0,0.0,0.0,0.0,0.9828821084424736,0.0797770543560982,0.24465169808274032,0.18903149736954702,0.15136462839261422,0.4622555137116784,0.08884338011549328,0.07101961753071498,0.09630414248143712,0.09495413164427555,0.0,0.0,0.0,0.0,0.0,0.0,0.0,0.0,0.0,0.0,0.0,0.0,0.0,0.0,0.0,0.0,0.0,0.0,0.0,0.0,1.3807810598697765,0.23686629109022148,0.44847244880876075,0.3978798602784172,0.23087393820252522,0.0,0.0,0.0,0.0,0.0,0.0,0.0,0.0,0.0,0.0,0.0,0.0,0.0,0.0,0.0,0.0,0.0,0.0,0.0,1.0,0.0,0.0,1.0,0.0,1.0,0.8333333333333334,0.0,0.0,0.0,0.0,1.0,0.0,0.0,0.0,0.0,0.0,0.0,0.0,0.0,0.0,0.0,0.0,0.0,0.0,0.0,0.0,0.0,0.0,0.0,0.0,0.0,0.0,0.0,0.0,0.0,1.0,0.0,1.0,0.8333333333333334,0.0,0.0,0.0,0.0,1.0,0.0,0.0,0.0,0.0,0.0,0.0,0.0,0.0,0.0,0.0,1.0,0.8333333333333334,0.0,0.0,0.0,0.0,1.0,0.0,1.0,0.0,0.0,0.0,0.0,0.8333333333333334,0.0,0.0,0.0,0.0,0.0,0.0,0.0,0.0,0.0,0.0,0.0,0.0,0.0,0.0,0.0,0.0,0.0,0.0,0.0,1.0,0.0,0.0
0256,Entandrophragma angolense (Welw.) Panshin,10,0.0,0.0,0.7,1.0,0.8,0.0,0.2,0.0,0.0,0.0,0.7,0.0,1.0,1.0,0.0,0.0,0.005821017051188211,0.12435692836061336,0.017673301269896288,0.0,0.0025797089937797855,0.0,0.0,0.0,0.0634478794142288,0.0,0.1568368417887818,0.6292843231215117,0.0,0.0,0.0,0.0,0.0,0.0,0.0,0.0,0.0,0.0,-6.887661885419141,0.6580169158813973,-0.07311926921185574,0.36903305758684235,0.7358083543783654,-6.454942120504415,0.37759530694399246,-0.09274103409695125,0.30510786435487885,0.4918773355710459,-5.743132793313173,0.4267458507711452,0.4581438817427473,0.44382758516174997,0.5521123244641551,0.0,0.0,0.0,0.0,0.0,-5.318087248919608,0.4081355157752032,0.3903485557074185,0.5802096411112376,0.5960984208464171,0.0,0.0,0.0,0.0,0.0,0.0,0.0,0.0,0.0,0.0,0.0,0.0,0.0,0.0,0.0,-4.613316217294253,0.03375789901800521,2.0645750899715556,2.592489889663862,0.21037902341085743,0.0,0.0,0.0,0.0,0.0,-6.647630385102533,0.725331292501618,-0.11271045890128753,0.380350535960997,0.7871818580386388,-3.9162732409254963,0.0654239354652298,-2.8984114683094546,3.0591029203012274,0.49014019697603406,0.0,0.0,0.0,0.0,0.0,0.0,0.0,0.0,0.0,0.0,0.2793341033587191,0.06496667105034458,0.12387194618132646,0.10113331157766213,0.06665692331796054,0.7988285760233818,0.3145682443219983,0.26477878704734353,0.2481042132287202,0.25670272782185477,0.28394904782869657,0.16242533022974726,0.1498379012557856,0.1348305471567341,0.10240113046596029,0.0,0.0,0.0,0.0,0.0,0.0,0.0,0.0,0.0,0.0,0.0,0.0,0.0,0.0,0.0,0.0,0.0,0.0,0.0,0.0,0.0,0.0,0.0,0.0,0.0,0.4134679314143773,0.0195552710149935,0.09221414121661871,0.16465258846201272,0.04616665646567892,0.0,0.0,0.0,0.0,0.0,0.6290896920391381,0.0863733128207607,0.34789658248628286,0.3160251532973667,0.06921547690962335,0.2235458243753993,0.01621684570781705,0.15398919355302337,0.18213037154537565,0.0891749494910379,0.0,0.0,0.0,0.0,0.0,0.0,0.0,0.0,0.0,0.0,0.0,0.0,0.0,0.0,0.0,0.0,0.0,0.0,0.0,0.0,0.0,0.0,0.0,0.0,0.0,0.0,0.0,1.0,0.7,0.5,0.0,0.2857142857142857,0.0,0.0,0.0,0.5555555555555556,0.0,0.7,0.7,1.0,0.8,0.0,0.2,0.0,0.0,0.0,0.7,0.0,1.0,1.0,1.0,0.0,0.1111111111111111,0.0,0.0,0.0,0.5,0.0,0.8,0.8,0.0,0.0,0.0,0.0,0.0,0.0,0.0,0.0,0.0,1.0,0.0,0.0,0.0,0.125,0.0,0.2,0.2,0.0,0.0,0.0,0.0,0.0,0.0,0.0,0.0,0.0,0.0,0.0,0.0,0.0,0.0,0.0,0.0,0.0,0.0,1.0,0.0,0.7,0.7,0.0,0.0,0.0,1.0,1.0,1.0
0257,Entandrophragma candollei Harms,12,0.0,0.0,1.0,1.0,0.0,0.08333333333333333,0.0,0.0,1.0,0.0,0.0,0.0,1.0,0.0,0.0,0.0,0.014913947838552474,0.11245120863636195,0.0,0.0017917754651219982,0.0,0.0,0.7923421878287199,0.0,0.0,0.0,0.0785008802312437,0.0,0.0,0.0,0.0,0.0,0.0,0.0,0.0,0.0,0.0,0.0,-6.922845389048869,0.5380268298003487,-0.21508158175421097,0.5088699567492513,0.6579010263504163,-5.788133422042311,0.5600174285264233,-0.053490462024190825,0.2987693728875993,0.6176587990318729,0.0,0.0,0.0,0.0,0.0,-4.355485605929239,0.1433316308697899,1.6477860396736437,1.852016019855561,0.34228135570750556,0.0,0.0,0.0,0.0,0.0,0.0,0.0,0.0,0.0,0.0,-4.035554790182878,0.044641190023417245,1.9334331693087237,2.0622624946935115,0.29916861539890727,0.0,0.0,0.0,0.0,0.0,0.0,0.0,0.0,0.0,0.0,0.0,0.0,0.0,0.0,0.0,-6.480013161497015,0.7153474075279979,-0.09810015482698758,0.40351403357393734,0.7738813556579865,0.0,0.0,0.0,0.0,0.0,0.0,0.0,0.0,0.0,0.0,0.0,0.0,0.0,0.0,0.0,0.6164778532839282,0.17369004074030628,0.3725644440711621,0.3339698647944754,0.140233994724679,0.6293568847891787,0.284958884338385,0.27837284858358524,0.24272846233967205,0.20458912132020254,0.0,0.0,0.0,0.0,0.0,0.0,0.0,0.0,0.0,0.0,0.0,0.0,0.0,0.0,0.0,0.0,0.0,0.0,0.0,0.0,0.8803464531857874,0.059595708275004655,0.3241413721387206,0.32693785050599655,0.1515304103231338,0.0,0.0,0.0,0.0,0.0,0.0,0.0,0.0,0.0,0.0,0.0,0.0,0.0,0.0,0.0,0.7370083693662526,0.1256870038254763,0.3729072536105715,0.3587619931702797,0.09680286145105732,0.0,0.0,0.0,0.0,0.0,0.0,0.0,0.0,0.0,0.0,0.0,0.0,0.0,0.0,0.0,0.0,0.0,0.0,0.0,0.0,0.0,0.0,0.0,0.0,0.0,0.0,0.0,0.0,0.0,0.0,0.0,0.0,1.0,1.0,0.0,0.08333333333333333,0.0,0.0,1.0,0.0,0.0,0.0,1.0,0.0,1.0,0.0,0.08333333333333333,0.0,0.0,1.0,0.0,0.0,0.0,1.0,0.0,0.0,0.0,0.0,0.0,0.0,0.0,0.0,0.0,0.0,0.0,1.0,0.0,0.0,0.08333333333333333,0.0,0.0,0.0,0.08333333333333333,0.0,0.0,0.0,0.0,0.0,0.0,0.0,0.0,0.0,0.0,0.0,0.0,0.0,0.0,0.0,0.0,1.0,0.0,0.0,0.0,1.0,0.0,0.0,0.0,0.0,0.0,0.0,0.0,0.0,0.0,0.0,0.0,0.0,0.0,1.0,0.0,0.0
0258,Entandrophragma cylindricum (Sprague) Sprague,12,0.0,0.0,1.0,1.0,0.0,0.0,1.0,0.0,0.0,0.0,0.75,0.0,1.0,0.0,0.0,0.0,0.0519788235573319,0.5916186189048274,0.0,0.0,0.04752024932890474,0.0,0.0,0.0,0.1259856122536521,0.0,0.18289669595528382,0.0,0.0,0.0,0.0,0.0,0.0,0.0,0.0,0.0,0.0,0.0,-6.898794341892995,0.6388602895801634,-0.20227583793227896,0.4578579224867679,0.7382782894222005,-6.287630156578437,0.4198390770914077,-0.3120295062880224,0.5177753357149368,0.5600861315042264,0.0,0.0,0.0,0.0,0.0,0.0,0.0,0.0,0.0,0.0,-5.359668949733757,0.3002760312824792,-0.10512808714568578,0.3334719907330084,0.5084714328883911,0.0,0.0,0.0,0.0,0.0,0.0,0.0,0.0,0.0,0.0,0.0,0.0,0.0,0.0,0.0,-3.906463292106822,0.039981879006362055,2.2993271652163236,2.598345361626559,0.317598887882586,0.0,0.0,0.0,0.0,0.0,-6.780175203932054,0.679690177442303,-0.17606570546647415,0.48478492338689355,0.7522420516063902,0.0,0.0,0.0,0.0,0.0,0.0,0.0,0.0,0.0,0.0,0.0,0.0,0.0,0.0,0.0,0.48002934291064636,0.1284189015818633,0.35180132109446727,0.289951213518207,0.10970399932278117,1.0452708941763331,0.2960302726267204,0.4469415089194623,0.37031667831841814,0.26243020990152216,0.0,0.0,0.0,0.0,0.0,0.0,0.0,0.0,0.0,0.0,0.5443349898837345,0.16836424100557235,0.16799681216359627,0.1173395976289812,0.15252145936761644,0.0,0.0,0.0,0.0,0.0,0.0,0.0,0.0,0.0,0.0,0.0,0.0,0.0,0.0,0.0,0.18326030532592183,0.010865355085007602,0.13348093428929014,0.09453145568126184,0.04339686716920557,0.0,0.0,0.0,0.0,0.0,0.9547814246497378,0.16545665718212113,0.43131697504947725,0.38835932956137187,0.15191462476357073,0.0,0.0,0.0,0.0,0.0,0.0,0.0,0.0,0.0,0.0,0.0,0.0,0.0,0.0,0.0,0.0,0.0,0.0,0.0,0.0,0.0,0.0,0.0,0.0,0.0,0.0,0.0,0.0,0.0,0.0,0.0,0.0,1.0,1.0,0.0,0.0,1.0,0.0,0.0,0.0,0.75,0.0,1.0,0.0,1.0,0.0,0.0,1.0,0.0,0.0,0.0,0.75,0.0,1.0,0.0,0.0,0.0,0.0,0.0,0.0,0.0,0.0,0.0,0.0,0.0,0.0,0.0,0.0,0.0,0.0,0.0,0.0,0.0,0.0,1.0,0.0,0.0,0.0,0.75,0.0,1.0,0.0,0.0,0.0,0.0,0.0,0.0,0.0,0.0,0.0,0.0,0.0,0.0,0.0,0.0,0.0,0.0,0.0,0.0,0.0,1.0,0.0,0.75,0.0,0.0,0.0,0.0,1.0,0.0,0.0
0259,Entandrophragma utile (Dawe & Sprague) Sprague,6,0.0,0.0,1.0,0.6666666666666666,0.0,1.0,0.0,0.0,0.0,0.0,0.6666666666666666,0.0,1.0,0.0,0.0,0.0,0.07902459858800578,0.030925605566777564,0.0,0.16397033983136347,0.0,0.0,0.0,0.0,0.07721372742885577,0.0,0.6488657285849975,0.0,0.0,0.0,0.0,0.0,0.0,0.0,0.0,0.0,0.0,0.0,-6.664791666181873,0.629438341506093,-0.23953822525174973,0.5115833961995414,0.7317796436137103,-6.846990702242801,0.22131853728515363,-0.4337205267559215,0.5547664501903631,0.32342608604284634,0.0,0.0,0.0,0.0,0.0,-5.16020446798342,0.14176753894360564,1.3074521975079436,1.4760537400376668,0.3023461424460887,0.0,0.0,0.0,0.0,0.0,0.0,0.0,0.0,0.0,0.0,0.0,0.0,0.0,0.0,0.0,0.0,0.0,0.0,0.0,0.0,-5.037683057461999,0.046801652174957104,2.4755522465385726,2.7094206350124246,0.2599574605725801,0.0,0.0,0.0,0.0,0.0,-6.308692311686933,0.7103419146442819,-0.25439273494643805,0.48593230838276685,0.7704261389966747,0.0,0.0,0.0,0.0,0.0,0.0,0.0,0.0,0.0,0.0,0.0,0.0,0.0,0.0,0.0,0.7990542080412683,0.15960968354763236,0.3641251621820465,0.30166673615897355,0.10242399233008377,0.7059058806696525,0.18121310979407507,0.1979240097049744,0.24469094222219462,0.17011800119087908,0.0,0.0,0.0,0.0,0.0,0.19924188048313543,0.036204911658403116,0.2640328484093517,0.30648980044174684,0.03916048619099218,0.0,0.0,0.0,0.0,0.0,0.0,0.0,0.0,0.0,0.0,0.0,0.0,0.0,0.0,0.0,0.0,0.0,0.0,0.0,0.0,0.11729525793693474,0.013416542375455118,0.1183270649582081,0.13735321671123857,0.05937926656747198,0.0,0.0,0.0,0.0,0.0,1.0326191000013132,0.14074215818674254,0.35056291439294607,0.28087153973442597,0.11857925757010784,0.0,0.0,0.0,0.0,0.0,0.0,0.0,0.0,0.0,0.0,0.0,0.0,0.0,0.0,0.0,0.0,0.0,0.0,0.0,0.0,0.0,0.0,0.0,0.0,0.0,0.0,0.0,0.0,0.0,0.0,0.0,0.0,1.0,0.6666666666666666,0.0,1.0,0.0,0.0,0.0,0.0,0.6666666666666666,0.0,1.0,0.0,1.0,0.0,0.6666666666666666,0.0,0.0,0.0,0.0,0.3333333333333333,0.0,0.6666666666666666,0.0,0.0,0.0,0.0,0.0,0.0,0.0,0.0,0.0,0.0,0.0,1.0,0.0,0.0,0.0,0.0,0.6666666666666666,0.0,1.0,0.0,0.0,0.0,0.0,0.0,0.0,0.0,0.0,0.0,0.0,0.0,0.0,0.0,0.0,0.0,0.0,0.0,0.0,0.0,0.0,0.0,0.0,0.0,0.0,0.0,0.0,0.0,1.0,0.0,0.6666666666666666,0.0,0.0,0.0,0.0,1.0,0.0,0.0
0269,Erythrophleum ivorense A. Chev,14,0.0,0.0,1.0,1.0,1.0,0.7142857142857143,1.0,1.0,0.0,0.0,0.0,0.0,1.0,0.0,0.0,0.0,0.04388301273115288,0.08892421788601733,0.09264664478792263,0.021446090579072638,0.557041338253212,0.07603420078723742,0.0,0.0,0.0,0.0,0.12002449497538513,0.0,0.0,0.0,0.0,0.0,0.0,0.0,0.0,0.0,0.0,0.0,-6.3581816520278025,0.526903558318081,-0.14410081433773872,0.630259676817378,0.6544275212605812,-4.051514781208793,0.6133373195025948,-0.047696693395132904,0.3344429837613387,0.7125719384474227,-4.446236152352198,0.5286586354425089,0.1761723188661135,0.5655739914385178,0.6371566731429178,-4.487592397819163,0.2377937319124487,0.7708114236004061,0.7773207131299558,0.5135253486693514,-3.806447215444738,0.2573317937047512,0.2997067639701996,0.5814340883782211,0.5281385480838667,-4.678600010946062,0.45640272631852935,-0.003188840985703424,0.3877157430685631,0.5864824219091377,0.0,0.0,0.0,0.0,0.0,0.0,0.0,0.0,0.0,0.0,0.0,0.0,0.0,0.0,0.0,0.0,0.0,0.0,0.0,0.0,-5.89463448181212,0.6613342236784366,-0.3190724196591789,0.6180042356857764,0.7319543692280098,0.0,0.0,0.0,0.0,0.0,0.0,0.0,0.0,0.0,0.0,0.0,0.0,0.0,0.0,0.0,0.5929512634475164,0.14005051299716548,0.5301546110368502,0.3370432142613655,0.11700250045247919,0.26242300745734237,0.0792851052950344,0.20189552271969471,0.1825756481003655,0.037315081214558475,0.7729846735033236,0.1371625551913328,0.39286704345775714,0.35167501034769116,0.07054279874666085,0.17478495858896803,0.01721090903000866,0.0464820354847643,0.060512357892889834,0.024893396629692983,0.8851146768333283,0.20903752993837096,0.5080081777011951,0.3630151888677068,0.14135838477227927,0.4596742388207232,0.19646990134374534,0.3336898458565863,0.2525871130446778,0.11205870504666252,0.0,0.0,0.0,0.0,0.0,0.0,0.0,0.0,0.0,0.0,0.0,0.0,0.0,0.0,0.0,0.0,0.0,0.0,0.0,0.0,1.0164520794340837,0.17865950496522756,0.4647158999598961,0.42601473626837844,0.14819838084899742,0.0,0.0,0.0,0.0,0.0,0.0,0.0,0.0,0.0,0.0,0.0,0.0,0.0,0.0,0.0,0.0,0.0,0.0,0.0,0.0,0.0,0.0,0.0,0.0,0.0,0.0,0.0,0.0,0.0,0.0,0.0,0.0,1.0,1.0,1.0,0.7142857142857143,1.0,1.0,0.0,0.0,0.0,0.0,1.0,0.0,1.0,1.0,0.7142857142857143,1.0,1.0,0.0,0.0,0.0,0.0,1.0,0.0,1.0,0.7142857142857143,1.0,1.0,0.0,0.0,0.0,0.0,1.0,0.0,1.0,0.7142857142857143,0.7142857142857143,0.0,0.0,0.0,0.0,0.7142857142857143,0.0,1.0,1.0,0.0,0.0,0.0,0.0,1.0,0.0,1.0,0.0,0.0,0.0,0.0,1.0,0.0,0.0,0.0,0.0,0.0,0.0,0.0,0.0,0.0,0.0,0.0,0.0,0.0,0.0,0.0,0.0,0.0,0.0,0.0,1.0,0.0,0.0
0270,Erythrophleum suaveolens (Guill. & Perr.) Brenan,12,0.0,0.0,1.0,0.16666666666666666,1.0,0.8333333333333334,1.0,0.75,0.0,0.0,0.0,0.0,1.0,0.0,0.0,0.0,0.0119232738696925,0.0037463529842226137,0.16302761475046937,0.044619275889483716,0.6126418807051457,0.022507837886629405,0.0,0.0,0.0,0.0,0.1415337639143567,0.0,0.0,0.0,0.0,0.0,0.0,0.0,0.0,0.0,0.0,0.0,-6.656427065291304,0.6561738425840749,-0.04734594109517142,0.3952274345967779,0.7493249421161803,-4.764429879327564,0.4876986287946292,-0.16965614379118404,0.6525470272517728,0.6340230307270374,-4.622857262004374,0.41905320292670317,0.3756569791152547,0.5322636695880087,0.5733541987968296,-4.6213061458693545,0.3249634882714082,0.759794372093122,0.7747337572579371,0.5071683149222819,-3.8421970821185414,0.20179736207719212,0.6581444155847057,0.8482312044773453,0.4681183218484444,-4.983538038804149,0.4625816404696736,0.21760493802700565,0.38769359211600324,0.5589349726671295,0.0,0.0,0.0,0.0,0.0,0.0,0.0,0.0,0.0,0.0,0.0,0.0,0.0,0.0,0.0,0.0,0.0,0.0,0.0,0.0,-5.8863895055220725,0.7122955082258526,-0.20769583667141214,0.4451696971961489,0.7560426481508543,0.0,0.0,0.0,0.0,0.0,0.0,0.0,0.0,0.0,0.0,0.0,0.0,0.0,0.0,0.0,0.44946852369541695,0.0735069955320218,0.21291939522772338,0.12583851891131626,0.08390983418750758,0.1899804367741147,0.13896329442385183,0.21463119669999994,0.20909516245925525,0.08194609822125318,0.629565675031879,0.14713704123164908,0.3730711764441745,0.2653196143353311,0.10348680079755906,0.36191934868833403,0.1415275294430976,0.30350317428522366,0.343277240384149,0.09294247346510112,0.8221536986236182,0.1582981040977959,0.6261971988901393,0.5360886107383485,0.12840349800134734,0.2481077895909298,0.14175182965461908,0.0944295137654733,0.05568502957359948,0.07898390292878421,0.0,0.0,0.0,0.0,0.0,0.0,0.0,0.0,0.0,0.0,0.0,0.0,0.0,0.0,0.0,0.0,0.0,0.0,0.0,0.0,0.7387446837894113,0.14204992316032053,0.3767721352692655,0.3590180060595794,0.10529604079580303,0.0,0.0,0.0,0.0,0.0,0.0,0.0,0.0,0.0,0.0,0.0,0.0,0.0,0.0,0.0,0.0,0.0,0.0,0.0,0.0,0.0,0.0,0.0,0.0,0.0,0.0,0.0,0.0,0.0,0.0,0.0,0.0,1.0,0.16666666666666666,1.0,0.8333333333333334,1.0,0.75,0.0,0.0,0.0,0.0,1.0,0.0,1.0,0.16666666666666666,0.2,0.16666666666666666,0.2222222222222222,0.0,0.0,0.0,0.0,0.16666666666666666,0.0,1.0,0.8333333333333334,1.0,0.75,0.0,0.0,0.0,0.0,1.0,0.0,1.0,0.8333333333333334,0.5833333333333334,0.0,0.0,0.0,0.0,0.8333333333333334,0.0,1.0,0.75,0.0,0.0,0.0,0.0,1.0,0.0,1.0,0.0,0.0,0.0,0.0,0.75,0.0,0.0,0.0,0.0,0.0,0.0,0.0,0.0,0.0,0.0,0.0,0.0,0.0,0.0,0.0,0.0,0.0,0.0,0.0,1.0,0.0,0.0
0293,Fraxinus americana L.,10,0.0,1.0,0.1,1.0,0.0,0.0,1.0,0.0,0.0,0.0,0.0,0.0,1.0,0.0,0.0,0.1304600687826302,0.0001519063842032283,0.20288047571710335,0.0,0.0,0.2596309024215909,0.0,0.0,0.0,0.0,0.0,0.40687664669447227,0.0,0.0,0.0,0.0,0.0,0.0,-6.907280856525105,0.561122042685956,-0.3053992675908728,0.5431933959451201,0.6755037172960879,-8.066485792707187,0.41514468932131854,-0.4053386938484735,0.5846034724340863,0.6771667608720858,-7.155688532818542,0.5692796489514615,-0.1754446750848592,0.4153079939885453,0.6956736960229876,0.0,0.0,0.0,0.0,0.0,0.0,0.0,0.0,0.0,0.0,-6.145588467948678,0.45213209789539155,0.739535540257873,0.8540092680645615,0.6373044995829928,0.0,0.0,0.0,0.0,0.0,0.0,0.0,0.0,0.0,0.0,0.0,0.0,0.0,0.0,0.0,0.0,0.0,0.0,0.0,0.0,0.0,0.0,0.0,0.0,0.0,-7.394406997025802,0.6665038450741677,-0.29766487078401127,0.4749378440386544,0.790824617993721,0.0,0.0,0.0,0.0,0.0,0.0,0.0,0.0,0.0,0.0,0.5000857956945434,0.137392098941334,0.3315251802847824,0.2899126429570385,0.11784489296447649,0.0,0.0,0.0,0.0,0.0,0.6732108389771068,0.23769492525710167,0.28913169465000427,0.23147454240949727,0.19104206887673073,0.0,0.0,0.0,0.0,0.0,0.0,0.0,0.0,0.0,0.0,0.43594647061708586,0.14525159107335422,0.4340263618905901,0.411733166206686,0.118415258423807,0.0,0.0,0.0,0.0,0.0,0.0,0.0,0.0,0.0,0.0,0.0,0.0,0.0,0.0,0.0,0.0,0.0,0.0,0.0,0.0,0.0,0.0,0.0,0.0,0.0,1.1070767194949158,0.13192023213593976,0.3630339126913587,0.31760237661708646,0.1351940582870475,0.0,0.0,0.0,0.0,0.0,0.0,0.0,0.0,0.0,0.0,0.0,0.0,0.0,0.0,0.0,0.0,0.0,0.0,0.0,1.0,0.1,1.0,0.0,0.0,1.0,0.0,0.0,0.0,0.0,0.0,1.0,0.0,1.0,0.1,0.0,0.0,0.1,0.0,0.0,0.0,0.0,0.0,0.1,0.0,1.0,0.0,0.0,1.0,0.0,0.0,0.0,0.0,0.0,1.0,0.0,0.0,0.0,0.0,0.0,0.0,0.0,0.0,0.0,0.0,0.0,0.0,0.0,0.0,0.0,0.0,0.0,0.0,0.0,0.0,1.0,0.0,0.0,0.0,0.0,0.0,1.0,0.0,0.0,0.0,0.0,0.0,0.0,0.0,0.0,0.0,0.0,0.0,0.0,0.0,0.0,0.0,0.0,0.0,0.0,0.0,0.0,0.0,0.0,0.0,0.0,0.0,0.0,1.0,0.0,0.0
0294,Fraxinus excelsior L.,12,0.0,1.0,0.0,1.0,0.0,0.0,1.0,0.0,0.0,0.0,1.0,0.0,1.0,0.0,0.0,0.02384106115124568,0.0,0.18237588885251146,0.0,0.0,0.06431529186387881,0.0,0.0,0.0,0.2991263839898946,0.0,0.4303413741424694,0.0,0.0,0.0,0.0,0.0,0.0,-6.786891526379403,0.5324870170467332,-0.12391008526834409,0.6108617683073538,0.6489312850398469,0.0,0.0,0.0,0.0,0.0,-6.865818816770408,0.6868410707640811,-0.10544977117398517,0.34038417109976643,0.7239579568936003,0.0,0.0,0.0,0.0,0.0,0.0,0.0,0.0,0.0,0.0,-6.433995954449441,0.5936061927894701,0.05713222526375103,0.45854034990485876,0.6440395081606994,0.0,0.0,0.0,0.0,0.0,0.0,0.0,0.0,0.0,0.0,0.0,0.0,0.0,0.0,0.0,-4.185029942051735,0.05728491325416809,2.3363012666313945,3.0170293672418107,0.2594216251188583,0.0,0.0,0.0,0.0,0.0,-6.694214070027916,0.7195586677242468,-0.23474071552201192,0.4298581378330282,0.8102265851411764,0.0,0.0,0.0,0.0,0.0,0.0,0.0,0.0,0.0,0.0,0.39598144400457064,0.09920544891767646,0.40308000662471094,0.29626967421969036,0.0928916943277673,0.0,0.0,0.0,0.0,0.0,0.45779917433843825,0.1566866972850203,0.2777311710526544,0.23460337527370898,0.11046795020090272,0.0,0.0,0.0,0.0,0.0,0.0,0.0,0.0,0.0,0.0,0.41219424583479936,0.13762955576597477,0.35907414381628366,0.22404276175450555,0.11045423753852555,0.0,0.0,0.0,0.0,0.0,0.0,0.0,0.0,0.0,0.0,0.0,0.0,0.0,0.0,0.0,0.18666151495404046,0.011564188710245359,0.1417870044545018,0.1828642506090674,0.041243792100756516,0.0,0.0,0.0,0.0,0.0,0.9483580433919118,0.08354262462213151,0.35164758863297724,0.31665115898767293,0.06507101179609313,0.0,0.0,0.0,0.0,0.0,0.0,0.0,0.0,0.0,0.0,0.0,0.0,0.0,0.0,0.0,0.0,0.0,0.0,0.0,1.0,0.0,1.0,0.0,0.0,1.0,0.0,0.0,0.0,1.0,0.0,1.0,0.0,0.0,0.0,0.0,0.0,0.0,0.0,0.0,0.0,0.0,0.0,0.0,0.0,1.0,0.0,0.0,1.0,0.0,0.0,0.0,1.0,0.0,1.0,0.0,0.0,0.0,0.0,0.0,0.0,0.0,0.0,0.0,0.0,0.0,0.0,0.0,0.0,0.0,0.0,0.0,0.0,0.0,0.0,1.0,0.0,0.0,0.0,1.0,0.0,1.0,0.0,0.0,0.0,0.0,0.0,0.0,0.0,0.0,0.0,0.0,0.0,0.0,0.0,0.0,0.0,0.0,0.0,0.0,0.0,1.0,0.0,1.0,0.0,0.0,0.0,0.0,1.0,0.0,0.0
0295,Fraxinus nigra Marshall,10,0.0,1.0,0.0,1.0,0.0,0.0,0.0,0.0,0.0,0.0,0.0,0.0,1.0,0.0,0.0,0.1493030400948644,0.0,0.04335009729927547,0.0,0.0,0.0,0.0,0.0,0.0,0.0,0.0,0.8073468626058601,0.0,0.0,0.0,0.0,0.0,0.0,-6.9685339118585805,0.6079057568176471,-0.06101526539491729,0.4009416565307742,0.690175826590348,0.0,0.0,0.0,0.0,0.0,-8.062796996913281,0.4133751541323433,0.0226314692127977,0.32203057931744605,0.5573253097388153,0.0,0.0,0.0,0.0,0.0,0.0,0.0,0.0,0.0,0.0,0.0,0.0,0.0,0.0,0.0,0.0,0.0,0.0,0.0,0.0,0.0,0.0,0.0,0.0,0.0,0.0,0.0,0.0,0.0,0.0,0.0,0.0,0.0,0.0,0.0,0.0,0.0,0.0,0.0,0.0,-7.26691485332057,0.687427321757597,-0.09931310163329342,0.380854671530583,0.7875383648067413,0.0,0.0,0.0,0.0,0.0,0.0,0.0,0.0,0.0,0.0,0.5661504749304489,0.14536921673497627,0.32995975044718795,0.28254150600349653,0.12489020132651227,0.0,0.0,0.0,0.0,0.0,1.039176920841245,0.2831528140693788,0.23434041108431342,0.19230197701892343,0.26872270856284103,0.0,0.0,0.0,0.0,0.0,0.0,0.0,0.0,0.0,0.0,0.0,0.0,0.0,0.0,0.0,0.0,0.0,0.0,0.0,0.0,0.0,0.0,0.0,0.0,0.0,0.0,0.0,0.0,0.0,0.0,0.0,0.0,0.0,0.0,0.0,0.0,0.0,0.0,0.0,0.0,1.1041820339639385,0.13851684687500238,0.37432782512772317,0.33311887756985525,0.13946377136633187,0.0,0.0,0.0,0.0,0.0,0.0,0.0,0.0,0.0,0.0,0.0,0.0,0.0,0.0,0.0,0.0,0.0,0.0,0.0,1.0,0.0,1.0,0.0,0.0,0.0,0.0,0.0,0.0,0.0,0.0,1.0,0.0,0.0,0.0,0.0,0.0,0.0,0.0,0.0,0.0,0.0,0.0,0.0,0.0,1.0,0.0,0.0,0.0,0.0,0.0,0.0,0.0,0.0,1.0,0.0,0.0,0.0,0.0,0.0,0.0,0.0,0.0,0.0,0.0,0.0,0.0,0.0,0.0,0.0,0.0,0.0,0.0,0.0,0.0,0.0,0.0,0.0,0.0,0.0,0.0,0.0,0.0,0.0,0.0,0.0,0.0,0.0,0.0,0.0,0.0,0.0,0.0,0.0,0.0,0.0,0.0,0.0,0.0,0.0,0.0,0.0,0.0,0.0,0.0,0.0,0.0,0.0,1.0,0.0,0.0
0296,Fraxinus ornus L.,10,0.0,0.8,0.0,1.0,0.0,0.0,0.9,0.0,0.0,0.0,0.0,0.0,1.0,0.0,0.0,0.024901442269478175,0.0,0.529928945376513,0.0,0.0,0.07832834681663982,0.0,0.0,0.0,0.0,0.0,0.36684126553736895,0.0,0.0,0.0,0.0,0.0,0.0,-8.139072595974781,0.6466808347463832,-0.14219121188417885,0.35241305616785945,0.7698380487174704,0.0,0.0,0.0,0.0,0.0,-7.058742491803848,0.6446880583396996,-0.2232243161560315,0.41555585164818537,0.7818925164279654,0.0,0.0,0.0,0.0,0.0,0.0,0.0,0.0,0.0,0.0,-6.352522135938989,0.6887765357520471,0.08932492141144927,0.3492817164040847,0.7964900533395697,0.0,0.0,0.0,0.0,0.0,0.0,0.0,0.0,0.0,0.0,0.0,0.0,0.0,0.0,0.0,0.0,0.0,0.0,0.0,0.0,0.0,0.0,0.0,0.0,0.0,-8.455295342399257,0.7005115668529841,-0.14305598759681676,0.330854267442562,0.8502833709505069,0.0,0.0,0.0,0.0,0.0,0.0,0.0,0.0,0.0,0.0,0.3894495337323258,0.09011758893598963,0.19251136422974355,0.1409412814164095,0.09055991377694628,0.0,0.0,0.0,0.0,0.0,0.4764686583830658,0.16007175279556346,0.2193158590830732,0.21630255331482143,0.10976218593357986,0.0,0.0,0.0,0.0,0.0,0.0,0.0,0.0,0.0,0.0,0.12046777823584526,0.04724236220485747,0.13238353004765868,0.1042392072941596,0.0481841710918787,0.0,0.0,0.0,0.0,0.0,0.0,0.0,0.0,0.0,0.0,0.0,0.0,0.0,0.0,0.0,0.0,0.0,0.0,0.0,0.0,0.0,0.0,0.0,0.0,0.0,0.8173408563230519,0.08131348252456708,0.289675749444171,0.2154814147779392,0.1107588418746905,0.0,0.0,0.0,0.0,0.0,0.0,0.0,0.0,0.0,0.0,0.0,0.0,0.0,0.0,0.0,0.0,0.0,0.0,0.0,1.0,0.0,0.8,0.0,0.0,0.7,0.0,0.0,0.0,0.0,0.0,0.8,0.0,0.0,0.0,0.0,0.0,0.0,0.0,0.0,0.0,0.0,0.0,0.0,0.0,1.0,0.0,0.0,0.9,0.0,0.0,0.0,0.0,0.0,1.0,0.0,0.0,0.0,0.0,0.0,0.0,0.0,0.0,0.0,0.0,0.0,0.0,0.0,0.0,0.0,0.0,0.0,0.0,0.0,0.0,1.0,0.0,0.0,0.0,0.0,0.0,0.9,0.0,0.0,0.0,0.0,0.0,0.0,0.0,0.0,0.0,0.0,0.0,0.0,0.0,0.0,0.0,0.0,0.0,0.0,0.0,0.0,0.0,0.0,0.0,0.0,0.0,0.0,1.0,0.0,0.0
0297,Fraxinus mandshurica Rupr.,11,0.0,0.9090909090909091,0.0,1.0,0.0,0.0,0.9090909090909091,0.0,0.0,0.0,0.0,0.0,1.0,0.0,0.0,0.027124547230995694,0.0,0.16570123534941572,0.0,0.0,0.02310011685629129,0.0,0.0,0.0,0.0,0.0,0.7840741005632973,0.0,0.0,0.0,0.0,0.0,0.0,-6.836727254125489,0.521888068934583,-0.3676261241538501,0.7016247707913894,0.6295985309540362,0.0,0.0,0.0,0.0,0.0,-7.507151942208185,0.47790862505588,-0.09862609376129022,0.37138954504091254,0.6322287411267776,0.0,0.0,0.0,0.0,0.0,0.0,0.0,0.0,0.0,0.0,-6.651865738465711,0.43059392512120753,0.4138407802214214,0.555508856254062,0.6294865485105559,0.0,0.0,0.0,0.0,0.0,0.0,0.0,0.0,0.0,0.0,0.0,0.0,0.0,0.0,0.0,0.0,0.0,0.0,0.0,0.0,0.0,0.0,0.0,0.0,0.0,-6.986689074030436,0.7028426875387027,-0.2795766132165947,0.45641879024413895,0.8056640134412641,0.0,0.0,0.0,0.0,0.0,0.0,0.0,0.0,0.0,0.0,0.48794823325130643,0.11978581057761961,0.44401499185539023,0.3916862294292111,0.0965107210495453,0.0,0.0,0.0,0.0,0.0,0.7535484005160034,0.27434604498073695,0.2890127845615202,0.22576184440808011,0.22827215186096456,0.0,0.0,0.0,0.0,0.0,0.0,0.0,0.0,0.0,0.0,0.27305873845167156,0.14576251597520704,0.33077996750529665,0.27057722011506796,0.08993722389318805,0.0,0.0,0.0,0.0,0.0,0.0,0.0,0.0,0.0,0.0,0.0,0.0,0.0,0.0,0.0,0.0,0.0,0.0,0.0,0.0,0.0,0.0,0.0,0.0,0.0,1.2401261187963597,0.08844341392265608,0.3500149359465814,0.2931602878790389,0.09154508922931699,0.0,0.0,0.0,0.0,0.0,0.0,0.0,0.0,0.0,0.0,0.0,0.0,0.0,0.0,0.0,0.0,0.0,0.0,0.0,1.0,0.0,0.9090909090909091,0.0,0.0,1.0,0.0,0.0,0.0,0.0,0.0,0.9090909090909091,0.0,0.0,0.0,0.0,0.0,0.0,0.0,0.0,0.0,0.0,0.0,0.0,0.0,1.0,0.0,0.0,0.9090909090909091,0.0,0.0,0.0,0.0,0.0,1.0,0.0,0.0,0.0,0.0,0.0,0.0,0.0,0.0,0.0,0.0,0.0,0.0,0.0,0.0,0.0,0.0,0.0,0.0,0.0,0.0,1.0,0.0,0.0,0.0,0.0,0.0,0.9090909090909091,0.0,0.0,0.0,0.0,0.0,0.0,0.0,0.0,0.0,0.0,0.0,0.0,0.0,0.0,0.0,0.0,0.0,0.0,0.0,0.0,0.0,0.0,0.0,0.0,0.0,0.0,1.0,0.0,0.0
0301,Gilbertiodendron dewevrei (De Wild.) J.Léonard,14,0.0,0.0,1.0,0.0,1.0,0.0,1.0,0.0,0.0,0.0,1.0,0.0,1.0,0.0,0.0,0.0,0.020851755480248473,0.0,0.625049978140648,0.0,0.24364638061918348,0.0,0.0,0.0,0.060842695088221835,0.0,0.04960919067169826,0.0,0.0,0.0,0.0,0.0,0.0,0.0,0.0,0.0,0.0,0.0,-5.884179724312829,0.7301812501033326,-0.08854730677400972,0.38348623050712777,0.7629535705847658,0.0,0.0,0.0,0.0,0.0,-4.9705561514801655,0.6337051697405693,0.1301185290371478,0.461495991440586,0.6408959128649601,0.0,0.0,0.0,0.0,0.0,-4.330580215559931,0.32122796241964874,0.15729118377015316,0.5240744815010004,0.4820905456454269,0.0,0.0,0.0,0.0,0.0,0.0,0.0,0.0,0.0,0.0,0.0,0.0,0.0,0.0,0.0,-5.778221918317684,0.018371729909569253,2.3196899459544844,2.9563240263203743,0.1177492436519544,0.0,0.0,0.0,0.0,0.0,-6.210260501006299,0.7308209535989418,-0.3404559619241744,0.4905151047043537,0.7799847745231522,0.0,0.0,0.0,0.0,0.0,0.0,0.0,0.0,0.0,0.0,0.0,0.0,0.0,0.0,0.0,0.20660682713647405,0.03381585002785687,0.11846012571626849,0.10442653502951608,0.02416747529997589,0.0,0.0,0.0,0.0,0.0,0.9196405292359894,0.14036485431905307,0.5029807943784699,0.42278372951733445,0.06278935323692862,0.0,0.0,0.0,0.0,0.0,0.9003064572319762,0.1799908111388055,0.40396740870103887,0.30713439948928273,0.12840461647339005,0.0,0.0,0.0,0.0,0.0,0.0,0.0,0.0,0.0,0.0,0.0,0.0,0.0,0.0,0.0,0.7801264770914763,0.013766174504816112,0.15754566216035373,0.14679933538175233,0.058087831628031376,0.0,0.0,0.0,0.0,0.0,0.4487768754933797,0.07144293434071047,0.3007890129396978,0.2844173385440286,0.045242031712401105,0.0,0.0,0.0,0.0,0.0,0.0,0.0,0.0,0.0,0.0,0.0,0.0,0.0,0.0,0.0,0.0,0.0,0.0,0.0,0.0,0.0,0.0,0.0,0.0,0.0,0.0,0.0,0.0,0.0,0.0,0.0,0.0,1.0,0.0,1.0,0.0,1.0,0.0,0.0,0.0,1.0,0.0,1.0,0.0,0.0,0.0,0.0,0.0,0.0,0.0,0.0,0.0,0.0,0.0,0.0,1.0,0.0,1.0,0.0,0.0,0.0,1.0,0.0,1.0,0.0,0.0,0.0,0.0,0.0,0.0,0.0,0.0,0.0,0.0,1.0,0.0,0.0,0.0,1.0,0.0,1.0,0.0,0.0,0.0,0.0,0.0,0.0,0.0,0.0,0.0,0.0,0.0,0.0,0.0,0.0,0.0,0.0,0.0,0.0,0.0,1.0,0.0,1.0,0.0,0.0,0.0,0.0,1.0,0.0,0.0
0302,Gilbertiodendron preussii (Harms) J.Léonard,11,0.0,0.0,1.0,0.0,1.0,0.0,1.0,0.0,0.0,0.0,0.18181818181818182,0.0,1.0,0.0,0.0,0.0,0.03325757328016894,0.0,0.6933930871335882,0.0,0.1652768573285419,0.0,0.0,0.0,0.002137298028796936,0.0,0.10593518422890406,0.0,0.0,0.0,0.0,0.0,0.0,0.0,0.0,0.0,0.0,0.0,-6.063502657035939,0.7026873147888577,-0.22984536844181314,0.43718763565618796,0.7539402716461701,0.0,0.0,0.0,0.0,0.0,-4.890921598577193,0.5949417285802359,0.13903454427494888,0.5025639110611841,0.649752878717795,0.0,0.0,0.0,0.0,0.0,-4.756444296739712,0.26925262713734643,0.1482505043265433,0.6723374256429301,0.3946474686866565,0.0,0.0,0.0,0.0,0.0,0.0,0.0,0.0,0.0,0.0,0.0,0.0,0.0,0.0,0.0,-7.614790066120756,0.01658939305844872,2.120580596716169,2.5043943572882053,0.07179490848105137,0.0,0.0,0.0,0.0,0.0,-5.986298017530862,0.7034485789509688,-0.4133896351423973,0.5793562182887112,0.7793832540378784,0.0,0.0,0.0,0.0,0.0,0.0,0.0,0.0,0.0,0.0,0.0,0.0,0.0,0.0,0.0,0.6070307127280118,0.08891551600103206,0.2830352085094741,0.2390347791068219,0.06572360732967972,0.0,0.0,0.0,0.0,0.0,1.1466507576804768,0.179852063603164,0.5505957246561238,0.46720979969777526,0.08605537483562586,0.0,0.0,0.0,0.0,0.0,0.9587312360716417,0.16126588466764305,0.35935651012310516,0.36507496338674095,0.13907909483679065,0.0,0.0,0.0,0.0,0.0,0.0,0.0,0.0,0.0,0.0,0.0,0.0,0.0,0.0,0.0,0.5574613851547207,0.02139730322863744,0.21752628091610612,0.3172507383830056,0.06389292374692786,0.0,0.0,0.0,0.0,0.0,0.5156300782415241,0.07660418089929232,0.33937118100513297,0.31522372776067714,0.05208885309216738,0.0,0.0,0.0,0.0,0.0,0.0,0.0,0.0,0.0,0.0,0.0,0.0,0.0,0.0,0.0,0.0,0.0,0.0,0.0,0.0,0.0,0.0,0.0,0.0,0.0,0.0,0.0,0.0,0.0,0.0,0.0,0.0,1.0,0.0,1.0,0.0,1.0,0.0,0.0,0.0,0.18181818181818182,0.0,1.0,0.0,0.0,0.0,0.0,0.0,0.0,0.0,0.0,0.0,0.0,0.0,0.0,1.0,0.0,1.0,0.0,0.0,0.0,0.18181818181818182,0.0,1.0,0.0,0.0,0.0,0.0,0.0,0.0,0.0,0.0,0.0,0.0,1.0,0.0,0.0,0.0,0.18181818181818182,0.0,1.0,0.0,0.0,0.0,0.0,0.0,0.0,0.0,0.0,0.0,0.0,0.0,0.0,0.0,0.0,0.0,0.0,0.0,0.0,0.0,1.0,0.0,0.18181818181818182,0.0,0.0,0.0,0.0,1.0,0.0,0.0
0313,Grevillea robusta A.Cunn. ex R.Br.,11,0.0,0.0,0.09090909090909091,0.0,0.0,0.0,0.0,0.0,0.0,0.0,0.0,0.0,1.0,0.0,0.0,0.0,0.00150702622039506,0.0,0.0,0.0,0.0,0.0,0.0,0.0,0.0,0.0,0.9984929737796049,0.0,0.0,0.0,0.0,0.0,0.0,0.0,0.0,0.0,0.0,0.0,-7.089880321752944,0.7303933344402205,-0.12137344068574982,0.3923555352436388,0.8055115975817092,0.0,0.0,0.0,0.0,0.0,0.0,0.0,0.0,0.0,0.0,0.0,0.0,0.0,0.0,0.0,0.0,0.0,0.0,0.0,0.0,0.0,0.0,0.0,0.0,0.0,0.0,0.0,0.0,0.0,0.0,0.0,0.0,0.0,0.0,0.0,0.0,0.0,0.0,0.0,0.0,0.0,0.0,0.0,0.0,0.0,-7.092375504657852,0.6953683585618343,-0.07942709423485055,0.3652977982722558,0.7608316074913877,0.0,0.0,0.0,0.0,0.0,0.0,0.0,0.0,0.0,0.0,0.0,0.0,0.0,0.0,0.0,0.0,0.0,0.0,0.0,0.0,0.0,0.0,0.0,0.0,0.0,0.0,0.0,0.0,0.0,0.0,0.0,0.0,0.0,0.0,0.0,0.0,0.0,0.0,0.0,0.0,0.0,0.0,0.0,0.0,0.0,0.0,0.0,0.0,0.0,0.0,0.0,0.0,0.0,0.0,0.0,0.0,0.0,0.0,0.0,0.0,0.0,0.0,0.0,0.0,0.0,0.8908821558817963,0.11350327159785648,0.3353619794226588,0.3139624544910596,0.11003956147342833,0.0,0.0,0.0,0.0,0.0,0.0,0.0,0.0,0.0,0.0,0.0,0.0,0.0,0.0,0.0,0.0,0.0,0.0,0.0,0.0,0.0,0.0,0.0,0.0,0.0,0.0,0.0,0.0,0.0,0.0,0.0,0.0,1.0,0.0,0.0,0.0,0.0,0.0,0.0,0.0,0.0,0.0,0.09090909090909091,0.0,0.0,0.0,0.0,0.0,0.0,0.0,0.0,0.0,0.0,0.0,0.0,0.0,0.0,0.0,0.0,0.0,0.0,0.0,0.0,0.0,0.0,0.0,0.0,0.0,0.0,0.0,0.0,0.0,0.0,0.0,0.0,0.0,0.0,0.0,0.0,0.0,0.0,0.0,0.0,0.0,0.0,0.0,0.0,0.0,0.0,0.0,0.0,0.0,0.0,0.0,0.0,0.0,0.0,0.0,0.0,0.0,0.0,0.0,0.0,0.0,0.0,0.0,0.0,1.0,0.0,0.0
0318,Leplaea cedrata (A.Chev.) E.J.M.Koenen & J.J.de Wilde,18,0.0,0.0,1.0,0.0,0.0,0.0,0.0,0.0,1.0,0.0,0.0,0.0,1.0,0.0,0.0,0.0,0.21484939459743022,0.0,0.0,0.0,0.0,0.0,0.5388998401095383,0.0,0.0,0.0,0.24625076529303147,0.0,0.0,0.0,0.0,0.0,0.0,0.0,0.0,0.0,0.0,0.0,-6.6965536334749975,0.6875034726066337,0.48351064372929337,0.6278001186137199,0.807404016637302,0.0,0.0,0.0,0.0,0.0,0.0,0.0,0.0,0.0,0.0,0.0,0.0,0.0,0.0,0.0,0.0,0.0,0.0,0.0,0.0,0.0,0.0,0.0,0.0,0.0,-5.089978608956403,0.020250003221313675,-1.9953100663403833,2.2340540838897613,0.13965643653137133,0.0,0.0,0.0,0.0,0.0,0.0,0.0,0.0,0.0,0.0,0.0,0.0,0.0,0.0,0.0,-6.960512043379882,0.7081706466275073,0.3454094790491109,0.542918973311698,0.8111924044069577,0.0,0.0,0.0,0.0,0.0,0.0,0.0,0.0,0.0,0.0,0.0,0.0,0.0,0.0,0.0,0.34347786106234873,0.06797499811929208,0.2513241012981317,0.2731401573421514,0.05371099305873279,0.0,0.0,0.0,0.0,0.0,0.0,0.0,0.0,0.0,0.0,0.0,0.0,0.0,0.0,0.0,0.0,0.0,0.0,0.0,0.0,0.0,0.0,0.0,0.0,0.0,1.0496873914001361,0.032900515152942164,0.3921641433729574,0.4042317515914329,0.10131936597110691,0.0,0.0,0.0,0.0,0.0,0.0,0.0,0.0,0.0,0.0,0.0,0.0,0.0,0.0,0.0,0.45004502184929773,0.057726663621843165,0.2984883781309951,0.24120120308156043,0.05411817499020883,0.0,0.0,0.0,0.0,0.0,0.0,0.0,0.0,0.0,0.0,0.0,0.0,0.0,0.0,0.0,0.0,0.0,0.0,0.0,0.0,0.0,0.0,0.0,0.0,0.0,0.0,0.0,0.0,0.0,0.0,0.0,0.0,1.0,0.0,0.0,0.0,0.0,0.0,1.0,0.0,0.0,0.0,1.0,0.0,0.0,0.0,0.0,0.0,0.0,0.0,0.0,0.0,0.0,0.0,0.0,0.0,0.0,0.0,0.0,0.0,0.0,0.0,0.0,0.0,0.0,0.0,0.0,0.0,0.0,0.0,0.0,0.0,0.0,0.0,0.0,0.0,0.0,0.0,0.0,0.0,0.0,0.0,0.0,0.0,0.0,0.0,0.0,0.0,0.0,1.0,0.0,0.0,0.0,1.0,0.0,0.0,0.0,0.0,0.0,0.0,0.0,0.0,0.0,0.0,0.0,0.0,0.0,1.0,0.0,0.0
0323,Guibourtia demeusei (Harms) J.Léonard,14,0.0,0.0,1.0,0.0,1.0,0.0,0.7857142857142857,0.0,0.0,0.0,0.8571428571428571,0.0,1.0,1.0,0.0,0.0,0.043350179035795494,0.0,0.19542273889880676,0.0,0.02429213393006747,0.0,0.0,0.0,0.04435605735105887,0.0,0.025603165572152583,0.6669757252121188,0.0,0.0,0.0,0.0,0.0,0.0,0.0,0.0,0.0,0.0,-6.43597072469895,0.6711983298445489,0.0060772425514467755,0.3691236214065721,0.7574627125457364,0.0,0.0,0.0,0.0,0.0,-5.413917654438335,0.47810433858016965,0.40536527664141264,0.5509962873825905,0.5761682096775896,0.0,0.0,0.0,0.0,0.0,-4.519165615365079,0.40256144402473876,0.7997296558414473,0.8413626575518325,0.5783262758154374,0.0,0.0,0.0,0.0,0.0,0.0,0.0,0.0,0.0,0.0,0.0,0.0,0.0,0.0,0.0,-4.986574069240061,0.018545384055224712,1.8019987102616675,2.783769612214611,0.08883841065418645,0.0,0.0,0.0,0.0,0.0,-6.421034529173916,0.7362844616330125,-0.12861033038056005,0.40196840611825524,0.7958770301759731,-4.805803566400284,0.032288292045358186,-2.9576145567503818,3.1245609055003984,0.3058684929260904,0.0,0.0,0.0,0.0,0.0,0.0,0.0,0.0,0.0,0.0,0.4047961466022712,0.10913873294414221,0.31805039153964126,0.2676527959433424,0.0780112576485528,0.0,0.0,0.0,0.0,0.0,0.6817381601098341,0.2074363667679418,0.36815500086175623,0.30605832483558315,0.1405389317614363,0.0,0.0,0.0,0.0,0.0,0.03841577804599665,0.020671656300475124,0.030669052322087168,0.015720702660860397,0.004828519950792582,0.0,0.0,0.0,0.0,0.0,0.0,0.0,0.0,0.0,0.0,0.0,0.0,0.0,0.0,0.0,0.17261201405825177,0.008692184504066254,0.07520570672352679,0.27700180348128645,0.013507843077560392,0.0,0.0,0.0,0.0,0.0,0.3347366395984313,0.05604712337827717,0.19667829892013736,0.21639311275862205,0.04376181678971131,0.9733126620375021,0.028180166273640422,0.1917008732291748,0.2526502825944899,0.16911019528871798,0.0,0.0,0.0,0.0,0.0,0.0,0.0,0.0,0.0,0.0,0.0,0.0,0.0,0.0,0.0,0.0,0.0,0.0,0.0,0.0,0.0,0.0,0.0,0.0,0.0,0.0,0.0,1.0,0.0,1.0,0.0,0.7857142857142857,0.0,0.0,0.0,0.8571428571428571,0.0,1.0,1.0,0.0,0.0,0.0,0.0,0.0,0.0,0.0,0.0,0.0,0.0,0.0,1.0,0.0,0.7857142857142857,0.0,0.0,0.0,0.8571428571428571,0.0,1.0,1.0,0.0,0.0,0.0,0.0,0.0,0.0,0.0,0.0,0.0,1.0,0.0,0.0,0.0,0.6428571428571429,0.0,0.7857142857142857,0.7857142857142857,0.0,0.0,0.0,0.0,0.0,0.0,0.0,0.0,0.0,0.0,0.0,0.0,0.0,0.0,0.0,0.0,0.0,0.0,1.0,0.0,0.8571428571428571,0.8571428571428571,0.0,0.0,0.0,1.0,1.0,1.0
0324,Guibourtia pellegriniana J.Léonard,5,0.0,0.0,1.0,0.2,1.0,1.0,0.8,0.0,0.0,0.0,1.0,0.0,1.0,1.0,0.0,0.0,0.04014904387697635,0.0015253107983209686,0.23074530941668145,0.01743542399608828,0.05472270645133623,0.0,0.0,0.0,0.02744076080924671,0.0,0.07357243204603696,0.5544090126053131,0.0,0.0,0.0,0.0,0.0,0.0,0.0,0.0,0.0,0.0,-7.009004510151721,0.5660784301390844,0.07778790650914813,0.4196224173844265,0.6671071235021333,-5.602953261862075,0.751049748736133,-0.1067728434949449,0.10550963973933111,0.6891754279919898,-5.692479997190719,0.44300190091718433,-0.5086923741808167,0.5837496894366587,0.5480558498239045,-5.363931214982215,0.15453666868418967,-1.149613989753261,1.2775793534361504,0.3836778540875187,-5.487866764307388,0.2469168325226226,-1.2837693403511494,1.3675567238095694,0.38701132444007,0.0,0.0,0.0,0.0,0.0,0.0,0.0,0.0,0.0,0.0,0.0,0.0,0.0,0.0,0.0,-6.755666722172046,0.023542530884771463,-2.9021794827037697,3.3558880844963617,0.11308353162442082,0.0,0.0,0.0,0.0,0.0,-7.096789980637913,0.6470769437901599,0.1531327978474672,0.48231678603868844,0.7238756978396588,-5.7338577047866695,0.014519287582937798,2.964506199329828,3.2684857515423653,0.18176142350280783,0.0,0.0,0.0,0.0,0.0,0.0,0.0,0.0,0.0,0.0,0.6446546094140866,0.1769621357518573,0.3107013444088341,0.25203769535858883,0.13030438028650182,0.0,0.0,0.0,0.0,0.0,0.5666209332577118,0.20454700372698137,0.3326398958117974,0.2514116954841075,0.1383617462462717,0.47146325428494923,0.029496652601830105,0.09177775532880154,0.2033551544157683,0.05757215338979862,0.19971414040742197,0.09497885604252451,0.17970543133510541,0.15457013666392194,0.03781551731518192,0.0,0.0,0.0,0.0,0.0,0.0,0.0,0.0,0.0,0.0,0.0,0.0,0.0,0.0,0.0,1.2216607052110364,0.050949182483545886,0.454878119534181,0.4106121237078562,0.10750554851984499,0.0,0.0,0.0,0.0,0.0,0.9310344760458378,0.1850195111665111,0.3826983218733012,0.34894433285149434,0.1762751912098932,1.0227837517281484,0.01694493605025267,0.28984580510492286,0.38668526262627373,0.12633912158865193,0.0,0.0,0.0,0.0,0.0,0.0,0.0,0.0,0.0,0.0,0.0,0.0,0.0,0.0,0.0,0.0,0.0,0.0,0.0,0.0,0.0,0.0,0.0,0.0,0.0,0.0,0.0,1.0,0.2,1.0,1.0,0.8,0.0,0.0,0.0,1.0,0.0,1.0,1.0,1.0,0.2,0.2,0.25,0.0,0.0,0.0,0.2,0.0,0.2,0.2,1.0,1.0,0.8,0.0,0.0,0.0,1.0,0.0,1.0,1.0,1.0,0.8,0.0,0.0,0.0,1.0,0.0,1.0,1.0,1.0,0.0,0.0,0.0,0.8,0.0,0.8,0.8,0.0,0.0,0.0,0.0,0.0,0.0,0.0,0.0,0.0,0.0,0.0,0.0,0.0,0.0,0.0,0.0,0.0,0.0,1.0,0.0,1.0,1.0,0.0,0.0,0.0,1.0,1.0,1.0
0325,Guibourtia tessmannii (Harms) J.Léonard,14,0.0,0.0,0.14285714285714285,0.0,1.0,0.9285714285714286,0.14285714285714285,0.0,0.0,0.0,0.8571428571428571,0.0,1.0,1.0,0.0,0.0,0.0020680794392251927,0.0,0.24048815751940808,0.05091143910148404,0.002865504620663738,0.0,0.0,0.0,0.04883735105475596,0.0,0.08921524617628568,0.5656142220881774,0.0,0.0,0.0,0.0,0.0,0.0,0.0,0.0,0.0,0.0,-6.219689593577709,0.6214172388796176,-0.13942456773050763,0.2696355285615003,0.7009372893256682,0.0,0.0,0.0,0.0,0.0,-5.395561268979884,0.4703720658921601,0.5130538993584056,0.6092933724507754,0.5489515102889224,-5.642548651254962,0.2586905983205066,0.800842775891259,0.8110611851064635,0.4217183040392082,-4.934502643578792,0.17699917698147624,1.2990137626299851,1.4772149678098576,0.381477194026405,0.0,0.0,0.0,0.0,0.0,0.0,0.0,0.0,0.0,0.0,0.0,0.0,0.0,0.0,0.0,-5.314843739420958,0.02695163861871065,2.667189384109338,3.1885026723589136,0.18805532641792735,0.0,0.0,0.0,0.0,0.0,-6.2678052716410475,0.7454005635927833,-0.07694279331658287,0.3591405723086249,0.7970669264321882,-5.0534660679068635,0.02761793292831216,-3.038458907223642,3.2525078400148355,0.2738126761481602,0.0,0.0,0.0,0.0,0.0,0.0,0.0,0.0,0.0,0.0,0.19821605029898404,0.08822032765167098,0.11673352311325978,0.09846696957113156,0.046206806243348504,0.0,0.0,0.0,0.0,0.0,0.6501754052143662,0.19924012503240357,0.35537143825222955,0.2954034904115699,0.13276394442940623,0.6182929360870474,0.13420950779614008,0.2557812419955331,0.25883202780012443,0.11930149177193973,0.0,0.0,0.0,0.0,0.0,0.0,0.0,0.0,0.0,0.0,0.0,0.0,0.0,0.0,0.0,0.0,0.0,0.0,0.0,0.0,0.29988428865860584,0.009677441272552068,0.10385961133151152,0.1520738831315707,0.03790571788902051,0.0,0.0,0.0,0.0,0.0,0.5934602150202813,0.08086134491230332,0.34566309377318916,0.32080945861912824,0.057956132834924394,0.9612249193453974,0.021485817159993002,0.20784581755602877,0.23336002694546631,0.1541448608960694,0.0,0.0,0.0,0.0,0.0,0.0,0.0,0.0,0.0,0.0,0.0,0.0,0.0,0.0,0.0,0.0,0.0,0.0,0.0,0.0,0.0,0.0,0.0,0.0,0.0,0.0,0.0,1.0,0.0,0.14285714285714285,0.07142857142857142,0.0,0.0,0.0,0.0,0.16666666666666666,0.0,0.14285714285714285,0.14285714285714285,0.0,0.0,0.0,0.0,0.0,0.0,0.0,0.0,0.0,0.0,0.0,1.0,0.9285714285714286,0.14285714285714285,0.0,0.0,0.0,0.8571428571428571,0.0,1.0,1.0,1.0,0.15384615384615385,0.0,0.0,0.0,0.7857142857142857,0.0,0.9285714285714286,0.9285714285714286,1.0,0.0,0.0,0.0,0.16666666666666666,0.0,0.14285714285714285,0.14285714285714285,0.0,0.0,0.0,0.0,0.0,0.0,0.0,0.0,0.0,0.0,0.0,0.0,0.0,0.0,0.0,0.0,0.0,0.0,1.0,0.0,0.8571428571428571,0.8571428571428571,0.0,0.0,0.0,1.0,1.0,1.0
0326,Guibourtia ehie (A. Chev.) J. Léonard,10,0.0,0.1,0.7,0.0,1.0,0.0,1.0,0.0,0.0,0.0,0.6,0.0,1.0,1.0,0.0,0.0004282374646687779,0.01236540452713124,0.0,0.4254671278252528,0.0,0.08409952283853812,0.0,0.0,0.0,0.020997091955892357,0.0,0.12332153966388314,0.3333210757246337,0.0,0.0,0.0,0.0,0.0,-6.242492913451368,0.7003572052198092,-0.2928972081308884,0.39144770162146986,0.6887962309777383,-7.30572758185503,0.5460458187263634,-0.24940050962245827,0.5406958418420208,0.6474314878484356,0.0,0.0,0.0,0.0,0.0,-5.486522301378356,0.5819364679066441,0.2508688198635845,0.3945517703994908,0.6404214872921771,0.0,0.0,0.0,0.0,0.0,-4.534880361102078,0.4535524465256125,0.6753716534816671,0.7046752795429259,0.6233791605725255,0.0,0.0,0.0,0.0,0.0,0.0,0.0,0.0,0.0,0.0,0.0,0.0,0.0,0.0,0.0,-5.425957510231631,0.016336162071035127,2.9031055908056547,3.28718887178491,0.22466886284870613,0.0,0.0,0.0,0.0,0.0,-6.614842253246779,0.6972421754742554,-0.24344358367140032,0.4729428996035262,0.7709367007726142,-5.547786284518248,0.016652762420776616,-3.1359882559570944,3.4081940123627055,0.2073863342768239,0.0,0.0,0.0,0.0,0.0,0.0,0.0,0.0,0.0,0.0,0.7659173815687618,0.1823629846283388,0.27076742848916735,0.2425586720522903,0.18177714057774225,0.0,0.0,0.0,0.0,0.0,0.5981037805267316,0.21702608796265518,0.34499326349360226,0.30110908610797577,0.1342078870658192,0.0,0.0,0.0,0.0,0.0,0.15951745199457895,0.11098114908476557,0.1975037624730291,0.14812892951372242,0.06459491878991339,0.0,0.0,0.0,0.0,0.0,0.0,0.0,0.0,0.0,0.0,0.0,0.0,0.0,0.0,0.0,0.2927705229756559,0.0050004584154945625,0.20002765759298266,0.18359442401793333,0.03963398199893658,0.0,0.0,0.0,0.0,0.0,0.5888489160266956,0.125884111886449,0.34015564912313745,0.278718045007259,0.10446518379838592,0.9875191213893162,0.018832544261992636,0.1808424344367864,0.18524371385524077,0.14473654184103696,0.0,0.0,0.0,0.0,0.0,0.0,0.0,0.0,0.0,0.0,0.0,0.0,0.0,0.0,1.0,0.14285714285714285,0.0,0.1,0.0,0.1,0.0,0.0,0.0,0.16666666666666666,0.0,0.1,0.1,1.0,0.0,0.7,0.0,0.7,0.0,0.0,0.0,0.3,0.0,0.7,0.7,0.0,0.0,0.0,0.0,0.0,0.0,0.0,0.0,0.0,0.0,0.0,1.0,0.0,1.0,0.0,0.0,0.0,0.6,0.0,1.0,1.0,0.0,0.0,0.0,0.0,0.0,0.0,0.0,0.0,0.0,1.0,0.0,0.0,0.0,0.6,0.0,1.0,1.0,0.0,0.0,0.0,0.0,0.0,0.0,0.0,0.0,0.0,0.0,0.0,0.0,0.0,0.0,0.0,0.0,0.0,0.0,1.0,0.0,0.6,0.6,0.0,0.0,0.0,1.0,1.0,1.0
0331,Heritiera utilis (Sprague) Sprague,10,0.0,0.0,1.0,1.0,0.1,0.0,0.0,0.0,0.0,0.0,0.0,0.1,1.0,1.0,0.0,0.0,0.017376370672860682,0.12464597530036105,0.00011151655814135678,0.0,0.0,0.0,0.0,0.0,0.0,0.0046796859749346845,0.05379148114063156,0.7993949703530707,0.0,0.0,0.0,0.0,0.0,0.0,0.0,0.0,0.0,0.0,-6.559980354827156,0.6321535985520623,0.11801992708421989,0.48949625583912193,0.7312363632298136,-5.781895635151052,0.44508775101520837,-0.1503844944426686,0.44352240781095825,0.573429817268798,-7.482706116716283,0.6095783895054744,0.032679720978674075,0.2932766640388526,0.6344160485466881,0.0,0.0,0.0,0.0,0.0,0.0,0.0,0.0,0.0,0.0,0.0,0.0,0.0,0.0,0.0,0.0,0.0,0.0,0.0,0.0,0.0,0.0,0.0,0.0,0.0,0.0,0.0,0.0,0.0,0.0,-5.1410036079485675,0.3150577029237351,-0.9048646574161066,0.8918798003095136,0.6179815241797467,-5.891182919589332,0.7292232136020504,-0.11695154468448107,0.39427196236121176,0.7910919993700161,-4.013100113453751,0.06857532598540433,-2.7517087142202774,2.989354879204977,0.4185122611599882,0.0,0.0,0.0,0.0,0.0,0.0,0.0,0.0,0.0,0.0,0.3273890527651253,0.10931561981211073,0.2725949437267247,0.1680565947568857,0.09769899279640132,1.0012784173660298,0.3063256550404592,0.44390675136693736,0.3896856930364517,0.26512115866267294,0.0,0.0,0.0,0.0,0.0,0.0,0.0,0.0,0.0,0.0,0.0,0.0,0.0,0.0,0.0,0.0,0.0,0.0,0.0,0.0,0.0,0.0,0.0,0.0,0.0,0.0,0.0,0.0,0.0,0.0,0.0,0.0,0.0,0.0,0.0,0.13401990743354025,0.06002667241366363,0.14440794164270682,0.20367558616725595,0.03227558805364547,0.6273054263047214,0.10361938614892843,0.37741302831429413,0.3343328725031456,0.07016122407021927,0.35462301746497954,0.017551568331759762,0.1869332196635311,0.2375132773521517,0.09173837557898859,0.0,0.0,0.0,0.0,0.0,0.0,0.0,0.0,0.0,0.0,0.0,0.0,0.0,0.0,0.0,0.0,0.0,0.0,0.0,0.0,0.0,0.0,0.0,0.0,0.0,0.0,0.0,1.0,1.0,0.1,0.0,0.0,0.0,0.0,0.0,0.0,0.1,1.0,1.0,1.0,0.1,0.0,0.0,0.0,0.0,0.0,0.0,0.1,1.0,1.0,1.0,0.0,0.0,0.0,0.0,0.0,0.0,0.0,0.1,0.1,0.0,0.0,0.0,0.0,0.0,0.0,0.0,0.0,0.0,0.0,0.0,0.0,0.0,0.0,0.0,0.0,0.0,0.0,0.0,0.0,0.0,0.0,0.0,0.0,0.0,0.0,0.0,0.0,0.0,0.0,0.0,0.0,0.0,0.0,0.0,0.0,0.0,0.0,0.0,1.0,0.1,0.1,1.0,1.0,1.0
0353,Intsia Thouars,15,0.0,0.0,0.2,0.0,1.0,0.0,1.0,0.0,0.0,0.0,1.0,0.0,0.6666666666666666,0.9333333333333333,0.0,0.0,0.0019950094269990046,0.0,0.41505393934030904,0.0,0.3001661923595448,0.0,0.0,0.0,0.11634225133199062,0.0,0.048421586540082946,0.11802102100107353,0.0,0.0,0.0,0.0,0.0,0.0,0.0,0.0,0.0,0.0,-6.304950299083029,0.7839188312223992,0.19693767551989252,0.380014460805024,0.8033720146094279,0.0,0.0,0.0,0.0,0.0,-5.336632805216332,0.6382475319160215,-0.32065322288246284,0.5760587375226763,0.6844948771556075,0.0,0.0,0.0,0.0,0.0,-4.424414290254591,0.4327139569107693,-0.5496347704026132,0.6935198220188047,0.5898410574198124,0.0,0.0,0.0,0.0,0.0,0.0,0.0,0.0,0.0,0.0,0.0,0.0,0.0,0.0,0.0,-5.497883932581159,0.014832077978350846,-2.5859300799701495,2.9463299241631136,0.13446648097256347,0.0,0.0,0.0,0.0,0.0,-6.622412722203434,0.7393832925861806,0.27171826425070966,0.39548264564132374,0.8133824399967138,-5.944215639156994,0.003572556397290323,2.4662168052770643,2.70417867803775,0.07454154792177983,0.0,0.0,0.0,0.0,0.0,0.0,0.0,0.0,0.0,0.0,0.0661391455184635,0.013463915168662294,0.08986669534917495,0.05148539565869714,0.006667753832360765,0.0,0.0,0.0,0.0,0.0,0.7612711494938754,0.11990888114336833,0.4729485469302452,0.4051552222795633,0.06298507556900718,0.0,0.0,0.0,0.0,0.0,0.5190808179249246,0.18533634661904938,0.3760225129199658,0.33536059525863526,0.10504665665530165,0.0,0.0,0.0,0.0,0.0,0.0,0.0,0.0,0.0,0.0,0.0,0.0,0.0,0.0,0.0,0.9442671995610386,0.012349803699974387,0.20659334096390805,0.23303982315383234,0.07880160739984836,0.0,0.0,0.0,0.0,0.0,0.3810488432610446,0.03872241452420761,0.1926911295015045,0.1943375370904454,0.03731727798223021,0.7633591394267888,0.0037576077193616736,0.19466205109440557,0.33049952363581214,0.040476377335766194,0.0,0.0,0.0,0.0,0.0,0.0,0.0,0.0,0.0,0.0,0.0,0.0,0.0,0.0,0.0,0.0,0.0,0.0,0.0,0.0,0.0,0.0,0.0,0.0,0.0,0.0,0.0,1.0,0.0,0.2,0.0,0.2,0.0,0.0,0.0,0.2,0.0,0.3,0.21428571428571427,0.0,0.0,0.0,0.0,0.0,0.0,0.0,0.0,0.0,0.0,0.0,1.0,0.0,1.0,0.0,0.0,0.0,1.0,0.0,0.6666666666666666,0.9333333333333333,0.0,0.0,0.0,0.0,0.0,0.0,0.0,0.0,0.0,1.0,0.0,0.0,0.0,1.0,0.0,0.6666666666666666,0.9333333333333333,0.0,0.0,0.0,0.0,0.0,0.0,0.0,0.0,0.0,0.0,0.0,0.0,0.0,0.0,0.0,0.0,0.0,0.0,1.0,0.0,0.6666666666666666,0.9333333333333333,0.0,0.0,0.0,1.0,0.6,1.0
0354,Intsia bijuga (Colebr.) Kuntze,11,0.0,0.0,1.0,0.09090909090909091,1.0,0.36363636363636365,1.0,0.0,0.0,0.0,0.09090909090909091,0.0,1.0,0.0,0.0,0.0,0.0551151449282086,0.001667366952429208,0.6967302772326461,0.013331248605990498,0.1132652862957804,0.0,0.0,0.0,0.001028772850122572,0.0,0.11886190313482274,0.0,0.0,0.0,0.0,0.0,0.0,0.0,0.0,0.0,0.0,0.0,-7.059183458820368,0.5939865440922039,-0.02483670417891971,0.48362012664098636,0.7170763346508336,-5.02928298658647,0.7450459368072374,-0.08600739615359153,0.20530879309618083,0.7947273846288582,-5.154408899426872,0.5693291931034714,-0.4471136675583477,0.6067650164289792,0.6292696862291508,-4.578054597163417,0.4264324879438029,-0.8102416836958941,1.0208886624546256,0.5184512574012634,-4.85804596486474,0.35016303381710934,-0.6430287710475615,0.8356573161333702,0.46906864716388336,0.0,0.0,0.0,0.0,0.0,0.0,0.0,0.0,0.0,0.0,0.0,0.0,0.0,0.0,0.0,-5.5121620092594314,0.018579466993211304,-2.2505449725822393,3.3790144551466503,0.07520790861608595,0.0,0.0,0.0,0.0,0.0,-6.743442089399181,0.6822562258268076,0.18727714247325986,0.46895286306178635,0.7528925527873391,0.0,0.0,0.0,0.0,0.0,0.0,0.0,0.0,0.0,0.0,0.0,0.0,0.0,0.0,0.0,0.6541962973217637,0.14170461122306482,0.37984043648321414,0.27497744170670796,0.12742592465258146,0.0,0.0,0.0,0.0,0.0,0.7638302356361408,0.15996475563750387,0.4543237492510459,0.3575511393201054,0.07924627755491233,0.010979304685454383,0.039630313873455746,0.023938704054861912,0.015121896661626735,0.029232315442457565,0.7868743477139616,0.19080542584731539,0.2703393772540764,0.30779693052270357,0.13338717154686144,0.0,0.0,0.0,0.0,0.0,0.0,0.0,0.0,0.0,0.0,0.0,0.0,0.0,0.0,0.0,0.0,0.0,0.0,0.0,0.0,0.0,0.0,0.0,0.0,0.0,0.9791300746719792,0.16049839011708775,0.36699944213733904,0.3188290918703283,0.1546036703611931,0.0,0.0,0.0,0.0,0.0,0.0,0.0,0.0,0.0,0.0,0.0,0.0,0.0,0.0,0.0,0.0,0.0,0.0,0.0,0.0,0.0,0.0,0.0,0.0,0.0,0.0,0.0,0.0,0.0,0.0,0.0,0.0,1.0,0.09090909090909091,1.0,0.36363636363636365,1.0,0.0,0.0,0.0,0.09090909090909091,0.0,1.0,0.0,1.0,0.09090909090909091,0.25,0.09090909090909091,0.0,0.0,0.0,0.0,0.0,0.09090909090909091,0.0,1.0,0.36363636363636365,1.0,0.0,0.0,0.0,0.09090909090909091,0.0,1.0,0.0,1.0,0.36363636363636365,0.0,0.0,0.0,0.0,0.0,0.36363636363636365,0.0,1.0,0.0,0.0,0.0,0.09090909090909091,0.0,1.0,0.0,0.0,0.0,0.0,0.0,0.0,0.0,0.0,0.0,0.0,0.0,0.0,0.0,0.0,0.0,0.0,0.0,0.0,0.0,1.0,0.0,0.09090909090909091,0.0,0.0,0.0,0.0,1.0,0.0,0.0
0366,Juglans regia L.,11,0.0,0.0,0.0,0.0,0.0,0.0,0.0,0.0,0.0,0.0,0.0,0.0,1.0,0.0,0.0,0.0,0.0,0.0,0.0,0.0,0.0,0.0,0.0,0.0,0.0,0.0,1.0,0.0,0.0,0.0,0.0,0.0,0.0,0.0,0.0,0.0,0.0,0.0,0.0,0.0,0.0,0.0,0.0,0.0,0.0,0.0,0.0,0.0,0.0,0.0,0.0,0.0,0.0,0.0,0.0,0.0,0.0,0.0,0.0,0.0,0.0,0.0,0.0,0.0,0.0,0.0,0.0,0.0,0.0,0.0,0.0,0.0,0.0,0.0,0.0,0.0,0.0,0.0,0.0,0.0,0.0,0.0,0.0,0.0,0.0,0.0,0.0,0.0,-6.837241509573554,0.7238289851328432,0.22103709416356382,0.44074167116367174,0.8026676220720685,0.0,0.0,0.0,0.0,0.0,0.0,0.0,0.0,0.0,0.0,0.0,0.0,0.0,0.0,0.0,0.0,0.0,0.0,0.0,0.0,0.0,0.0,0.0,0.0,0.0,0.0,0.0,0.0,0.0,0.0,0.0,0.0,0.0,0.0,0.0,0.0,0.0,0.0,0.0,0.0,0.0,0.0,0.0,0.0,0.0,0.0,0.0,0.0,0.0,0.0,0.0,0.0,0.0,0.0,0.0,0.0,0.0,0.0,0.0,0.0,0.0,0.0,0.0,0.0,0.0,0.5336604474750631,0.06119405428420259,0.3082003970582575,0.25921023240334523,0.054799022677422,0.0,0.0,0.0,0.0,0.0,0.0,0.0,0.0,0.0,0.0,0.0,0.0,0.0,0.0,0.0,0.0,0.0,0.0,0.0,0.0,0.0,0.0,0.0,0.0,0.0,0.0,0.0,0.0,0.0,0.0,0.0,0.0,0.0,0.0,0.0,0.0,0.0,0.0,0.0,0.0,0.0,0.0,0.0,0.0,0.0,0.0,0.0,0.0,0.0,0.0,0.0,0.0,0.0,0.0,0.0,0.0,0.0,0.0,0.0,0.0,0.0,0.0,0.0,0.0,0.0,0.0,0.0,0.0,0.0,0.0,0.0,0.0,0.0,0.0,0.0,0.0,0.0,0.0,0.0,0.0,0.0,0.0,0.0,0.0,0.0,0.0,0.0,0.0,0.0,0.0,0.0,0.0,0.0,0.0,0.0,0.0,0.0,0.0,0.0,0.0,0.0,0.0,0.0,0.0,0.0,0.0,0.0,1.0,0.0,0.0
0367,Juglans nigra L.,9,0.0,1.0,0.0,0.0,0.0,0.0,0.0,0.0,0.0,0.0,0.0,0.0,1.0,0.0,0.0,0.32195992722102607,0.0,0.0,0.0,0.0,0.0,0.0,0.0,0.0,0.0,0.0,0.6780400727789739,0.0,0.0,0.0,0.0,0.0,0.0,-6.611254646955731,0.6525125582586045,0.2235699432789817,0.4271927535519016,0.7469275727678197,0.0,0.0,0.0,0.0,0.0,0.0,0.0,0.0,0.0,0.0,0.0,0.0,0.0,0.0,0.0,0.0,0.0,0.0,0.0,0.0,0.0,0.0,0.0,0.0,0.0,0.0,0.0,0.0,0.0,0.0,0.0,0.0,0.0,0.0,0.0,0.0,0.0,0.0,0.0,0.0,0.0,0.0,0.0,0.0,0.0,0.0,0.0,0.0,0.0,0.0,-7.144493820697848,0.6224319826976598,0.20646958536522822,0.5448125104485361,0.7185974629107243,0.0,0.0,0.0,0.0,0.0,0.0,0.0,0.0,0.0,0.0,0.3812536932297473,0.10185552985923024,0.27263317597222514,0.24195236479312854,0.08101746507010087,0.0,0.0,0.0,0.0,0.0,0.0,0.0,0.0,0.0,0.0,0.0,0.0,0.0,0.0,0.0,0.0,0.0,0.0,0.0,0.0,0.0,0.0,0.0,0.0,0.0,0.0,0.0,0.0,0.0,0.0,0.0,0.0,0.0,0.0,0.0,0.0,0.0,0.0,0.0,0.0,0.0,0.0,0.0,0.0,0.0,0.0,0.0,0.0,0.0,0.0,1.0064365892878406,0.18479548442396532,0.41158070032318395,0.34678285181693463,0.1836333219345692,0.0,0.0,0.0,0.0,0.0,0.0,0.0,0.0,0.0,0.0,0.0,0.0,0.0,0.0,0.0,0.0,0.0,0.0,0.0,1.0,0.0,0.0,0.0,0.0,0.0,0.0,0.0,0.0,0.0,0.0,1.0,0.0,0.0,0.0,0.0,0.0,0.0,0.0,0.0,0.0,0.0,0.0,0.0,0.0,0.0,0.0,0.0,0.0,0.0,0.0,0.0,0.0,0.0,0.0,0.0,0.0,0.0,0.0,0.0,0.0,0.0,0.0,0.0,0.0,0.0,0.0,0.0,0.0,0.0,0.0,0.0,0.0,0.0,0.0,0.0,0.0,0.0,0.0,0.0,0.0,0.0,0.0,0.0,0.0,0.0,0.0,0.0,0.0,0.0,0.0,0.0,0.0,0.0,0.0,0.0,0.0,0.0,0.0,0.0,0.0,0.0,0.0,0.0,0.0,0.0,0.0,0.0,1.0,0.0,0.0
0371,Khaya grandifoliola C.DC.,18,0.0,0.0,1.0,0.0,0.0,0.0,0.0,0.0,0.0,0.0,0.0,0.0,1.0,0.0,0.0,0.0,0.42511256087556026,0.0,0.0,0.0,0.0,0.0,0.0,0.0,0.0,0.0,0.5748874391244396,0.0,0.0,0.0,0.0,0.0,0.0,0.0,0.0,0.0,0.0,0.0,-6.849935649867444,0.6460875639162328,0.15723897740890563,0.4889450958250447,0.7585014318384871,0.0,0.0,0.0,0.0,0.0,0.0,0.0,0.0,0.0,0.0,0.0,0.0,0.0,0.0,0.0,0.0,0.0,0.0,0.0,0.0,0.0,0.0,0.0,0.0,0.0,0.0,0.0,0.0,0.0,0.0,0.0,0.0,0.0,0.0,0.0,0.0,0.0,0.0,0.0,0.0,0.0,0.0,0.0,0.0,0.0,-6.760834539716194,0.6643305217190535,0.2517791340819695,0.5543596035651283,0.7403187781392632,0.0,0.0,0.0,0.0,0.0,0.0,0.0,0.0,0.0,0.0,0.0,0.0,0.0,0.0,0.0,0.6038308118994601,0.12283854553141979,0.3707622728679387,0.28682161236536813,0.10590887746130297,0.0,0.0,0.0,0.0,0.0,0.0,0.0,0.0,0.0,0.0,0.0,0.0,0.0,0.0,0.0,0.0,0.0,0.0,0.0,0.0,0.0,0.0,0.0,0.0,0.0,0.0,0.0,0.0,0.0,0.0,0.0,0.0,0.0,0.0,0.0,0.0,0.0,0.0,0.0,0.0,0.0,0.0,0.0,0.0,0.0,1.1088225696851777,0.15602518147726063,0.46750191804466934,0.41450268735874496,0.14103877718541033,0.0,0.0,0.0,0.0,0.0,0.0,0.0,0.0,0.0,0.0,0.0,0.0,0.0,0.0,0.0,0.0,0.0,0.0,0.0,0.0,0.0,0.0,0.0,0.0,0.0,0.0,0.0,0.0,0.0,0.0,0.0,0.0,1.0,0.0,0.0,0.0,0.0,0.0,0.0,0.0,0.0,0.0,1.0,0.0,0.0,0.0,0.0,0.0,0.0,0.0,0.0,0.0,0.0,0.0,0.0,0.0,0.0,0.0,0.0,0.0,0.0,0.0,0.0,0.0,0.0,0.0,0.0,0.0,0.0,0.0,0.0,0.0,0.0,0.0,0.0,0.0,0.0,0.0,0.0,0.0,0.0,0.0,0.0,0.0,0.0,0.0,0.0,0.0,0.0,0.0,0.0,0.0,0.0,0.0,0.0,0.0,0.0,0.0,0.0,0.0,0.0,0.0,0.0,0.0,0.0,0.0,0.0,1.0,0.0,0.0
0372,Khaya ivorensis A.Chev.,11,0.0,0.0,1.0,1.0,0.0,0.0,0.09090909090909091,0.0,0.0,0.0,0.0,0.0,1.0,0.9090909090909091,0.0,0.0,0.08546561653664622,0.23846789328933615,0.0,0.0,0.005691800204049654,0.0,0.0,0.0,0.0,0.0,0.49207206420395266,0.17830262576601533,0.0,0.0,0.0,0.0,0.0,0.0,0.0,0.0,0.0,0.0,-7.2924755806540595,0.5455059612412267,0.232813453825074,0.5618555111178047,0.6675930997452962,-6.033568532407203,0.5871538995078457,0.2120287565012168,0.34746540646423063,0.6511419472565018,0.0,0.0,0.0,0.0,0.0,0.0,0.0,0.0,0.0,0.0,-4.861965932138944,0.6913462021152242,0.029595918518892636,0.45331371528387887,0.7874945119887998,0.0,0.0,0.0,0.0,0.0,0.0,0.0,0.0,0.0,0.0,0.0,0.0,0.0,0.0,0.0,0.0,0.0,0.0,0.0,0.0,0.0,0.0,0.0,0.0,0.0,-6.9019462611858,0.697136243104245,0.28458317854596954,0.47143208686614924,0.7853369744589277,-4.481401328254624,0.04714526484679808,3.202033616091486,3.416689915660961,0.4398157659077281,0.0,0.0,0.0,0.0,0.0,0.0,0.0,0.0,0.0,0.0,0.5594869740103139,0.15847837868880968,0.3642631703884309,0.2718392086654124,0.14195964423249266,0.5831754364874692,0.26440860334774724,0.1852630731061333,0.18638725823489724,0.1937455865570645,0.0,0.0,0.0,0.0,0.0,0.0,0.0,0.0,0.0,0.0,0.0,0.0,0.0,0.0,0.0,0.0,0.0,0.0,0.0,0.0,0.0,0.0,0.0,0.0,0.0,0.0,0.0,0.0,0.0,0.0,0.0,0.0,0.0,0.0,0.0,0.0,0.0,0.0,0.0,0.0,0.7206546972933768,0.09142581523307056,0.310623457850741,0.26355302243322964,0.089384719401342,0.037682011441599904,0.0037651809537387927,0.0731360009572206,0.04306508214499451,0.021983603138756577,0.0,0.0,0.0,0.0,0.0,0.0,0.0,0.0,0.0,0.0,0.0,0.0,0.0,0.0,0.0,0.0,0.0,0.0,0.0,0.0,0.0,0.0,0.0,0.0,0.0,0.0,0.0,1.0,1.0,0.0,0.0,0.09090909090909091,0.0,0.0,0.0,0.0,0.0,1.0,0.9090909090909091,1.0,0.0,0.0,0.09090909090909091,0.0,0.0,0.0,0.0,0.0,1.0,0.9090909090909091,0.0,0.0,0.0,0.0,0.0,0.0,0.0,0.0,0.0,0.0,0.0,0.0,0.0,0.0,0.0,0.0,0.0,0.0,0.0,1.0,0.0,0.0,0.0,0.0,0.0,0.09090909090909091,0.1,0.0,0.0,0.0,0.0,0.0,0.0,0.0,0.0,0.0,0.0,0.0,0.0,0.0,0.0,0.0,0.0,0.0,0.0,0.0,0.0,0.0,0.0,0.0,0.0,0.0,1.0,0.9090909090909091,1.0
0375,Koompassia malaccensis Maing.,11,0.0,0.0,1.0,0.0,1.0,1.0,1.0,0.09090909090909091,0.0,0.0,0.0,0.0,1.0,0.0,0.0,0.0,0.06700885620434141,0.0,0.4596610679250103,0.027090697168058148,0.3185616829632464,0.00032560683354649874,0.0,0.0,0.0,0.0,0.12735208890579713,0.0,0.0,0.0,0.0,0.0,0.0,0.0,0.0,0.0,0.0,0.0,-6.683410995381896,0.6426953198285132,0.02349989022787363,0.4919796393766656,0.7474429316937296,0.0,0.0,0.0,0.0,0.0,-5.125706748847205,0.4264368462969129,-0.4653862395197429,0.6194900572294588,0.53762738288036,-5.33515693371715,0.24457114647302544,-1.2395276350722808,1.3191829057494637,0.4726365189542975,-4.186637579796427,0.20527511502947074,-0.7619490576257918,0.8464371508214756,0.43161896205763256,-6.4471463503972055,0.11248345410992207,0.1562638301669544,0.20720236615775703,0.2820273562793216,0.0,0.0,0.0,0.0,0.0,0.0,0.0,0.0,0.0,0.0,0.0,0.0,0.0,0.0,0.0,0.0,0.0,0.0,0.0,0.0,-6.586156305385122,0.6448080017102048,0.22636533254862048,0.5439922189880324,0.7135273328968605,0.0,0.0,0.0,0.0,0.0,0.0,0.0,0.0,0.0,0.0,0.0,0.0,0.0,0.0,0.0,0.760334076370582,0.12795127932813022,0.4008441377153212,0.30257048486774735,0.10891511831096135,0.0,0.0,0.0,0.0,0.0,0.8967088641196185,0.16981476187007585,0.4244466874620507,0.33713680641427735,0.10407324675004127,0.20478703631930176,0.04610913530884335,0.12800611260804973,0.16771289172933967,0.046546433417986206,0.5702868302601319,0.14717864990691895,0.32612258116780307,0.33539558865025243,0.1043187995028914,0.0,0.0,0.0,0.0,0.0,0.0,0.0,0.0,0.0,0.0,0.0,0.0,0.0,0.0,0.0,0.0,0.0,0.0,0.0,0.0,0.0,0.0,0.0,0.0,0.0,1.3607081498016063,0.21337734281905038,0.44444246349621647,0.40024453758594486,0.19563653219846344,0.0,0.0,0.0,0.0,0.0,0.0,0.0,0.0,0.0,0.0,0.0,0.0,0.0,0.0,0.0,0.0,0.0,0.0,0.0,0.0,0.0,0.0,0.0,0.0,0.0,0.0,0.0,0.0,0.0,0.0,0.0,0.0,1.0,0.0,1.0,1.0,1.0,0.09090909090909091,0.0,0.0,0.0,0.0,1.0,0.0,0.0,0.0,0.0,0.0,0.0,0.0,0.0,0.0,0.0,0.0,0.0,1.0,1.0,1.0,0.09090909090909091,0.0,0.0,0.0,0.0,1.0,0.0,1.0,1.0,0.09090909090909091,0.0,0.0,0.0,0.0,1.0,0.0,1.0,0.09090909090909091,0.0,0.0,0.0,0.0,1.0,0.0,1.0,0.0,0.0,0.0,0.0,0.09090909090909091,0.0,0.0,0.0,0.0,0.0,0.0,0.0,0.0,0.0,0.0,0.0,0.0,0.0,0.0,0.0,0.0,0.0,0.0,0.0,1.0,0.0,0.0
0380,Libidibia paraguariensis (D.Parodi) G.P.Lewis,23,0.0,0.17391304347826086,0.08695652173913043,0.0,0.8260869565217391,0.0,0.8695652173913043,0.043478260869565216,0.17391304347826086,0.0,0.0,0.0,1.0,0.0,0.0,0.0018280294965558103,0.0014081349218795403,0.0,0.07673032155648313,0.0,0.40095580092930955,0.0007755684870911571,0.02958561655918558,0.0,0.0,0.0,0.4887165280494953,0.0,0.0,0.0,0.0,0.0,0.0,-7.667470628601044,0.5280219603444692,0.3086011446958383,0.39702897723052133,0.6461067456978037,-7.391748760206134,0.7402789799078766,0.18331610569981327,0.36633819094936015,0.8445420253424032,0.0,0.0,0.0,0.0,0.0,-6.476385776414357,0.4442842476076954,-0.19891042661787353,0.3790725317065588,0.5412972932376829,0.0,0.0,0.0,0.0,0.0,-5.1136827704464265,0.15234595190994032,-0.6566006458294896,0.8030671230941028,0.408491302089985,-6.187120133599279,0.3860505556730833,-0.3805470170863793,0.38538616762700006,0.5052751603819067,-4.742262957488186,0.07539366571612521,-1.5759153497191338,1.8410425092266611,0.3133373919906878,0.0,0.0,0.0,0.0,0.0,0.0,0.0,0.0,0.0,0.0,0.0,0.0,0.0,0.0,0.0,-7.787324180711633,0.6616711686580051,0.18376235019226342,0.41307621091852165,0.7629878774134015,0.0,0.0,0.0,0.0,0.0,0.0,0.0,0.0,0.0,0.0,0.22762331463155686,0.04438221847554201,0.1282722369894527,0.11237789411377447,0.03347937681554152,0.13085712722244813,0.009393839896519983,0.15071564985670555,0.030918752538843988,0.01784218955870812,0.0,0.0,0.0,0.0,0.0,0.6730448390164998,0.13115230622947674,0.22757529746906133,0.1879733680251644,0.08950021184757749,0.0,0.0,0.0,0.0,0.0,0.5164863766392671,0.10060904415191374,0.28374953804478775,0.2669229057430262,0.0889381458808122,0.0,0.0,0.0,0.0,0.0,0.05850447228908673,0.011675756554605121,0.03929779244693421,0.04744403672078654,0.008881989008441026,0.0,0.0,0.0,0.0,0.0,0.0,0.0,0.0,0.0,0.0,0.0,0.0,0.0,0.0,0.0,0.7323949689139964,0.12574031518304712,0.28903986634967543,0.2485706043379712,0.13626616597793192,0.0,0.0,0.0,0.0,0.0,0.0,0.0,0.0,0.0,0.0,0.0,0.0,0.0,0.0,0.0,0.0,0.0,0.0,0.0,1.0,0.0,0.0,0.045454545454545456,0.0,0.09090909090909091,0.0,0.6,0.0,0.0,0.0,0.17391304347826086,0.0,1.0,0.0,0.10526315789473684,0.0,0.1,0.0,0.0,0.0,0.0,0.0,0.08695652173913043,0.0,0.0,0.0,0.0,0.0,0.0,0.0,0.0,0.0,0.0,0.0,0.0,1.0,0.0,0.8571428571428571,0.05263157894736842,0.09523809523809523,0.0,0.0,0.0,0.8260869565217391,0.0,0.0,0.0,0.0,0.0,0.0,0.0,0.0,0.0,0.0,1.0,0.0,0.14285714285714285,0.0,0.0,0.0,0.8695652173913043,0.0,1.0,0.0,0.0,0.0,0.0,0.043478260869565216,0.0,1.0,0.0,0.0,0.0,0.17391304347826086,0.0,0.0,0.0,0.0,0.0,0.0,0.0,0.0,0.0,0.0,0.0,0.0,0.0,1.0,0.0,0.0
0396,Lophira alata Banks ex C.F.Gaertn.,12,0.0,0.0,1.0,0.0,0.0,0.0,0.0,0.0,1.0,0.0,0.0,0.0,1.0,0.0,0.0,0.0,0.06001756048662438,0.0,0.0,0.0,0.0,0.0,0.8900950979125892,0.0,0.0,0.0,0.049887341600786526,0.0,0.0,0.0,0.0,0.0,0.0,0.0,0.0,0.0,0.0,0.0,-5.82245832164989,0.69533261071091,0.20625577299960818,0.41024289590355517,0.7546079000605509,0.0,0.0,0.0,0.0,0.0,0.0,0.0,0.0,0.0,0.0,0.0,0.0,0.0,0.0,0.0,0.0,0.0,0.0,0.0,0.0,0.0,0.0,0.0,0.0,0.0,-4.067380115502384,0.04491162617991302,-1.9435130953444373,2.1093368690685472,0.24287833676182724,0.0,0.0,0.0,0.0,0.0,0.0,0.0,0.0,0.0,0.0,0.0,0.0,0.0,0.0,0.0,-6.087855470210943,0.6253565268309301,0.27381907107224784,0.4863746137717398,0.690878670958781,0.0,0.0,0.0,0.0,0.0,0.0,0.0,0.0,0.0,0.0,0.0,0.0,0.0,0.0,0.0,0.41609318123223327,0.08908407997085778,0.2834813235759171,0.22076630722225932,0.0657207700262901,0.0,0.0,0.0,0.0,0.0,0.0,0.0,0.0,0.0,0.0,0.0,0.0,0.0,0.0,0.0,0.0,0.0,0.0,0.0,0.0,0.0,0.0,0.0,0.0,0.0,0.6328131179172338,0.04470511239511746,0.2502686006679236,0.2841377909724537,0.112133011978597,0.0,0.0,0.0,0.0,0.0,0.0,0.0,0.0,0.0,0.0,0.0,0.0,0.0,0.0,0.0,0.7465298004749412,0.1960165767194201,0.2728879658548505,0.27049882232508865,0.15538638653603803,0.0,0.0,0.0,0.0,0.0,0.0,0.0,0.0,0.0,0.0,0.0,0.0,0.0,0.0,0.0,0.0,0.0,0.0,0.0,0.0,0.0,0.0,0.0,0.0,0.0,0.0,0.0,0.0,0.0,0.0,0.0,0.0,1.0,0.0,0.0,0.0,0.0,0.0,1.0,0.0,0.0,0.0,1.0,0.0,0.0,0.0,0.0,0.0,0.0,0.0,0.0,0.0,0.0,0.0,0.0,0.0,0.0,0.0,0.0,0.0,0.0,0.0,0.0,0.0,0.0,0.0,0.0,0.0,0.0,0.0,0.0,0.0,0.0,0.0,0.0,0.0,0.0,0.0,0.0,0.0,0.0,0.0,0.0,0.0,0.0,0.0,0.0,0.0,0.0,1.0,0.0,0.0,0.0,1.0,0.0,0.0,0.0,0.0,0.0,0.0,0.0,0.0,0.0,0.0,0.0,0.0,0.0,1.0,0.0,0.0
0399,Lovoa trichilioides Harms,20,0.0,0.0,1.0,1.0,1.0,0.1,1.0,0.45,0.0,0.0,0.0,0.0,1.0,0.0,0.0,0.0,0.09857693207195395,0.21219724421288097,0.12210661936724085,0.0009709743205339554,0.17561580911277228,0.002056652705569664,0.0,0.0,0.0,0.0,0.38847576820904833,0.0,0.0,0.0,0.0,0.0,0.0,0.0,0.0,0.0,0.0,0.0,-7.132328496897488,0.6073920066147303,0.22254966903330137,0.4725482504556438,0.7001039041362506,-6.902871723388252,0.21597135324228053,0.13088015247732757,0.3071474485261316,0.3560414859516297,-6.68068058938338,0.18808320521493377,-0.19844542733596096,0.3022343763341649,0.3437753622716242,-6.128884761051577,0.09673420429019086,-0.6367973773799023,0.7418694817895617,0.2675170926822409,-5.9370367329911895,0.11133116791024297,-0.4146830035852921,0.5970093319009319,0.30834812717858273,-7.392695715943958,0.06630629018883649,0.006904301580824547,0.21144168781121214,0.2159441388582087,0.0,0.0,0.0,0.0,0.0,0.0,0.0,0.0,0.0,0.0,0.0,0.0,0.0,0.0,0.0,0.0,0.0,0.0,0.0,0.0,-6.980004220177679,0.6419892375556093,0.2305642740144654,0.49597308595282896,0.7207769850823738,0.0,0.0,0.0,0.0,0.0,0.0,0.0,0.0,0.0,0.0,0.0,0.0,0.0,0.0,0.0,0.8438018523621027,0.16437188611952364,0.32144401173813475,0.2877677910570873,0.14727475509664714,0.8676275575254305,0.2607224827685666,0.267558881194778,0.25027831358488745,0.22440099704442593,0.5671427847863748,0.18541410702573852,0.28084672484666595,0.2528818992058287,0.14938031290575468,0.02589764066825584,0.009390919710304334,0.014577260659353247,0.11360376584241602,0.027837911376771045,0.6990320304793392,0.10620322291620195,0.3447151396215232,0.30136748496562676,0.13135830137500112,0.12404878887528446,0.008244165486500254,0.028175165916602223,0.017458461828881854,0.01857229715772496,0.0,0.0,0.0,0.0,0.0,0.0,0.0,0.0,0.0,0.0,0.0,0.0,0.0,0.0,0.0,0.0,0.0,0.0,0.0,0.0,1.010540194200607,0.195123235412285,0.3753700346947507,0.34286532615688187,0.18203865772129474,0.0,0.0,0.0,0.0,0.0,0.0,0.0,0.0,0.0,0.0,0.0,0.0,0.0,0.0,0.0,0.0,0.0,0.0,0.0,0.0,0.0,0.0,0.0,0.0,0.0,0.0,0.0,0.0,0.0,0.0,0.0,0.0,1.0,1.0,1.0,0.1,1.0,0.45,0.0,0.0,0.0,0.0,1.0,0.0,1.0,1.0,0.1,1.0,0.45,0.0,0.0,0.0,0.0,1.0,0.0,1.0,0.1,1.0,0.45,0.0,0.0,0.0,0.0,1.0,0.0,1.0,0.1,0.1,0.0,0.0,0.0,0.0,0.1,0.0,1.0,0.45,0.0,0.0,0.0,0.0,1.0,0.0,1.0,0.0,0.0,0.0,0.0,0.45,0.0,0.0,0.0,0.0,0.0,0.0,0.0,0.0,0.0,0.0,0.0,0.0,0.0,0.0,0.0,0.0,0.0,0.0,0.0,1.0,0.0,0.0
0418,Mansonia altissima (A. Chev.) A. Chev.,12,0.0,0.0,0.08333333333333333,0.0,0.0,0.0,0.0,0.0,0.0,0.0,0.0,0.0,1.0,0.0,0.0,0.0,0.0016000164218557445,0.0,0.0,0.0,0.0,0.0,0.0,0.0,0.0,0.0,0.9983999835781442,0.0,0.0,0.0,0.0,0.0,0.0,0.0,0.0,0.0,0.0,0.0,-6.9607922136615334,0.684309790499408,0.5019059681483767,0.8801956112448525,0.8264716795327458,0.0,0.0,0.0,0.0,0.0,0.0,0.0,0.0,0.0,0.0,0.0,0.0,0.0,0.0,0.0,0.0,0.0,0.0,0.0,0.0,0.0,0.0,0.0,0.0,0.0,0.0,0.0,0.0,0.0,0.0,0.0,0.0,0.0,0.0,0.0,0.0,0.0,0.0,0.0,0.0,0.0,0.0,0.0,0.0,0.0,-7.399919226150389,0.7095873555932616,0.22521030450592616,0.4435889812379757,0.8272012324749145,0.0,0.0,0.0,0.0,0.0,0.0,0.0,0.0,0.0,0.0,0.0,0.0,0.0,0.0,0.0,0.09415776454393665,0.05774941305389797,0.13414228962566885,0.19893749973796482,0.033028477914201215,0.0,0.0,0.0,0.0,0.0,0.0,0.0,0.0,0.0,0.0,0.0,0.0,0.0,0.0,0.0,0.0,0.0,0.0,0.0,0.0,0.0,0.0,0.0,0.0,0.0,0.0,0.0,0.0,0.0,0.0,0.0,0.0,0.0,0.0,0.0,0.0,0.0,0.0,0.0,0.0,0.0,0.0,0.0,0.0,0.0,0.49342426319768456,0.05939905070893006,0.32404827908145545,0.25856505612893166,0.06736302008092784,0.0,0.0,0.0,0.0,0.0,0.0,0.0,0.0,0.0,0.0,0.0,0.0,0.0,0.0,0.0,0.0,0.0,0.0,0.0,0.0,0.0,0.0,0.0,0.0,0.0,0.0,0.0,0.0,0.0,0.0,0.0,0.0,1.0,0.0,0.0,0.0,0.0,0.0,0.0,0.0,0.0,0.0,0.08333333333333333,0.0,0.0,0.0,0.0,0.0,0.0,0.0,0.0,0.0,0.0,0.0,0.0,0.0,0.0,0.0,0.0,0.0,0.0,0.0,0.0,0.0,0.0,0.0,0.0,0.0,0.0,0.0,0.0,0.0,0.0,0.0,0.0,0.0,0.0,0.0,0.0,0.0,0.0,0.0,0.0,0.0,0.0,0.0,0.0,0.0,0.0,0.0,0.0,0.0,0.0,0.0,0.0,0.0,0.0,0.0,0.0,0.0,0.0,0.0,0.0,0.0,0.0,0.0,0.0,1.0,0.0,0.0
0425,Mezilaurus ita-uba (Meisn.) Taub. ex Mez,16,0.0,0.9375,1.0,0.0,0.0625,0.0,0.0,0.0,0.0,0.0,0.0,0.0,1.0,0.0,0.0,0.223300416943704,0.5638551825866188,0.0,0.004490107081327054,0.0,0.0,0.0,0.0,0.0,0.0,0.0,0.20835429338835024,0.0,0.0,0.0,0.0,0.0,0.0,-7.071045676697262,0.6903341544724649,0.1596713237514873,0.33585318122707924,0.7556434908913805,-6.936971630781731,0.7006421720331109,0.19479109619025725,0.3932336296128086,0.758511146752364,0.0,0.0,0.0,0.0,0.0,-5.812693716316869,0.8204639249293377,-0.09382376596152447,0.07154124301025297,0.7668814769748281,0.0,0.0,0.0,0.0,0.0,0.0,0.0,0.0,0.0,0.0,0.0,0.0,0.0,0.0,0.0,0.0,0.0,0.0,0.0,0.0,0.0,0.0,0.0,0.0,0.0,0.0,0.0,0.0,0.0,0.0,0.0,0.0,0.0,0.0,0.0,-7.001602237707238,0.7223844556712335,0.1868916411323473,0.3533462954536812,0.795088861867745,0.0,0.0,0.0,0.0,0.0,0.0,0.0,0.0,0.0,0.0,0.23309115190582538,0.04614058708452564,0.14687293709265223,0.11469920386889962,0.05573042733574698,0.41143354716439096,0.05898592554359835,0.21427454030591161,0.19871404041857954,0.07071605345462087,0.0,0.0,0.0,0.0,0.0,0.0,0.0,0.0,0.0,0.0,0.0,0.0,0.0,0.0,0.0,0.0,0.0,0.0,0.0,0.0,0.0,0.0,0.0,0.0,0.0,0.0,0.0,0.0,0.0,0.0,0.0,0.0,0.0,0.0,0.0,0.0,0.0,0.0,0.0,0.0,0.0,0.0,0.0,0.0,0.0,0.27665464510929666,0.052849875228151724,0.16653580469599316,0.1732082983535414,0.057253478363611277,0.0,0.0,0.0,0.0,0.0,0.0,0.0,0.0,0.0,0.0,0.0,0.0,0.0,0.0,0.0,0.0,0.0,0.0,0.0,1.0,0.9375,0.0,0.06666666666666667,0.0,0.0,0.0,0.0,0.0,0.0,0.0,0.9375,0.0,1.0,0.0,0.0625,0.0,0.0,0.0,0.0,0.0,0.0,0.0,1.0,0.0,0.0,0.0,0.0,0.0,0.0,0.0,0.0,0.0,0.0,0.0,0.0,1.0,0.0,0.0,0.0,0.0,0.0,0.0,0.0,0.0625,0.0,0.0,0.0,0.0,0.0,0.0,0.0,0.0,0.0,0.0,0.0,0.0,0.0,0.0,0.0,0.0,0.0,0.0,0.0,0.0,0.0,0.0,0.0,0.0,0.0,0.0,0.0,0.0,0.0,0.0,0.0,0.0,0.0,0.0,0.0,0.0,0.0,0.0,0.0,0.0,0.0,0.0,0.0,1.0,0.0,0.0
0426,Microberlinia brazzavillensis A. Chev.,15,0.0,0.0,1.0,0.0,1.0,1.0,0.8666666666666667,0.0,0.4,0.0,0.0,0.0,1.0,0.0,0.0,0.0,0.04910522575941098,0.0,0.43782375058221,0.30068474350300595,0.029175410136608602,0.0,0.039247932065909444,0.0,0.0,0.0,0.14396293795285503,0.0,0.0,0.0,0.0,0.0,0.0,0.0,0.0,0.0,0.0,0.0,-6.082971096103117,0.72747420979255,0.11943053721545861,0.37361171314744285,0.7575404463119532,0.0,0.0,0.0,0.0,0.0,-5.2003128238151985,0.5254265738795467,-0.40995647277021174,0.5372760835508105,0.5667108500398775,-5.137295032906088,0.34427118817251384,-0.7813409777896883,0.9085877348746759,0.47642978486772786,-5.339766199919846,0.2511600967373812,-0.8402207416217299,1.0845922704587123,0.374600031133502,0.0,0.0,0.0,0.0,0.0,-4.567245487577444,0.03694433705210732,-2.1488980409625635,2.3659812468651644,0.21662787480138337,0.0,0.0,0.0,0.0,0.0,0.0,0.0,0.0,0.0,0.0,0.0,0.0,0.0,0.0,0.0,-6.182086986377319,0.7475320270444822,0.15578421055880864,0.3596120215710395,0.7839736970497266,0.0,0.0,0.0,0.0,0.0,0.0,0.0,0.0,0.0,0.0,0.0,0.0,0.0,0.0,0.0,0.4649393373193712,0.08393352590068393,0.28646868948993964,0.2527838037113253,0.05635681115962558,0.0,0.0,0.0,0.0,0.0,0.7797082842141946,0.16790644871600355,0.38431770387134134,0.3028318892894161,0.08783599361509802,0.6815883868355193,0.1769430803106963,0.5124488599268289,0.4989167812098704,0.12252220433814366,0.2699574395728318,0.053746832465583684,0.14858973337772577,0.10514568597377384,0.04544892130502645,0.0,0.0,0.0,0.0,0.0,0.31758481400851374,0.016973614507881273,0.14443055375869068,0.1922934147913944,0.04128113168864509,0.0,0.0,0.0,0.0,0.0,0.0,0.0,0.0,0.0,0.0,0.0,0.0,0.0,0.0,0.0,0.6499609204343797,0.08190084339677405,0.35970558662198454,0.33858748708852227,0.05093915122774361,0.0,0.0,0.0,0.0,0.0,0.0,0.0,0.0,0.0,0.0,0.0,0.0,0.0,0.0,0.0,0.0,0.0,0.0,0.0,0.0,0.0,0.0,0.0,0.0,0.0,0.0,0.0,0.0,0.0,0.0,0.0,0.0,1.0,0.0,1.0,1.0,0.8666666666666667,0.0,0.4,0.0,0.0,0.0,1.0,0.0,0.0,0.0,0.0,0.0,0.0,0.0,0.0,0.0,0.0,0.0,0.0,1.0,1.0,0.8666666666666667,0.0,0.4,0.0,0.0,0.0,1.0,0.0,1.0,0.8666666666666667,0.0,0.4,0.0,0.0,0.0,1.0,0.0,1.0,0.0,0.35714285714285715,0.0,0.0,0.0,0.8666666666666667,0.0,0.0,0.0,0.0,0.0,0.0,0.0,0.0,1.0,0.0,0.0,0.0,0.4,0.0,0.0,0.0,0.0,0.0,0.0,0.0,0.0,0.0,0.0,0.0,0.0,0.0,1.0,0.0,0.0
0430,Milicia excelsa (Welw.) C.C. Berg,10,0.0,1.0,0.0,0.9,1.0,1.0,1.0,0.0,0.5,0.0,0.5,0.0,1.0,0.0,0.0,0.07425844928639112,0.0,0.01778117946080422,0.2211372092729331,0.4719926831157376,0.10455004441871353,0.0,0.021654360021665042,0.0,0.011007285027660442,0.0,0.07761878939609494,0.0,0.0,0.0,0.0,0.0,0.0,-6.346862359761191,0.6033904402437045,0.13691453467915798,0.4529413091834309,0.6863668029907264,0.0,0.0,0.0,0.0,0.0,-5.0517858629333725,0.40798523300354284,0.0413894915690267,0.246915570765175,0.5214473498800772,-4.996074061018755,0.437336617232251,-0.5390991333032196,0.6042423746666941,0.5448758737972553,-4.713198718162615,0.2199349661331905,-1.0837005078311353,1.1951041340738358,0.42242294430381,-5.485930357785278,0.12367741088671402,-1.225139157309075,1.4002465844070449,0.2781442620231339,0.0,0.0,0.0,0.0,0.0,-4.843954391818391,0.04203192331338407,-1.6882278355014588,1.8514788925829446,0.18207666181745116,0.0,0.0,0.0,0.0,0.0,-6.752759894840421,0.038212555501653304,-1.8692716257648818,2.1877590815506402,0.09947741422896877,0.0,0.0,0.0,0.0,0.0,-6.564645244220711,0.6421852201116013,0.13879476281641887,0.474236548985561,0.70936560369834,0.0,0.0,0.0,0.0,0.0,0.0,0.0,0.0,0.0,0.0,0.8111699018268677,0.1806059991621615,0.3536522276091261,0.31630967240004015,0.14831463122442434,0.0,0.0,0.0,0.0,0.0,0.11013999092202528,0.031120188995956977,0.11321250584667991,0.0615917057929147,0.007337763238066095,0.7425236566703179,0.17269531606895655,0.3835914086742439,0.34235909620044414,0.12376200758106928,0.9759667624029715,0.14770803723152087,0.4606767272882338,0.48615723888997875,0.16860566974807079,1.8402987741032155,0.0985306651347985,0.3375992839321583,0.4928911214742251,0.1356396411382715,0.0,0.0,0.0,0.0,0.0,0.4069895090148858,0.008679305009449318,0.07153768087718333,0.07524210014348484,0.03683474292593237,0.0,0.0,0.0,0.0,0.0,0.8459834803211468,0.0049895217090035445,0.033918599800918936,0.042092803182951145,0.010576658205014905,0.0,0.0,0.0,0.0,0.0,1.1108426281087922,0.18165133838243827,0.40425614260525117,0.3234839332579643,0.14618508875366962,0.0,0.0,0.0,0.0,0.0,0.0,0.0,0.0,0.0,0.0,0.0,0.0,0.0,0.0,0.0,0.0,0.0,0.0,0.0,1.0,0.0,0.9,1.0,1.0,1.0,0.0,0.5,0.0,0.5,0.0,1.0,0.0,0.0,0.0,0.0,0.0,0.0,0.0,0.0,0.0,0.0,0.0,0.0,0.0,1.0,0.9,0.9,0.9,0.0,0.4,0.0,0.4,0.0,0.9,0.0,1.0,1.0,1.0,0.0,0.5,0.0,0.5,0.0,1.0,0.0,1.0,1.0,0.0,0.5,0.0,0.5,0.0,1.0,0.0,1.0,0.0,0.5,0.0,0.5,0.0,1.0,0.0,0.0,0.0,0.0,0.0,0.0,0.0,0.0,1.0,0.0,0.42857142857142855,0.0,0.5,0.0,0.0,0.0,0.0,0.0,0.0,1.0,0.0,0.5,0.0,0.0,0.0,0.0,1.0,0.0,0.0
0431,Millettia laurentii De Wild.,14,0.0,0.0,1.0,0.07142857142857142,0.2857142857142857,0.0,0.07142857142857142,0.0,1.0,0.0,0.0,0.0,1.0,0.0,0.0,0.0,0.01577808178433897,0.0003560033476490644,0.004084826451205149,0.0,0.0017328683003572886,0.0,0.9122279245687874,0.0,0.0,0.0,0.06582029554766215,0.0,0.0,0.0,0.0,0.0,0.0,0.0,0.0,0.0,0.0,0.0,-6.4107705448340315,0.5876150195453207,0.1770548983788863,0.4899147142473787,0.6498991387078481,-5.798904450172089,0.14403240328711517,-0.09140741315053823,0.10095283547784643,0.32823485659727875,-5.187788136765387,0.43754798872406886,-0.020809139841411584,0.34707341814318393,0.5253399640829611,0.0,0.0,0.0,0.0,0.0,-4.216311292838248,0.28392686089249575,-0.9402953135289193,0.9812513547511347,0.5276391824569697,0.0,0.0,0.0,0.0,0.0,-2.881286850200849,0.08378542136973131,-1.5789060344922985,1.6583440275296264,0.4141401717546264,0.0,0.0,0.0,0.0,0.0,0.0,0.0,0.0,0.0,0.0,0.0,0.0,0.0,0.0,0.0,-6.065705036593953,0.7002815216552566,0.20587202916321892,0.46363771721498553,0.7542519607269628,0.0,0.0,0.0,0.0,0.0,0.0,0.0,0.0,0.0,0.0,0.0,0.0,0.0,0.0,0.0,0.45654246465322756,0.09185949980695797,0.26522262567436655,0.23374708777350667,0.08233558976271696,0.0,0.0,0.0,0.0,0.0,0.02436074818036338,0.03533067396081015,0.03548263070738686,0.024075285535797516,0.005694215472725694,0.0,0.0,0.0,0.0,0.0,0.0,0.0,0.0,0.0,0.0,0.0,0.0,0.0,0.0,0.0,0.41730666232469554,0.05296828236068168,0.3323575962520286,0.38471457211197807,0.09502427312770549,0.0,0.0,0.0,0.0,0.0,0.0,0.0,0.0,0.0,0.0,0.0,0.0,0.0,0.0,0.0,0.805080249524864,0.11077805455619168,0.38156905133880675,0.3480804211089005,0.08034079475432379,0.0,0.0,0.0,0.0,0.0,0.0,0.0,0.0,0.0,0.0,0.0,0.0,0.0,0.0,0.0,0.0,0.0,0.0,0.0,0.0,0.0,0.0,0.0,0.0,0.0,0.0,0.0,0.0,0.0,0.0,0.0,0.0,1.0,0.07142857142857142,0.2857142857142857,0.0,0.07142857142857142,0.0,1.0,0.0,0.0,0.0,1.0,0.0,1.0,0.25,0.0,0.0,0.0,0.07142857142857142,0.0,0.0,0.0,0.07142857142857142,0.0,1.0,0.0,0.0,0.0,0.2857142857142857,0.0,0.0,0.0,0.2857142857142857,0.0,0.0,0.0,0.0,0.0,0.0,0.0,0.0,0.0,0.0,1.0,0.0,0.07142857142857142,0.0,0.0,0.0,0.07142857142857142,0.0,0.0,0.0,0.0,0.0,0.0,0.0,0.0,1.0,0.0,0.0,0.0,1.0,0.0,0.0,0.0,0.0,0.0,0.0,0.0,0.0,0.0,0.0,0.0,0.0,0.0,1.0,0.0,0.0
0461,Ochroma pyramidale (Cav. ex Lam.) Urb.,18,0.0,0.0,0.0,0.0,0.0,0.0,0.0,0.0,0.0,0.0,0.0,0.0,1.0,1.0,0.0,0.0,0.0,0.0,0.0,0.0,0.0,0.0,0.0,0.0,0.0,0.0,0.1467927639014064,0.8532072360985936,0.0,0.0,0.0,0.0,0.0,0.0,0.0,0.0,0.0,0.0,0.0,0.0,0.0,0.0,0.0,0.0,0.0,0.0,0.0,0.0,0.0,0.0,0.0,0.0,0.0,0.0,0.0,0.0,0.0,0.0,0.0,0.0,0.0,0.0,0.0,0.0,0.0,0.0,0.0,0.0,0.0,0.0,0.0,0.0,0.0,0.0,0.0,0.0,0.0,0.0,0.0,0.0,0.0,0.0,0.0,0.0,0.0,0.0,0.0,0.0,-6.3094484708735905,0.735383746579054,0.15541685680793768,0.4066778541913355,0.7927609065396108,-4.13766503954027,0.05544554474382903,2.5452073411118494,2.9187417932763786,0.3276136924402074,0.0,0.0,0.0,0.0,0.0,0.0,0.0,0.0,0.0,0.0,0.0,0.0,0.0,0.0,0.0,0.0,0.0,0.0,0.0,0.0,0.0,0.0,0.0,0.0,0.0,0.0,0.0,0.0,0.0,0.0,0.0,0.0,0.0,0.0,0.0,0.0,0.0,0.0,0.0,0.0,0.0,0.0,0.0,0.0,0.0,0.0,0.0,0.0,0.0,0.0,0.0,0.0,0.0,0.0,0.0,0.0,0.0,0.0,0.0,0.0,0.6037662248502316,0.07036224240550544,0.34606226182121236,0.31027734633270493,0.0537316884151135,0.3142461991184736,0.021437986767926978,0.1935957474357545,0.2568662425360631,0.08428567991338595,0.0,0.0,0.0,0.0,0.0,0.0,0.0,0.0,0.0,0.0,0.0,0.0,0.0,0.0,0.0,0.0,0.0,0.0,0.0,0.0,0.0,0.0,0.0,0.0,0.0,0.0,0.0,0.0,0.0,0.0,0.0,0.0,0.0,0.0,0.0,0.0,0.0,0.0,0.0,0.0,0.0,0.0,0.0,0.0,0.0,0.0,0.0,0.0,0.0,0.0,0.0,0.0,0.0,0.0,0.0,0.0,0.0,0.0,0.0,0.0,0.0,0.0,0.0,0.0,0.0,0.0,0.0,0.0,0.0,0.0,0.0,0.0,0.0,0.0,0.0,0.0,0.0,0.0,0.0,0.0,0.0,0.0,0.0,0.0,0.0,0.0,0.0,0.0,0.0,0.0,0.0,0.0,0.0,0.0,0.0,0.0,0.0,0.0,0.0,0.0,0.0,0.0,1.0,1.0,1.0
0478,Peltogyne Vogel,15,0.0,0.0,1.0,0.0,1.0,0.0,1.0,0.06666666666666667,0.0,0.0,0.9333333333333333,0.0,1.0,0.0,0.0,0.0,0.04030040929213314,0.0,0.4544075751333453,0.0,0.19682193784512012,0.00036917819215516034,0.0,0.0,0.15987704115290355,0.0,0.14822385838434282,0.0,0.0,0.0,0.0,0.0,0.0,0.0,0.0,0.0,0.0,0.0,-6.616065868501488,0.632493952131621,0.006333890901766239,0.3929123939420875,0.7090631019492605,0.0,0.0,0.0,0.0,0.0,-5.2597700163826415,0.36341123869876074,-0.29294867530473906,0.47193194924523635,0.5213396768740066,0.0,0.0,0.0,0.0,0.0,-5.399675705118366,0.10499871512462469,-0.693768966800409,1.001846211289402,0.27808669117323065,-5.770875651705843,0.14987918960925345,-0.10649510226875822,0.08357864330290897,0.370951815138178,0.0,0.0,0.0,0.0,0.0,0.0,0.0,0.0,0.0,0.0,-4.956844242192636,0.014085550275259281,-2.0672503277823764,2.330107288326572,0.13200641496068596,0.0,0.0,0.0,0.0,0.0,-6.55639264736852,0.7000246099804261,0.18102402263569015,0.43788642993395843,0.7571135238891356,0.0,0.0,0.0,0.0,0.0,0.0,0.0,0.0,0.0,0.0,0.0,0.0,0.0,0.0,0.0,0.6623713054656288,0.15565520157827187,0.31429706340140773,0.2567314385047873,0.12917025974401639,0.0,0.0,0.0,0.0,0.0,0.7752249680385778,0.20072792276760845,0.42193654580779255,0.33505938468840724,0.12989334542056907,0.0,0.0,0.0,0.0,0.0,1.6163403656464281,0.12251309860572036,0.5431697296804775,0.4609636162670829,0.17589828693511783,0.0,0.0,0.0,0.0,0.0,0.0,0.0,0.0,0.0,0.0,0.0,0.0,0.0,0.0,0.0,0.994044931987589,0.015046337077201377,0.2550762274866864,0.32870711551887455,0.07888410917330212,0.0,0.0,0.0,0.0,0.0,0.8880521726937407,0.14202732883042404,0.379075511804114,0.3592307059511849,0.12174667965821705,0.0,0.0,0.0,0.0,0.0,0.0,0.0,0.0,0.0,0.0,0.0,0.0,0.0,0.0,0.0,0.0,0.0,0.0,0.0,0.0,0.0,0.0,0.0,0.0,0.0,0.0,0.0,0.0,0.0,0.0,0.0,0.0,1.0,0.0,1.0,0.0,1.0,0.06666666666666667,0.0,0.0,0.9333333333333333,0.0,1.0,0.0,0.0,0.0,0.0,0.0,0.0,0.0,0.0,0.0,0.0,0.0,0.0,1.0,0.0,1.0,0.06666666666666667,0.0,0.0,0.9333333333333333,0.0,1.0,0.0,0.0,0.0,0.0,0.0,0.0,0.0,0.0,0.0,0.0,1.0,0.06666666666666667,0.0,0.0,0.9333333333333333,0.0,1.0,0.0,1.0,0.0,0.0,0.07142857142857142,0.0,0.06666666666666667,0.0,0.0,0.0,0.0,0.0,0.0,0.0,0.0,0.0,0.0,0.0,0.0,1.0,0.0,0.9333333333333333,0.0,0.0,0.0,0.0,1.0,0.0,0.0
0479,Peltogyne catingae Ducke,12,0.0,0.0,0.08333333333333333,0.0,1.0,0.0,1.0,1.0,0.0,0.0,1.0,0.0,1.0,0.9166666666666666,0.0,0.0,0.00019389321191248132,0.0,0.4587261120609088,0.0,0.18422322920184722,0.21616685274854422,0.0,0.0,0.02804008656650274,0.0,0.06817564858758723,0.04447417762269721,0.0,0.0,0.0,0.0,0.0,0.0,0.0,0.0,0.0,0.0,-6.682604516797469,0.7351083669057491,0.14296080232825703,0.26745229604692516,0.7484257410352576,0.0,0.0,0.0,0.0,0.0,-5.137698682292263,0.4101062981772821,-0.7832476577714655,0.9108804744030605,0.6129335999994313,0.0,0.0,0.0,0.0,0.0,-5.244026938902074,0.15949009998068295,-1.1765788200178877,1.3590682264905025,0.3665401068447372,-5.099361030011903,0.3736542591924654,-0.7946359773121107,0.8642502529072256,0.5910063633078799,0.0,0.0,0.0,0.0,0.0,0.0,0.0,0.0,0.0,0.0,-6.241401937861183,0.01566358296353541,-2.802978657721107,3.2193088482774495,0.1341694933802546,0.0,0.0,0.0,0.0,0.0,-6.868425623739534,0.734109841021017,0.1733038547487137,0.3377920382918645,0.8032814002866674,-6.286542963848737,0.0029943093434320616,2.5039261465857674,2.7771537130192425,0.06540180639337573,0.0,0.0,0.0,0.0,0.0,0.0,0.0,0.0,0.0,0.0,0.0,0.0,0.0,0.0,0.0,0.0,0.0,0.0,0.0,0.0,0.8032652240219945,0.1608740437851178,0.5193802457942339,0.44546391222431075,0.09074959395171017,0.0,0.0,0.0,0.0,0.0,1.4699956165600927,0.1569977922839698,0.5249639845614603,0.5858710021594918,0.18207857965917565,0.5034738119309062,0.1492046336923183,0.35628244320990426,0.3496973931290039,0.08937056881261908,0.0,0.0,0.0,0.0,0.0,0.0,0.0,0.0,0.0,0.0,0.6268413578394191,0.009118386030481873,0.28264791704063,0.26187141026580996,0.06450404543496689,0.0,0.0,0.0,0.0,0.0,0.431771753660726,0.05469623291106276,0.2529125923572895,0.22507634688992517,0.054661499288255616,0.7353703346366484,0.0028205548997110082,0.2242057818321963,0.36113670039060164,0.03750204140005639,0.0,0.0,0.0,0.0,0.0,0.0,0.0,0.0,0.0,0.0,0.0,0.0,0.0,0.0,0.0,0.0,0.0,0.0,0.0,0.0,0.0,0.0,0.0,0.0,0.0,0.0,0.0,1.0,0.0,0.08333333333333333,0.0,0.08333333333333333,0.08333333333333333,0.0,0.0,0.08333333333333333,0.0,0.08333333333333333,0.09090909090909091,0.0,0.0,0.0,0.0,0.0,0.0,0.0,0.0,0.0,0.0,0.0,1.0,0.0,1.0,1.0,0.0,0.0,1.0,0.0,1.0,0.9166666666666666,0.0,0.0,0.0,0.0,0.0,0.0,0.0,0.0,0.0,1.0,1.0,0.0,0.0,1.0,0.0,1.0,0.9166666666666666,1.0,0.0,0.0,1.0,0.0,1.0,0.9166666666666666,0.0,0.0,0.0,0.0,0.0,0.0,0.0,0.0,0.0,0.0,0.0,1.0,0.0,1.0,0.9166666666666666,0.0,0.0,0.0,1.0,0.9166666666666666,1.0
0480,Peltogyne mexicana Martínez,10,0.0,0.0,1.0,0.0,1.0,0.0,1.0,1.0,0.0,0.0,0.5,0.0,1.0,0.0,0.0,0.0,0.05350687734114056,0.0,0.3543109547775736,0.0,0.38167244842855746,0.041330350782839496,0.0,0.0,0.025358905375254454,0.0,0.14382046329463455,0.0,0.0,0.0,0.0,0.0,0.0,0.0,0.0,0.0,0.0,0.0,-7.533039211636276,0.639182611324982,-0.06625350418194366,0.3985812806630254,0.7332784848694749,0.0,0.0,0.0,0.0,0.0,-6.2079924158974675,0.38219174230154773,-0.30825440043461116,0.51790298971028,0.5134295210146335,0.0,0.0,0.0,0.0,0.0,-5.360010563791461,0.19811546771029828,-0.716741756969814,0.9066850332156413,0.42535109494855605,-6.722915061546322,0.2964533273700393,0.007646660391912877,0.41327723938241856,0.4545526939071472,0.0,0.0,0.0,0.0,0.0,0.0,0.0,0.0,0.0,0.0,-4.88208136021783,0.01582657571887836,-2.6308013017034257,3.06379927857581,0.1818748236985799,0.0,0.0,0.0,0.0,0.0,-7.435325072267325,0.6864519781977345,0.12916649098591032,0.408257616505574,0.7789863230401239,0.0,0.0,0.0,0.0,0.0,0.0,0.0,0.0,0.0,0.0,0.0,0.0,0.0,0.0,0.0,0.7478838481242086,0.1428385054955194,0.3150067437783603,0.2637526907533159,0.1429696926744694,0.0,0.0,0.0,0.0,0.0,0.7319419535502896,0.19049229677358487,0.3677563827700353,0.28794235274853425,0.13073360607595488,0.0,0.0,0.0,0.0,0.0,0.5085545016175657,0.12561332566813121,0.4223088114667714,0.3787939281130907,0.10263640029314729,0.6002361670429874,0.15772257072737866,0.30100110325253543,0.17943035268859125,0.12458784252983195,0.0,0.0,0.0,0.0,0.0,0.0,0.0,0.0,0.0,0.0,0.17351807227727545,0.004815847282741095,0.05730930885034441,0.07591997038892034,0.021635186677148283,0.0,0.0,0.0,0.0,0.0,0.7385353512677749,0.12762634337296064,0.33015083693003544,0.2753319992031872,0.1262803264851319,0.0,0.0,0.0,0.0,0.0,0.0,0.0,0.0,0.0,0.0,0.0,0.0,0.0,0.0,0.0,0.0,0.0,0.0,0.0,0.0,0.0,0.0,0.0,0.0,0.0,0.0,0.0,0.0,0.0,0.0,0.0,0.0,1.0,0.0,1.0,0.0,1.0,1.0,0.0,0.0,0.5,0.0,1.0,0.0,0.0,0.0,0.0,0.0,0.0,0.0,0.0,0.0,0.0,0.0,0.0,1.0,0.0,1.0,1.0,0.0,0.0,0.5,0.0,1.0,0.0,0.0,0.0,0.0,0.0,0.0,0.0,0.0,0.0,0.0,1.0,1.0,0.0,0.0,0.5,0.0,1.0,0.0,1.0,0.0,0.0,0.5,0.0,1.0,0.0,0.0,0.0,0.0,0.0,0.0,0.0,0.0,0.0,0.0,0.0,0.0,1.0,0.0,0.5,0.0,0.0,0.0,0.0,1.0,0.0,0.0
0530,Pterocarpus soyauxii Taub.,9,0.0,0.0,0.3333333333333333,0.0,0.1111111111111111,1.0,0.0,0.0,1.0,0.8888888888888888,0.0,0.0,1.0,0.0,0.0,0.0,0.004829869885896462,0.0,0.0026342678087614814,0.1046508670194188,0.0,0.0,0.6379299866078741,0.14069306793997882,0.0,0.0,0.10926194073807032,0.0,0.0,0.0,0.0,0.0,0.0,0.0,0.0,0.0,0.0,0.0,-6.100624986909421,0.6404781643542238,-0.022430586967121757,0.4606441168115858,0.7818347841359312,0.0,0.0,0.0,0.0,0.0,-5.042015011030477,0.7204223225820009,-0.17023767323723338,0.20080356808138658,0.6072994817859879,-4.657897015040674,0.23335195325903824,-0.8248302819657236,0.907582566929946,0.4017424136783983,0.0,0.0,0.0,0.0,0.0,0.0,0.0,0.0,0.0,0.0,-4.266924176889451,0.06080158426244845,-2.109168613987598,2.2906648761522908,0.28195403093987476,-4.8038924581172076,0.07114692557512899,-2.0940727517511215,2.345664755582046,0.26571809339765456,0.0,0.0,0.0,0.0,0.0,0.0,0.0,0.0,0.0,0.0,-6.080547016176508,0.7469502182547392,0.12031641664669153,0.4120065918761739,0.7852136298905481,0.0,0.0,0.0,0.0,0.0,0.0,0.0,0.0,0.0,0.0,0.0,0.0,0.0,0.0,0.0,0.3025919629503691,0.13767864600798363,0.2908548480896415,0.17551918048684367,0.038107442122257175,0.0,0.0,0.0,0.0,0.0,0.0,0.0,0.0,0.0,0.0,0.35151438498586557,0.0875545606501397,0.20149762336706822,0.22784768205802752,0.06768732728193787,0.0,0.0,0.0,0.0,0.0,0.0,0.0,0.0,0.0,0.0,0.5715102150294735,0.04722397848923679,0.371562212214394,0.42251561480148514,0.10330479213694829,0.3180499444674281,0.03235027422524246,0.2028252526824214,0.20369708512155063,0.06595278097246231,0.0,0.0,0.0,0.0,0.0,0.0,0.0,0.0,0.0,0.0,0.8400498432848257,0.07680675927491623,0.3823771345961403,0.32652347957683436,0.042354717836605486,0.0,0.0,0.0,0.0,0.0,0.0,0.0,0.0,0.0,0.0,0.0,0.0,0.0,0.0,0.0,0.0,0.0,0.0,0.0,0.0,0.0,0.0,0.0,0.0,0.0,0.0,0.0,0.0,0.0,0.0,0.0,0.0,1.0,0.0,0.0,0.3333333333333333,0.0,0.0,0.3333333333333333,0.2222222222222222,0.0,0.0,0.3333333333333333,0.0,0.0,0.0,0.0,0.0,0.0,0.0,0.0,0.0,0.0,0.0,0.0,1.0,0.1111111111111111,0.0,0.0,0.1111111111111111,0.125,0.0,0.0,0.1111111111111111,0.0,1.0,0.0,0.0,1.0,0.8888888888888888,0.0,0.0,1.0,0.0,0.0,0.0,0.0,0.0,0.0,0.0,0.0,0.0,0.0,0.0,0.0,0.0,0.0,0.0,0.0,1.0,0.8888888888888888,0.0,0.0,1.0,0.0,1.0,0.0,0.0,0.8888888888888888,0.0,0.0,0.0,0.0,0.0,0.0,0.0,0.0,1.0,0.0,0.0
0541,Pterygota macrocarpa K. Schum.,14,0.0,0.0,0.0,0.0,0.0,0.0,0.0,0.0,1.0,0.0,0.0,0.0,1.0,0.0,0.0,0.0,0.0,0.0,0.0,0.0,0.0,0.0,0.937585695288369,0.0,0.0,0.0,0.062414304711631036,0.0,0.0,0.0,0.0,0.0,0.0,0.0,0.0,0.0,0.0,0.0,0.0,0.0,0.0,0.0,0.0,0.0,0.0,0.0,0.0,0.0,0.0,0.0,0.0,0.0,0.0,0.0,0.0,0.0,0.0,0.0,0.0,0.0,0.0,0.0,0.0,0.0,0.0,0.0,0.0,0.0,-3.5844023678198718,0.07295390700569092,-1.8531755935569432,1.979880429172814,0.3510958592395545,0.0,0.0,0.0,0.0,0.0,0.0,0.0,0.0,0.0,0.0,0.0,0.0,0.0,0.0,0.0,-6.114138066787693,0.7404724529915561,0.2522876828239688,0.48274469300501494,0.7976037820345397,0.0,0.0,0.0,0.0,0.0,0.0,0.0,0.0,0.0,0.0,0.0,0.0,0.0,0.0,0.0,0.0,0.0,0.0,0.0,0.0,0.0,0.0,0.0,0.0,0.0,0.0,0.0,0.0,0.0,0.0,0.0,0.0,0.0,0.0,0.0,0.0,0.0,0.0,0.0,0.0,0.0,0.0,0.0,0.0,0.0,0.719974625851641,0.07359893953489384,0.358950567154895,0.4138535851258161,0.1303675793800764,0.0,0.0,0.0,0.0,0.0,0.0,0.0,0.0,0.0,0.0,0.0,0.0,0.0,0.0,0.0,0.5906551825806322,0.0667187172641607,0.33750997271794364,0.2702721878755601,0.045945695001708975,0.0,0.0,0.0,0.0,0.0,0.0,0.0,0.0,0.0,0.0,0.0,0.0,0.0,0.0,0.0,0.0,0.0,0.0,0.0,0.0,0.0,0.0,0.0,0.0,0.0,0.0,0.0,0.0,0.0,0.0,0.0,0.0,0.0,0.0,0.0,0.0,0.0,0.0,0.0,0.0,0.0,0.0,0.0,0.0,0.0,0.0,0.0,0.0,0.0,0.0,0.0,0.0,0.0,0.0,0.0,0.0,0.0,0.0,0.0,0.0,0.0,0.0,0.0,0.0,0.0,0.0,0.0,0.0,0.0,0.0,0.0,0.0,0.0,0.0,0.0,0.0,0.0,0.0,0.0,0.0,0.0,0.0,0.0,0.0,0.0,0.0,0.0,0.0,0.0,1.0,0.0,0.0,0.0,1.0,0.0,0.0,0.0,0.0,0.0,0.0,0.0,0.0,0.0,0.0,0.0,0.0,0.0,1.0,0.0,0.0
0542,Pycnanthus angolensis (Welw.) Warb.,15,0.0,1.0,0.0,0.0,0.0,0.0,0.0,0.0,0.0,0.0,0.0,0.0,1.0,0.9333333333333333,0.0,0.3029201295119179,0.0,0.0,0.0,0.0,0.0,0.0,0.0,0.0,0.0,0.0,0.17478529857329622,0.5222945719147859,0.0,0.0,0.0,0.0,0.0,-6.463259829764447,0.6225537064961796,0.17790784522045938,0.4239696625915506,0.7128057213878318,0.0,0.0,0.0,0.0,0.0,0.0,0.0,0.0,0.0,0.0,0.0,0.0,0.0,0.0,0.0,0.0,0.0,0.0,0.0,0.0,0.0,0.0,0.0,0.0,0.0,0.0,0.0,0.0,0.0,0.0,0.0,0.0,0.0,0.0,0.0,0.0,0.0,0.0,0.0,0.0,0.0,0.0,0.0,0.0,0.0,0.0,0.0,0.0,0.0,0.0,-7.0230669403113515,0.6006414400310615,0.2057706352127089,0.5803558723683885,0.6715409767060823,-4.419455662506658,0.040461332865710194,2.9161020481415747,3.124197941077234,0.3600137021031883,0.0,0.0,0.0,0.0,0.0,0.6463228137460928,0.15760427856406664,0.32557377324392417,0.2719557316770574,0.12315536221341859,0.0,0.0,0.0,0.0,0.0,0.0,0.0,0.0,0.0,0.0,0.0,0.0,0.0,0.0,0.0,0.0,0.0,0.0,0.0,0.0,0.0,0.0,0.0,0.0,0.0,0.0,0.0,0.0,0.0,0.0,0.0,0.0,0.0,0.0,0.0,0.0,0.0,0.0,0.0,0.0,0.0,0.0,0.0,0.0,0.0,0.0,0.0,0.0,0.0,0.0,1.242470932546234,0.18830850502138458,0.4768517847259579,0.4120595312912984,0.17198089228249505,0.2803169640798765,0.013446076001957004,0.14307590170691786,0.17115963918998459,0.08010245687743212,0.0,0.0,0.0,0.0,0.0,0.0,0.0,0.0,0.0,0.0,0.0,0.0,0.0,0.0,1.0,0.0,0.0,0.0,0.0,0.0,0.0,0.0,0.0,0.0,0.0,1.0,0.9333333333333333,0.0,0.0,0.0,0.0,0.0,0.0,0.0,0.0,0.0,0.0,0.0,0.0,0.0,0.0,0.0,0.0,0.0,0.0,0.0,0.0,0.0,0.0,0.0,0.0,0.0,0.0,0.0,0.0,0.0,0.0,0.0,0.0,0.0,0.0,0.0,0.0,0.0,0.0,0.0,0.0,0.0,0.0,0.0,0.0,0.0,0.0,0.0,0.0,0.0,0.0,0.0,0.0,0.0,0.0,0.0,0.0,0.0,0.0,0.0,0.0,0.0,0.0,0.0,0.0,0.0,0.0,0.0,0.0,0.0,0.0,0.0,0.0,0.0,0.0,0.0,1.0,0.9333333333333333,1.0
0550,Quercus mongolica Fisch. ex Ledeb.,6,1.0,1.0,0.0,0.0,0.0,0.0,0.0,0.0,0.0,1.0,0.0,0.0,1.0,1.0,0.4046819446011695,0.03612723663415758,0.0,0.0,0.0,0.0,0.0,0.0,0.0,0.09093925710632388,0.0,0.0,0.17931165136389882,0.2889399102944502,-4.555980530888574,0.3806806601933775,-0.8266671928335945,0.9368075449334953,0.5973856931289899,-6.783443166741605,0.6068663164834132,0.0352428989607208,0.4468081493101715,0.6924571537499458,0.0,0.0,0.0,0.0,0.0,0.0,0.0,0.0,0.0,0.0,0.0,0.0,0.0,0.0,0.0,0.0,0.0,0.0,0.0,0.0,0.0,0.0,0.0,0.0,0.0,0.0,0.0,0.0,0.0,0.0,0.0,0.0,0.0,0.0,0.0,-6.465373786177501,0.22792072134615804,1.375573392984655,1.5543915605922356,0.45692946121217476,0.0,0.0,0.0,0.0,0.0,0.0,0.0,0.0,0.0,0.0,-6.352537157643236,0.6972833955659654,-0.1148578591551907,0.39010601729024463,0.7505569065535589,-3.7090109071113506,0.09075049625250231,-2.6822837899857834,2.7281930973314594,0.5431262343087372,0.5402244138694594,0.14639895376928894,0.4226244925124983,0.41543292375082363,0.11257552260946697,0.5797498093664273,0.14309436453593966,0.3197338508463241,0.2673465158960173,0.12194158168053132,0.0,0.0,0.0,0.0,0.0,0.0,0.0,0.0,0.0,0.0,0.0,0.0,0.0,0.0,0.0,0.0,0.0,0.0,0.0,0.0,0.0,0.0,0.0,0.0,0.0,0.0,0.0,0.0,0.0,0.0,0.0,0.0,0.0,0.0,0.0,0.4750542333812473,0.08452172739615242,0.3196164999010291,0.31787440667945127,0.14419910260179994,0.0,0.0,0.0,0.0,0.0,0.0,0.0,0.0,0.0,0.0,1.131256210950921,0.15471893907118606,0.4027147471485178,0.3709082796844187,0.12405748351835348,0.20180074368099002,0.024557197433397317,0.1458550796030099,0.19239182594519902,0.0723371802953253,1.0,1.0,0.0,0.0,0.0,0.0,0.0,0.0,0.0,1.0,0.0,0.0,1.0,1.0,1.0,0.0,0.0,0.0,0.0,0.0,0.0,0.0,1.0,0.0,0.0,1.0,1.0,0.0,0.0,0.0,0.0,0.0,0.0,0.0,0.0,0.0,0.0,0.0,0.0,0.0,0.0,0.0,0.0,0.0,0.0,0.0,0.0,0.0,0.0,0.0,0.0,0.0,0.0,0.0,0.0,0.0,0.0,0.0,0.0,0.0,0.0,0.0,0.0,0.0,0.0,0.0,0.0,0.0,0.0,0.0,0.0,0.0,0.0,0.0,0.0,0.0,0.0,0.0,0.0,0.0,0.0,0.0,0.0,0.0,0.0,0.0,0.0,0.0,0.0,0.0,1.0,0.0,0.0,1.0,1.0,0.0,0.0,0.0,0.0,0.0,0.0,0.0,1.0,1.0,1.0
0552,Quercus alba L.,11,1.0,1.0,0.0,0.0,0.0,0.0,0.0,0.0,0.0,1.0,0.0,0.0,1.0,1.0,0.37720043850392626,0.12494945939100598,0.0,0.0,0.0,0.0,0.0,0.0,0.0,0.04409605468036239,0.0,0.0,0.0398496654681672,0.41390438195653806,-4.30439653797502,0.40328008211837996,0.9367528810875458,1.0871537845270658,0.625449034258175,-5.959701529874801,0.628766092930669,0.07191738464351274,0.4335196356523299,0.7202242670318258,0.0,0.0,0.0,0.0,0.0,0.0,0.0,0.0,0.0,0.0,0.0,0.0,0.0,0.0,0.0,0.0,0.0,0.0,0.0,0.0,0.0,0.0,0.0,0.0,0.0,0.0,0.0,0.0,0.0,0.0,0.0,0.0,0.0,0.0,0.0,-6.29867776225372,0.14143750227293267,-1.3110339107211315,1.7277945143803273,0.2802270970277157,0.0,0.0,0.0,0.0,0.0,0.0,0.0,0.0,0.0,0.0,-7.413200913555727,0.5398181299564522,0.032753700110857084,0.6022429379590601,0.5997483072141365,-2.9891407646235346,0.18830635597056763,2.2721046022618805,2.1525951500187044,0.6959981940132344,0.6454257816189091,0.12398490059989185,0.4869995883934083,0.5405333627054677,0.10894489095637049,0.6428799532819736,0.1538587398420942,0.3364617422816535,0.32624153375199816,0.10601047579702966,0.0,0.0,0.0,0.0,0.0,0.0,0.0,0.0,0.0,0.0,0.0,0.0,0.0,0.0,0.0,0.0,0.0,0.0,0.0,0.0,0.0,0.0,0.0,0.0,0.0,0.0,0.0,0.0,0.0,0.0,0.0,0.0,0.0,0.0,0.0,0.5380633870621936,0.0684125474528449,0.3183546990193991,0.3209035735992934,0.0971832930939638,0.0,0.0,0.0,0.0,0.0,0.0,0.0,0.0,0.0,0.0,1.3304746258078923,0.2016902010363773,0.4309644488519428,0.3726177300770281,0.18851744843583312,0.1631094636239021,0.026248964791916855,0.1523083112292697,0.20888281803746198,0.031847131022787294,1.0,1.0,0.0,0.0,0.0,0.0,0.0,0.0,0.0,1.0,0.0,0.0,1.0,1.0,1.0,0.0,0.0,0.0,0.0,0.0,0.0,0.0,1.0,0.0,0.0,1.0,1.0,0.0,0.0,0.0,0.0,0.0,0.0,0.0,0.0,0.0,0.0,0.0,0.0,0.0,0.0,0.0,0.0,0.0,0.0,0.0,0.0,0.0,0.0,0.0,0.0,0.0,0.0,0.0,0.0,0.0,0.0,0.0,0.0,0.0,0.0,0.0,0.0,0.0,0.0,0.0,0.0,0.0,0.0,0.0,0.0,0.0,0.0,0.0,0.0,0.0,0.0,0.0,0.0,0.0,0.0,0.0,0.0,0.0,0.0,0.0,0.0,0.0,0.0,0.0,1.0,0.0,0.0,1.0,1.0,0.0,0.0,0.0,0.0,0.0,0.0,0.0,1.0,1.0,1.0
0553,Quercus petraea (Matt.) Liebl.,11,1.0,1.0,0.0,0.0,0.0,0.0,0.0,0.0,0.0,0.9090909090909091,0.0,0.0,1.0,0.9090909090909091,0.3653682786270608,0.2347501902330706,0.0,0.0,0.0,0.0,0.0,0.0,0.0,0.01730725017599038,0.0,0.0,0.196223028727595,0.18635125223628327,-4.814821263128301,0.4976575997027483,0.15401935649513723,0.6262454766486181,0.6616410256800244,-6.474403580056693,0.5594796318325884,0.14514426331125102,0.4679322925232927,0.6685229810492216,0.0,0.0,0.0,0.0,0.0,0.0,0.0,0.0,0.0,0.0,0.0,0.0,0.0,0.0,0.0,0.0,0.0,0.0,0.0,0.0,0.0,0.0,0.0,0.0,0.0,0.0,0.0,0.0,0.0,0.0,0.0,0.0,0.0,0.0,0.0,-5.959202871092428,0.2009777511000302,-1.2848371222484498,1.7071423555822736,0.3622894999915388,0.0,0.0,0.0,0.0,0.0,0.0,0.0,0.0,0.0,0.0,-7.134056233063592,0.5481670293195052,0.11446168844122279,0.5680924972033413,0.6237278569946981,-3.377030679188374,0.13621221802420835,2.386925013678792,2.407434580348695,0.5701301210407964,0.6041914340642034,0.12003575729483945,0.4678520678593974,0.3999851077345916,0.09373847628184374,0.9459218945925563,0.1755350338702116,0.42824746295508775,0.36496017641708356,0.14003099073246933,0.0,0.0,0.0,0.0,0.0,0.0,0.0,0.0,0.0,0.0,0.0,0.0,0.0,0.0,0.0,0.0,0.0,0.0,0.0,0.0,0.0,0.0,0.0,0.0,0.0,0.0,0.0,0.0,0.0,0.0,0.0,0.0,0.0,0.0,0.0,0.2154862206414651,0.027604901537669545,0.10731003078034462,0.14734922489455324,0.043543812890678615,0.0,0.0,0.0,0.0,0.0,0.0,0.0,0.0,0.0,0.0,1.2571417627281396,0.22226738777928257,0.48181065817396845,0.41651351486525545,0.20678806038038441,0.07454191610427367,0.004713157919357472,0.05759076118745119,0.06633698708537632,0.029742609939596987,1.0,1.0,0.0,0.0,0.0,0.0,0.0,0.0,0.0,0.9090909090909091,0.0,0.0,1.0,0.9090909090909091,1.0,0.0,0.0,0.0,0.0,0.0,0.0,0.0,0.9090909090909091,0.0,0.0,1.0,0.9090909090909091,0.0,0.0,0.0,0.0,0.0,0.0,0.0,0.0,0.0,0.0,0.0,0.0,0.0,0.0,0.0,0.0,0.0,0.0,0.0,0.0,0.0,0.0,0.0,0.0,0.0,0.0,0.0,0.0,0.0,0.0,0.0,0.0,0.0,0.0,0.0,0.0,0.0,0.0,0.0,0.0,0.0,0.0,0.0,0.0,0.0,0.0,0.0,0.0,0.0,0.0,0.0,0.0,0.0,0.0,0.0,0.0,0.0,0.0,0.0,0.0,0.0,0.0,0.0,1.0,0.0,0.0,0.9090909090909091,0.8181818181818182,0.0,0.0,0.0,0.0,0.0,0.0,0.0,1.0,0.9090909090909091,1.0
0554,Quercus robur L.,13,1.0,1.0,0.0,0.0,0.0,0.0,0.0,0.0,0.0,1.0,0.0,0.0,1.0,0.9230769230769231,0.4208693104902753,0.08657378293927509,0.0,0.0,0.0,0.0,0.0,0.0,0.0,0.057546845012706814,0.0,0.0,0.15261165784516467,0.2823984037125782,-4.6161070793520205,0.3315704678830852,1.0187888396987945,1.1753796530352252,0.5699593841406361,-7.035146957333155,0.6096574072948606,0.2587651423491297,0.5016503546784317,0.707234962128022,0.0,0.0,0.0,0.0,0.0,0.0,0.0,0.0,0.0,0.0,0.0,0.0,0.0,0.0,0.0,0.0,0.0,0.0,0.0,0.0,0.0,0.0,0.0,0.0,0.0,0.0,0.0,0.0,0.0,0.0,0.0,0.0,0.0,0.0,0.0,-6.234127856420214,0.20532167866678008,-1.1060590956399992,1.4550504901956447,0.3690090332850017,0.0,0.0,0.0,0.0,0.0,0.0,0.0,0.0,0.0,0.0,-7.298276079959253,0.6003269774178895,0.24563336760719437,0.5640520503727908,0.6870070948085283,-3.224830535959663,0.14055104529505466,2.2564020352140495,2.316994017846694,0.5816207013382959,0.6106704339841469,0.12315529374448621,0.47378451825891543,0.4691966027730231,0.12304117363531135,0.5781528731856841,0.13021606219822954,0.31034818962455,0.2684676369750393,0.1161040250846331,0.0,0.0,0.0,0.0,0.0,0.0,0.0,0.0,0.0,0.0,0.0,0.0,0.0,0.0,0.0,0.0,0.0,0.0,0.0,0.0,0.0,0.0,0.0,0.0,0.0,0.0,0.0,0.0,0.0,0.0,0.0,0.0,0.0,0.0,0.0,0.3564089360532657,0.07548184637301715,0.29566819736396116,0.32039338621549185,0.11074584955515686,0.0,0.0,0.0,0.0,0.0,0.0,0.0,0.0,0.0,0.0,1.248258406068282,0.1981630100420036,0.4470821796522181,0.3709315832970747,0.19576878166783435,0.1388316088870742,0.025640802501975108,0.10613846647237091,0.11334818488313608,0.07027495544344932,1.0,1.0,0.0,0.0,0.0,0.0,0.0,0.0,0.0,1.0,0.0,0.0,1.0,0.9230769230769231,1.0,0.0,0.0,0.0,0.0,0.0,0.0,0.0,1.0,0.0,0.0,1.0,0.9230769230769231,0.0,0.0,0.0,0.0,0.0,0.0,0.0,0.0,0.0,0.0,0.0,0.0,0.0,0.0,0.0,0.0,0.0,0.0,0.0,0.0,0.0,0.0,0.0,0.0,0.0,0.0,0.0,0.0,0.0,0.0,0.0,0.0,0.0,0.0,0.0,0.0,0.0,0.0,0.0,0.0,0.0,0.0,0.0,0.0,0.0,0.0,0.0,0.0,0.0,0.0,0.0,0.0,0.0,0.0,0.0,0.0,0.0,0.0,0.0,0.0,0.0,0.0,0.0,1.0,0.0,0.0,1.0,0.9230769230769231,0.0,0.0,0.0,0.0,0.0,0.0,0.0,1.0,0.9230769230769231,1.0
0606,Swietenia humilis Zucc.,5,0.0,0.0,1.0,1.0,0.8,0.0,0.0,0.0,0.0,0.0,1.0,0.0,1.0,0.0,0.0,0.0,0.06532755187940872,0.0932715786332267,0.02430558786911979,0.0,0.0,0.0,0.0,0.0,0.537731568698907,0.0,0.27936371291933787,0.0,0.0,0.0,0.0,0.0,0.0,0.0,0.0,0.0,0.0,0.0,-7.496306564295142,0.577140205497453,0.05918870801141542,0.3593355891045027,0.701561727439362,-6.246599671995055,0.5276189207758633,-0.1481085750321167,0.2638908520268642,0.6289063376644521,-5.932464882565461,0.581443897813464,-0.511265707975601,0.5574737823283441,0.6802116718624339,0.0,0.0,0.0,0.0,0.0,0.0,0.0,0.0,0.0,0.0,0.0,0.0,0.0,0.0,0.0,0.0,0.0,0.0,0.0,0.0,0.0,0.0,0.0,0.0,0.0,-4.8905083351355785,0.015698645636525455,-2.2573907786833356,2.4971892471488624,0.1933192997230743,0.0,0.0,0.0,0.0,0.0,-7.323527286852576,0.692503040085652,0.09491504678917306,0.3638702161394515,0.7812811622232917,0.0,0.0,0.0,0.0,0.0,0.0,0.0,0.0,0.0,0.0,0.0,0.0,0.0,0.0,0.0,0.6101520154627929,0.18357672494803334,0.24122215919625747,0.18940125603139507,0.16337724878319734,0.35753872764012096,0.22082247404722857,0.1428706073796499,0.16279060720620028,0.14637776971590638,0.0477002936529127,0.010817202157243617,0.06881757717704885,0.07930045594534585,0.01652809851097895,0.0,0.0,0.0,0.0,0.0,0.0,0.0,0.0,0.0,0.0,0.0,0.0,0.0,0.0,0.0,0.0,0.0,0.0,0.0,0.0,0.0,0.0,0.0,0.0,0.0,0.8077213665174023,0.00802614649671377,0.10073890152880063,0.11766225085214699,0.0739987597772495,0.0,0.0,0.0,0.0,0.0,0.7627979195906627,0.13666716482353064,0.28638699869117384,0.2540357692670804,0.13112978842538284,0.0,0.0,0.0,0.0,0.0,0.0,0.0,0.0,0.0,0.0,0.0,0.0,0.0,0.0,0.0,0.0,0.0,0.0,0.0,0.0,0.0,0.0,0.0,0.0,0.0,0.0,0.0,0.0,0.0,0.0,0.0,0.0,1.0,1.0,0.8,0.0,0.0,0.0,0.0,0.0,1.0,0.0,1.0,0.0,1.0,0.8,0.0,0.0,0.0,0.0,0.0,1.0,0.0,1.0,0.0,1.0,0.0,0.0,0.0,0.0,0.0,0.8,0.0,0.8,0.0,0.0,0.0,0.0,0.0,0.0,0.0,0.0,0.0,0.0,0.0,0.0,0.0,0.0,0.0,0.0,0.0,0.0,0.0,0.0,0.0,0.0,0.0,0.0,0.0,0.0,0.0,0.0,0.0,0.0,0.0,0.0,0.0,0.0,0.0,0.0,1.0,0.0,1.0,0.0,0.0,0.0,0.0,1.0,0.0,0.0
0607,Swietenia macrophylla King,12,0.0,0.0,1.0,1.0,0.0,0.0,0.16666666666666666,0.0,0.0,0.0,1.0,0.0,1.0,1.0,0.0,0.0,0.08113344825675328,0.11062006592853854,0.0,0.0,0.0014647239458131323,0.0,0.0,0.0,0.09363456434554476,0.0,0.20674184721060374,0.5064053503127465,0.0,0.0,0.0,0.0,0.0,0.0,0.0,0.0,0.0,0.0,-6.664256410528952,0.5867032585022626,0.013170034758893738,0.471603011155403,0.6677924135935039,-7.427054913161144,0.18062169584872134,-0.16931395793356374,0.4019115198597567,0.27022644466838214,0.0,0.0,0.0,0.0,0.0,0.0,0.0,0.0,0.0,0.0,-5.466671031335258,0.12008084339974293,-0.13977571926522653,0.0870160946408874,0.44578051065947893,0.0,0.0,0.0,0.0,0.0,0.0,0.0,0.0,0.0,0.0,0.0,0.0,0.0,0.0,0.0,-4.549667125581501,0.034958528575179997,2.079036741389006,2.990691471343425,0.1493505162772536,0.0,0.0,0.0,0.0,0.0,-6.3601423336713445,0.6808494408385273,-0.12279273029554283,0.4718442524680575,0.7464584331396701,-4.618667759975916,0.03704413092423691,-3.0407439455632015,3.3307946771492145,0.31738525590688543,0.0,0.0,0.0,0.0,0.0,0.0,0.0,0.0,0.0,0.0,0.6783239775587973,0.18260677787737598,0.3842231993595561,0.32046128123716755,0.1611051908350177,1.5862928066862427,0.2715542229235917,0.3963670036193981,0.3581122302458712,0.273314705389372,0.0,0.0,0.0,0.0,0.0,0.0,0.0,0.0,0.0,0.0,0.0,0.0,0.0,0.0,0.0,0.0,0.0,0.0,0.0,0.0,0.0,0.0,0.0,0.0,0.0,0.0,0.0,0.0,0.0,0.0,0.3159469299558496,0.011696881916007797,0.12245789916877427,0.08539198389357526,0.03893805165555673,0.0,0.0,0.0,0.0,0.0,0.7947603698290949,0.15820920340228276,0.4285972821043658,0.3975170166561717,0.12997409546294988,0.46611282680925464,0.014781399956886198,0.1607179010489231,0.16900542015574982,0.09091011346063162,0.0,0.0,0.0,0.0,0.0,0.0,0.0,0.0,0.0,0.0,0.0,0.0,0.0,0.0,0.0,0.0,0.0,0.0,0.0,0.0,0.0,0.0,0.0,0.0,0.0,0.0,0.0,1.0,1.0,0.0,0.0,0.16666666666666666,0.0,0.0,0.0,1.0,0.0,1.0,1.0,1.0,0.0,0.0,0.16666666666666666,0.0,0.0,0.0,1.0,0.0,1.0,1.0,0.0,0.0,0.0,0.0,0.0,0.0,0.0,0.0,0.0,0.0,0.0,0.0,0.0,0.0,0.0,0.0,0.0,0.0,0.0,1.0,0.0,0.0,0.0,0.16666666666666666,0.0,0.16666666666666666,0.16666666666666666,0.0,0.0,0.0,0.0,0.0,0.0,0.0,0.0,0.0,0.0,0.0,0.0,0.0,0.0,0.0,0.0,0.0,0.0,1.0,0.0,1.0,1.0,0.0,0.0,0.0,1.0,1.0,1.0
0608,Swietenia mahagoni (L.) Jacq.,15,0.0,0.0,1.0,1.0,0.0,0.0,0.06666666666666667,0.0,0.0,0.0,1.0,0.06666666666666667,1.0,1.0,0.0,0.0,0.0953683266296591,0.11821431217668608,0.0,0.0,0.0004574324235035217,0.0,0.0,0.0,0.24239169616444958,0.0014385028969127864,0.20327709714102793,0.33885263256776105,0.0,0.0,0.0,0.0,0.0,0.0,0.0,0.0,0.0,0.0,-6.709415492835987,0.6544614589237366,-0.010581240508108023,0.40719118365421547,0.742391075009403,-6.278816297131483,0.44589868454282033,-0.19349326037060605,0.40012520403075863,0.5684830808104583,0.0,0.0,0.0,0.0,0.0,0.0,0.0,0.0,0.0,0.0,-6.2254588555374415,0.26849543454860597,-1.1486269784869227,1.5295144499657634,0.43244340990708907,0.0,0.0,0.0,0.0,0.0,0.0,0.0,0.0,0.0,0.0,0.0,0.0,0.0,0.0,0.0,-4.556429939337473,0.04156262858855777,2.7105815404138673,2.967895947303549,0.308580286937345,-5.079729824321747,0.590571344545801,-0.762118380991841,0.6512425021528857,0.7669919158065565,-6.81199068327736,0.6815333057735941,-0.10651957986338406,0.43880524014918987,0.7643835394172214,-4.539738693873861,0.028581759135641035,-2.791105918291948,3.0586329744733347,0.26408815790470513,0.0,0.0,0.0,0.0,0.0,0.0,0.0,0.0,0.0,0.0,0.5000367671390902,0.11364269177147222,0.36141809259784025,0.27471070217868604,0.0896106586341452,0.8410970377714053,0.3023708032576837,0.3555405618746837,0.3055992313355719,0.23907139710571407,0.0,0.0,0.0,0.0,0.0,0.0,0.0,0.0,0.0,0.0,0.0,0.0,0.0,0.0,0.0,0.0,0.0,0.0,0.0,0.0,0.0,0.0,0.0,0.0,0.0,0.0,0.0,0.0,0.0,0.0,0.638072593320749,0.01643032647609453,0.0996065749352548,0.11550354542595498,0.0803286313853003,0.0,0.0,0.0,0.0,0.0,0.9268772446674357,0.15149745346913213,0.4153086402236975,0.37795453842127535,0.13694514130386415,0.3465497091283842,0.014087093731149367,0.16538401065370217,0.19420675220378358,0.07711043062779406,0.0,0.0,0.0,0.0,0.0,0.0,0.0,0.0,0.0,0.0,0.0,0.0,0.0,0.0,0.0,0.0,0.0,0.0,0.0,0.0,0.0,0.0,0.0,0.0,0.0,0.0,0.0,1.0,1.0,0.0,0.0,0.06666666666666667,0.0,0.0,0.0,1.0,0.06666666666666667,1.0,1.0,1.0,0.0,0.0,0.06666666666666667,0.0,0.0,0.0,1.0,0.06666666666666667,1.0,1.0,0.0,0.0,0.0,0.0,0.0,0.0,0.0,0.0,0.0,0.0,0.0,0.0,0.0,0.0,0.0,0.0,0.0,0.0,0.0,1.0,0.0,0.0,0.0,0.06666666666666667,0.0,0.06666666666666667,0.06666666666666667,0.0,0.0,0.0,0.0,0.0,0.0,0.0,0.0,0.0,0.0,0.0,0.0,0.0,0.0,0.0,0.0,0.0,0.0,1.0,0.06666666666666667,1.0,1.0,1.0,0.06666666666666667,0.06666666666666667,1.0,1.0,1.0
0613,Tabebuia rosea (Bert.) DC.,5,0.0,0.0,0.0,1.0,1.0,0.6,1.0,0.0,0.0,0.0,0.0,0.0,1.0,0.0,0.0,0.0,0.0,0.05931781583516748,0.08228909450517545,0.01128662134412523,0.6395846762790907,0.0,0.0,0.0,0.0,0.0,0.20752179203644125,0.0,0.0,0.0,0.0,0.0,0.0,0.0,0.0,0.0,0.0,0.0,0.0,0.0,0.0,0.0,0.0,-6.9362044999236785,0.3289099045195027,-0.01892169989722152,0.3095690030030795,0.5183117054912019,-6.5771898193897655,0.32354791307326436,-0.22984125335895564,0.32965014180898017,0.47587820244830664,-5.8791490215409565,0.36843741875301256,-0.9007590479273301,0.9363894408946525,0.6066136052789647,-5.693102714075479,0.21404972579967532,-0.583290425289048,0.8212116986627344,0.42096554393744645,0.0,0.0,0.0,0.0,0.0,0.0,0.0,0.0,0.0,0.0,0.0,0.0,0.0,0.0,0.0,0.0,0.0,0.0,0.0,0.0,0.0,0.0,0.0,0.0,0.0,-7.47592026116053,0.7105676111468167,0.2501510035475585,0.43943380596006476,0.8225670092657389,0.0,0.0,0.0,0.0,0.0,0.0,0.0,0.0,0.0,0.0,0.0,0.0,0.0,0.0,0.0,0.0,0.0,0.0,0.0,0.0,0.5170358118303472,0.22026099145240866,0.30298389821542854,0.21306695238358975,0.1473646054507635,0.49670201718216617,0.21092205079954557,0.2643571113318662,0.20763065707484335,0.12681819788561963,0.09362275083675083,0.06483807594599035,0.1387514046577911,0.06727299825789175,0.04974655119995358,0.8261271660951447,0.16599373694441816,0.5041703750026851,0.4366871794318983,0.13183255506844155,0.0,0.0,0.0,0.0,0.0,0.0,0.0,0.0,0.0,0.0,0.0,0.0,0.0,0.0,0.0,0.0,0.0,0.0,0.0,0.0,0.0,0.0,0.0,0.0,0.0,0.5134078069992427,0.054534430188674356,0.2742467663589755,0.21680120905346353,0.06631153927208018,0.0,0.0,0.0,0.0,0.0,0.0,0.0,0.0,0.0,0.0,0.0,0.0,0.0,0.0,0.0,0.0,0.0,0.0,0.0,0.0,0.0,0.0,0.0,0.0,0.0,0.0,0.0,0.0,0.0,0.0,0.0,0.0,0.0,0.0,0.0,0.0,0.0,0.0,0.0,0.0,0.0,0.0,0.0,0.0,1.0,1.0,0.6,1.0,0.0,0.0,0.0,0.0,0.0,1.0,0.0,1.0,0.6,1.0,0.0,0.0,0.0,0.0,0.0,1.0,0.0,1.0,0.6,0.0,0.0,0.0,0.0,0.0,0.6,0.0,1.0,0.0,0.0,0.0,0.0,0.0,1.0,0.0,0.0,0.0,0.0,0.0,0.0,0.0,0.0,0.0,0.0,0.0,0.0,0.0,0.0,0.0,0.0,0.0,0.0,0.0,0.0,0.0,0.0,0.0,0.0,0.0,0.0,1.0,0.0,0.0
0621,Tectona grandis L.,13,0.0,0.7692307692307693,0.6923076923076923,0.0,0.0,0.0,0.0,0.0,0.0,0.0,0.8461538461538461,0.0,1.0,0.0,0.0,0.05758112070854492,0.10451225746640994,0.0,0.0,0.0,0.0,0.0,0.0,0.0,0.22740313640584192,0.0,0.6105034854192033,0.0,0.0,0.0,0.0,0.0,0.0,-6.52663041121956,0.6148623398357758,0.3559174535795373,0.46810908539972107,0.6986252717696159,-6.68953253559545,0.7270739940735198,0.25031087269249414,0.394843705544979,0.7762430320675012,0.0,0.0,0.0,0.0,0.0,0.0,0.0,0.0,0.0,0.0,0.0,0.0,0.0,0.0,0.0,0.0,0.0,0.0,0.0,0.0,0.0,0.0,0.0,0.0,0.0,0.0,0.0,0.0,0.0,0.0,0.0,0.0,0.0,0.0,0.0,-5.203600700322966,0.017917194255166247,-2.4891871531946985,2.7738942743180854,0.1351599478665191,0.0,0.0,0.0,0.0,0.0,-6.618018312933766,0.712358176984519,0.3236277385358548,0.4636348694341189,0.7742993162130052,0.0,0.0,0.0,0.0,0.0,0.0,0.0,0.0,0.0,0.0,0.4019325569876173,0.10984256664287413,0.12478161178762052,0.13200085381060653,0.07872968248968351,0.28474291458456363,0.024328896549082695,0.12394591571824648,0.10417035917001767,0.03326880001384126,0.0,0.0,0.0,0.0,0.0,0.0,0.0,0.0,0.0,0.0,0.0,0.0,0.0,0.0,0.0,0.0,0.0,0.0,0.0,0.0,0.0,0.0,0.0,0.0,0.0,0.0,0.0,0.0,0.0,0.0,0.0,0.0,0.0,0.0,0.0,0.3281516334513792,0.0053894019692368065,0.09431472413962272,0.09975825455013462,0.026288185745229797,0.0,0.0,0.0,0.0,0.0,0.685270028592954,0.07088774054329836,0.2388764670745743,0.22644493198820742,0.06155065209439736,0.0,0.0,0.0,0.0,0.0,0.0,0.0,0.0,0.0,0.0,0.0,0.0,0.0,0.0,0.0,0.0,0.0,0.0,0.0,1.0,0.5833333333333334,0.0,0.0,0.0,0.0,0.0,0.0,0.0,0.6153846153846154,0.0,0.7692307692307693,0.0,1.0,0.0,0.0,0.0,0.0,0.0,0.0,0.0,0.6666666666666666,0.0,0.6923076923076923,0.0,0.0,0.0,0.0,0.0,0.0,0.0,0.0,0.0,0.0,0.0,0.0,0.0,0.0,0.0,0.0,0.0,0.0,0.0,0.0,0.0,0.0,0.0,0.0,0.0,0.0,0.0,0.0,0.0,0.0,0.0,0.0,0.0,0.0,0.0,0.0,0.0,0.0,0.0,0.0,0.0,0.0,0.0,0.0,0.0,0.0,0.0,0.0,0.0,0.0,0.0,0.0,0.0,0.0,0.0,0.0,0.0,1.0,0.0,0.8461538461538461,0.0,0.0,0.0,0.0,1.0,0.0,0.0
0625,Terminalia superba Engl.& Diels,12,0.0,0.0,1.0,1.0,0.16666666666666666,0.75,1.0,0.0,0.0,0.0,0.0,0.0,1.0,0.0,0.0,0.0,0.024593547697731113,0.3935047487697193,0.004240244247091476,0.057810791294655196,0.13503251553538012,0.0,0.0,0.0,0.0,0.0,0.3848181524554228,0.0,0.0,0.0,0.0,0.0,0.0,0.0,0.0,0.0,0.0,0.0,-6.886742497068145,0.6178248719277945,-0.16739472045643658,0.4777388980004688,0.728696522846562,-6.033868390340859,0.34112041063367676,0.11350284528475574,0.3388652527633916,0.43082810677051886,-5.3546533934932246,0.3569713262465318,-0.4872540802874976,0.543173131111457,0.46591162666724406,-5.331954582031305,0.33832259652185104,-0.3617739944282043,0.4559758287151989,0.42908610251897517,-5.336186490244579,0.1992957132476155,-0.30864343137166034,0.6375711874410057,0.351824672987569,0.0,0.0,0.0,0.0,0.0,0.0,0.0,0.0,0.0,0.0,0.0,0.0,0.0,0.0,0.0,0.0,0.0,0.0,0.0,0.0,0.0,0.0,0.0,0.0,0.0,-6.102301086150844,0.7256031215609089,0.23613263176904753,0.45985010894451905,0.7806600986929193,0.0,0.0,0.0,0.0,0.0,0.0,0.0,0.0,0.0,0.0,0.0,0.0,0.0,0.0,0.0,0.4100930444208905,0.08951287131373224,0.24222192181465052,0.24090506150457403,0.06717845690018372,0.9164695870818459,0.3132169039539892,0.3186091616092706,0.29295454905695906,0.2448348317572814,0.0,0.0,0.0,0.0,0.0,0.44969674712894164,0.15028693369870366,0.10708513174540518,0.11786805754142378,0.1041870812638138,0.5104379267912827,0.12728770536991485,0.2432722886073624,0.2264091885215669,0.13172247230004763,0.0,0.0,0.0,0.0,0.0,0.0,0.0,0.0,0.0,0.0,0.0,0.0,0.0,0.0,0.0,0.0,0.0,0.0,0.0,0.0,0.0,0.0,0.0,0.0,0.0,0.8108875636153318,0.10660352485359759,0.377587806382867,0.34484297390601637,0.0720533726551829,0.0,0.0,0.0,0.0,0.0,0.0,0.0,0.0,0.0,0.0,0.0,0.0,0.0,0.0,0.0,0.0,0.0,0.0,0.0,0.0,0.0,0.0,0.0,0.0,0.0,0.0,0.0,0.0,0.0,0.0,0.0,0.0,1.0,1.0,0.16666666666666666,0.75,1.0,0.0,0.0,0.0,0.0,0.0,1.0,0.0,1.0,0.16666666666666666,0.75,1.0,0.0,0.0,0.0,0.0,0.0,1.0,0.0,1.0,0.2222222222222222,0.16666666666666666,0.0,0.0,0.0,0.0,0.0,0.16666666666666666,0.0,1.0,0.75,0.0,0.0,0.0,0.0,0.0,0.75,0.0,1.0,0.0,0.0,0.0,0.0,0.0,1.0,0.0,0.0,0.0,0.0,0.0,0.0,0.0,0.0,0.0,0.0,0.0,0.0,0.0,0.0,0.0,0.0,0.0,0.0,0.0,0.0,0.0,0.0,0.0,0.0,0.0,0.0,1.0,0.0,0.0
0648,Triplochiton scleroxylon K. Schum.,7,0.0,1.0,0.0,0.0,0.0,0.0,0.0,0.0,0.0,0.0,0.0,0.0,1.0,0.0,0.0,0.38442773009481795,0.0,0.0,0.0,0.0,0.0,0.0,0.0,0.0,0.0,0.0,0.6155722699051821,0.0,0.0,0.0,0.0,0.0,0.0,-7.195312397819994,0.4001682796800961,0.030984231251849716,0.6257249237533985,0.5180705536661757,0.0,0.0,0.0,0.0,0.0,0.0,0.0,0.0,0.0,0.0,0.0,0.0,0.0,0.0,0.0,0.0,0.0,0.0,0.0,0.0,0.0,0.0,0.0,0.0,0.0,0.0,0.0,0.0,0.0,0.0,0.0,0.0,0.0,0.0,0.0,0.0,0.0,0.0,0.0,0.0,0.0,0.0,0.0,0.0,0.0,0.0,0.0,0.0,0.0,0.0,-6.562827525696063,0.7107025495689826,0.13773598010239232,0.4104121627217073,0.7394461797584849,0.0,0.0,0.0,0.0,0.0,0.0,0.0,0.0,0.0,0.0,0.5148268356787904,0.17556607428893253,0.44789076949434276,0.30906438344655485,0.17704552494939904,0.0,0.0,0.0,0.0,0.0,0.0,0.0,0.0,0.0,0.0,0.0,0.0,0.0,0.0,0.0,0.0,0.0,0.0,0.0,0.0,0.0,0.0,0.0,0.0,0.0,0.0,0.0,0.0,0.0,0.0,0.0,0.0,0.0,0.0,0.0,0.0,0.0,0.0,0.0,0.0,0.0,0.0,0.0,0.0,0.0,0.0,0.0,0.0,0.0,0.0,0.8399126017990787,0.11472953331720913,0.39807024829107546,0.3485731628681588,0.0878872035081498,0.0,0.0,0.0,0.0,0.0,0.0,0.0,0.0,0.0,0.0,0.0,0.0,0.0,0.0,0.0,0.0,0.0,0.0,0.0,1.0,0.0,0.0,0.0,0.0,0.0,0.0,0.0,0.0,0.0,0.0,1.0,0.0,0.0,0.0,0.0,0.0,0.0,0.0,0.0,0.0,0.0,0.0,0.0,0.0,0.0,0.0,0.0,0.0,0.0,0.0,0.0,0.0,0.0,0.0,0.0,0.0,0.0,0.0,0.0,0.0,0.0,0.0,0.0,0.0,0.0,0.0,0.0,0.0,0.0,0.0,0.0,0.0,0.0,0.0,0.0,0.0,0.0,0.0,0.0,0.0,0.0,0.0,0.0,0.0,0.0,0.0,0.0,0.0,0.0,0.0,0.0,0.0,0.0,0.0,0.0,0.0,0.0,0.0,0.0,0.0,0.0,0.0,0.0,0.0,0.0,0.0,0.0,1.0,0.0,0.0
0678,Albizia ferruginea (Guill. & Perr.) Benth.,9,0.0,0.0,0.6666666666666666,1.0,1.0,0.0,0.0,0.0,0.0,0.0,0.0,0.0,1.0,0.0,0.0,0.0,0.0058906370597450845,0.6858933577663981,0.19240318018018648,0.0,0.0,0.0,0.0,0.0,0.0,0.0,0.11581282499367015,0.0,0.0,0.0,0.0,0.0,0.0,0.0,0.0,0.0,0.0,0.0,-6.722688157908458,0.6433429457770754,0.17150832774911817,0.7266426669807909,0.7637770580246741,-4.214578165418281,0.644376847034666,0.21154962093729004,0.5583398399523593,0.7150207001604665,-4.64958700106825,0.5632980798276596,0.5965892350329381,0.7185291580843312,0.6478558195946539,0.0,0.0,0.0,0.0,0.0,0.0,0.0,0.0,0.0,0.0,0.0,0.0,0.0,0.0,0.0,0.0,0.0,0.0,0.0,0.0,0.0,0.0,0.0,0.0,0.0,0.0,0.0,0.0,0.0,0.0,0.0,0.0,0.0,0.0,0.0,-5.922263416772879,0.7195283915839091,-0.14051122035760585,0.48636951409099577,0.7723827420209081,0.0,0.0,0.0,0.0,0.0,0.0,0.0,0.0,0.0,0.0,0.0,0.0,0.0,0.0,0.0,0.10665599970421934,0.02177667324867143,0.19740672569053405,0.1628268537146497,0.01797349615620035,0.6775243278637362,0.1542129874223384,0.5388668678996195,0.4527610570711057,0.06888551428324036,0.6886947728221333,0.15126196574261697,0.3434565922219472,0.31563850945014055,0.09889190800542415,0.0,0.0,0.0,0.0,0.0,0.0,0.0,0.0,0.0,0.0,0.0,0.0,0.0,0.0,0.0,0.0,0.0,0.0,0.0,0.0,0.0,0.0,0.0,0.0,0.0,0.0,0.0,0.0,0.0,0.0,0.0,0.0,0.0,0.0,0.0,0.8208118031576062,0.1432639689597585,0.36665645557385973,0.3516838537553758,0.10128439539937428,0.0,0.0,0.0,0.0,0.0,0.0,0.0,0.0,0.0,0.0,0.0,0.0,0.0,0.0,0.0,0.0,0.0,0.0,0.0,0.0,0.0,0.0,0.0,0.0,0.0,0.0,0.0,0.0,0.0,0.0,0.0,0.0,1.0,0.6666666666666666,0.6666666666666666,0.0,0.0,0.0,0.0,0.0,0.0,0.0,0.6666666666666666,0.0,1.0,1.0,0.0,0.0,0.0,0.0,0.0,0.0,0.0,1.0,0.0,1.0,0.0,0.0,0.0,0.0,0.0,0.0,0.0,1.0,0.0,0.0,0.0,0.0,0.0,0.0,0.0,0.0,0.0,0.0,0.0,0.0,0.0,0.0,0.0,0.0,0.0,0.0,0.0,0.0,0.0,0.0,0.0,0.0,0.0,0.0,0.0,0.0,0.0,0.0,0.0,0.0,0.0,0.0,0.0,0.0,0.0,0.0,0.0,0.0,0.0,0.0,0.0,1.0,0.0,0.0
0679,Aningeria Aubrév. & Pellegr.,10,0.0,0.0,0.0,0.0,0.0,0.0,0.0,0.0,0.0,0.9,0.0,0.7,1.0,0.0,0.0,0.0,0.0,0.0,0.0,0.0,0.0,0.0,0.0,0.22049740010064586,0.0,0.03929865131064958,0.7402039485887045,0.0,0.0,0.0,0.0,0.0,0.0,0.0,0.0,0.0,0.0,0.0,0.0,0.0,0.0,0.0,0.0,0.0,0.0,0.0,0.0,0.0,0.0,0.0,0.0,0.0,0.0,0.0,0.0,0.0,0.0,0.0,0.0,0.0,0.0,0.0,0.0,0.0,0.0,0.0,0.0,0.0,0.0,0.0,0.0,0.0,0.0,-6.362569811424354,0.10878367105638673,1.5606896570460185,1.9897951971166425,0.24503883297950318,0.0,0.0,0.0,0.0,0.0,-6.0339448635904285,0.538660196594456,-1.0347300501256018,1.0460295517607865,0.828918141253524,-7.294753877946211,0.7094798856281989,-0.30714773884322166,0.5128832973662301,0.8219097040091237,0.0,0.0,0.0,0.0,0.0,0.0,0.0,0.0,0.0,0.0,0.0,0.0,0.0,0.0,0.0,0.0,0.0,0.0,0.0,0.0,0.0,0.0,0.0,0.0,0.0,0.0,0.0,0.0,0.0,0.0,0.0,0.0,0.0,0.0,0.0,0.0,0.0,0.0,0.0,0.0,0.0,0.0,0.0,0.0,0.0,0.0,0.0,0.0,0.0,0.0,0.43217871357021614,0.05437367655806222,0.31998970853503494,0.3395213842339411,0.07736942432768976,0.0,0.0,0.0,0.0,0.0,0.009995893276174148,8.470414800816815e-05,0.0068167363084909215,0.02007771538656406,0.0026898829523411432,0.36324844395784034,0.053582790471961315,0.2776043416832894,0.217881144796816,0.05803248417121909,0.0,0.0,0.0,0.0,0.0,0.0,0.0,0.0,0.0,0.0,0.0,0.0,0.0,0.0,0.0,0.0,0.0,0.0,0.0,0.0,0.0,0.0,0.0,0.0,0.0,0.0,0.0,0.0,0.0,0.0,0.0,0.0,0.0,0.0,0.0,0.0,0.0,0.0,0.0,0.0,0.0,0.0,0.0,0.0,0.0,0.0,0.0,0.0,0.0,0.0,0.0,0.0,0.0,0.0,0.0,0.0,0.0,0.0,0.0,0.0,0.0,0.0,0.0,0.0,0.0,0.0,0.0,0.0,0.0,0.0,0.0,0.0,0.0,0.0,0.0,0.0,0.0,0.0,0.0,0.0,0.0,0.0,0.0,0.0,0.0,0.0,0.0,0.0,0.0,0.0,0.0,0.0,0.0,0.0,0.0,1.0,0.0,0.7777777777777778,0.9,0.0,0.0,0.0,0.0,0.0,1.0,0.7,0.0,1.0,0.0,0.0
