,0003,0006,0007,0009,0030,0033,0034,0035,0041,0045,0066,0070,0071,0072,0073,0080,0081,0085,0091,0092,0093,0095,0096,0114,0115,0129,0130,0147,0157,0158,0181,0195,0207,0214,0236,0238,0239,0243,0244,0245,0256,0257,0258,0259,0269,0270,0293,0294,0295,0296,0297,0301,0302,0313,0318,0323,0324,0325,0326,0331,0353,0354,0366,0367,0371,0372,0375,0380,0396,0399,0418,0425,0426,0430,0431,0461,0478,0479,0480,0530,0541,0542,0550,0552,0553,0554,0606,0607,0608,0613,0621,0625,0648,0678,0679
0003,5.551115123125783e-17,0.9818981715992459,1.0273739103175645,0.5654185699221281,0.1734357867096192,0.7718225224720402,0.5700151548769485,0.6611039112058674,0.8699997452035215,0.6638781489834746,1.0091463650390593,0.6115831348957881,0.935256434601033,0.9448341311879409,0.8972793822399661,0.9162965492288708,0.9307568091787872,0.8213520330940064,0.7697124546843266,0.6812490458858363,0.6531046456157378,0.7107149816884166,0.7561611315205944,0.9031612706676011,0.5004070534524022,1.0002373315703108,1.057934547120367,0.7356295110927377,0.6973044711513976,0.3755762568713689,0.6203191723628274,0.7396865136211861,0.36434744590808094,0.6548908151662834,0.762503143913855,0.7671310824207551,0.8194214061184063,0.6022798546799584,0.8867150368694602,0.853728004284938,0.6390975967374157,0.7393011138242482,0.29968184948267984,0.7305053176878746,0.5730507700754776,0.6249407834169664,0.49938780395833854,0.6982457956900598,0.8043218982797584,0.5490814448263811,0.5912042714159104,0.6956103110029938,0.5921730687412543,0.8073449612333492,0.878929451150094,0.831042646334223,0.8567010167260622,0.9623130869717618,0.79988099961517,0.697358240673515,0.8297633759674408,0.5663366508674366,0.8859452123007424,1.0180224343609523,0.7471968134097366,0.5404728627627978,0.6921355857847622,0.7254558856961271,0.9206956258702239,0.3493638179126377,0.8117287449834454,0.8323922310305747,0.7802515211362188,0.8687856107925602,0.7838147273828513,1.021154679951884,0.686180198466307,0.8797368987153356,0.705429596896875,0.9486889392941646,1.0038997696072842,1.0826396694405724,1.0690264563696488,1.096831892979375,1.0758217690002612,1.0807278723732239,0.6339425860429108,0.7033455514280471,0.7394516917750452,0.5194693241675752,0.9366795537851442,0.3218821739712698,1.0144885188223414,0.4167439735537383,0.9457336825150101
0006,0.9818981715992459,5.551115123125783e-17,0.38490866972002746,0.7696250785351246,1.0623476829330718,0.7428155355164645,0.8739556650609683,0.9706094167714496,0.3600798542797875,0.7891307449153719,0.5756064224069958,0.971183629366756,0.6678592531067097,0.8111655976462491,0.6108833010667596,0.4583821418826627,0.6181811181749828,0.8361678772804335,1.0484294287047093,1.0582530210748697,1.065218825033738,0.711571078760892,0.8936870530088985,0.4880486244258714,0.994775793847616,0.7986144648483334,0.8346491911589453,0.8296257779199123,0.45077993507043224,0.9139458193211392,0.5347908124023507,0.7535944939548562,1.0902129256784086,0.9618209153107669,0.7228879530588685,0.7452165713264113,0.7763698225284769,0.8686391109208438,0.6382402649976464,0.9295456330150068,0.6858096652932953,0.9503720116388172,1.0336421774858877,0.9017427485142513,1.1003891210286096,1.0704947425867863,0.8901974162286009,0.9261183374793842,0.7116870273764787,0.7954942151826883,0.8358523291778791,1.033613390763862,1.0246249173282107,0.4427238290472604,0.7928603512011994,0.6992615576684604,0.8440332870651341,0.6842755135946353,0.7590826438299293,0.6476116508644948,0.7776838055143462,1.06231994801573,0.3558992247357427,0.605709005991792,0.6480884935620186,0.5879166513250629,1.0594661897318551,0.843972263869573,0.8904723298910477,1.0324631410464655,0.4587693190400378,0.7675613961348554,1.0050027119352527,1.0769346471097845,0.9521728088631454,0.13419284341422713,1.0476079700086758,0.8539794044813973,0.9968390416227743,0.9429509178890854,0.7337352184279529,0.478262370877785,0.6787392105331912,0.7144435368348121,0.7301815155242589,0.705403161443708,0.9670244707250399,0.6890395321319362,0.714692445982113,0.9310974986585497,0.7779408477461146,0.9946054346806726,0.6118409523182107,0.9686283007957288,0.7184110040601734
0007,1.0273739103175645,0.38490866972002746,2.7755575615628914e-17,0.9285764534007092,1.050192331850195,0.729198438760034,0.9673225899764382,1.0081618856418864,0.6791315517446991,0.9337494032371951,0.8199337021056495,0.8174019688716977,0.8482728649449457,0.6545226820360779,0.6329727389203275,0.4932559050077466,0.4046293642238234,0.9434929005898589,1.039974356332938,1.0534237197366194,1.0569268170807575,0.8889155746469264,0.9689100680822011,0.601323453282997,0.8460829436959808,0.9089079653655001,0.9254647947819776,0.9386943572486903,0.7487786936758263,0.988682675217524,0.7916744134899887,0.9209078181752637,1.0665728573329742,0.8885254547913035,0.8981815151071033,0.911677073953584,0.9218820408314191,0.9729841920624152,0.7361857649534819,0.9856986171451478,0.7161713734236232,0.9869160151384939,1.0455354638878638,0.9763603202003845,1.0636090417979762,1.0519297842589785,0.9815985636955467,0.9880563638568092,0.8959172211408702,0.917374643121643,0.9499828381732148,1.0321925965874175,1.0349742018812065,0.7509914370712778,0.9062765150762567,0.6985552351958937,0.7976271003471047,0.7129912308267206,0.7913984576576483,0.48071100233266467,0.8451500771367586,1.0661243412857593,0.6857762132304147,0.8367620030330436,0.863976455976772,0.7709667489693605,1.0532093663844828,0.9496738358957116,0.9519970655156349,1.0519103118282713,0.7588573674003554,0.905176431654825,1.0137778745846369,1.0525624906245166,0.9900135002594304,0.41236373041255453,1.0456965824739333,0.8955188819134394,1.0150255311921672,0.9786652790554706,0.8709416677294695,0.6235305024365501,0.7597087915140078,0.7571089748246143,0.8131295088639139,0.7802837204262293,1.006789061622321,0.7321003150917272,0.6127206131218215,0.9860617760924528,0.9098844112023123,1.0231921933290247,0.8368857863989039,1.0121463065342702,0.6488309027438655
0009,0.5654185699221281,0.7696250785351246,0.9285764534007092,2.220446049250313e-16,0.6242356654664212,0.9531368338257071,0.6475912492152456,0.9064991613497584,0.5984090592665717,0.7276531833029044,0.8192718631927061,0.8778356846434853,0.7220538888489574,0.8597654323088926,0.7409162284651184,0.6947736791300282,0.7814814213527884,0.6856769932438341,0.5776463188055353,0.5033191279879761,0.5073966182908967,0.7601290119012947,0.5122851271983982,0.6457461815208625,0.8161274040257263,0.9227738717177794,0.9664147299875941,1.0234174028944116,0.7238206491783554,0.5699668044553097,0.8034539190552967,0.8191654529942417,0.5829710282774074,0.8993645024504773,0.9505610830087223,0.961792980770247,0.7376157711969622,0.8103155122737946,0.7631142743061528,0.7415015509953333,0.8196975958766535,0.8962020848065966,0.8252698924335773,0.8344720229672085,0.7764435956481885,0.7054302411514914,0.8506867540647263,0.9677766275245367,0.9297590007621626,0.8529339272645178,0.8883094881089404,0.49311635971411716,0.3609087040362114,0.5525824566321555,0.7224679546563416,0.6538969435304819,0.7611671330745287,0.8012130303239626,0.599594114707791,0.9128350549485938,0.6255117680735742,0.35905390519046776,0.6366966809964114,0.8235769240361425,0.5010753550121476,0.7065941205954009,0.4791209811240844,0.5518065935929856,0.8148625622339745,0.5226811823163836,0.5370702409627682,0.5845333173633205,0.5322939829917115,0.8887255594977271,0.7226646779472705,0.8825525355855516,0.4707710682600279,0.7130507436765474,0.5004063490408036,0.8835195500791934,0.8989857054140162,1.001621851950717,1.0271111412426635,1.0605180850426026,1.0325935779692537,1.03502970522627,0.6827232349519052,0.9163295045869009,0.9058583766532773,0.7142504966271787,0.7588605758027005,0.7163487725389659,0.8372307441608093,0.6453479286120892,0.8456970939335722
0030,0.1734357867096192,1.0623476829330718,1.050192331850195,0.6242356654664212,0.0,0.8496855742641165,0.47870600834861343,0.631073349168165,0.9853455732803429,0.7019885982144791,1.0890631134972657,0.5834512572274262,0.9970760959370543,0.9927547908203115,0.9884861715810793,1.0152909980010425,1.0139112908047563,0.9223798951705082,0.6512829773751303,0.6200181850393829,0.5899137915467318,0.7808276627560596,0.671107299156884,0.8946769828909527,0.5743601800561344,1.044252286456027,1.071256336588579,0.8042932871657057,0.8267134187107275,0.3591276632207141,0.7605485217094171,0.8847226624571428,0.35178051362433105,0.7381523405831768,0.8838179860599128,0.8763100191710154,0.846370566079564,0.6264089322883333,0.8390326438902487,0.8229005250185857,0.7094332649645516,0.8214848030640046,0.4249846645253318,0.8605412266100195,0.5039126356391146,0.5781804649157947,0.588534164960042,0.7393476226761344,0.9262671210912721,0.6073325426835292,0.6759166261835095,0.5541142998600835,0.4678753476661399,0.944174940780302,0.943868309419581,0.7802092846717208,0.8132823573671997,0.9077080999909966,0.7310090622793546,0.7680523281959567,0.7407763934010715,0.49898829769678726,0.9968523932730006,1.0910573673851227,0.8976377558307098,0.7078130862454214,0.6287112412613194,0.7414904920143417,0.9617578722007318,0.41070518169668474,0.947027294689154,0.9207213398687667,0.7256165563432563,0.7768644864385321,0.831203284263815,1.061775388652622,0.597456622960338,0.7865607678619171,0.679896670332027,0.9698777468410384,1.02837125957293,1.0904873041569683,1.0780649402368279,1.0830918010382984,1.079976266037583,1.0823730629023833,0.7151733270232364,0.8118501835649592,0.828741825997348,0.48729886488356555,1.01980426924404,0.4583086479106179,1.0924782914558717,0.3700364587124348,1.0012802293454928
0033,0.7718225224720402,0.7428155355164645,0.729198438760034,0.9531368338257071,0.8496855742641165,2.498001805406602e-16,0.7494352594130687,0.45058794294678567,0.6112762063386716,0.48263647944061583,0.4266028024816173,0.39121249094956534,0.5974318907043945,0.5516648352928382,0.758515304099387,0.47445285707150886,0.5786064130086711,0.9151086418191356,1.1205268224638827,1.1337132048266716,1.080891909293142,0.29021986066049743,0.9116988571094993,0.9376891321780397,0.5898344674293667,0.6865732734844185,0.7370160532697598,0.24422712950843187,0.40337955643445234,0.7169988987618285,0.3597984509391736,0.27954217670362785,0.8845874337896676,0.5924816199773774,0.17696272576391991,0.19564151051896334,0.45254752217581445,0.4318551206947507,0.8316809822257032,0.7896967364433112,0.9510397446666017,0.8527203682338365,0.7960688732467004,0.8295398412287704,1.0070276660416189,1.0435757769670593,0.4350580284898988,0.5773252585851376,0.22384018989105597,0.3626491494558629,0.41391148718382914,1.1250924385172414,1.1127193833221996,0.6799647452957296,0.9029158743876318,1.1382683740713688,1.1026136468317431,1.086659268954102,1.069937558343712,0.7638492168334571,1.0915572651891967,1.0790493044519351,0.6102734075620682,0.4511906460901802,0.8169462961961176,0.7452428852337372,1.1192045869818246,0.8626473743402508,0.9781373959776202,0.897815046604895,0.6824900845438459,0.7074775047173764,1.0716953325607883,0.8744080652045487,0.975011547337558,0.8327217475231786,1.1224743314851504,1.0608254429531012,1.071126549052884,1.004737647761136,0.8584413590729968,0.7042477615884579,0.8545293068518357,0.8800058365159213,0.8326114222713289,0.8572070413556869,0.8816577663128888,0.9072367117110265,0.771740266827909,0.8591550764903826,0.7231304915142398,0.8245560657637047,0.434153828076959,0.7390139612377583,0.6706290322961674
0034,0.5700151548769485,0.8739556650609683,0.9673225899764382,0.6475912492152456,0.47870600834861343,0.7494352594130687,1.1102230246251565e-16,0.5652234430189989,0.7622021420090813,0.394514630900774,0.9092288904089514,0.6050635129205243,0.9539596773078808,0.9097825590530162,0.9197010415665823,0.8040320826189757,0.8773463267434803,0.9711782514886036,0.5952680599335902,0.6588006711353203,0.5744723934008498,0.5395178875840428,0.5094867472581461,0.9259711538329606,0.6803599465494745,0.9649983551333594,0.9903221048076623,0.7482560405644023,0.6055606746203751,0.3509403101975379,0.5600403100090423,0.8085680481202258,0.5971555031122792,0.7613622779289071,0.7470086160524034,0.7516018343250369,0.6301008630345275,0.418307964372689,0.8195412803759756,0.8085184024080305,0.6537289618276121,0.9102987222791812,0.6814608519722574,0.8316661970038558,0.7660863014447048,0.809819539746911,0.7584784871486727,0.6601657804051867,0.7667541741012721,0.6995377697915266,0.733105832220999,0.5754552476423802,0.5922341970741407,0.8412452508901218,0.9787917515174489,0.8126895642651748,0.8490969481788425,0.7761163043478967,0.7392692813978264,0.8682695385039534,0.6855378248596649,0.600706538014034,0.7671823730819622,0.9208190116329602,0.9517897948215324,0.803855946531915,0.7989695081365392,0.7840331165472233,1.0349587718126187,0.6611631102695554,0.8386601098866293,0.9298185640169764,0.8011138807077521,0.7283373699623841,0.8781115093853614,0.9250398584409278,0.6757513027125353,0.7259080650841221,0.752637134379107,0.9833444058635163,0.9196565809515295,1.0207547417138312,1.0366997346553746,1.0572811577507895,1.046569541699402,1.0464980011627953,0.6038861025721248,0.8393320613914261,0.823264750635188,0.5299638210512879,0.9158784741471249,0.7602335997655691,0.9191571366478493,0.42012147866763005,0.9136589501306623
0035,0.6611039112058674,0.9706094167714496,1.0081618856418864,0.9064991613497584,0.631073349168165,0.45058794294678567,0.5652234430189989,2.220446049250313e-16,0.8839295717816193,0.3003056953423575,0.6226134999359301,0.3302407417670344,0.842876674639921,0.7323508607202345,1.0544505187409274,0.9013793250374076,0.927112706552164,0.9785114472396292,0.9873532836838876,0.9833173793355529,0.9387567228138118,0.31069561256548867,0.6556216262209538,0.8656648392859285,0.7199295621844897,0.7723870467584542,0.8429528867935501,0.29026418204015925,0.6735492775731258,0.49497463382835455,0.5940266725247694,0.5234008146583262,0.5793382046502967,0.738280714622944,0.3556912769239958,0.35582566252254727,0.3151809845994491,0.1678316465539428,0.6701978503836821,0.6408774292410686,0.8282675084779503,0.8912637344496344,0.7867793324562036,0.8972412502747649,0.8539233609307796,0.9204915999378424,0.5752359630008921,0.6663992330413322,0.4283788594143837,0.5282909203505812,0.5422283362625824,0.9885650203664841,0.9603568605967492,0.903059347414026,1.0109573232968168,1.0399176992502275,0.9851591364410599,0.9812299979072727,0.9448861048704501,0.8309668458409418,1.0206185119149382,0.9194907692224401,0.8512469383318966,0.6120687700475221,0.9519996845504128,0.8465863790110312,0.955525311205279,0.8294365344764963,1.0083338581012449,0.7348171216521355,0.9340277343156651,0.798285199027033,0.9677158303042838,0.7139646112355418,0.9402125955606414,0.9499133744366358,0.9858846069735232,0.9831511094308688,0.9819766512947796,0.9975199205834703,0.967260777624767,0.7333799380378115,0.8977757275501835,0.8907554531140658,0.8464081504356158,0.8851202882874889,0.7755312260626724,0.9076944925072192,0.924145121324591,0.7452100386323954,0.8569439509216648,0.7760679749422754,0.6066136029154348,0.46345380007127823,0.9344630254903568
0041,0.8699997452035215,0.3600798542797875,0.6791315517446991,0.5984090592665717,0.9853455732803429,0.6112762063386716,0.7622021420090813,0.8839295717816193,1.942890293094024e-16,0.6243367653896339,0.3810271725286197,0.868463836505831,0.5752303015881755,0.693660008278539,0.6436306016915005,0.24127423363502237,0.44797608225582974,0.7205896223087569,0.9773538843095392,0.9821618769985946,0.9839421423617476,0.5327403510581844,0.8009910669543864,0.8305864435155577,0.915671538188775,0.6701039451040018,0.7286683731409906,0.7034361455456745,0.23465046468200235,0.8124489831299462,0.3383884236937371,0.5924642126341437,1.0128740967613075,0.8727583230451508,0.5698355882950616,0.5903277715468191,0.6173288339256326,0.7375285815634626,0.8610175886731999,0.8429285693466215,0.9821032893388718,0.8817572280338928,0.9558403280072825,0.7807231960788561,1.0525885754683317,1.0061919318916868,0.7841841435522382,0.8188612586201583,0.5606573149373315,0.6820512643214445,0.7042618892841207,0.9440934733732864,0.9332452808208108,0.21212951194707225,0.6626002978631547,0.9740700532478193,1.0770077556479423,0.9526260517779375,1.0010765167849909,0.9489270710813459,0.9056557527407008,0.9725023947567614,0.06391077372665577,0.41592399869757246,0.4666438353088197,0.7275117677891605,0.9886745978046864,0.7231508413573899,0.790459767355427,0.9327323285418061,0.22407142148566953,0.6008982183078002,0.9228053507168685,1.0287235425725318,0.8687107308329338,0.5133026397136466,0.9640942117820548,0.9453150738480373,0.9227902635213914,0.8682795500323321,0.6085643797115419,0.7522188189618243,0.8649764557166717,0.9188504035050671,0.872979192600167,0.875093452236698,0.8615974444041331,0.9649643279177686,0.9512120917127764,0.8199656804645276,0.5967112024247119,0.8814978973472863,0.4250471317728823,0.8703369672972832,0.570149044035259
0045,0.6638781489834746,0.7891307449153719,0.9337494032371951,0.7276531833029044,0.7019885982144791,0.48263647944061583,0.394514630900774,0.3003056953423575,0.6243367653896339,1.3877787807814457e-16,0.5034560673533516,0.5139520624459847,0.7740310812143367,0.6805975757647763,0.9299759417924937,0.6728149406083903,0.7510175908783889,0.8684902489969841,0.9399785051094657,0.9306433141382354,0.8909216162870259,0.17929184397268935,0.5720003730458065,0.8040033604079275,0.8039922639887631,0.726986892585548,0.8488348179224234,0.4242716219308946,0.46301703919565673,0.4348717065919013,0.4189428287951524,0.43999051723665944,0.6540637456238889,0.7922018218925161,0.3571332738978174,0.35164081712172246,0.19985197628881704,0.12338007644130053,0.6867055760134746,0.6484317407908968,0.7906892641305747,0.8733652372250071,0.8901706890610106,0.7946233151038122,0.8514087502538668,0.9014715099980802,0.6124208580728752,0.7031408127706089,0.36603694950359966,0.582534602583669,0.5307697253714604,0.9318325110828801,0.8970926521747553,0.6558398155327728,0.9244701103403352,1.0147282959454167,0.9973370190554186,0.9479446076522428,0.8918000738524232,0.8209783306002085,0.9710718756071685,0.8803756563588733,0.5953103411893339,0.5577813011131263,0.7861890791516506,0.7659788390785096,0.9286868115243134,0.7294345834125303,0.9786623563919463,0.6848328880907888,0.7000025869749189,0.7359270107352254,0.9219397894641901,0.8017562532235353,0.8909776170089769,0.8541574688318042,0.9519639104999545,0.9544707795499758,0.9383918875967978,0.9578297679670756,0.8818134606892196,0.7948082764983228,0.9088413726767769,0.9466522555016033,0.891134428697138,0.9191582876957937,0.6789982524035044,0.9127014794346383,0.9272363341199739,0.6473007927803784,0.7945358008502001,0.7768304712255362,0.5833660981061897,0.42890437177519036,0.7874184611828411
0066,1.0091463650390593,0.5756064224069958,0.8199337021056495,0.8192718631927061,1.0890631134972657,0.4266028024816173,0.9092288904089514,0.6226134999359301,0.3810271725286197,0.5034560673533516,5.551115123125783e-17,0.7725021079304224,0.4117341565350371,0.5085704852591637,0.8027713675212214,0.44402901765975683,0.6053629896302881,0.7657684765278385,1.0760902302005055,1.0591678550653696,1.0990117566609903,0.4083890732326207,0.8776683491570221,0.8222677103609813,1.0190416385841936,0.4545757380533717,0.5690316956011242,0.3700557801926481,0.4687913287442256,0.9106936882034717,0.5511615673688003,0.3669475979259399,1.0639364445219688,0.8656469443611394,0.2791693452662528,0.2802808123956587,0.3821538336646932,0.567798170117064,0.6474603472779585,0.5935766848102016,1.1065289323324072,0.959439824070495,1.0266030507135602,0.8652639700756122,1.0876069410192046,1.0816270891615694,0.5510220085281353,0.6561256656422106,0.2828591840683727,0.5596604161308267,0.46671266687664537,1.0739543187136127,1.0454668870471826,0.38517596994915865,0.7957874728396692,1.1254880108416494,1.1400736121370905,1.0511901302937392,1.0035395790810624,1.0407759037727708,1.0670452855226533,1.0846991196441926,0.31289920769020624,0.05513243336940077,0.5489409257504543,0.8690082690755938,1.0345918212888452,0.7231292580230044,0.8726132238342968,1.00987288316851,0.44036621046057506,0.52614293993895,1.0240713837637714,0.9125352558291531,0.9530212866535868,0.6537269000528917,1.059463842518336,1.0484499248244417,1.0254511829904307,0.9503949254125482,0.7292115358339358,0.44554874224375873,0.7275533526109971,0.7579257753036324,0.6791175355937468,0.726929154429335,1.0020598926078956,1.0275279336248513,1.025356721929811,0.9852674095860653,0.4978329485529601,0.9847235167987359,0.03864105756895139,0.9639123575702877,0.6890806319014426
0070,0.6115831348957881,0.971183629366756,0.8174019688716977,0.8778356846434853,0.5834512572274262,0.39121249094956534,0.6050635129205243,0.3302407417670344,0.868463836505831,0.5139520624459847,0.7725021079304224,8.326672684688674e-17,0.8425391934564659,0.6146438103278484,0.9201050379968858,0.7334398424598474,0.7200484450724816,1.0063098034076243,0.9492244394684066,0.9660015176632515,0.905359693599656,0.46321127996939193,0.8312201307333924,0.8936559553539392,0.48144760495451194,0.8478418457579242,0.8860940867325007,0.46416466878426516,0.7294972624113713,0.548270621265816,0.654319423126764,0.6668449715003721,0.6647562574751487,0.678019897465272,0.554056730635799,0.5542428930283816,0.5453181781752414,0.3892604951919594,0.7630400775948789,0.7617040602587352,0.8143510947892343,0.9139732555606151,0.7452920330131416,0.935316447761394,0.8533623871933588,0.8915241042132487,0.610107294867949,0.6620092528019726,0.6420342519714117,0.5138858370929211,0.5892472430967093,0.9267179026898376,0.9199044084049974,0.9765792378120104,1.0160769209408502,0.9583722338967724,0.9676887919180219,0.9532608446563702,0.9082400626225822,0.6956791630736157,0.9336627023574965,0.910841640876862,0.9062228877988796,0.8212340975435419,1.0610050737479633,0.82290373331625,0.9715086116445649,0.8440441517685282,1.0377910790473552,0.7682425190337218,0.9768190276101778,0.8311267681788075,0.9282963802672061,0.7537541028877994,0.910450880648223,0.9839090295482055,0.9563915604871804,0.9326382049064381,0.9506988613213547,0.9941852787618958,0.9818674462310395,0.8962825012611381,0.939407274331163,0.9515548994724417,0.9426732809493708,0.9550066714352474,0.8406227043797394,0.9099860703694513,0.8037339016658177,0.7220528442884209,0.9140923694428029,0.728723591282467,0.7720105608604008,0.5696676165612764,0.8283438330597819
0071,0.935256434601033,0.6678592531067097,0.8482728649449457,0.7220538888489574,0.9970760959370543,0.5974318907043945,0.9539596773078808,0.842876674639921,0.5752303015881755,0.7740310812143367,0.4117341565350371,0.8425391934564659,3.3306690738754696e-16,0.6735253699012776,0.7480779717370123,0.6364962255883476,0.7621032805176964,0.8489565971159122,0.9924005200572901,1.0176311411478776,0.997407671110537,0.555770345332778,0.8585246340464131,0.7053805010931167,0.9480536921034362,0.7013506774607616,0.6989985171294604,0.6920304398860938,0.623427151961934,1.0086871852437749,0.6772796935804519,0.4228408482924303,1.0390931989905783,0.8089059163982488,0.6156340978304136,0.6455403981791317,0.6773047766985951,0.8376458555102824,0.8759930347647352,0.802616234927958,1.0199969211132625,0.8972027677542176,0.9903547287110919,0.9034652647676866,1.0659167454143463,1.027904684387618,0.6667247101181589,0.8574766967270299,0.61081850040387,0.7051627048637823,0.7694044833694621,0.9541724197875501,0.9461392428071698,0.47911456981897493,0.7299877296709696,0.9793680625491302,1.0785585024686979,0.9980209443552313,0.9294262520475411,0.9539541541712432,0.92554586321416,1.0043834017776352,0.5514596486434323,0.43956334654318907,0.6062196746981491,0.8499102471958999,1.0196823260050711,0.7845533274332791,0.8055559550251192,1.0267801942548946,0.4821791317982136,0.29437534294459833,0.9599386421537116,0.9836937067792693,0.8908120356063578,0.7673417394677492,1.0030873646172056,0.9893670195626711,0.9548210543777584,0.9204979975751422,0.8076856391512931,0.6719752728161689,0.8563847587257444,0.8614997666580868,0.8111175022656592,0.8575517340587137,0.9227565252810493,1.0047614838087888,0.9964742636559308,1.0010164752167274,0.4980088801835453,0.9759184244959294,0.3998897305084547,0.9007526119799985,0.8411501423381794
0072,0.9448341311879409,0.8111655976462491,0.6545226820360779,0.8597654323088926,0.9927547908203115,0.5516648352928382,0.9097825590530162,0.7323508607202345,0.693660008278539,0.6805975757647763,0.5085704852591637,0.6146438103278484,0.6735253699012776,3.885780586188048e-16,0.7213534596821692,0.47955046363047865,0.3573329474320145,0.8309936445123111,0.9778242755510256,0.9608410555747593,0.9880980208500827,0.6088632894553531,0.889461390636895,0.8780472999764881,0.8120913463933006,0.6747544404474579,0.7062722519608615,0.6843668094025821,0.7502268162995356,0.8983061932804403,0.8092448364631424,0.6370480532111962,0.9391973631552799,0.833557877987996,0.6343103236306644,0.6304214311779368,0.5894532694147537,0.7155463911745179,0.7113372784337859,0.6516447473670883,0.985643220634348,0.9772767257104285,0.9958027181165165,0.873706342360905,0.9776949104788695,0.9729076442752147,0.731520740302002,0.7837049628419563,0.6134810612351977,0.7621772512699685,0.6998871915623857,0.9921548337575137,0.9700098815272276,0.7223635941344787,0.8971839649703859,1.0058296746127244,1.0049596531679772,0.9661594499272186,0.9309483802891334,0.7942820760275832,0.9884005061847245,0.98632911208914,0.687200564707944,0.5053158234132133,0.8022165303867953,0.9004849234804269,0.9583710891947712,0.769328412430125,0.9427218334763816,0.9080304411551401,0.7374701768073925,0.6994437424316415,0.9522099285730746,0.8728520098005388,0.9396080856478211,0.8775093981611637,0.9652625184451402,0.9712154287607224,0.9511919311624879,0.8772364297223773,0.8951552470274564,0.6821878767269556,0.7552861750353469,0.790811011522877,0.7112538059132993,0.7629859620445324,0.9323326798609003,0.9865470783681791,0.9153152532320851,0.939506870440792,0.7013589768614484,0.9160712316879089,0.5043456066464546,0.9304470181092962,0.5577581573850546
0073,0.8972793822399661,0.6108833010667596,0.6329727389203275,0.7409162284651184,0.9884861715810793,0.758515304099387,0.9197010415665823,1.0544505187409274,0.6436306016915005,0.9299759417924937,0.8027713675212214,0.9201050379968858,0.7480779717370123,0.7213534596821692,2.7755575615628914e-16,0.5467031847573587,0.5627226256330361,0.7378810194325404,0.7431955300115454,0.6696679364805109,0.6427892822419125,0.8842303687677853,0.9027297460673338,0.726536096446069,0.5285144182802348,0.8855527210056808,0.9532650107264629,0.9558940913286926,0.7211966017559255,1.031662862518784,0.7927809746867963,0.7954382470843764,0.9624246369910748,0.520665878877118,0.8916085462861176,0.89765201453528,0.909787547409374,0.990825907619933,0.899519086260667,0.961080582065055,0.6547065504507861,0.8857178358394919,0.7054462593544145,0.5991299502065112,0.9944997131250194,0.9842679335086323,0.9080312678611959,0.7629966899815057,0.8744556641179406,0.9347713069342789,0.9245959837112979,0.706255548765913,0.776783362501891,0.5902402209870408,0.747682850955998,0.6563905032002002,0.7401050475820246,0.7363463269442774,0.7054080572888826,0.7214529175120895,0.6953582528752867,0.9145251072089572,0.6643440990360148,0.8230197254883267,0.5890188377696541,0.6742785928448108,0.9612303474878062,0.8653811848472239,0.8377364528458484,0.9149701395593062,0.5968553767009648,0.734722753459302,0.9301758594380727,1.0156266317924083,0.8966992711569634,0.7391051969231024,0.692528648614863,0.811507240598477,0.8090229905142021,0.923405716205959,0.9023312055882677,0.865535945536529,0.9073807168085464,0.9566784365614017,0.9231469187986467,0.9289590183602964,0.5620691324673456,0.5555735354370852,0.4086199574347986,1.0288882515929243,0.48801449215456477,0.8870687714799544,0.8285112036837112,0.9375477485342723,0.6723837804582659
0080,0.9162965492288708,0.4583821418826627,0.4932559050077466,0.6947736791300282,1.0152909980010425,0.47445285707150886,0.8040320826189757,0.9013793250374076,0.24127423363502237,0.6728149406083903,0.44402901765975683,0.7334398424598474,0.6364962255883476,0.47955046363047865,0.5467031847573587,2.220446049250313e-16,0.18602929240666016,0.7278295239570923,1.005734985239774,1.0023640299217313,1.0161489567843174,0.6243425233009231,0.818575000404737,0.8749404051337246,0.7691660167268718,0.7122582459753894,0.7891850312900658,0.7388249575405547,0.3313874672095309,0.8398762025218591,0.43592946890184947,0.6464321760602545,1.0290564581525468,0.7898085692597662,0.614046441797878,0.6192867958227584,0.6675086684841925,0.756104832251248,0.8716696838561531,0.8385930310395939,1.0207616245396613,0.9118325419538127,0.9717629502668925,0.8061917103276495,1.0545031041197208,1.0274795324173482,0.7980998404144988,0.853036276966906,0.5998305116900519,0.7433955435164431,0.7331048635646309,0.9985912165836786,0.9633601377257169,0.30571487208360126,0.7244342540644992,1.0413539286927893,1.0876552066465637,0.982338098331242,1.0246277271284596,0.7800856284505922,0.9731595783418329,1.0036690521430427,0.21364056602569412,0.46815652027847093,0.5071938797516151,0.7811935374649994,1.0029266710577684,0.7593449220592857,0.8445382697599169,0.9505058070917413,0.31838567280892405,0.7224194461183773,0.965674447212669,1.043948638931472,0.9089346770574633,0.5905527485476758,0.9972096621937752,0.9833979540923957,0.9564454582147359,0.9042444828472725,0.667643563364018,0.7808876098365907,0.8852023476560579,0.9374407245498201,0.8888512027749152,0.8959894674143328,0.9226827954319461,0.9806059226940695,0.8389808796967535,0.8872916489025846,0.689974450969898,0.9222022809830976,0.4900353459210439,0.9038156868598268,0.44875736026846436
0081,0.9307568091787872,0.6181811181749828,0.4046293642238234,0.7814814213527884,1.0139112908047563,0.5786064130086711,0.8773463267434803,0.927112706552164,0.44797608225582974,0.7510175908783889,0.6053629896302881,0.7200484450724816,0.7621032805176964,0.3573329474320145,0.5627226256330361,0.18602929240666016,1.6653345369377348e-16,0.7779469471929111,0.9984759953506168,0.9894969611071844,1.0099316706981867,0.7216154467668154,0.8903010678008285,0.9216023105784346,0.7419720198192917,0.7730281675244429,0.8614846489367255,0.8094151851279395,0.5290266131863017,0.8934542830792508,0.6111089040831166,0.7435269976599017,1.0053694536010136,0.7970421481034136,0.7160159337542562,0.7239164492429716,0.7390330653082889,0.8243220586644994,0.8824713056294284,0.8572198044621506,1.0014757978484257,0.9387292197353816,0.9754394026592274,0.8226395699057021,1.0275905793778637,1.0072320041867218,0.8455241911369559,0.865107010262917,0.6970485653763732,0.7993315353257924,0.7773732728922903,0.9994937034599463,0.9829969226709059,0.5099501026578244,0.8059574909717548,1.020867099469617,1.0503748127638,0.9804468572449252,1.0088255690683587,0.767307524195241,0.9790141255602828,1.0073278854400214,0.44014607925940497,0.63045051235766,0.6667695984484863,0.8219352851172095,0.9977507004504438,0.8084043375411183,0.8968503472897422,0.9338529906237493,0.5220690285594014,0.8044203180183844,0.9604784779623854,1.0207456448768721,0.9401572373103468,0.7316238957502099,0.9872066076973701,0.9784515834152524,0.9580159065944536,0.9267079946953886,0.7857213318064586,0.8501662753714182,0.9062248684029459,0.958083269645837,0.9081027701185526,0.9182848220407009,0.9210887622059925,0.9729979867047632,0.846740329611358,0.9116838745636218,0.7474217706275669,0.9142515840785006,0.641312895637599,0.9423407558336574,0.43460577615361773
0085,0.8213520330940064,0.8361678772804335,0.9434929005898589,0.6856769932438341,0.9223798951705082,0.9151086418191356,0.9711782514886036,0.9785114472396292,0.7205896223087569,0.8684902489969841,0.7657684765278385,1.0063098034076243,0.8489565971159122,0.8309936445123111,0.7378810194325404,0.7278295239570923,0.7779469471929111,8.326672684688674e-17,0.772955686506965,0.7654827462495462,0.8813039382217072,0.9068580133692463,0.769195672384295,0.9000632317525238,0.8561003600199076,0.8534887440635405,0.963543276242131,0.9141090007489427,0.766006060764848,0.9304378378991471,0.835785272534669,0.7783600709599575,0.7077062741993769,0.8355024350573717,0.8525502801017052,0.8389390993527202,0.847991188619607,0.9096324123654016,0.8907460420868687,0.6365855123005449,0.9417583966404097,0.7971442004819362,0.8186244852576737,0.5478799271905589,0.5104519285849911,0.49811730344059124,0.8114750782272577,0.9116496906115823,0.826383824162242,0.8915428759022695,0.8219143496653565,0.9335132160440336,0.8626641230407739,0.6014036382434346,0.7445387308028606,0.945239340359781,0.8378841967186622,0.8341008447004395,0.8938074717626555,0.9314398122488103,0.9875448211025657,0.7456290179737992,0.6966369322251271,0.7400959378072748,0.48440896786087795,0.6908980401661124,0.5767029836638704,0.7109922385938026,0.792120424535806,0.5293914913874339,0.612163484117382,0.7621517566649071,0.7308505123294422,0.924290644388167,0.8341688524106432,0.8952354714822744,0.7907002257732996,0.7820491749060359,0.5219932620290422,0.8138447534770495,0.9188885918981116,0.8922615092317012,0.9547124134826707,0.9756465954752482,0.922986197500153,0.9467879066274588,0.8462726171014027,0.8276725856491206,0.8363167152689579,0.8798461452197159,0.7377792965523218,0.6637605551085266,0.7977965439740718,0.9048362093847726,0.8044448070515978
0091,0.7697124546843266,1.0484294287047093,1.039974356332938,0.5776463188055353,0.6512829773751303,1.1205268224638827,0.5952680599335902,0.9873532836838876,0.9773538843095392,0.9399785051094657,1.0760902302005055,0.9492244394684066,0.9924005200572901,0.9778242755510256,0.7431955300115454,1.005734985239774,0.9984759953506168,0.772955686506965,1.3877787807814457e-16,0.20465118614626276,0.28555073930056274,1.0185558948138542,0.5442950551975834,0.8728147051109754,0.7926497450808702,1.0286355994722127,1.0609769436204217,1.114912183244914,1.0558712887434145,0.7988810142058892,1.0888199982267732,1.0717838646378295,0.6689254381648413,0.8010019615120512,1.1383988241043759,1.1279213775452273,0.9643835358793755,0.9777614862399229,0.8507095693892482,0.8409409510976195,0.7319773656920756,0.9192707040141872,0.6932853594375996,0.5450286179220409,0.6557799366626029,0.5331641076216579,0.9488818294007204,0.8034442384337013,1.137273286252933,1.0313902445409748,1.0075549370852426,0.24707494982250633,0.3108429904957003,0.9413803606097677,0.938309638647622,0.5664109368564214,0.4905517196056207,0.4751422413412859,0.5205449735646778,0.9947614793326122,0.5153559995817918,0.338961456273016,0.9937469514310933,1.0845003845570447,0.9023018828498921,0.9704030050211538,0.3475947001448464,0.7889133190953321,0.9643925566478804,0.6872940914122052,0.9372597417374142,0.910593552881729,0.426875656472337,0.6369651415006441,0.8870469801725827,1.0608183488477552,0.33474084241197677,0.6118067968745573,0.5528358161105434,0.8514790855544173,1.025110798483671,1.0842302292639967,1.061025552378732,1.0741351969073598,1.0670320453703572,1.069459263917002,0.6802365743927188,0.83385713508607,0.8199271279366287,0.6791405163125128,0.8004640492562743,0.639906497288325,1.0754897852500904,0.7941724561087942,0.9916260227913962
0092,0.6812490458858363,1.0582530210748697,1.0534237197366194,0.5033191279879761,0.6200181850393829,1.1337132048266716,0.6588006711353203,0.9833173793355529,0.9821618769985946,0.9306433141382354,1.0591678550653696,0.9660015176632515,1.0176311411478776,0.9608410555747593,0.6696679364805109,1.0023640299217313,0.9894969611071844,0.7654827462495462,0.20465118614626276,5.551115123125783e-17,0.13636410761101436,1.0310052499734068,0.6008300206466861,0.8618227066945342,0.7397794439862209,1.0143824787080313,1.0717848274749602,1.1134359075958182,1.062856365820175,0.7492938798899859,1.1017695449242428,1.0442864874013091,0.5910424505870387,0.7553918909341437,1.1304715153376694,1.1181066726368982,0.9460883557785869,0.9610561938889259,0.8129710146306239,0.7884872473063684,0.6829795644321042,0.9036942731288319,0.5941591757953031,0.6824058678344206,0.6390577584757136,0.5893097732116886,0.9032027402949531,0.7653377108556332,1.1209343536830205,1.0089795218413065,0.9814134313199222,0.12668117322364278,0.2279437533760692,0.9136066530470706,0.9205335442566493,0.48344594022284476,0.5293404882688134,0.5994101259968454,0.44372781324656957,0.9817810831760133,0.43899265737889126,0.33960081142055654,0.9876136727472111,1.0564906375295462,0.812274223423487,0.9171296707060951,0.45624297205605324,0.7210278068139515,0.9327069277147146,0.5917362761796816,0.9161318906513345,0.8915293066395387,0.5755452811758804,0.7397336293623612,0.859869051202714,1.069650634220002,0.1477281794342601,0.582487007343331,0.46135646092306687,0.8992093230430597,1.0338191953257492,1.0692488233069466,1.0578613656413647,1.072564007872039,1.054733749401279,1.0632253863040124,0.5468692731037847,0.7394044013990211,0.7605588393837553,0.7130498634955414,0.7369648736301281,0.6994680273523811,1.0619662996371564,0.7930010912115307,0.9842469147970471
0093,0.6531046456157378,1.065218825033738,1.0569268170807575,0.5073966182908967,0.5899137915467318,1.080891909293142,0.5744723934008498,0.9387567228138118,0.9839421423617476,0.8909216162870259,1.0990117566609903,0.905359693599656,0.997407671110537,0.9880980208500827,0.6427892822419125,1.0161489567843174,1.0099316706981867,0.8813039382217072,0.28555073930056274,0.13636410761101436,1.6653345369377348e-16,0.9613939665713361,0.6350962918448737,0.8572723564455356,0.6655680274332829,1.045533123781515,1.0782800691921697,1.0705087570812186,0.9655035085988541,0.7130747262800448,1.0131154418978137,1.0208100451869893,0.6135607322231847,0.6246458955254126,1.1012636665678217,1.0988656200787073,0.9075358132802323,0.9151956829551149,0.8737686803958489,0.8565526824596623,0.5934457889169662,0.922135335452141,0.5305650250633694,0.7186021593851348,0.7152655727323505,0.6810398717472876,0.9074777247850746,0.6879791343306525,1.0926563804480198,0.9475114840673238,0.9676135544645086,0.16204864550885345,0.24315872704862873,0.9461324103090747,0.9137568025293661,0.4716914829255484,0.5441631018610372,0.6753013367319645,0.47427214933333434,0.9262397632990014,0.4610382299878706,0.3905893799647549,1.0052377201104317,1.097957206760969,0.8292983284691748,0.8472920053111687,0.589680876468923,0.7695121074628397,0.9249618383901889,0.6527349898895882,0.9131728341054157,0.8753539537108539,0.665689123088082,0.7892163536026443,0.8045487488758792,1.0811281687396381,0.19814009450696282,0.6223070911674335,0.5081089377386349,0.9545453623330433,1.0365573015325027,1.1010321164204908,1.0800212325338696,1.0897352448853064,1.0828097209178467,1.085708592342434,0.40756977483160733,0.6891316272648533,0.6721769124110946,0.8115006913873957,0.7254676189285205,0.7663335605827213,1.09754947536109,0.6974986708568931,1.0036686639421641
0095,0.7107149816884166,0.711571078760892,0.8889155746469264,0.7601290119012947,0.7808276627560596,0.29021986066049743,0.5395178875840428,0.31069561256548867,0.5327403510581844,0.17929184397268935,0.4083890732326207,0.46321127996939193,0.555770345332778,0.6088632894553531,0.8842303687677853,0.6243425233009231,0.7216154467668154,0.9068580133692463,1.0185558948138542,1.0310052499734068,0.9613939665713361,2.7755575615628914e-16,0.7275970185473013,0.8106961899946775,0.7955200443451631,0.6789761321558889,0.7540262564499898,0.32662315337731584,0.3810054082553895,0.5773339400789806,0.3776573690709885,0.2834145101071481,0.8150224273899506,0.7689859025563738,0.22232933695038656,0.24309331619520833,0.15064927475991013,0.27297022330142595,0.6698999721049272,0.6370346627795147,0.8545512253816507,0.8920305573084326,0.9103511280858638,0.8313327201763123,0.941321104974454,0.9618525526650862,0.4797629847304119,0.6022926240140922,0.23944050482894044,0.4138020072391916,0.4284845437357814,1.0075287710805214,0.9932985523915905,0.6495535719320601,0.902289326332595,1.0415423456445225,1.051538758734888,0.9979996344219311,0.9536906653541126,0.8753968793833901,0.988896761496918,0.9663468118364686,0.5658962917365372,0.46029254770657807,0.8291784293186806,0.7731302326197476,1.0422919002314253,0.7369072501194056,0.9963826771241246,0.8052300806499433,0.6556410442422983,0.5931495131833663,0.9833366924894102,0.7909118171586791,0.9153063591210577,0.8428427552615136,1.0361478430152478,0.9905704635089911,0.985483907283559,0.9640522558378264,0.870286068575518,0.7331552007420237,0.8687945664257346,0.9059540746542747,0.84424294003158,0.8789840819520123,0.7417636954249187,0.9682749400734628,0.952710042696606,0.7089508555183062,0.7077469445031879,0.8210659278019237,0.4397454494403676,0.5883317846782022,0.7811726915815487
0096,0.7561611315205944,0.8936870530088985,0.9689100680822011,0.5122851271983982,0.671107299156884,0.9116988571094993,0.5094867472581461,0.6556216262209538,0.8009910669543864,0.5720003730458065,0.8776683491570221,0.8312201307333924,0.8585246340464131,0.889461390636895,0.9027297460673338,0.818575000404737,0.8903010678008285,0.769195672384295,0.5442950551975834,0.6008300206466861,0.6350962918448737,0.7275970185473013,1.3877787807814457e-16,0.7394673011800692,0.858462544686607,0.9454072047483976,0.9818881958857881,0.8978453569317817,0.7518150138606134,0.6399535023270955,0.768065490804313,0.8248406044832683,0.4816082871294899,0.8848243315337643,0.8844993799798249,0.8904776155311409,0.6582106439593014,0.6085008320639048,0.8502856832329789,0.8272020589585902,0.8292849474613301,0.7761390233167659,0.9419729814519976,0.7587011758745896,0.7227075591239572,0.6805581015039288,0.9178267351245258,1.0093860804400858,0.8641423615765453,0.9672868546511731,0.9571063413129659,0.6397898490956762,0.5597848008881783,0.6911308446211566,0.8513461084198524,0.7941673547521535,0.7662897694697178,0.6953874269796579,0.7443906180161057,0.84399569537672,0.7869877878702102,0.4659915988047915,0.7660948633130573,0.8619966544862963,0.6954002983412636,0.8131057331905158,0.5799662493861256,0.7826439707781528,0.8502231053161411,0.6424285406661739,0.722486175388434,0.819843580383712,0.6065246722039754,0.800711815765591,0.7970456622952982,0.8849656657121859,0.6938312044505972,0.7889989717273459,0.7374020010529355,0.8392049189825137,0.9044096147367461,0.9505385931011754,1.0144252970193988,1.0158714560671513,1.00271504776348,1.0114093199579188,0.7271254784658144,0.9505305327882847,0.9482232774640597,0.6978675874933505,0.9011797077646995,0.7469784518653804,0.8859456485952252,0.40065548498472325,0.9191852035489549
0114,0.9031612706676011,0.4880486244258714,0.601323453282997,0.6457461815208625,0.8946769828909527,0.9376891321780397,0.9259711538329606,0.8656648392859285,0.8305864435155577,0.8040033604079275,0.8222677103609813,0.8936559553539392,0.7053805010931167,0.8780472999764881,0.726536096446069,0.8749404051337246,0.9216023105784346,0.9000632317525238,0.8728147051109754,0.8618227066945342,0.8572723564455356,0.8106961899946775,0.7394673011800692,5.551115123125783e-17,0.9436412210300644,0.9125623688911242,0.9299451408104027,0.9585705973355251,0.9082346290634485,0.9223307125658037,0.9470490648486011,0.8542936108814405,0.8850395172303702,0.8934431728361373,0.9458295010933406,0.9510306876056298,0.7720722938998463,0.8185703422010757,0.5073657793440455,0.8941633021184561,0.4616036104133511,0.9463860217780957,1.0413556191735338,0.9558434380281158,0.9472636488612551,0.9274251227386515,0.964496667412014,1.0505955067773483,0.948940687818122,0.9861645607758656,1.0209076417001222,0.842984729550493,0.7971762263820374,0.7777440475035712,0.842411077719595,0.3429388470444894,0.5699109261700123,0.51255065649285,0.41865173905702535,0.48182980752941096,0.6638621409507792,0.8641900810603438,0.838747146557105,0.8368424252378868,0.7437352996566375,0.6523980495973378,0.8719293894509728,0.8139334143786718,0.8933083904033696,0.9012077953653632,0.7824080786257613,0.5988792924604515,0.856603374773315,0.9870717585745157,0.8770135022213559,0.4628991637248113,0.870217101199923,0.7993166500516379,0.8597316125933967,0.9277987818169102,0.9442754324244657,0.5523895600213377,0.749705477151533,0.7453404857263622,0.8170850395411103,0.7715273189321374,0.8748995332160117,0.5889707789631984,0.6429220130174471,0.9864358468379122,0.7787493523226204,0.9636290251535391,0.8350875235022619,0.7863414216869045,0.9479032936420033
0115,0.5004070534524022,0.994775793847616,0.8460829436959808,0.8161274040257263,0.5743601800561344,0.5898344674293667,0.6803599465494745,0.7199295621844897,0.915671538188775,0.8039922639887631,1.0190416385841936,0.48144760495451194,0.9480536921034362,0.8120913463933006,0.5285144182802348,0.7691660167268718,0.7419720198192917,0.8561003600199076,0.7926497450808702,0.7397794439862209,0.6655680274332829,0.7955200443451631,0.858462544686607,0.9436412210300644,8.326672684688674e-17,1.0004311818495455,1.0344203946433168,0.7423385735258545,0.7458989262464171,0.6930827994201024,0.6801589833080124,0.8040494254563578,0.590809417809569,0.3682516310584688,0.8034035246767751,0.8029418837292555,0.9029261915147158,0.7127607949226384,1.0169095535967727,0.9906101182904485,0.5873979300728293,0.7754586485807569,0.3713248998125951,0.6331182105132208,0.8112872619827065,0.8725098700385785,0.7455527846061942,0.657574315729768,0.8666086983963908,0.6891297974363275,0.8020015633059766,0.7490327234514853,0.7808074050509326,0.8737516028395319,0.8909444950958708,0.8151212031658784,0.8208439211629293,0.8697915964542764,0.8202710360938911,0.5692162087125954,0.8540316383062374,0.820187511146179,0.9305767780680685,1.022953708795829,0.809297198741981,0.612042772189471,0.9250805367044489,0.9172203521678313,0.9208707687966298,0.7090985130031946,0.8599040087778151,0.8548665318527096,0.9138372014502976,0.9298341079184393,0.8177416856463711,1.0190014665106752,0.7883771106101773,0.9102693409122202,0.8484453496822733,0.9417291993088253,0.9966682110979719,1.0584618468032834,1.0413643011435736,1.0571030235562162,1.046642653450591,1.0482318812230442,0.5485060073047722,0.565385191511792,0.4569454922374221,0.8701173382110252,0.7962362927060914,0.6119516076278808,1.0211649276530586,0.5646289470384639,0.8258688187782406
0129,1.0002373315703108,0.7986144648483334,0.9089079653655001,0.9227738717177794,1.044252286456027,0.6865732734844185,0.9649983551333594,0.7723870467584542,0.6701039451040018,0.726986892585548,0.4545757380533717,0.8478418457579242,0.7013506774607616,0.6747544404474579,0.8855527210056808,0.7122582459753894,0.7730281675244429,0.8534887440635405,1.0286355994722127,1.0143824787080313,1.045533123781515,0.6789761321558889,0.9454072047483976,0.9125623688911242,1.0004311818495455,8.326672684688674e-17,0.18118975757986464,0.6409349384574624,0.7422866880307548,0.9646299390761626,0.7930980509824034,0.6449260796134259,1.0164516729406696,0.9044282071238476,0.6020275007899686,0.5962663147907966,0.6501167233768435,0.753691404458299,0.762441158314678,0.732368971261729,1.0442258959343829,0.9743090001044377,1.0097734615855494,0.8955751074029177,1.0258413668588884,1.0241078278051625,0.7385383459762525,0.7771583430165718,0.5932914973054199,0.7561401132671592,0.6901475611267434,1.038725075424399,1.0248678076263962,0.6899761707536592,0.8904968137950141,1.0594911217870513,1.0578670678408313,1.0135534572536682,0.9858109572525144,1.0137960943907518,1.0339508420749814,1.045524976541937,0.6417719285280147,0.4801469641526253,0.7764528694427522,0.9159700483313636,1.00816039997571,0.8271582575601121,0.9361457707946577,0.9802983739494688,0.7144858538156895,0.737348287719531,0.9923379308500779,0.9148174622097824,0.9711093144911713,0.835587883061113,1.0165703927477854,1.010920289503819,1.0038649649606644,0.9590141003589078,0.8658873241806846,0.673430404386036,0.4373688580849372,0.4466829096629543,0.3689795641862363,0.41471447764855907,0.9930059841633929,0.9990400545057583,0.9965328908448541,0.9935844207229767,0.688368062136891,0.9606319243129582,0.4624007040992865,0.9848941210490518,0.8060946058195865
0130,1.057934547120367,0.8346491911589453,0.9254647947819776,0.9664147299875941,1.071256336588579,0.7370160532697598,0.9903221048076623,0.8429528867935501,0.7286683731409906,0.8488348179224234,0.5690316956011242,0.8860940867325007,0.6989985171294604,0.7062722519608615,0.9532650107264629,0.7891850312900658,0.8614846489367255,0.963543276242131,1.0609769436204217,1.0717848274749602,1.0782800691921697,0.7540262564499898,0.9818881958857881,0.9299451408104027,1.0344203946433168,0.18118975757986464,2.7755575615628914e-16,0.7155812288236177,0.8040085087159325,1.0090879818669953,0.8403838862974241,0.7372312971354381,1.0768765102492381,0.9492269853804907,0.6962441451252461,0.7054126737790981,0.7736191303440791,0.8515108982786128,0.8679729207305771,0.8501879222886377,1.0812322435349262,0.9976201476481399,1.063661861900543,1.0053426360393503,1.0705809532519552,1.0647617734632697,0.8194110236070377,0.8638944418598271,0.7108036535367219,0.8057359450882369,0.7857860438083883,1.0568524835625142,1.0539210987583594,0.7896807169679025,0.9299135289735435,1.0670456734224676,1.087667390352898,1.0410646497679523,1.0256963150772087,1.0373323499650677,1.0386606016367228,1.0816891401933546,0.7359060179793044,0.5915197629087584,0.8780572914237076,1.001474299959876,1.0607048511852395,0.9037305486075484,0.9612762157689074,1.0748388369741066,0.8001543264736759,0.7563061860934018,1.032606501250249,0.9558226180686444,0.9968139507227318,0.8702297772152915,1.0644176779574264,1.0265420352761843,1.037546758376966,0.9282426847154419,0.8851255374217188,0.7475762841184233,0.3373019480694961,0.40884183437557736,0.3408741630053994,0.37142689489253733,1.0458819540936068,1.059284717204247,1.052986760810858,1.0236437962245506,0.7919983382886225,1.047215213738017,0.5578619285488633,1.026248527554761,0.7868244769586671
0147,0.7356295110927377,0.8296257779199123,0.9386943572486903,1.0234174028944116,0.8042932871657057,0.24422712950843187,0.7482560405644023,0.29026418204015925,0.7034361455456745,0.4242716219308946,0.3700557801926481,0.46416466878426516,0.6920304398860938,0.6843668094025821,0.9558940913286926,0.7388249575405547,0.8094151851279395,0.9141090007489427,1.114912183244914,1.1134359075958182,1.0705087570812186,0.32662315337731584,0.8978453569317817,0.9585705973355251,0.7423385735258545,0.6409349384574624,0.7155812288236177,0.0,0.47959098481565443,0.703038984760731,0.40318799630346086,0.2774555136611193,0.8118658251300325,0.6585663682706197,0.0877361579964018,0.08783720827859268,0.3693665553233286,0.28759250902640243,0.7714033911752305,0.7362929948322127,0.9217600229481159,0.825793973008029,0.7406537115039402,0.7976564968519753,0.9647438997404864,1.0137056985998192,0.39254692734737995,0.506309260418529,0.19586946190831106,0.36514258468116034,0.3084229380638662,1.1263979753970872,1.1131201936442245,0.7243188487842306,0.9290910923585933,1.1504742449079102,1.0852651198944492,1.089233247628958,1.0653355867416983,0.8268817109462006,1.1206519803993267,1.0709134810239438,0.6615246142522149,0.43102334214950316,0.8180926104479511,0.7366882293236414,1.09153274160049,0.8837556788072709,0.9716587697565653,0.8634248462335972,0.754967102431147,0.7540997251637458,1.0662047359133002,0.8106713414059334,0.9617523562519124,0.8552823214101287,1.1124639239816547,1.072339909123041,1.0829338116552842,1.002552054273258,0.8765496033644855,0.6363222484374499,0.8220026474715213,0.8418261572529712,0.7892661857108125,0.8275474835208376,0.8713618458174844,0.8515144377469803,0.862624990304824,0.8755518531852063,0.7169558125696613,0.7704669272280562,0.353693255784979,0.6677658414220748,0.8421315820501648
0157,0.6973044711513976,0.45077993507043224,0.7487786936758263,0.7238206491783554,0.8267134187107275,0.40337955643445234,0.6055606746203751,0.6735492775731258,0.23465046468200235,0.46301703919565673,0.4687913287442256,0.7294972624113713,0.623427151961934,0.7502268162995356,0.7211966017559255,0.3313874672095309,0.5290266131863017,0.766006060764848,1.0558712887434145,1.062856365820175,0.9655035085988541,0.3810054082553895,0.7518150138606134,0.9082346290634485,0.7458989262464171,0.7422866880307548,0.8040085087159325,0.47959098481565443,1.1102230246251565e-16,0.6278360804736731,0.0726582185964885,0.4402821228834031,0.8785022507598917,0.7248119649691054,0.3615482437544071,0.3785480878307126,0.5005318272985916,0.5151126962721506,0.9207976814696037,0.8799806564571195,0.8854014239089081,0.7727147112913301,0.7595736779567308,0.6793564094261122,0.9816019949378376,0.9736353048599684,0.6050651639356486,0.6923298564296559,0.3644437582492688,0.47696626083077226,0.5436995511380913,1.0432873054176488,1.0183023340183859,0.3214358890702305,0.7463043991931746,1.0788394365360892,1.058667390033281,1.0256114250907946,1.0790505022133152,0.8295031009771274,1.0082170815101847,0.9517234219233766,0.22249660627206316,0.495681912779628,0.5502862387852747,0.6075418264327133,1.0580752314080613,0.7962655491380914,0.8682749195600096,0.8338753756745338,0.3390208913944782,0.7380044714686778,1.0057770664021328,0.9904561835367998,0.8599383995512478,0.6083527697409465,1.0511388755763518,1.0129724251828376,0.9936616209194294,0.934925146612866,0.6857251879348819,0.8118406094821847,0.9123526809231486,0.961622361292449,0.9169424477324342,0.9227891916185268,0.7577650479477673,0.8393583725819271,0.8291960380880266,0.731570393593901,0.7212946055702967,0.7771055284537649,0.5198318219825901,0.6776145140197642,0.6421731601559182
0158,0.3755762568713689,0.9139458193211392,0.988682675217524,0.5699668044553097,0.3591276632207141,0.7169988987618285,0.3509403101975379,0.49497463382835455,0.8124489831299462,0.4348717065919013,0.9106936882034717,0.548270621265816,1.0086871852437749,0.8983061932804403,1.031662862518784,0.8398762025218591,0.8934542830792508,0.9304378378991471,0.7988810142058892,0.7492938798899859,0.7130747262800448,0.5773339400789806,0.6399535023270955,0.9223307125658037,0.6930827994201024,0.9646299390761626,1.0090879818669953,0.703038984760731,0.6278360804736731,2.220446049250313e-16,0.5534825431148274,0.813673401751459,0.43476574276164726,0.8589166540864728,0.7058398495396312,0.7115684653929819,0.6037314795884545,0.3782929219012704,0.7061575540262987,0.6789490510241767,0.7415970177723743,0.9124127103927396,0.6107401992585431,0.9243106506292162,0.6911198651936081,0.75334440221555,0.5948856118216663,0.7129560597166977,0.7457071541331092,0.5150818261664931,0.5959463086085717,0.7263933934437187,0.6446637731724002,0.8551344589370237,0.9995209731026082,0.8580417562960391,0.8583053723300321,0.901753564843685,0.7972950991998004,0.8891437483357376,0.7701853699480603,0.6205129929592024,0.8120346326350724,0.8915612934950237,0.9395863611768457,0.7635853201701492,0.7175224806436256,0.6714235292810915,1.0237610693224797,0.45266339462212046,0.8771774114271584,0.9864239073408536,0.7882540372404385,0.7357221500147816,0.8881742187335324,0.9646811393073258,0.742258495597375,0.802930735997105,0.7601763768044475,1.0072185177929016,0.953779787922862,0.9894183251261568,1.0335434528266925,1.0374387104103453,1.0166483118493352,1.028177296180408,0.7748256790384926,0.8943452522015432,0.8971000711412312,0.39443196904252464,1.0389117113932553,0.6061550319121174,0.933021472617912,0.43676893584384924,0.9195943290430175
0181,0.6203191723628274,0.5347908124023507,0.7916744134899887,0.8034539190552967,0.7605485217094171,0.3597984509391736,0.5600403100090423,0.5940266725247694,0.3383884236937371,0.4189428287951524,0.5511615673688003,0.654319423126764,0.6772796935804519,0.8092448364631424,0.7927809746867963,0.43592946890184947,0.6111089040831166,0.835785272534669,1.0888199982267732,1.1017695449242428,1.0131154418978137,0.3776573690709885,0.768065490804313,0.9470490648486011,0.6801589833080124,0.7930980509824034,0.8403838862974241,0.40318799630346086,0.0726582185964885,0.5534825431148274,1.1102230246251565e-16,0.41780598488663573,0.805410658342517,0.6844059516474059,0.3146363009313086,0.3413993532343773,0.5513574864967646,0.43159655467790664,0.973863953338187,0.9346443595309788,0.8458669323609271,0.7378155187519724,0.6883773988796847,0.7047172745118833,0.97197924701136,1.0006312376859567,0.5883587001778652,0.6885628307922138,0.3453781146850145,0.44751466263857753,0.5331116815786615,1.0699324291093295,1.0558664664996404,0.4205591552647179,0.7949585224267031,1.1005052474988826,1.087888658466479,1.0539347936994536,1.1160141702067097,0.7753770144294899,1.0413276121845507,1.0070334066007107,0.3217404906064151,0.582298214773584,0.6314993878677554,0.5704605128120226,1.0918682000377666,0.8665441841473334,0.8902564797709407,0.8011846868428827,0.4455236819302844,0.7913081373891035,1.0377991521652439,0.990777429480574,0.8913585396884772,0.6525808341573721,1.0897502569521187,1.0389130855365947,1.0340506123056867,0.9594693633065856,0.7217936915240932,0.8525666248782415,0.9438899777281748,0.986624739669248,0.9527228148765882,0.9567079468655603,0.742281210900195,0.8052102248048371,0.8041969844072383,0.7124971521404069,0.7835501521532515,0.7143144004339841,0.5957658300262322,0.5848459446464391,0.7075482281667042
0195,0.7396865136211861,0.7535944939548562,0.9209078181752637,0.8191654529942417,0.8847226624571428,0.27954217670362785,0.8085680481202258,0.5234008146583262,0.5924642126341437,0.43999051723665944,0.3669475979259399,0.6668449715003721,0.4228408482924303,0.6370480532111962,0.7954382470843764,0.6464321760602545,0.7435269976599017,0.7783600709599575,1.0717838646378295,1.0442864874013091,1.0208100451869893,0.2834145101071481,0.8248406044832683,0.8542936108814405,0.8040494254563578,0.6449260796134259,0.7372312971354381,0.2774555136611193,0.4402821228834031,0.813673401751459,0.41780598488663573,1.942890293094024e-16,0.8429626532160734,0.6684982200550789,0.16304042960445025,0.16127429112198555,0.41198726073932934,0.46418060954149504,0.7893629906126872,0.7182658055301061,0.9067213355544804,0.7819068966874979,0.7866465349726413,0.684404138678405,0.9679527600833444,0.9954959156838159,0.33617264373695455,0.5981934578540457,0.154959546740543,0.44625359621386784,0.38979193915798405,1.0723968436090638,1.03234367791539,0.5103278389643372,0.8205094371119923,1.097083877800243,1.0710462615190663,1.0584689186526948,0.9821164317862724,0.8307512121683056,1.0703402208977817,1.0124845480591067,0.5984067229282773,0.3962205758499977,0.6281900802928475,0.6539955823908007,1.0354560002569417,0.7887472610317123,0.890480315715198,0.8143133472775991,0.5550832613716532,0.5220161060430057,1.0192593692151783,0.8828234099602867,0.9086967688764789,0.8584448841942934,1.0516727151002034,1.0489783629469749,1.0038377959638216,0.9568293232388945,0.8784040907333427,0.6695836284798014,0.845374560408316,0.8715614640954248,0.7960542962013915,0.8471118267696762,0.7911685665353224,0.8182115980498897,0.8405512196819162,0.9037686718925055,0.5547500740859064,0.7778540365730129,0.3766765229234006,0.7496965856554074,0.797798141197544
0207,0.36434744590808094,1.0902129256784086,1.0665728573329742,0.5829710282774074,0.35178051362433105,0.8845874337896676,0.5971555031122792,0.5793382046502967,1.0128740967613075,0.6540637456238889,1.0639364445219688,0.6647562574751487,1.0390931989905783,0.9391973631552799,0.9624246369910748,1.0290564581525468,1.0053694536010136,0.7077062741993769,0.6689254381648413,0.5910424505870387,0.6135607322231847,0.8150224273899506,0.4816082871294899,0.8850395172303702,0.590809417809569,1.0164516729406696,1.0768765102492381,0.8118658251300325,0.8785022507598917,0.43476574276164726,0.805410658342517,0.8429626532160734,8.326672684688674e-17,0.6779678517569621,0.87084401746346,0.8704007380729766,0.7996596371894636,0.56911970245404,0.8646101579150023,0.7998552563021784,0.6977479546662477,0.7287066339556927,0.49734187650478145,0.6811604207189337,0.5224549000955843,0.6007598885944887,0.7404997630578531,0.857525021348235,0.8922598871551979,0.7432879215167526,0.7926209763981495,0.7163772125671654,0.5883161963116735,0.9302479759375524,0.8929183845292049,0.7700720955651217,0.6840805443385588,0.8208475642572834,0.7241818388362371,0.705838377940621,0.8444616033794039,0.40891104772243103,1.0139063680748477,0.9905891093561684,0.7293074203478469,0.5901073483634279,0.4884789222107924,0.7722587900235314,0.8235135551557016,0.30865481414268625,0.9157620921394383,0.8640314831783926,0.6287491516208603,0.7531580803668029,0.7705001623262402,1.0721241547623732,0.6531967801377778,0.861231069848202,0.7023840596207278,0.8915369712068455,1.0502370390239917,0.9990281110288963,1.0479371166819926,1.0226440900031049,0.9999258024802389,1.0226793745586105,0.5600519933130528,0.710765178451124,0.7452101509144586,0.5528517704001713,0.9508061093587341,0.4058958853958954,1.0612297450918184,0.346132700374825,0.9919825549804879
0214,0.6548908151662834,0.9618209153107669,0.8885254547913035,0.8993645024504773,0.7381523405831768,0.5924816199773774,0.7613622779289071,0.738280714622944,0.8727583230451508,0.7922018218925161,0.8656469443611394,0.678019897465272,0.8089059163982488,0.833557877987996,0.520665878877118,0.7898085692597662,0.7970421481034136,0.8355024350573717,0.8010019615120512,0.7553918909341437,0.6246458955254126,0.7689859025563738,0.8848243315337643,0.8934431728361373,0.3682516310584688,0.9044282071238476,0.9492269853804907,0.6585663682706197,0.7248119649691054,0.8589166540864728,0.6844059516474059,0.6684982200550789,0.6779678517569621,1.6653345369377348e-16,0.6958101442970284,0.6983670444103746,0.8358730804585415,0.6963299102337306,1.0143943694261002,0.9824668141944686,0.6601006617179908,0.7401593725166801,0.42110162346292024,0.5299587658936435,0.8584351093122375,0.9264444351801794,0.7393186374289025,0.5689362810310845,0.7334852874605282,0.7295523006526768,0.793747002889526,0.8332934250120375,0.850098845798455,0.8228547894437337,0.8460727150727239,0.8782897556598046,0.8198405416208019,0.9110104954896001,0.8166971492945896,0.6562106595887838,0.9077080432385812,0.8762245649055668,0.8891804006287993,0.8526263203521111,0.7259929002377024,0.6528940530633859,0.9643121992595591,0.9115922774974655,0.865758367489391,0.7662498951413375,0.8032827720339815,0.7446874255966678,0.9644415683722416,0.9013118436605102,0.8752473817132969,0.9964892231543725,0.7898245014717132,0.9446546501050908,0.8769872262050149,0.953252167384439,0.9775935469768942,0.9328585059715172,0.9687249767187357,0.9864504817818436,0.9643460924317941,0.9680213152544143,0.45904671470510416,0.5454150495243903,0.44854157177884757,0.9657002015788576,0.5601029391359453,0.7028790845614263,0.8643296698940639,0.6535936830814609,0.8367666431582357
0236,0.762503143913855,0.7228879530588685,0.8981815151071033,0.9505610830087223,0.8838179860599128,0.17696272576391991,0.7470086160524034,0.3556912769239958,0.5698355882950616,0.3571332738978174,0.2791693452662528,0.554056730635799,0.6156340978304136,0.6343103236306644,0.8916085462861176,0.614046441797878,0.7160159337542562,0.8525502801017052,1.1383988241043759,1.1304715153376694,1.1012636665678217,0.22232933695038656,0.8844993799798249,0.9458295010933406,0.8034035246767751,0.6020275007899686,0.6962441451252461,0.0877361579964018,0.3615482437544071,0.7058398495396312,0.3146363009313086,0.16304042960445025,0.87084401746346,0.6958101442970284,2.498001805406602e-16,0.015279224346443798,0.3157340502625078,0.3110031415373061,0.7476152623919263,0.7019250516286191,0.9451686206150178,0.83615331661182,0.789737983743453,0.7633784967969466,1.0044601695657467,1.040209074030641,0.33936703725882,0.49152204988944037,0.0471624008456803,0.3144415752775994,0.24870018906685804,1.1523632180464927,1.1334674633894388,0.5937776039080896,0.8918460647696026,1.1789587821733731,1.1188608091048171,1.1048041090020368,1.0793092973321863,0.8748315346778334,1.127028374822292,1.0896200483569416,0.5350815637090036,0.3213893097020719,0.7335334247875345,0.7074998916220414,1.1029813583263945,0.8272707232008167,0.9652372047998333,0.8576381750411561,0.6309593538148859,0.6962696606009342,1.0766833494175778,0.845988800221009,0.9695149848275193,0.805516042787681,1.1259243169606896,1.082215874817689,1.0804002469235132,1.0032735550893055,0.84553747071759,0.6170818945577703,0.8129965929317374,0.8500654507799985,0.7806160282566424,0.817574494472598,0.8620160037319411,0.8652743121541782,0.8733369534868916,0.8498438048618935,0.6535046166503258,0.799534168598149,0.29520330569377196,0.7382523428117775,0.7754146988288526
0238,0.7671310824207551,0.7452165713264113,0.911677073953584,0.961792980770247,0.8763100191710154,0.19564151051896334,0.7516018343250369,0.35582566252254727,0.5903277715468191,0.35164081712172246,0.2802808123956587,0.5542428930283816,0.6455403981791317,0.6304214311779368,0.89765201453528,0.6192867958227584,0.7239164492429716,0.8389390993527202,1.1279213775452273,1.1181066726368982,1.0988656200787073,0.24309331619520833,0.8904776155311409,0.9510306876056298,0.8029418837292555,0.5962663147907966,0.7054126737790981,0.08783720827859268,0.3785480878307126,0.7115684653929819,0.3413993532343773,0.16127429112198555,0.8704007380729766,0.6983670444103746,0.015279224346443798,2.220446049250313e-16,0.3113091363604952,0.3042908437052446,0.7314073454093621,0.6855975021281512,0.9456198884226494,0.8376765622341503,0.7844455919816035,0.7397733096281609,0.9895325909154082,1.0278317789680567,0.3424761348199338,0.49802447994885446,0.06130425258611738,0.34868095108607067,0.2596559092573119,1.1414571219847234,1.1150465299451597,0.6042751740634834,0.891742544857639,1.1768177115484764,1.1145736119189282,1.1002709825721784,1.0700391139450582,0.8639554040112567,1.1286331615000749,1.0884111629588837,0.5470986539244872,0.323600858283103,0.7240460076949286,0.7188262061034666,1.090578907907671,0.8291461326136407,0.9611865676380548,0.8534683068385058,0.6391203314934903,0.7173444698684333,1.073237212593792,0.8418638493179684,0.9643955723671401,0.8128828450832355,1.1184854732766665,1.0822233653545463,1.0794766787999568,0.9998992533686359,0.8475992582886503,0.6153140765252765,0.8116823779925539,0.8463717960057426,0.7756737423156165,0.8157780806647106,0.8734193933621843,0.84878157200215,0.8670098866654867,0.8585599036216526,0.6571933768973297,0.800306936914775,0.3017311681388831,0.7385472262826401,0.7721751427916492
0239,0.8194214061184063,0.7763698225284769,0.9218820408314191,0.7376157711969622,0.846370566079564,0.45254752217581445,0.6301008630345275,0.3151809845994491,0.6173288339256326,0.19985197628881704,0.3821538336646932,0.5453181781752414,0.6773047766985951,0.5894532694147537,0.909787547409374,0.6675086684841925,0.7390330653082889,0.847991188619607,0.9643835358793755,0.9460883557785869,0.9075358132802323,0.15064927475991013,0.6582106439593014,0.7720722938998463,0.9029261915147158,0.6501167233768435,0.7736191303440791,0.3693665553233286,0.5005318272985916,0.6037314795884545,0.5513574864967646,0.41198726073932934,0.7996596371894636,0.8358730804585415,0.3157340502625078,0.3113091363604952,2.220446049250313e-16,0.2602491881133546,0.5773136875524966,0.5351338535919643,0.8995465846733329,0.9414047787634641,0.9781583571961953,0.8283563421747929,0.9164277668879177,0.9231158271130839,0.5784616136757421,0.6738169134071564,0.33674075850303464,0.5552346525133827,0.5053049840453069,0.959291042807688,0.9249559728947304,0.6498677741364765,0.9176198131284843,1.0193496300441285,1.0014045746304379,0.9599947366327277,0.9003279455969391,0.9384517785979013,0.991013584201696,0.8993865410858758,0.5913578674405451,0.4043715747582245,0.7768000463528156,0.8511898492010622,0.9386317745746919,0.6992834527195333,0.9709077573150082,0.7947536058881233,0.6947212179328819,0.6668654826365965,0.9428246731741927,0.7568083706413231,0.9052649130891466,0.8517288202633301,0.9622130632952577,0.9723744944380943,0.9425060301118746,0.969524934608833,0.8875726644950764,0.6734350926274959,0.8493951209361674,0.8768090706259126,0.8049652782472299,0.8463683162987373,0.8087123307079315,0.9967079224450832,0.9898681812779412,0.7703375004823075,0.6959700366184014,0.8892688665013972,0.4338323147083807,0.6606504181036004,0.7754580256253656
0243,0.6022798546799584,0.8686391109208438,0.9729841920624152,0.8103155122737946,0.6264089322883333,0.4318551206947507,0.418307964372689,0.1678316465539428,0.7375285815634626,0.12338007644130053,0.567798170117064,0.3892604951919594,0.8376458555102824,0.7155463911745179,0.990825907619933,0.756104832251248,0.8243220586644994,0.9096324123654016,0.9777614862399229,0.9610561938889259,0.9151956829551149,0.27297022330142595,0.6085008320639048,0.8185703422010757,0.7127607949226384,0.753691404458299,0.8515108982786128,0.28759250902640243,0.5151126962721506,0.3782929219012704,0.43159655467790664,0.46418060954149504,0.56911970245404,0.6963299102337306,0.3110031415373061,0.3042908437052446,0.2602491881133546,1.942890293094024e-16,0.7156959510591308,0.6759677990610585,0.7783807884644326,0.8481745599018833,0.7786121673817821,0.8113318323269554,0.8393088783991962,0.9036874339414247,0.5833283300340147,0.6745212873446906,0.37297218511812713,0.5368712637555392,0.5268408673261284,0.9806308866109519,0.9365715781227613,0.7488632928463197,0.9583349946792693,1.0330155394280465,0.9905645236383922,0.9626358077018695,0.9398598906075684,0.7882724406056877,1.0103761464546095,0.9040615079027527,0.6982120291360222,0.5718808140476193,0.8376680477287666,0.7573805007974583,0.938022273817247,0.7604793872124935,0.9928361087894406,0.6581126678651614,0.7859265257554697,0.7856788034564716,0.9498891711566368,0.7613337478046125,0.9030767497977624,0.8976057907920836,0.9720493650113176,0.9784474609793594,0.9641504847068962,0.9704754991923508,0.9058127742696268,0.7684311350245986,0.9056065196618572,0.9253407922739585,0.8765924550210181,0.9025195316148193,0.706749237024457,0.8695485706416926,0.8871283833671444,0.6651223998261726,0.8134456427002456,0.7244384998283292,0.5953811655696541,0.35446653283265384,0.8522983640883905
0244,0.8867150368694602,0.6382402649976464,0.7361857649534819,0.7631142743061528,0.8390326438902487,0.8316809822257032,0.8195412803759756,0.6701978503836821,0.8610175886731999,0.6867055760134746,0.6474603472779585,0.7630400775948789,0.8759930347647352,0.7113372784337859,0.899519086260667,0.8716696838561531,0.8824713056294284,0.8907460420868687,0.8507095693892482,0.8129710146306239,0.8737686803958489,0.6698999721049272,0.8502856832329789,0.5073657793440455,1.0169095535967727,0.762441158314678,0.8679729207305771,0.7714033911752305,0.9207976814696037,0.7061575540262987,0.973863953338187,0.7893629906126872,0.8646101579150023,1.0143943694261002,0.7476152623919263,0.7314073454093621,0.5773136875524966,0.7156959510591308,3.0531133177191805e-16,0.44120253751987015,0.6781106580622451,1.0613971549828751,1.0025687562400418,0.9895826833002732,0.874109780170389,0.8583934009168277,0.6356494802583588,0.7181623237177182,0.7363975622090679,0.7155024248873911,0.6012744684094198,0.8211180220261959,0.7711195943887099,0.8918707398450014,0.9974162136867357,0.54982555157669,0.6740898420841736,0.6223863993107142,0.41569349356370927,0.8012060742911025,0.5864608643085826,0.825840715181148,0.8559943820968166,0.6616285251167988,0.9484109858254511,0.8095669501570039,0.8052604168339068,0.6598892316848872,1.0306457996653888,0.8079315183899596,0.9061679491677768,0.8498765906426998,0.8525362503271873,0.7150251671311094,0.9736283342317413,0.6508395240532183,0.8078556902835465,0.6817456119509868,0.8282826031862973,1.00076469863586,0.9874473183552348,0.3991226852156058,0.6878782104373435,0.7008649975780118,0.6844444414454324,0.701173196471224,1.027451892413624,0.7942193451016017,0.8369152492685936,0.8042836798165958,0.8323802002367021,0.9083596883648508,0.6425343688991318,0.9414212153840771,0.8845578889078385
0245,0.853728004284938,0.9295456330150068,0.9856986171451478,0.7415015509953333,0.8229005250185857,0.7896967364433112,0.8085184024080305,0.6408774292410686,0.8429285693466215,0.6484317407908968,0.5935766848102016,0.7617040602587352,0.802616234927958,0.6516447473670883,0.961080582065055,0.8385930310395939,0.8572198044621506,0.6365855123005449,0.8409409510976195,0.7884872473063684,0.8565526824596623,0.6370346627795147,0.8272020589585902,0.8941633021184561,0.9906101182904485,0.732368971261729,0.8501879222886377,0.7362929948322127,0.8799806564571195,0.6789490510241767,0.9346443595309788,0.7182658055301061,0.7998552563021784,0.9824668141944686,0.7019250516286191,0.6855975021281512,0.5351338535919643,0.6759677990610585,0.44120253751987015,1.1102230246251565e-16,0.9818008348722196,1.0326739188739673,0.9431835088100811,0.938420667828229,0.6282693679876804,0.6410701547796245,0.5890436176864146,0.7019939860106617,0.6789954806611583,0.6976679383736151,0.5834465299393345,0.8162889682856314,0.7636549507533015,0.8351689514285932,0.9699114841782424,0.9335299525865928,0.9137610384102476,0.9269919334461714,0.7659867346462487,1.047815155281046,0.8556383670011005,0.7934623194057151,0.8223936490939524,0.5756731698950633,0.8698225156942999,0.9471102787141115,0.6964241455167458,0.5337727020477943,0.9883773571889358,0.6097423376011186,0.8650304079487794,0.8220198614341971,0.8417313880988575,0.692469739810861,0.9495572839955237,0.9776595781596202,0.7154212501578285,0.6427801321101501,0.5265753774195052,0.9846686951416344,0.9697873967656043,0.7046577627255024,0.8663564039403122,0.8618751445622317,0.781097391798334,0.8484764389373525,0.9751386061446027,1.0089778363144934,1.0057690146120757,0.7760787710668957,0.8000863273208476,0.8697441702249542,0.5876355778027894,0.914681085835546,0.8620682925421211
0256,0.6390975967374157,0.6858096652932953,0.7161713734236232,0.8196975958766535,0.7094332649645516,0.9510397446666017,0.6537289618276121,0.8282675084779503,0.9821032893388718,0.7906892641305747,1.1065289323324072,0.8143510947892343,1.0199969211132625,0.985643220634348,0.6547065504507861,1.0207616245396613,1.0014757978484257,0.9417583966404097,0.7319773656920756,0.6829795644321042,0.5934457889169662,0.8545512253816507,0.8292849474613301,0.4616036104133511,0.5873979300728293,1.0442258959343829,1.0812322435349262,0.9217600229481159,0.8854014239089081,0.7415970177723743,0.8458669323609271,0.9067213355544804,0.6977479546662477,0.6601006617179908,0.9451686206150178,0.9456198884226494,0.8995465846733329,0.7783807884644326,0.6781106580622451,0.9818008348722196,2.7755575615628914e-17,0.8730346730578205,0.5823573564083334,0.7241057489330758,0.8465187230513838,0.8715634369234158,0.8759949405359988,0.7427744092136432,0.9522762939121583,0.8799223610231507,0.905239054302106,0.7013825266553441,0.7458996130617676,0.9612955478496681,0.9703419860256881,0.28943115410785925,0.4331019538322546,0.4355212611162952,0.43176356570588936,0.36018154441403943,0.5422821796537165,0.8283731693433415,1.0120028706636268,1.1138926821205242,0.9468916734734131,0.45224552201877555,0.9314389286573334,0.920597595489034,0.9907571842273362,0.7545608701745173,0.951797438058696,0.9470767269614186,0.9137865778432666,0.9134308024401245,0.8694093145776588,0.6719939397127583,0.7486524823053371,0.724149923792315,0.8356932218121662,0.9846971666477724,1.0459860879714047,0.8136793943255898,0.8714363207589118,0.8666483225791131,0.9294226161017526,0.895664892796864,0.5608971905858516,0.18475461245967295,0.26563595436731646,0.8522369308611033,0.849537512970626,0.7568674168475881,1.100079787192501,0.6662415575807962,0.9996755105703783
0257,0.7393011138242482,0.9503720116388172,0.9869160151384939,0.8962020848065966,0.8214848030640046,0.8527203682338365,0.9102987222791812,0.8912637344496344,0.8817572280338928,0.8733652372250071,0.959439824070495,0.9139732555606151,0.8972027677542176,0.9772767257104285,0.8857178358394919,0.9118325419538127,0.9387292197353816,0.7971442004819362,0.9192707040141872,0.9036942731288319,0.922135335452141,0.8920305573084326,0.7761390233167659,0.9463860217780957,0.7754586485807569,0.9743090001044377,0.9976201476481399,0.825793973008029,0.7727147112913301,0.9124127103927396,0.7378155187519724,0.7819068966874979,0.7287066339556927,0.7401593725166801,0.83615331661182,0.8376765622341503,0.9414047787634641,0.8481745599018833,1.0613971549828751,1.0326739188739673,0.8730346730578205,3.0531133177191805e-16,0.756195564999235,0.6883481182493754,0.8398123343200619,0.8804406311264592,0.8559825860912438,0.9460332605328359,0.8421844037632006,0.881762841612831,0.9032288318298065,1.000948255128678,0.964354303060637,0.8167417609504053,0.3369371966042579,0.9959469893107641,0.9353606310680217,0.9587147017917086,0.9903019882127089,0.7829739951294542,1.035559733819854,0.8702535407831566,0.8783342109296304,0.9598599665545722,0.7355831373337784,0.7184226482253612,0.9102571682611192,0.8696780754437501,0.32035709990817685,0.7840678681451638,0.8164445945970575,0.8777895431750401,0.751376606790239,0.8430729812620401,0.32367003958192286,0.958196540952443,0.9693207242260946,1.0233035064583658,0.959347128769868,0.5254673133122449,0.424025762760675,0.9991680784318946,1.0131322426623506,1.0217271483357444,1.014005570445618,1.01658671915767,0.7880962859218887,0.7946786512924674,0.8175266176475956,0.9030133271090869,0.9094149737851487,0.7294254865395663,0.9611445277069615,0.7463055346899653,0.9557252090245053
0258,0.29968184948267984,1.0336421774858877,1.0455354638878638,0.8252698924335773,0.4249846645253318,0.7960688732467004,0.6814608519722574,0.7867793324562036,0.9558403280072825,0.8901706890610106,1.0266030507135602,0.7452920330131416,0.9903547287110919,0.9958027181165165,0.7054462593544145,0.9717629502668925,0.9754394026592274,0.8186244852576737,0.6932853594375996,0.5941591757953031,0.5305650250633694,0.9103511280858638,0.9419729814519976,1.0413556191735338,0.3713248998125951,1.0097734615855494,1.063661861900543,0.7406537115039402,0.7595736779567308,0.6107401992585431,0.6883773988796847,0.7866465349726413,0.49734187650478145,0.42110162346292024,0.789737983743453,0.7844455919816035,0.9781583571961953,0.7786121673817821,1.0025687562400418,0.9431835088100811,0.5823573564083334,0.756195564999235,8.326672684688674e-17,0.5466663699584714,0.7201116403766544,0.8024244020541231,0.5784991528588761,0.46892136811370094,0.8408759805950374,0.6039445363979827,0.6658721920702295,0.647339284523673,0.6634949765400662,0.8646554637028031,0.898969272818938,0.8014223686106374,0.7624950529656918,0.923494059134693,0.7744411672872598,0.7825365636597925,0.8282020205484204,0.7017859677685607,0.9532541700378465,1.008036030617944,0.7522274954179471,0.5965898170682409,0.824946695790887,0.8990779294158796,0.9090184137065704,0.5464624059384198,0.8738365593593915,0.9525929463935778,0.9054269514977076,0.8829060978802235,0.8701109210538094,1.0522287247285118,0.630508463803026,0.879575377388552,0.7578083030908178,0.9959672248892953,1.0202845716424724,1.0424171591588087,1.058492959599636,1.0618084612356844,1.0432308779655164,1.0547042855557593,0.5225742185173456,0.4461358404703831,0.4853837662726731,0.7933797646236426,0.7567095771846892,0.47309632680956476,1.0372229406447195,0.647074950796629,0.9770875122222283
0259,0.7305053176878746,0.9017427485142513,0.9763603202003845,0.8344720229672085,0.8605412266100195,0.8295398412287704,0.8316661970038558,0.8972412502747649,0.7807231960788561,0.7946233151038122,0.8652639700756122,0.935316447761394,0.9034652647676866,0.873706342360905,0.5991299502065112,0.8061917103276495,0.8226395699057021,0.5478799271905589,0.5450286179220409,0.6824058678344206,0.7186021593851348,0.8313327201763123,0.7587011758745896,0.9558434380281158,0.6331182105132208,0.8955751074029177,1.0053426360393503,0.7976564968519753,0.6793564094261122,0.9243106506292162,0.7047172745118833,0.684404138678405,0.6811604207189337,0.5299587658936435,0.7633784967969466,0.7397733096281609,0.8283563421747929,0.8113318323269554,0.9895826833002732,0.938420667828229,0.7241057489330758,0.6883481182493754,0.5466663699584714,2.7755575615628914e-16,0.7527968287988049,0.7229872237711726,0.7952119049606493,0.7071303506681623,0.7552337245703948,0.8669113662526955,0.8031931748428845,0.8439738646351587,0.8405834863131056,0.7009808555021787,0.8107075956556558,0.8952722847084449,0.6772375504968323,0.681637871361945,0.8657489254784789,0.793502538731039,0.9433347136387367,0.7367607389143358,0.7814578144185126,0.8684305310616318,0.6234290600011249,0.6543948952745756,0.7240459925093943,0.9042012146790628,0.8500630376949845,0.6819976868065813,0.7082528010768225,0.8426041050365384,0.7053596074621699,0.7587181125075939,0.8717590572116054,0.9643046966519759,0.806874345999411,0.9536620571686006,0.8640712458892004,0.7940421546116955,0.9645529016523795,0.9834152648816442,0.9875772277642888,1.0277828962696007,0.9796307068433345,0.9956230727667283,0.5606630211179614,0.5806743889819921,0.6025923075793981,0.8046473453441575,0.6381854327588808,0.5045756266324716,0.8895954570261749,0.7835339674269687,0.8327590261993587
0269,0.5730507700754776,1.1003891210286096,1.0636090417979762,0.7764435956481885,0.5039126356391146,1.0070276660416189,0.7660863014447048,0.8539233609307796,1.0525885754683317,0.8514087502538668,1.0876069410192046,0.8533623871933588,1.0659167454143463,0.9776949104788695,0.9944997131250194,1.0545031041197208,1.0275905793778637,0.5104519285849911,0.6557799366626029,0.6390577584757136,0.7152655727323505,0.941321104974454,0.7227075591239572,0.9472636488612551,0.8112872619827065,1.0258413668588884,1.0705809532519552,0.9647438997404864,0.9816019949378376,0.6911198651936081,0.97197924701136,0.9679527600833444,0.5224549000955843,0.8584351093122375,1.0044601695657467,0.9895325909154082,0.9164277668879177,0.8393088783991962,0.874109780170389,0.6282693679876804,0.8465187230513838,0.8398123343200619,0.7201116403766544,0.7527968287988049,5.551115123125783e-17,0.15791958880423432,0.7538017464243751,0.8824191477176047,1.0047324157982156,0.8699618446509318,0.8619028233150183,0.7019675713516528,0.655102464427173,1.0077820162479012,0.9596337719156416,0.8525775865756486,0.7355190099455504,0.8282196806489571,0.7873515282033416,0.8797607551996238,0.7938018792547447,0.5630152889325861,1.0582741067672372,1.0717006198947039,0.9003636241850195,0.8315762838086802,0.417814948326557,0.6456130193866183,0.9549740157732287,0.3168954596372436,0.9947203800432941,0.9623704154571084,0.665303153169875,0.7218738858195931,0.8748124225714458,1.095650217947584,0.6295509879964125,0.5766642478134355,0.3406163191150684,0.8983191609784742,1.0525470946728388,1.0522092368734943,1.04525172678082,1.0432698375977871,1.0310634112288295,1.0413226587303874,0.7997948588343129,0.8762299811028231,0.8943991209877779,0.4844210803643373,1.0121734574022545,0.5153125886042571,1.09084377599551,0.6974699400324755,1.004824751778242
0270,0.6249407834169664,1.0704947425867863,1.0519297842589785,0.7054302411514914,0.5781804649157947,1.0435757769670593,0.809819539746911,0.9204915999378424,1.0061919318916868,0.9014715099980802,1.0816270891615694,0.8915241042132487,1.027904684387618,0.9729076442752147,0.9842679335086323,1.0274795324173482,1.0072320041867218,0.49811730344059124,0.5331641076216579,0.5893097732116886,0.6810398717472876,0.9618525526650862,0.6805581015039288,0.9274251227386515,0.8725098700385785,1.0241078278051625,1.0647617734632697,1.0137056985998192,0.9736353048599684,0.75334440221555,1.0006312376859567,0.9954959156838159,0.6007598885944887,0.9264444351801794,1.040209074030641,1.0278317789680567,0.9231158271130839,0.9036874339414247,0.8583934009168277,0.6410701547796245,0.8715634369234158,0.8804406311264592,0.8024244020541231,0.7229872237711726,0.15791958880423432,5.551115123125783e-17,0.7949140182203878,0.9151617581980385,1.0381760871245962,0.9097225582545763,0.8975510359634722,0.6490198275154917,0.5944688366374306,0.9756133489861901,0.9520184287607014,0.8199022667658522,0.691085990000688,0.7081354153438401,0.7651033206719149,0.9232416945520036,0.7503182390543959,0.4730406983294128,1.0251168120372784,1.0800142863381859,0.910279098574707,0.8908423922725058,0.30571657659053086,0.5862200028652271,0.9529306990209562,0.3664994746127425,0.9684848295996278,0.9437913741181796,0.49746905942415315,0.6678569891393391,0.8671385561977807,1.0784328483029586,0.5842025195957886,0.6022747072846575,0.32547342728714423,0.8455286169950966,1.040992037467178,1.0739968068773982,1.0508708237316067,1.0612263390829477,1.0497978096957352,1.0558794572869554,0.8737570192958543,0.939646837345699,0.9509773757593931,0.4546443307255156,1.000712785497352,0.4863366047625597,1.0802036815378324,0.780709571091134,0.9961781993394234
0293,0.49938780395833854,0.8901974162286009,0.9815985636955467,0.8506867540647263,0.588534164960042,0.4350580284898988,0.7584784871486727,0.5752359630008921,0.7841841435522382,0.6124208580728752,0.5510220085281353,0.610107294867949,0.6667247101181589,0.731520740302002,0.9080312678611959,0.7980998404144988,0.8455241911369559,0.8114750782272577,0.9488818294007204,0.9032027402949531,0.9074777247850746,0.4797629847304119,0.9178267351245258,0.964496667412014,0.7455527846061942,0.7385383459762525,0.8194110236070377,0.39254692734737995,0.6050651639356486,0.5948856118216663,0.5883587001778652,0.33617264373695455,0.7404997630578531,0.7393186374289025,0.33936703725882,0.3424761348199338,0.5784616136757421,0.5833283300340147,0.6356494802583588,0.5890436176864146,0.8759949405359988,0.8559825860912438,0.5784991528588761,0.7952119049606493,0.7538017464243751,0.7949140182203878,1.3877787807814457e-16,0.3657803104523063,0.3441835703873136,0.17745613350619158,0.12293336018153533,0.9148570961373363,0.8884694035863033,0.6992062154427905,0.9310287040822495,1.0368184021960172,0.9871537024702394,1.0246903003955818,0.8760878973676745,0.905615709259393,0.9348759680587098,0.8676960978848857,0.7827124711007031,0.5735002134851008,0.8158247840992401,0.6898567368417833,0.8924506589886925,0.6790287948841047,0.9782406331663049,0.6714541410175402,0.7531630422394662,0.7452207841728713,0.9614937455778281,0.734710758817377,0.9278315351065998,0.9649252393492314,0.9098795854722252,0.9330538410650199,0.8757618330140754,1.0019096966100245,0.9572671278656057,0.7592952880497633,0.888530739596219,0.9057397015102775,0.8501678929119147,0.8884290115278946,0.9027833379299182,0.8400047814010274,0.8410350552798718,0.6355878016670198,0.7403262975845045,0.6216455805051819,0.551866925603015,0.8046859709370837,0.8734934936273555
0294,0.6982457956900598,0.9261183374793842,0.9880563638568092,0.9677766275245367,0.7393476226761344,0.5773252585851376,0.6601657804051867,0.6663992330413322,0.8188612586201583,0.7031408127706089,0.6561256656422106,0.6620092528019726,0.8574766967270299,0.7837049628419563,0.7629966899815057,0.853036276966906,0.865107010262917,0.9116496906115823,0.8034442384337013,0.7653377108556332,0.6879791343306525,0.6022926240140922,1.0093860804400858,1.0505955067773483,0.657574315729768,0.7771583430165718,0.8638944418598271,0.506309260418529,0.6923298564296559,0.7129560597166977,0.6885628307922138,0.5981934578540457,0.857525021348235,0.5689362810310845,0.49152204988944037,0.49802447994885446,0.6738169134071564,0.6745212873446906,0.7181623237177182,0.7019939860106617,0.7427744092136432,0.9460332605328359,0.46892136811370094,0.7071303506681623,0.8824191477176047,0.9151617581980385,0.3657803104523063,5.551115123125783e-17,0.5081172566833319,0.3725195598041736,0.3070439432540907,0.7852614567688279,0.8534461873357431,0.8851574468807688,0.9941980509787154,0.9229419429752146,0.8670749508551951,0.9302541999323007,0.7674257650683731,0.9811573499281518,0.8091968865606777,0.9128657843516937,0.8284474916877815,0.6978344434997857,0.9736527587022428,0.7863352396128924,1.0038542436047908,0.8042834384531345,1.0537427267598651,0.8110275187016546,0.8903386489230785,0.8926120543915077,0.9956374862218118,0.675899416705595,0.9808176556814957,0.9871437154272195,0.7773182562346057,0.8580304995391824,0.8843018288182417,1.0384567434714453,0.9797697636379595,0.8342781816368152,0.9053159389849947,0.9441313856010276,0.8916518009919969,0.9175314023214491,0.7035335231251958,0.7063427798283853,0.6718475298277357,0.7567438637105565,0.5577368940120737,0.7492965829267948,0.6540427083791196,0.9134074622672014,0.8770692666637829
0295,0.8043218982797584,0.7116870273764787,0.8959172211408702,0.9297590007621626,0.9262671210912721,0.22384018989105597,0.7667541741012721,0.4283788594143837,0.5606573149373315,0.36603694950359966,0.2828591840683727,0.6420342519714117,0.61081850040387,0.6134810612351977,0.8744556641179406,0.5998305116900519,0.6970485653763732,0.826383824162242,1.137273286252933,1.1209343536830205,1.0926563804480198,0.23944050482894044,0.8641423615765453,0.948940687818122,0.8666086983963908,0.5932914973054199,0.7108036535367219,0.19586946190831106,0.3644437582492688,0.7457071541331092,0.3453781146850145,0.154959546740543,0.8922598871551979,0.7334852874605282,0.0471624008456803,0.06130425258611738,0.33674075850303464,0.37297218511812713,0.7363975622090679,0.6789954806611583,0.9522762939121583,0.8421844037632006,0.8408759805950374,0.7552337245703948,1.0047324157982156,1.0381760871245962,0.3441835703873136,0.5081172566833319,0.0,0.33021405735250675,0.26532459154884835,1.1585340407421505,1.1377000556134713,0.5750068896169426,0.8890511949894941,1.1805043069515269,1.1068149784081212,1.099894026496114,1.0805653465125147,0.8843149230758509,1.1242843324129583,1.0724777109596886,0.5273052454382031,0.29909217045981196,0.7180447290792668,0.7080241150920491,1.0914205037979394,0.8031847722134403,0.9632843078371299,0.8533879690598571,0.6152079943675193,0.692505960504837,1.0704964707911757,0.8468742528603386,0.9681941257634339,0.806741410622169,1.114995423319661,1.077839430766285,1.069158364077548,1.0017348443258953,0.8512765666330186,0.6078528084501198,0.8090009591485966,0.8475571018648067,0.7658961426993327,0.8093690148855976,0.8569783350120159,0.8701241142333983,0.880176085230255,0.8346718911911669,0.6334314078853909,0.8273680184975247,0.2931820002347388,0.796956316426142,0.762975190723373
0296,0.5490814448263811,0.7954942151826883,0.917374643121643,0.8529339272645178,0.6073325426835292,0.3626491494558629,0.6995377697915266,0.5282909203505812,0.6820512643214445,0.582534602583669,0.5596604161308267,0.5138858370929211,0.7051627048637823,0.7621772512699685,0.9347713069342789,0.7433955435164431,0.7993315353257924,0.8915428759022695,1.0313902445409748,1.0089795218413065,0.9475114840673238,0.4138020072391916,0.9672868546511731,0.9861645607758656,0.6891297974363275,0.7561401132671592,0.8057359450882369,0.36514258468116034,0.47696626083077226,0.5150818261664931,0.44751466263857753,0.44625359621386784,0.7432879215167526,0.7295523006526768,0.3144415752775994,0.34868095108607067,0.5552346525133827,0.5368712637555392,0.7155024248873911,0.6976679383736151,0.8799223610231507,0.881762841612831,0.6039445363979827,0.8669113662526955,0.8699618446509318,0.9097225582545763,0.17745613350619158,0.3725195598041736,0.33021405735250675,8.326672684688674e-17,0.16810558843621087,0.9885025246332895,0.9857899043765022,0.75886097781517,0.9489221960476376,1.0426985506599462,1.0186523196347537,1.050589865725194,0.9491884144693901,0.9197422777646208,0.9657291226547855,0.9286081819550531,0.697905268349105,0.5897802401301985,0.9023133405084498,0.6703795571507917,0.9962628617614964,0.7234700516345246,1.0171218508047586,0.7449608810572179,0.7695208510891478,0.7892087493852147,0.9856246380762237,0.7657498751296935,0.9373100193881834,0.9001867439149899,0.9930616567266787,0.968910286729314,0.9577485578314577,1.0289125940763846,0.9154766600052346,0.7896183644852257,0.8946480765461188,0.9275510475814787,0.886445601264398,0.9025408556117507,0.9038605906482287,0.8734229995615512,0.8598252014326323,0.6401284548176884,0.7894974342722186,0.668495051385904,0.5695845250939158,0.7805913432670959,0.8513424551856554
0297,0.5912042714159104,0.8358523291778791,0.9499828381732148,0.8883094881089404,0.6759166261835095,0.41391148718382914,0.733105832220999,0.5422283362625824,0.7042618892841207,0.5307697253714604,0.46671266687664537,0.5892472430967093,0.7694044833694621,0.6998871915623857,0.9245959837112979,0.7331048635646309,0.7773732728922903,0.8219143496653565,1.0075549370852426,0.9814134313199222,0.9676135544645086,0.4284845437357814,0.9571063413129659,1.0209076417001222,0.8020015633059766,0.6901475611267434,0.7857860438083883,0.3084229380638662,0.5436995511380913,0.5959463086085717,0.5331116815786615,0.38979193915798405,0.7926209763981495,0.793747002889526,0.24870018906685804,0.2596559092573119,0.5053049840453069,0.5268408673261284,0.6012744684094198,0.5834465299393345,0.905239054302106,0.9032288318298065,0.6658721920702295,0.8031931748428845,0.8619028233150183,0.8975510359634722,0.12293336018153533,0.3070439432540907,0.26532459154884835,0.16810558843621087,5.551115123125783e-17,0.9958351343691596,0.9715178697856793,0.7491828004233484,0.9479509138087527,1.0690995073260123,1.0243277336604537,1.0486965037114686,0.9367181046534132,0.937990185266037,0.9962370483886196,0.9391421374116133,0.6968058253378003,0.5350437977944309,0.8620608836439069,0.6950876647405548,0.9807925173299203,0.7342302186917388,1.022932326713442,0.721145714122259,0.7660633999226031,0.8251828045729734,0.9840706909749207,0.748754897411702,0.9540115868471329,0.920258780176788,0.9803360608134893,0.9771552239176695,0.9641028556786078,1.0229223903223972,0.9332344840613002,0.7495286453332528,0.8619356493980559,0.9080749962476353,0.8428714816962393,0.8762085880232756,0.9267356376879663,0.8651928878455258,0.868552187404411,0.6735523415347351,0.7550644263035636,0.670829707391687,0.472952289751819,0.8669503136235172,0.8061788220414937
0301,0.6956103110029938,1.033613390763862,1.0321925965874175,0.49311635971411716,0.5541142998600835,1.1250924385172414,0.5754552476423802,0.9885650203664841,0.9440934733732864,0.9318325110828801,1.0739543187136127,0.9267179026898376,0.9541724197875501,0.9921548337575137,0.706255548765913,0.9985912165836786,0.9994937034599463,0.9335132160440336,0.24707494982250633,0.12668117322364278,0.16204864550885345,1.0075287710805214,0.6397898490956762,0.842984729550493,0.7490327234514853,1.038725075424399,1.0568524835625142,1.1263979753970872,1.0432873054176488,0.7263933934437187,1.0699324291093295,1.0723968436090638,0.7163772125671654,0.8332934250120375,1.1523632180464927,1.1414571219847234,0.959291042807688,0.9806308866109519,0.8211180220261959,0.8162889682856314,0.7013825266553441,1.000948255128678,0.647339284523673,0.8439738646351587,0.7019675713516528,0.6490198275154917,0.9148570961373363,0.7852614567688279,1.1585340407421505,0.9885025246332895,0.9958351343691596,1.3877787807814457e-16,0.1463192666978599,0.9230554100895105,0.9268073387810574,0.4567994280170466,0.591702605289728,0.6645603340285924,0.43729755097968753,0.995939678355583,0.351011498614334,0.39343674741297374,0.9714295635435439,1.0917838999268787,0.9025649461141707,0.9699291717483526,0.5370614597121295,0.7148469322262159,0.9584848360942037,0.695934519238866,0.9212366148052382,0.8703786009929043,0.614373910351666,0.7525856214777613,0.8733065363683192,1.0464059798632346,0.1397964453954694,0.5198288477341266,0.4504138313935826,0.9599674247660189,1.0159549689732297,1.0957826191945066,1.0741998586714476,1.0853773582811739,1.0839274806967485,1.0844937713032752,0.6279022889309502,0.8128998692012841,0.8232108235710524,0.7525446624751156,0.7696767484295995,0.811275150824058,1.0785846893384334,0.7728827689259207,0.9918826466609586
0302,0.5921730687412543,1.0246249173282107,1.0349742018812065,0.3609087040362114,0.4678753476661399,1.1127193833221996,0.5922341970741407,0.9603568605967492,0.9332452808208108,0.8970926521747553,1.0454668870471826,0.9199044084049974,0.9461392428071698,0.9700098815272276,0.776783362501891,0.9633601377257169,0.9829969226709059,0.8626641230407739,0.3108429904957003,0.2279437533760692,0.24315872704862873,0.9932985523915905,0.5597848008881783,0.7971762263820374,0.7808074050509326,1.0248678076263962,1.0539210987583594,1.1131201936442245,1.0183023340183859,0.6446637731724002,1.0558664664996404,1.03234367791539,0.5883161963116735,0.850098845798455,1.1334674633894388,1.1150465299451597,0.9249559728947304,0.9365715781227613,0.7711195943887099,0.7636549507533015,0.7458996130617676,0.964354303060637,0.6634949765400662,0.8405834863131056,0.655102464427173,0.5944688366374306,0.8884694035863033,0.8534461873357431,1.1377000556134713,0.9857899043765022,0.9715178697856793,0.1463192666978599,3.3306690738754696e-16,0.8873388435170009,0.8923857582857757,0.49891832848116746,0.6112461377617369,0.7198285673358864,0.42215356931783354,0.9734224720039446,0.4616566245634471,0.24714151857762703,0.9453393533208936,1.0521111783441468,0.7946916553092984,0.9196321007261279,0.4253353992431945,0.6700536889257032,0.912663798535156,0.5888216320911028,0.8812924448698785,0.8501485327670001,0.5412937369297436,0.7667572178665474,0.8288981761897013,1.0394005613961084,0.20866596504058116,0.5853853910376057,0.44822283300166027,0.9440344294256507,1.0028912197946553,1.075428486221594,1.0705630597374443,1.0780705561187043,1.072118342692073,1.0760318335708239,0.7273276620018392,0.8642752720030908,0.877271318492296,0.7407684872538356,0.8443959259915559,0.7414187394512091,1.0544477038170161,0.7117711245619591,0.9772152593253212
0313,0.8073449612333492,0.4427238290472604,0.7509914370712778,0.5525824566321555,0.944174940780302,0.6799647452957296,0.8412452508901218,0.903059347414026,0.21212951194707225,0.6558398155327728,0.38517596994915865,0.9765792378120104,0.47911456981897493,0.7223635941344787,0.5902402209870408,0.30571487208360126,0.5099501026578244,0.6014036382434346,0.9413803606097677,0.9136066530470706,0.9461324103090747,0.6495535719320601,0.6911308446211566,0.7777440475035712,0.8737516028395319,0.6899761707536592,0.7896807169679025,0.7243188487842306,0.3214358890702305,0.8551344589370237,0.4205591552647179,0.5103278389643372,0.9302479759375524,0.8228547894437337,0.5937776039080896,0.6042751740634834,0.6498677741364765,0.7488632928463197,0.8918707398450014,0.8351689514285932,0.9612955478496681,0.8167417609504053,0.8646554637028031,0.7009808555021787,1.0077820162479012,0.9756133489861901,0.6992062154427905,0.8851574468807688,0.5750068896169426,0.75886097781517,0.7491828004233484,0.9230554100895105,0.8873388435170009,0.0,0.5993175848842939,0.9946348118767308,1.0559543745052433,0.9331160440239148,0.9772625620621818,0.9025510814120836,0.925714289178104,0.9215771610875237,0.149640493623199,0.4016816286175364,0.242699795392647,0.6793131922900569,0.9022352568055241,0.6792115442892058,0.6906997754240729,0.8739675460222572,0.08864833583991866,0.5887597532413882,0.9010637619820427,1.0761997063034046,0.8047215227012202,0.5471814251070848,0.9210062350237886,0.9559712902902733,0.8908789855131681,0.8274155763242279,0.6502314075508747,0.7352890455877912,0.8852699880514007,0.9334071925003706,0.8754957655425413,0.8919462796903841,0.8225409438017527,0.8983825407043169,0.8934617151518484,0.9285392643771146,0.5462675807889883,0.8331497396127302,0.43905068331761876,0.7728880703168457,0.6284263635831476
0318,0.878929451150094,0.7928603512011994,0.9062765150762567,0.7224679546563416,0.943868309419581,0.9029158743876318,0.9787917515174489,1.0109573232968168,0.6626002978631547,0.9244701103403352,0.7957874728396692,1.0160769209408502,0.7299877296709696,0.8971839649703859,0.747682850955998,0.7244342540644992,0.8059574909717548,0.7445387308028606,0.938309638647622,0.9205335442566493,0.9137568025293661,0.902289326332595,0.8513461084198524,0.842411077719595,0.8909444950958708,0.8904968137950141,0.9299135289735435,0.9290910923585933,0.7463043991931746,0.9995209731026082,0.7949585224267031,0.8205094371119923,0.8929183845292049,0.8460727150727239,0.8918460647696026,0.891742544857639,0.9176198131284843,0.9583349946792693,0.9974162136867357,0.9699114841782424,0.9703419860256881,0.3369371966042579,0.898969272818938,0.8107075956556558,0.9596337719156416,0.9520184287607014,0.9310287040822495,0.9941980509787154,0.8890511949894941,0.9489221960476376,0.9479509138087527,0.9268073387810574,0.8923857582857757,0.5993175848842939,0.0,0.9388292735852144,0.9808268536172441,0.9812848689204944,0.9612384686008628,0.8940412660139403,0.9504592297239134,0.9073456975449272,0.6493029398561168,0.7943937912538527,0.4901513731313726,0.7518881987572987,0.8959801492806396,0.7136805510792708,0.1184326478972757,0.8718308686917248,0.5352677734516698,0.6649274767685668,0.6512483769997687,0.9204360761577334,0.23777600659018977,0.8333855125036124,0.9046105733201215,0.9788357672848756,0.8933080793548932,0.48313068766716644,0.24267090668569302,0.9189019672494357,0.9729247217478232,0.9906141925269055,0.9697596032843132,0.9724630165530894,0.859269349182423,0.8911745400757365,0.8951440938574973,1.0009487168218392,0.7156927085507696,0.8746537457298403,0.8065308140367552,0.8543876439107216,0.845079739410364
0323,0.831042646334223,0.6992615576684604,0.6985552351958937,0.6538969435304819,0.7802092846717208,1.1382683740713688,0.8126895642651748,1.0399176992502275,0.9740700532478193,1.0147282959454167,1.1254880108416494,0.9583722338967724,0.9793680625491302,1.0058296746127244,0.6563905032002002,1.0413539286927893,1.020867099469617,0.945239340359781,0.5664109368564214,0.48344594022284476,0.4716914829255484,1.0415423456445225,0.7941673547521535,0.3429388470444894,0.8151212031658784,1.0594911217870513,1.0670456734224676,1.1504742449079102,1.0788394365360892,0.8580417562960391,1.1005052474988826,1.097083877800243,0.7700720955651217,0.8782897556598046,1.1789587821733731,1.1768177115484764,1.0193496300441285,1.0330155394280465,0.54982555157669,0.9335299525865928,0.28943115410785925,0.9959469893107641,0.8014223686106374,0.8952722847084449,0.8525775865756486,0.8199022667658522,1.0368184021960172,0.9229419429752146,1.1805043069515269,1.0426985506599462,1.0690995073260123,0.4567994280170466,0.49891832848116746,0.9946348118767308,0.9388292735852144,1.6653345369377348e-16,0.34318241925361115,0.334646630650615,0.19618668061649297,0.59713172269554,0.3196906591654867,0.6615022578503635,1.025118641711305,1.1394749139038267,0.943181441812527,0.7095151112746938,0.7586432136482911,0.8553713056278519,0.9594772785265855,0.8242485944335208,0.959505808847435,0.8823290298387936,0.7559816232659793,0.9140741558865256,0.8867571137757226,0.6597244760552917,0.5294192155860203,0.5682862120136926,0.684258229570988,0.9668057495578355,1.037788064673235,0.8166044293566531,0.8775520556723388,0.8708972801963524,0.9497791707518493,0.9043693869924527,0.7348523617278191,0.43877376248206756,0.5219268247484774,0.9316448857750834,0.8420943684146116,0.8920342074729231,1.1163912521755424,0.8389308080327418,1.0125502831245563
0324,0.8567010167260622,0.8440332870651341,0.7976271003471047,0.7611671330745287,0.8132823573671997,1.1026136468317431,0.8490969481788425,0.9851591364410599,1.0770077556479423,0.9973370190554186,1.1400736121370905,0.9676887919180219,1.0785585024686979,1.0049596531679772,0.7401050475820246,1.0876552066465637,1.0503748127638,0.8378841967186622,0.4905517196056207,0.5293404882688134,0.5441631018610372,1.051538758734888,0.7662897694697178,0.5699109261700123,0.8208439211629293,1.0578670678408313,1.087667390352898,1.0852651198944492,1.058667390033281,0.8583053723300321,1.087888658466479,1.0710462615190663,0.6840805443385588,0.8198405416208019,1.1188608091048171,1.1145736119189282,1.0014045746304379,0.9905645236383922,0.6740898420841736,0.9137610384102476,0.4331019538322546,0.9353606310680217,0.7624950529656918,0.6772375504968323,0.7355190099455504,0.691085990000688,0.9871537024702394,0.8670749508551951,1.1068149784081212,1.0186523196347537,1.0243277336604537,0.591702605289728,0.6112461377617369,1.0559543745052433,0.9808268536172441,0.34318241925361115,3.885780586188048e-16,0.27189875494856375,0.3970002973112216,0.653157939434641,0.4148912449139539,0.5156663898115673,1.0968233930588007,1.1109467017718129,0.9531579171376476,0.725464550997526,0.5428948343611879,0.8720884380716756,0.967430906665607,0.7150024421886851,1.027965601585272,0.9808468804568815,0.6011741802235855,0.6792509132288554,0.8920739501067968,0.7656996147152775,0.5379837876165905,0.5878059282572452,0.6972437662701104,0.8903904812785344,1.071461621064663,0.8159366572347503,0.9067110811591642,0.8692330567288187,0.9283866689821538,0.9025270909666698,0.6772596373710936,0.5016264251334197,0.5245926543468629,0.7396049833087955,0.8714712558258421,0.6907387241435264,1.128567504587132,0.8765357803782506,1.0339873070988683
0325,0.9623130869717618,0.6842755135946353,0.7129912308267206,0.8012130303239626,0.9077080999909966,1.086659268954102,0.7761163043478967,0.9812299979072727,0.9526260517779375,0.9479446076522428,1.0511901302937392,0.9532608446563702,0.9980209443552313,0.9661594499272186,0.7363463269442774,0.982338098331242,0.9804468572449252,0.8341008447004395,0.4751422413412859,0.5994101259968454,0.6753013367319645,0.9979996344219311,0.6953874269796579,0.51255065649285,0.8697915964542764,1.0135534572536682,1.0410646497679523,1.089233247628958,1.0256114250907946,0.901753564843685,1.0539347936994536,1.0584689186526948,0.8208475642572834,0.9110104954896001,1.1048041090020368,1.1002709825721784,0.9599947366327277,0.9626358077018695,0.6223863993107142,0.9269919334461714,0.4355212611162952,0.9587147017917086,0.923494059134693,0.681637871361945,0.8282196806489571,0.7081354153438401,1.0246903003955818,0.9302541999323007,1.099894026496114,1.050589865725194,1.0486965037114686,0.6645603340285924,0.7198285673358864,0.9331160440239148,0.9812848689204944,0.334646630650615,0.27189875494856375,1.3877787807814457e-16,0.41734172638757844,0.6839886842100791,0.489258170510678,0.7046722262842009,0.9646228388648286,1.0546932464005239,0.973429813627829,0.8271169729689962,0.6847599940599585,0.8861381745258254,0.9863912415129428,0.876170528932082,0.9334302946464588,0.9559599434647612,0.6143563523190221,0.710847151011451,0.9310448115051007,0.6320930172406489,0.7207607960187113,0.6374779811024266,0.8076065619117191,0.8199361969471582,1.0038951377781964,0.7837399488069875,0.8596568298310818,0.858949720001178,0.9185430757271297,0.8833355617578854,0.8282989369828275,0.5832597742279111,0.6276612268742194,0.7771771396269045,0.8733726056784306,0.7645824883398488,1.04034587323397,0.8898239350172792,0.9844828752115549
0326,0.79988099961517,0.7590826438299293,0.7913984576576483,0.599594114707791,0.7310090622793546,1.069937558343712,0.7392692813978264,0.9448861048704501,1.0010765167849909,0.8918000738524232,1.0035395790810624,0.9082400626225822,0.9294262520475411,0.9309483802891334,0.7054080572888826,1.0246277271284596,1.0088255690683587,0.8938074717626555,0.5205449735646778,0.44372781324656957,0.47427214933333434,0.9536906653541126,0.7443906180161057,0.41865173905702535,0.8202710360938911,0.9858109572525144,1.0256963150772087,1.0653355867416983,1.0790505022133152,0.7972950991998004,1.1160141702067097,0.9821164317862724,0.7241818388362371,0.8166971492945896,1.0793092973321863,1.0700391139450582,0.9003279455969391,0.9398598906075684,0.41569349356370927,0.7659867346462487,0.43176356570588936,0.9903019882127089,0.7744411672872598,0.8657489254784789,0.7873515282033416,0.7651033206719149,0.8760878973676745,0.7674257650683731,1.0805653465125147,0.9491884144693901,0.9367181046534132,0.43729755097968753,0.42215356931783354,0.9772625620621818,0.9612384686008628,0.19618668061649297,0.3970002973112216,0.41734172638757844,3.885780586188048e-16,0.7013516202719332,0.29821516944805526,0.5629532777950094,1.0289280156985754,1.0201270582722262,0.9082920283621698,0.7245302574530812,0.6537699757734698,0.7512195995761655,0.9569967282850544,0.7519837494748927,0.9629137555161277,0.8455112988849105,0.7110047584123043,0.7774762700508171,0.8980826841021414,0.7506554875266069,0.46997629602613095,0.4982642041052201,0.6087800425459757,0.9692703377688432,1.047372657055857,0.7873518096349108,0.8697378831172724,0.8754110781122459,0.9119644056600182,0.8919294699493807,0.784241814043679,0.5494011267049524,0.60840298074506,0.8769736039215347,0.7959904774223827,0.8677992931298792,1.0196042455582641,0.8635700083766014,0.9998407840199325
0331,0.697358240673515,0.6476116508644948,0.48071100233266467,0.9128350549485938,0.7680523281959567,0.7638492168334571,0.8682695385039534,0.8309668458409418,0.9489270710813459,0.8209783306002085,1.0407759037727708,0.6956791630736157,0.9539541541712432,0.7942820760275832,0.7214529175120895,0.7800856284505922,0.767307524195241,0.9314398122488103,0.9947614793326122,0.9817810831760133,0.9262397632990014,0.8753968793833901,0.84399569537672,0.48182980752941096,0.5692162087125954,1.0137960943907518,1.0373323499650677,0.8268817109462006,0.8295031009771274,0.8891437483357376,0.7753770144294899,0.8307512121683056,0.705838377940621,0.6562106595887838,0.8748315346778334,0.8639554040112567,0.9384517785979013,0.7882724406056877,0.8012060742911025,1.047815155281046,0.36018154441403943,0.7829739951294542,0.7825365636597925,0.793502538731039,0.8797607551996238,0.9232416945520036,0.905615709259393,0.9811573499281518,0.8843149230758509,0.9197422777646208,0.937990185266037,0.995939678355583,0.9734224720039446,0.9025510814120836,0.8940412660139403,0.59713172269554,0.653157939434641,0.6839886842100791,0.7013516202719332,2.220446049250313e-16,0.8463141293141881,0.9365541961086952,0.9528445981346789,1.0449768103478043,0.8230527084233664,0.4224980169439242,0.9741764058578898,0.9818836247567007,0.8948388796558318,0.815262786477184,0.8749405964174239,0.8596475808811974,0.9589919223761795,1.0160702875735774,0.8574560493147335,0.5769286289437769,0.9839657633307058,0.9089009813352147,0.9713594312327263,0.9397132823504393,0.9914175875635614,0.7446375411797768,0.8411092004399586,0.8278293853011749,0.8974817613105426,0.8614905029352928,0.7513802794062084,0.34753020243773836,0.35300799585055054,0.9401059598950391,0.960472875504873,0.7507772912838759,1.033371879985041,0.6507461312670714,0.8905708802916594
0353,0.8297633759674408,0.7776838055143462,0.8451500771367586,0.6255117680735742,0.7407763934010715,1.0915572651891967,0.6855378248596649,1.0206185119149382,0.9056557527407008,0.9710718756071685,1.0670452855226533,0.9336627023574965,0.92554586321416,0.9884005061847245,0.6953582528752867,0.9731595783418329,0.9790141255602828,0.9875448211025657,0.5153559995817918,0.43899265737889126,0.4610382299878706,0.988896761496918,0.7869877878702102,0.6638621409507792,0.8540316383062374,1.0339508420749814,1.0386606016367228,1.1206519803993267,1.0082170815101847,0.7701853699480603,1.0413276121845507,1.0703402208977817,0.8444616033794039,0.9077080432385812,1.127028374822292,1.1286331615000749,0.991013584201696,1.0103761464546095,0.5864608643085826,0.8556383670011005,0.5422821796537165,1.035559733819854,0.8282020205484204,0.9433347136387367,0.7938018792547447,0.7503182390543959,0.9348759680587098,0.8091968865606777,1.1242843324129583,0.9657291226547855,0.9962370483886196,0.351011498614334,0.4616566245634471,0.925714289178104,0.9504592297239134,0.3196906591654867,0.4148912449139539,0.489258170510678,0.29821516944805526,0.8463141293141881,0.0,0.5887679694640744,0.9432059227055236,1.0698845534923969,0.9732647276424289,0.7938861952650597,0.6782913946698306,0.7078261254363885,0.9893380212369935,0.8010750573725476,0.8824005976036808,0.8864224652885073,0.7291037149688108,0.7679796889779338,0.9069940909253464,0.7621216999143501,0.37607699314555915,0.3305826737741465,0.561708841195471,0.9670885262006454,1.0038274103329545,0.8971222060206868,0.9593268024563175,0.9663630111764624,0.9814360342696022,0.9664759678710639,0.7236169429582826,0.6924586185484272,0.6788880342298803,0.7285677021640888,0.8045277650074483,0.875804004505448,1.055252339970104,0.8916066103635325,0.9888917228659933
0354,0.5663366508674366,1.06231994801573,1.0661243412857593,0.35905390519046776,0.49898829769678726,1.0790493044519351,0.600706538014034,0.9194907692224401,0.9725023947567614,0.8803756563588733,1.0846991196441926,0.910841640876862,1.0043834017776352,0.98632911208914,0.9145251072089572,1.0036690521430427,1.0073278854400214,0.7456290179737992,0.338961456273016,0.33960081142055654,0.3905893799647549,0.9663468118364686,0.4659915988047915,0.8641900810603438,0.820187511146179,1.045524976541937,1.0816891401933546,1.0709134810239438,0.9517234219233766,0.6205129929592024,1.0070334066007107,1.0124845480591067,0.40891104772243103,0.8762245649055668,1.0896200483569416,1.0884111629588837,0.8993865410858758,0.9040615079027527,0.825840715181148,0.7934623194057151,0.8283731693433415,0.8702535407831566,0.7017859677685607,0.7367607389143358,0.5630152889325861,0.4730406983294128,0.8676960978848857,0.9128657843516937,1.0724777109596886,0.9286081819550531,0.9391421374116133,0.39343674741297374,0.24714151857762703,0.9215771610875237,0.9073456975449272,0.6615022578503635,0.5156663898115673,0.7046722262842009,0.5629532777950094,0.9365541961086952,0.5887679694640744,3.608224830031759e-16,0.9870578926398692,1.0483253868976863,0.7771610469856429,0.8389067009877864,0.21871001267932735,0.692670173226627,0.9035483506252987,0.4513982915820532,0.8954885784901006,0.8690396537405871,0.38930386024651276,0.6487607407796776,0.7941664821985572,1.0691022677423678,0.36879928380490684,0.6517891408196866,0.4844596081876514,0.8661477361169112,1.035902785373626,1.074727571693436,1.0845277951979,1.0827984857916173,1.0720987229067407,1.0777641624385248,0.7033127206716041,0.8982126815970808,0.8990054161904528,0.5163837685806228,0.9013440754494627,0.5162848238424129,1.0773376287389054,0.6872789251947923,1.0112126881566672
0366,0.8859452123007424,0.3558992247357427,0.6857762132304147,0.6366966809964114,0.9968523932730006,0.6102734075620682,0.7671823730819622,0.8512469383318966,0.06391077372665577,0.5953103411893339,0.31289920769020624,0.9062228877988796,0.5514596486434323,0.687200564707944,0.6643440990360148,0.21364056602569412,0.44014607925940497,0.6966369322251271,0.9937469514310933,0.9876136727472111,1.0052377201104317,0.5658962917365372,0.7660948633130573,0.838747146557105,0.9305767780680685,0.6417719285280147,0.7359060179793044,0.6615246142522149,0.22249660627206316,0.8120346326350724,0.3217404906064151,0.5984067229282773,1.0139063680748477,0.8891804006287993,0.5350815637090036,0.5470986539244872,0.5913578674405451,0.6982120291360222,0.8559943820968166,0.8223936490939524,1.0120028706636268,0.8783342109296304,0.9532541700378465,0.7814578144185126,1.0582741067672372,1.0251168120372784,0.7827124711007031,0.8284474916877815,0.5273052454382031,0.697905268349105,0.6968058253378003,0.9714295635435439,0.9453393533208936,0.149640493623199,0.6493029398561168,1.025118641711305,1.0968233930588007,0.9646228388648286,1.0289280156985754,0.9528445981346789,0.9432059227055236,0.9870578926398692,1.3877787807814457e-16,0.33789720685009017,0.3745410828178086,0.7308552203721246,0.9768528493336508,0.7335601336783313,0.7654965704227948,0.940784253079656,0.17827933441956895,0.6412153456639962,0.9400059507527682,1.0437885289339985,0.8567482307326365,0.44540677267235645,0.9755230137574182,0.9738946910998331,0.9423910042392787,0.8661817034037266,0.5629834607116335,0.6913359297397021,0.8564910724163997,0.9108219529015071,0.854836878463145,0.8640601456176159,0.8887715499600571,0.9638056996235302,0.9579535537456545,0.8441207486317452,0.5986413067876852,0.887455397294346,0.3585111035671414,0.8529850880137451,0.5638996576053328
0367,1.0180224343609523,0.605709005991792,0.8367620030330436,0.8235769240361425,1.0910573673851227,0.4511906460901802,0.9208190116329602,0.6120687700475221,0.41592399869757246,0.5577813011131263,0.05513243336940077,0.8212340975435419,0.43956334654318907,0.5053158234132133,0.8230197254883267,0.46815652027847093,0.63045051235766,0.7400959378072748,1.0845003845570447,1.0564906375295462,1.097957206760969,0.46029254770657807,0.8619966544862963,0.8368424252378868,1.022953708795829,0.4801469641526253,0.5915197629087584,0.43102334214950316,0.495681912779628,0.8915612934950237,0.582298214773584,0.3962205758499977,0.9905891093561684,0.8526263203521111,0.3213893097020719,0.323600858283103,0.4043715747582245,0.5718808140476193,0.6616285251167988,0.5756731698950633,1.1138926821205242,0.9598599665545722,1.008036030617944,0.8684305310616318,1.0717006198947039,1.0800142863381859,0.5735002134851008,0.6978344434997857,0.29909217045981196,0.5897802401301985,0.5350437977944309,1.0917838999268787,1.0521111783441468,0.4016816286175364,0.7943937912538527,1.1394749139038267,1.1109467017718129,1.0546932464005239,1.0201270582722262,1.0449768103478043,1.0698845534923969,1.0483253868976863,0.33789720685009017,2.498001805406602e-16,0.5196630303707042,0.8591882527747019,0.9934407602136122,0.6991093719000335,0.8444960748842161,0.9731574370892255,0.4521650059534316,0.5323942238971499,1.0303666835228438,0.8887179878023558,0.947322544341121,0.6588050341066622,1.042785613974889,1.0492640755142626,1.0119812980950362,0.9555062816570622,0.7380252768245068,0.3920077931845418,0.7317315022487507,0.7294605468053738,0.6422067963428658,0.6955743510705304,0.9910216739870434,1.018236731377299,1.0127803511070683,0.9799463983335341,0.4822524902060577,0.9848469810303829,0.06359936222517693,0.9650571395348518,0.7117893169258678
0371,0.7471968134097366,0.6480884935620186,0.863976455976772,0.5010753550121476,0.8976377558307098,0.8169462961961176,0.9517897948215324,0.9519996845504128,0.4666438353088197,0.7861890791516506,0.5489409257504543,1.0610050737479633,0.6062196746981491,0.8022165303867953,0.5890188377696541,0.5071938797516151,0.6667695984484863,0.48440896786087795,0.9023018828498921,0.812274223423487,0.8292983284691748,0.8291784293186806,0.6954002983412636,0.7437352996566375,0.809297198741981,0.7764528694427522,0.8780572914237076,0.8180926104479511,0.5502862387852747,0.9395863611768457,0.6314993878677554,0.6281900802928475,0.7293074203478469,0.7259929002377024,0.7335334247875345,0.7240460076949286,0.7768000463528156,0.8376680477287666,0.9484109858254511,0.8698225156942999,0.9468916734734131,0.7355831373337784,0.7522274954179471,0.6234290600011249,0.9003636241850195,0.910279098574707,0.8158247840992401,0.9736527587022428,0.7180447290792668,0.9023133405084498,0.8620608836439069,0.9025649461141707,0.7946916553092984,0.242699795392647,0.4901513731313726,0.943181441812527,0.9531579171376476,0.973429813627829,0.9082920283621698,0.8230527084233664,0.9732647276424289,0.7771610469856429,0.3745410828178086,0.5196630303707042,8.326672684688674e-17,0.5543010564822848,0.7517504336131922,0.7589783746577982,0.5598637664171016,0.7247693697441437,0.22445934215823968,0.4943190614449835,0.8397779890824604,1.0880772545520916,0.7025303688360784,0.6882464788918848,0.8096971919513039,1.0038655198109254,0.8104788064474135,0.8312304522623586,0.7442562390406986,0.7739036903321392,0.9356998728749224,0.9509277229200451,0.900222968032838,0.9203714294498063,0.730930472773782,0.764262756756307,0.7908193801979407,1.0180403649130623,0.5454532034180564,0.7624619263016459,0.5897186720076315,0.722002475404394,0.7430439486334753
0372,0.5404728627627978,0.5879166513250629,0.7709667489693605,0.7065941205954009,0.7078130862454214,0.7452428852337372,0.803855946531915,0.8465863790110312,0.7275117677891605,0.7659788390785096,0.8690082690755938,0.82290373331625,0.8499102471958999,0.9004849234804269,0.6742785928448108,0.7811935374649994,0.8219352851172095,0.6908980401661124,0.9704030050211538,0.9171296707060951,0.8472920053111687,0.7731302326197476,0.8131057331905158,0.6523980495973378,0.612042772189471,0.9159700483313636,1.001474299959876,0.7366882293236414,0.6075418264327133,0.7635853201701492,0.5704605128120226,0.6539955823908007,0.5901073483634279,0.6528940530633859,0.7074998916220414,0.7188262061034666,0.8511898492010622,0.7573805007974583,0.8095669501570039,0.9471102787141115,0.45224552201877555,0.7184226482253612,0.5965898170682409,0.6543948952745756,0.8315762838086802,0.8908423922725058,0.6898567368417833,0.7863352396128924,0.7080241150920491,0.6703795571507917,0.6950876647405548,0.9699291717483526,0.9196321007261279,0.6793131922900569,0.7518881987572987,0.7095151112746938,0.725464550997526,0.8271169729689962,0.7245302574530812,0.4224980169439242,0.7938861952650597,0.8389067009877864,0.7308552203721246,0.8591882527747019,0.5543010564822848,2.7755575615628914e-17,0.8943791372550913,0.847498625668259,0.8176135119793407,0.6253077885792983,0.610537166991289,0.7769553105286868,0.9036894418764944,1.0061814251119239,0.7861228364909665,0.6074605571696943,0.9161409113437984,0.8835760537197541,0.8939728606212187,0.9416664627999978,0.9378473803165861,0.7469290297371031,0.8728091862801165,0.8859060218111717,0.8557667867255898,0.8600211438239791,0.6911373739512653,0.3651256899610702,0.4057482239289003,0.8638807046929785,0.7676636120643968,0.5956101194246148,0.8800371625865913,0.6396199263418476,0.8482159753553822
0375,0.6921355857847622,1.0594661897318551,1.0532093663844828,0.4791209811240844,0.6287112412613194,1.1192045869818246,0.7989695081365392,0.955525311205279,0.9886745978046864,0.9286868115243134,1.0345918212888452,0.9715086116445649,1.0196823260050711,0.9583710891947712,0.9612303474878062,1.0029266710577684,0.9977507004504438,0.5767029836638704,0.3475947001448464,0.45624297205605324,0.589680876468923,1.0422919002314253,0.5799662493861256,0.8719293894509728,0.9250805367044489,1.00816039997571,1.0607048511852395,1.09153274160049,1.0580752314080613,0.7175224806436256,1.0918682000377666,1.0354560002569417,0.4884789222107924,0.9643121992595591,1.1029813583263945,1.090578907907671,0.9386317745746919,0.938022273817247,0.8052604168339068,0.6964241455167458,0.9314389286573334,0.9102571682611192,0.824946695790887,0.7240459925093943,0.417814948326557,0.30571657659053086,0.8924506589886925,1.0038542436047908,1.0914205037979394,0.9962628617614964,0.9807925173299203,0.5370614597121295,0.4253353992431945,0.9022352568055241,0.8959801492806396,0.7586432136482911,0.5428948343611879,0.6847599940599585,0.6537699757734698,0.9741764058578898,0.6782913946698306,0.21871001267932735,0.9768528493336508,0.9934407602136122,0.7517504336131922,0.8943791372550913,0.0,0.6140882635129099,0.8862884093849339,0.4162825822013133,0.8891323853886445,0.8795401316702018,0.31674539712530025,0.6339112436749732,0.8301939859343543,1.0550076938737067,0.44625479384646294,0.6696816952545188,0.47207206324884937,0.805873343893128,1.0199171435974934,1.0098127770308531,1.0449551924836373,1.0353376804212457,1.0174482095645776,1.031053515278752,0.8556087973049828,0.9493662800860327,0.955983589952767,0.501813785236721,0.9571279495729116,0.48226126057127394,1.0363300557875272,0.7882686132574126,0.9926823915833949
0380,0.7254558856961271,0.843972263869573,0.9496738358957116,0.5518065935929856,0.7414904920143417,0.8626473743402508,0.7840331165472233,0.8294365344764963,0.7231508413573899,0.7294345834125303,0.7231292580230044,0.8440441517685282,0.7845533274332791,0.769328412430125,0.8653811848472239,0.7593449220592857,0.8084043375411183,0.7109922385938026,0.7889133190953321,0.7210278068139515,0.7695121074628397,0.7369072501194056,0.7826439707781528,0.8139334143786718,0.9172203521678313,0.8271582575601121,0.9037305486075484,0.8837556788072709,0.7962655491380914,0.6714235292810915,0.8665441841473334,0.7887472610317123,0.7722587900235314,0.9115922774974655,0.8272707232008167,0.8291461326136407,0.6992834527195333,0.7604793872124935,0.6598892316848872,0.5337727020477943,0.920597595489034,0.8696780754437501,0.8990779294158796,0.9042012146790628,0.6456130193866183,0.5862200028652271,0.6790287948841047,0.8042834384531345,0.8031847722134403,0.7234700516345246,0.7342302186917388,0.7148469322262159,0.6700536889257032,0.6792115442892058,0.7136805510792708,0.8553713056278519,0.8720884380716756,0.8861381745258254,0.7512195995761655,0.9818836247567007,0.7078261254363885,0.692670173226627,0.7335601336783313,0.6991093719000335,0.7589783746577982,0.847498625668259,0.6140882635129099,1.6653345369377348e-16,0.7581589959132609,0.5812041668575252,0.6611704157534126,0.724969012224137,0.620006986369015,0.6695257516864334,0.6810715068013707,0.9278708640289866,0.5998114383851909,0.6229487664969755,0.540401579694837,0.7923893144792116,0.7352518517771752,0.8618659687218271,0.9324548243085209,0.9586661627585247,0.9124641540490928,0.9265324262879078,0.8785834350153616,0.9800150424012132,0.9599831054186551,0.6485494805711837,0.7394440018481971,0.7736580634423225,0.7293836903108668,0.8460125251277213,0.8435870869848351
0396,0.9206956258702239,0.8904723298910477,0.9519970655156349,0.8148625622339745,0.9617578722007318,0.9781373959776202,1.0349587718126187,1.0083338581012449,0.790459767355427,0.9786623563919463,0.8726132238342968,1.0377910790473552,0.8055559550251192,0.9427218334763816,0.8377364528458484,0.8445382697599169,0.8968503472897422,0.792120424535806,0.9643925566478804,0.9327069277147146,0.9249618383901889,0.9963826771241246,0.8502231053161411,0.8933083904033696,0.9208707687966298,0.9361457707946577,0.9612762157689074,0.9716587697565653,0.8682749195600096,1.0237610693224797,0.8902564797709407,0.890480315715198,0.8235135551557016,0.865758367489391,0.9652372047998333,0.9611865676380548,0.9709077573150082,0.9928361087894406,1.0306457996653888,0.9883773571889358,0.9907571842273362,0.32035709990817685,0.9090184137065704,0.8500630376949845,0.9549740157732287,0.9529306990209562,0.9782406331663049,1.0537427267598651,0.9632843078371299,1.0171218508047586,1.022932326713442,0.9584848360942037,0.912663798535156,0.6906997754240729,0.1184326478972757,0.9594772785265855,0.967430906665607,0.9863912415129428,0.9569967282850544,0.8948388796558318,0.9893380212369935,0.9035483506252987,0.7654965704227948,0.8444960748842161,0.5598637664171016,0.8176135119793407,0.8862884093849339,0.7581589959132609,5.551115123125783e-17,0.9036514453220004,0.6819848814565657,0.7758652132662971,0.6838347163364095,0.9159115603006859,0.19205795269505188,0.8670871647081337,0.9157375263552721,0.9992193387967343,0.9186259789110289,0.46219136035040237,0.250966858880867,0.9158958520465548,0.9908681835421683,0.9823009474201336,0.9709190556990486,0.9803357380250892,0.8754867326683566,0.9013717830254876,0.9208117136237548,1.0517370049091124,0.8061162376569292,0.9122180142894054,0.8773150777496351,0.8638804988316925,0.9217749216406561
0399,0.3493638179126377,1.0324631410464655,1.0519103118282713,0.5226811823163836,0.41070518169668474,0.897815046604895,0.6611631102695554,0.7348171216521355,0.9327323285418061,0.6848328880907888,1.00987288316851,0.7682425190337218,1.0267801942548946,0.9080304411551401,0.9149701395593062,0.9505058070917413,0.9338529906237493,0.5293914913874339,0.6872940914122052,0.5917362761796816,0.6527349898895882,0.8052300806499433,0.6424285406661739,0.9012077953653632,0.7090985130031946,0.9802983739494688,1.0748388369741066,0.8634248462335972,0.8338753756745338,0.45266339462212046,0.8011846868428827,0.8143133472775991,0.30865481414268625,0.7662498951413375,0.8576381750411561,0.8534683068385058,0.7947536058881233,0.6581126678651614,0.8079315183899596,0.6097423376011186,0.7545608701745173,0.7840678681451638,0.5464624059384198,0.6819976868065813,0.3168954596372436,0.3664994746127425,0.6714541410175402,0.8110275187016546,0.8533879690598571,0.7449608810572179,0.721145714122259,0.695934519238866,0.5888216320911028,0.8739675460222572,0.8718308686917248,0.8242485944335208,0.7150024421886851,0.876170528932082,0.7519837494748927,0.815262786477184,0.8010750573725476,0.4513982915820532,0.940784253079656,0.9731574370892255,0.7247693697441437,0.6253077885792983,0.4162825822013133,0.5812041668575252,0.9036514453220004,8.326672684688674e-17,0.8240385692247322,0.865728032932223,0.6299130070884749,0.7334371666674553,0.8199168495918496,1.0773329547074222,0.539556774280806,0.6998939300639694,0.4175826872249917,0.9012467520898476,1.0399634064447245,1.0322983757661213,1.042834399853355,1.054686074650817,1.0152013364639563,1.0337581020866102,0.6477689043584722,0.7570965325259138,0.78814659311028,0.4777760854177001,0.901493485028169,0.4089037596592414,1.018922951079806,0.5340768453507281,0.930438775577086
0418,0.8117287449834454,0.4587693190400378,0.7588573674003554,0.5370702409627682,0.947027294689154,0.6824900845438459,0.8386601098866293,0.9340277343156651,0.22407142148566953,0.7000025869749189,0.44036621046057506,0.9768190276101778,0.4821791317982136,0.7374701768073925,0.5968553767009648,0.31838567280892405,0.5220690285594014,0.612163484117382,0.9372597417374142,0.9161318906513345,0.9131728341054157,0.6556410442422983,0.722486175388434,0.7824080786257613,0.8599040087778151,0.7144858538156895,0.8001543264736759,0.754967102431147,0.3390208913944782,0.8771774114271584,0.4455236819302844,0.5550832613716532,0.9157620921394383,0.8032827720339815,0.6309593538148859,0.6391203314934903,0.6947212179328819,0.7859265257554697,0.9061679491677768,0.8650304079487794,0.951797438058696,0.8164445945970575,0.8738365593593915,0.7082528010768225,0.9947203800432941,0.9684848295996278,0.7531630422394662,0.8903386489230785,0.6152079943675193,0.7695208510891478,0.7660633999226031,0.9212366148052382,0.8812924448698785,0.08864833583991866,0.5352677734516698,0.959505808847435,1.027965601585272,0.9334302946464588,0.9629137555161277,0.8749405964174239,0.8824005976036808,0.8954885784901006,0.17827933441956895,0.4521650059534316,0.22445934215823968,0.610537166991289,0.8891323853886445,0.6611704157534126,0.6819848814565657,0.8240385692247322,3.3306690738754696e-16,0.5389612420406487,0.8748812943596513,1.0749312454800952,0.7760904324179013,0.5766171196804134,0.8975098829657084,0.9371800524555822,0.8724907591001263,0.8163652659223468,0.656806438534196,0.7758266540996687,0.8984689123094153,0.949107538220826,0.8973415494878689,0.9035551751747476,0.7957688508312555,0.8727244000011134,0.8782072444349319,0.9095483862694922,0.5074264570554402,0.8231942484348724,0.47916658519422184,0.7465342644328257,0.6342626304438101
0425,0.8323922310305747,0.7675613961348554,0.905176431654825,0.5845333173633205,0.9207213398687667,0.7074775047173764,0.9298185640169764,0.798285199027033,0.6008982183078002,0.7359270107352254,0.52614293993895,0.8311267681788075,0.29437534294459833,0.6994437424316415,0.734722753459302,0.7224194461183773,0.8044203180183844,0.7621517566649071,0.910593552881729,0.8915293066395387,0.8753539537108539,0.5931495131833663,0.819843580383712,0.5988792924604515,0.8548665318527096,0.737348287719531,0.7563061860934018,0.7540997251637458,0.7380044714686778,0.9864239073408536,0.7913081373891035,0.5220161060430057,0.8640314831783926,0.7446874255966678,0.6962696606009342,0.7173444698684333,0.6668654826365965,0.7856788034564716,0.8498765906426998,0.8220198614341971,0.9470767269614186,0.8777895431750401,0.9525929463935778,0.8426041050365384,0.9623704154571084,0.9437913741181796,0.7452207841728713,0.8926120543915077,0.692505960504837,0.7892087493852147,0.8251828045729734,0.8703786009929043,0.8501485327670001,0.5887597532413882,0.6649274767685668,0.8823290298387936,0.9808468804568815,0.9559599434647612,0.8455112988849105,0.8596475808811974,0.8864224652885073,0.8690396537405871,0.6412153456639962,0.5323942238971499,0.4943190614449835,0.7769553105286868,0.8795401316702018,0.724969012224137,0.7758652132662971,0.865728032932223,0.5389612420406487,3.885780586188048e-16,0.8481658703452113,0.9495331663831755,0.7953483256921925,0.8454418898803902,0.8775282147963478,0.9536554020760069,0.8521001077598482,0.8565903955656553,0.8696813135971617,0.7464106227964571,0.879518646239333,0.9000964230326783,0.8609493440063564,0.877327038596883,0.7709387801920455,0.937215444994775,0.9386412963510777,0.9677248631150457,0.3995874549474535,0.8556364735228379,0.5153238195593716,0.8121870396222777,0.8601679385297971
0426,0.7802515211362188,1.0050027119352527,1.0137778745846369,0.5322939829917115,0.7256165563432563,1.0716953325607883,0.8011138807077521,0.9677158303042838,0.9228053507168685,0.9219397894641901,1.0240713837637714,0.9282963802672061,0.9599386421537116,0.9522099285730746,0.9301758594380727,0.965674447212669,0.9604784779623854,0.7308505123294422,0.426875656472337,0.5755452811758804,0.665689123088082,0.9833366924894102,0.6065246722039754,0.856603374773315,0.9138372014502976,0.9923379308500779,1.032606501250249,1.0662047359133002,1.0057770664021328,0.7882540372404385,1.0377991521652439,1.0192593692151783,0.6287491516208603,0.9644415683722416,1.0766833494175778,1.073237212593792,0.9428246731741927,0.9498891711566368,0.8525362503271873,0.8417313880988575,0.9137865778432666,0.751376606790239,0.9054269514977076,0.7053596074621699,0.665303153169875,0.49746905942415315,0.9614937455778281,0.9956374862218118,1.0704964707911757,0.9856246380762237,0.9840706909749207,0.614373910351666,0.5412937369297436,0.9010637619820427,0.6512483769997687,0.7559816232659793,0.6011741802235855,0.6143563523190221,0.7110047584123043,0.9589919223761795,0.7291037149688108,0.38930386024651276,0.9400059507527682,1.0303666835228438,0.8397779890824604,0.9036894418764944,0.31674539712530025,0.620006986369015,0.6838347163364095,0.6299130070884749,0.8748812943596513,0.8481658703452113,1.942890293094024e-16,0.40421133439634194,0.5530533945954961,1.0194271873273548,0.6177155448057157,0.7520667400682087,0.6699113323194683,0.5740195618884378,0.7736722089092892,1.0469580388257105,1.030732698544185,1.0495031021719832,1.0359869301956781,1.0390501955256917,0.867409843280357,0.9700489961974248,0.9618579668853757,0.61695572275675,0.9304915614733993,0.5177758640207677,1.018326161885699,0.8030570598794932,0.9627405665576723
0430,0.8687856107925602,1.0769346471097845,1.0525624906245166,0.8887255594977271,0.7768644864385321,0.8744080652045487,0.7283373699623841,0.7139646112355418,1.0287235425725318,0.8017562532235353,0.9125352558291531,0.7537541028877994,0.9836937067792693,0.8728520098005388,1.0156266317924083,1.043948638931472,1.0207456448768721,0.924290644388167,0.6369651415006441,0.7397336293623612,0.7892163536026443,0.7909118171586791,0.800711815765591,0.9870717585745157,0.9298341079184393,0.9148174622097824,0.9558226180686444,0.8106713414059334,0.9904561835367998,0.7357221500147816,0.990777429480574,0.8828234099602867,0.7531580803668029,0.9013118436605102,0.845988800221009,0.8418638493179684,0.7568083706413231,0.7613337478046125,0.7150251671311094,0.692469739810861,0.9134308024401245,0.8430729812620401,0.8829060978802235,0.7587181125075939,0.7218738858195931,0.6678569891393391,0.734710758817377,0.675899416705595,0.8468742528603386,0.7657498751296935,0.748754897411702,0.7525856214777613,0.7667572178665474,1.0761997063034046,0.9204360761577334,0.9140741558865256,0.6792509132288554,0.710847151011451,0.7774762700508171,1.0160702875735774,0.7679796889779338,0.6487607407796776,1.0437885289339985,0.8887179878023558,1.0880772545520916,1.0061814251119239,0.6339112436749732,0.6695257516864334,0.9159115603006859,0.7334371666674553,1.0749312454800952,0.9495331663831755,0.40421133439634194,1.6653345369377348e-16,0.8012027543135409,1.0799856083709252,0.7144603713951321,0.7748704360284191,0.8038210062067424,0.7409793065341568,0.8807225268086452,0.9020929416175967,0.9634748983790686,0.9556123698241468,0.9300791478476507,0.9543916561846342,0.8735342239905888,0.9668172641752584,0.9393721458237301,0.5683902993658786,0.8668833575002458,0.6366192454508545,0.8802609303244788,0.9006513440676165,1.01028818533067
0431,0.7838147273828513,0.9521728088631454,0.9900135002594304,0.7226646779472705,0.831203284263815,0.975011547337558,0.8781115093853614,0.9402125955606414,0.8687107308329338,0.8909776170089769,0.9530212866535868,0.910450880648223,0.8908120356063578,0.9396080856478211,0.8966992711569634,0.9089346770574633,0.9401572373103468,0.8341688524106432,0.8870469801725827,0.859869051202714,0.8045487488758792,0.9153063591210577,0.7970456622952982,0.8770135022213559,0.8177416856463711,0.9711093144911713,0.9968139507227318,0.9617523562519124,0.8599383995512478,0.8881742187335324,0.8913585396884772,0.9086967688764789,0.7705001623262402,0.8752473817132969,0.9695149848275193,0.9643955723671401,0.9052649130891466,0.9030767497977624,0.9736283342317413,0.9495572839955237,0.8694093145776588,0.32367003958192286,0.8701109210538094,0.8717590572116054,0.8748124225714458,0.8671385561977807,0.9278315351065998,0.9808176556814957,0.9681941257634339,0.9373100193881834,0.9540115868471329,0.8733065363683192,0.8288981761897013,0.8047215227012202,0.23777600659018977,0.8867571137757226,0.8920739501067968,0.9310448115051007,0.8980826841021414,0.8574560493147335,0.9069940909253464,0.7941664821985572,0.8567482307326365,0.947322544341121,0.7025303688360784,0.7861228364909665,0.8301939859343543,0.6810715068013707,0.19205795269505188,0.8199168495918496,0.7760904324179013,0.7953483256921925,0.5530533945954961,0.8012027543135409,1.1102230246251565e-16,0.9462845423443509,0.8502009247035401,0.9349535773267887,0.8566809103108922,0.46035952016408793,0.3198203483480959,0.9879333404368145,1.0149561728930423,1.0196185052512468,1.0117254079678824,1.014925800208602,0.825100596956341,0.8838054454093143,0.878052044158695,0.9157214651745891,0.8849180897087414,0.8098364738187521,0.951116340879435,0.7851565381973902,0.955704221441174
0461,1.021154679951884,0.13419284341422713,0.41236373041255453,0.8825525355855516,1.061775388652622,0.8327217475231786,0.9250398584409278,0.9499133744366358,0.5133026397136466,0.8541574688318042,0.6537269000528917,0.9839090295482055,0.7673417394677492,0.8775093981611637,0.7391051969231024,0.5905527485476758,0.7316238957502099,0.8952354714822744,1.0608183488477552,1.069650634220002,1.0811281687396381,0.8428427552615136,0.8849656657121859,0.4628991637248113,1.0190014665106752,0.835587883061113,0.8702297772152915,0.8552823214101287,0.6083527697409465,0.9646811393073258,0.6525808341573721,0.8584448841942934,1.0721241547623732,0.9964892231543725,0.805516042787681,0.8128828450832355,0.8517288202633301,0.8976057907920836,0.6508395240532183,0.9776595781596202,0.6719939397127583,0.958196540952443,1.0522287247285118,0.9643046966519759,1.095650217947584,1.0784328483029586,0.9649252393492314,0.9871437154272195,0.806741410622169,0.9001867439149899,0.920258780176788,1.0464059798632346,1.0394005613961084,0.5471814251070848,0.8333855125036124,0.6597244760552917,0.7656996147152775,0.6320930172406489,0.7506554875266069,0.5769286289437769,0.7621216999143501,1.0691022677423678,0.44540677267235645,0.6588050341066622,0.6882464788918848,0.6074605571696943,1.0550076938737067,0.9278708640289866,0.8670871647081337,1.0773329547074222,0.5766171196804134,0.8454418898803902,1.0194271873273548,1.0799856083709252,0.9462845423443509,2.7755575615628914e-17,1.0559764115265484,0.8516291223232693,1.0300910438472801,0.9489362633226086,0.7418847793631966,0.3870306241251771,0.6817329050495157,0.669502615452042,0.7226054366485551,0.6841528084587207,1.0199354658863438,0.6578693576079924,0.7124949850682959,0.9806658228708972,0.8457621033992668,1.022405376244956,0.6616687645305783,0.9718396145486068,0.8066868129263595
0478,0.686180198466307,1.0476079700086758,1.0456965824739333,0.4707710682600279,0.597456622960338,1.1224743314851504,0.6757513027125353,0.9858846069735232,0.9640942117820548,0.9519639104999545,1.059463842518336,0.9563915604871804,1.0030873646172056,0.9652625184451402,0.692528648614863,0.9972096621937752,0.9872066076973701,0.7907002257732996,0.33474084241197677,0.1477281794342601,0.19814009450696282,1.0361478430152478,0.6938312044505972,0.870217101199923,0.7883771106101773,1.0165703927477854,1.0644176779574264,1.1124639239816547,1.0511388755763518,0.742258495597375,1.0897502569521187,1.0516727151002034,0.6531967801377778,0.7898245014717132,1.1259243169606896,1.1184854732766665,0.9622130632952577,0.9720493650113176,0.8078556902835465,0.7154212501578285,0.7486524823053371,0.9693207242260946,0.630508463803026,0.806874345999411,0.6295509879964125,0.5842025195957886,0.9098795854722252,0.7773182562346057,1.114995423319661,0.9930616567266787,0.9803360608134893,0.1397964453954694,0.20866596504058116,0.9210062350237886,0.9046105733201215,0.5294192155860203,0.5379837876165905,0.7207607960187113,0.46997629602613095,0.9839657633307058,0.37607699314555915,0.36879928380490684,0.9755230137574182,1.042785613974889,0.8096971919513039,0.9161409113437984,0.44625479384646294,0.5998114383851909,0.9157375263552721,0.539556774280806,0.8975098829657084,0.8775282147963478,0.6177155448057157,0.7144603713951321,0.8502009247035401,1.0559764115265484,2.7755575615628914e-16,0.4448857380891853,0.3412382340014393,0.9521909465396358,1.0253090983165938,1.0577395241071703,1.055783465700129,1.0639129346137428,1.0483266758966137,1.0553912892476953,0.5488585762774041,0.7818514987342666,0.776471030505568,0.7513821368775652,0.7203944146271742,0.7658191108218497,1.0541215914600208,0.8171302263478235,0.9853871753149556
0479,0.8797368987153356,0.8539794044813973,0.8955188819134394,0.7130507436765474,0.7865607678619171,1.0608254429531012,0.7259080650841221,0.9831511094308688,0.9453150738480373,0.9544707795499758,1.0484499248244417,0.9326382049064381,0.9893670195626711,0.9712154287607224,0.811507240598477,0.9833979540923957,0.9784515834152524,0.7820491749060359,0.6118067968745573,0.582487007343331,0.6223070911674335,0.9905704635089911,0.7889989717273459,0.7993166500516379,0.9102693409122202,1.010920289503819,1.0265420352761843,1.072339909123041,1.0129724251828376,0.802930735997105,1.0389130855365947,1.0489783629469749,0.861231069848202,0.9446546501050908,1.082215874817689,1.0822233653545463,0.9723744944380943,0.9784474609793594,0.6817456119509868,0.6427801321101501,0.724149923792315,1.0233035064583658,0.879575377388552,0.9536620571686006,0.5766642478134355,0.6022747072846575,0.9330538410650199,0.8580304995391824,1.077839430766285,0.968910286729314,0.9771552239176695,0.5198288477341266,0.5853853910376057,0.9559712902902733,0.9788357672848756,0.5682862120136926,0.5878059282572452,0.6374779811024266,0.4982642041052201,0.9089009813352147,0.3305826737741465,0.6517891408196866,0.9738946910998331,1.0492640755142626,1.0038655198109254,0.8835760537197541,0.6696816952545188,0.6229487664969755,0.9992193387967343,0.6998939300639694,0.9371800524555822,0.9536554020760069,0.7520667400682087,0.7748704360284191,0.9349535773267887,0.8516291223232693,0.4448857380891853,2.220446049250313e-16,0.32186367941395566,0.9710228772207401,1.0043384903315344,0.9251619821479788,0.9582637495516264,0.9663393412739245,0.9693980003673062,0.9649241922319123,0.8293432537306829,0.8169032732062184,0.8028302588781492,0.7802844088579661,0.8754973994041935,0.8926937548424484,1.0381055680094105,0.9193252301546605,0.9818095214896145
0480,0.705429596896875,0.9968390416227743,1.0150255311921672,0.5004063490408036,0.679896670332027,1.071126549052884,0.752637134379107,0.9819766512947796,0.9227902635213914,0.9383918875967978,1.0254511829904307,0.9506988613213547,0.9548210543777584,0.9511919311624879,0.8090229905142021,0.9564454582147359,0.9580159065944536,0.5219932620290422,0.5528358161105434,0.46135646092306687,0.5081089377386349,0.985483907283559,0.7374020010529355,0.8597316125933967,0.8484453496822733,1.0038649649606644,1.037546758376966,1.0829338116552842,0.9936616209194294,0.7601763768044475,1.0340506123056867,1.0038377959638216,0.7023840596207278,0.8769872262050149,1.0804002469235132,1.0794766787999568,0.9425060301118746,0.9641504847068962,0.8282826031862973,0.5265753774195052,0.8356932218121662,0.959347128769868,0.7578083030908178,0.8640712458892004,0.3406163191150684,0.32547342728714423,0.8757618330140754,0.8843018288182417,1.069158364077548,0.9577485578314577,0.9641028556786078,0.4504138313935826,0.44822283300166027,0.8908789855131681,0.8933080793548932,0.684258229570988,0.6972437662701104,0.8076065619117191,0.6087800425459757,0.9713594312327263,0.561708841195471,0.4844596081876514,0.9423910042392787,1.0119812980950362,0.8104788064474135,0.8939728606212187,0.47207206324884937,0.540401579694837,0.9186259789110289,0.4175826872249917,0.8724907591001263,0.8521001077598482,0.6699113323194683,0.8038210062067424,0.8566809103108922,1.0300910438472801,0.3412382340014393,0.32186367941395566,2.7755575615628914e-17,0.9476766723203409,1.0058856235027922,1.041782182233093,1.0385870028201623,1.0472451152735662,1.0339705626646682,1.0382746228226236,0.7310420069462841,0.8766524661913941,0.8727308681962372,0.7203469337418036,0.8198525406196483,0.7822752504164341,1.0229278349356283,0.838382101086586,0.9659679350723465
0530,0.9486889392941646,0.9429509178890854,0.9786652790554706,0.8835195500791934,0.9698777468410384,1.004737647761136,0.9833444058635163,0.9975199205834703,0.8682795500323321,0.9578297679670756,0.9503949254125482,0.9941852787618958,0.9204979975751422,0.8772364297223773,0.923405716205959,0.9042444828472725,0.9267079946953886,0.8138447534770495,0.8514790855544173,0.8992093230430597,0.9545453623330433,0.9640522558378264,0.8392049189825137,0.9277987818169102,0.9417291993088253,0.9590141003589078,0.9282426847154419,1.002552054273258,0.934925146612866,1.0072185177929016,0.9594693633065856,0.9568293232388945,0.8915369712068455,0.953252167384439,1.0032735550893055,0.9998992533686359,0.969524934608833,0.9704754991923508,1.00076469863586,0.9846686951416344,0.9846971666477724,0.5254673133122449,0.9959672248892953,0.7940421546116955,0.8983191609784742,0.8455286169950966,1.0019096966100245,1.0384567434714453,1.0017348443258953,1.0289125940763846,1.0229223903223972,0.9599674247660189,0.9440344294256507,0.8274155763242279,0.48313068766716644,0.9668057495578355,0.8903904812785344,0.8199361969471582,0.9692703377688432,0.9397132823504393,0.9670885262006454,0.8661477361169112,0.8661817034037266,0.9555062816570622,0.8312304522623586,0.9416664627999978,0.805873343893128,0.7923893144792116,0.46219136035040237,0.9012467520898476,0.8163652659223468,0.8565903955656553,0.5740195618884378,0.7409793065341568,0.46035952016408793,0.9489362633226086,0.9521909465396358,0.9710228772207401,0.9476766723203409,2.498001805406602e-16,0.4614792470306747,0.9917768536293645,0.8508779899816445,0.8626934301278963,0.8615893378662229,0.8489907664656973,0.9266771331914184,0.985447218293532,0.991758460396393,0.8849663663090914,0.9154073301373342,0.7828980802727876,0.94692689396029,0.920067738094686,0.7350252682049748
0541,1.0038997696072842,0.7337352184279529,0.8709416677294695,0.8989857054140162,1.02837125957293,0.8584413590729968,0.9196565809515295,0.967260777624767,0.6085643797115419,0.8818134606892196,0.7292115358339358,0.9818674462310395,0.8076856391512931,0.8951552470274564,0.9023312055882677,0.667643563364018,0.7857213318064586,0.9188885918981116,1.025110798483671,1.0338191953257492,1.0365573015325027,0.870286068575518,0.9044096147367461,0.9442754324244657,0.9966682110979719,0.8658873241806846,0.8851255374217188,0.8765496033644855,0.6857251879348819,0.953779787922862,0.7217936915240932,0.8784040907333427,1.0502370390239917,0.9775935469768942,0.84553747071759,0.8475992582886503,0.8875726644950764,0.9058127742696268,0.9874473183552348,0.9697873967656043,1.0459860879714047,0.424025762760675,1.0202845716424724,0.9645529016523795,1.0525470946728388,1.040992037467178,0.9572671278656057,0.9797697636379595,0.8512765666330186,0.9154766600052346,0.9332344840613002,1.0159549689732297,1.0028912197946553,0.6502314075508747,0.24267090668569302,1.037788064673235,1.071461621064663,1.0038951377781964,1.047372657055857,0.9914175875635614,1.0038274103329545,1.035902785373626,0.5629834607116335,0.7380252768245068,0.7442562390406986,0.9378473803165861,1.0199171435974934,0.7352518517771752,0.250966858880867,1.0399634064447245,0.656806438534196,0.8696813135971617,0.7736722089092892,0.8807225268086452,0.3198203483480959,0.7418847793631966,1.0253090983165938,1.0043384903315344,1.0058856235027922,0.4614792470306747,1.1102230246251565e-16,0.8706265634706979,0.9517613338707052,0.9663143378165131,0.9558879006067286,0.9556439639031462,1.0055629080872086,1.0212649590114444,1.01917988402817,0.9699540048398391,0.8756743078527235,1.0013967137497108,0.7370951167961723,0.9561988828874912,0.8432925073235658
0542,1.0826396694405724,0.478262370877785,0.6235305024365501,1.001621851950717,1.0904873041569683,0.7042477615884579,1.0207547417138312,0.7333799380378115,0.7522188189618243,0.7948082764983228,0.44554874224375873,0.8962825012611381,0.6719752728161689,0.6821878767269556,0.865535945536529,0.7808876098365907,0.8501662753714182,0.8922615092317012,1.0842302292639967,1.0692488233069466,1.1010321164204908,0.7331552007420237,0.9505385931011754,0.5523895600213377,1.0584618468032834,0.673430404386036,0.7475762841184233,0.6363222484374499,0.8118406094821847,0.9894183251261568,0.8525666248782415,0.6695836284798014,0.9990281110288963,0.9328585059715172,0.6170818945577703,0.6153140765252765,0.6734350926274959,0.7684311350245986,0.3991226852156058,0.7046577627255024,0.8136793943255898,0.9991680784318946,1.0424171591588087,0.9834152648816442,1.0522092368734943,1.0739968068773982,0.7592952880497633,0.8342781816368152,0.6078528084501198,0.7896183644852257,0.7495286453332528,1.0957826191945066,1.075428486221594,0.7352890455877912,0.9189019672494357,0.8166044293566531,0.8159366572347503,0.7837399488069875,0.7873518096349108,0.7446375411797768,0.8971222060206868,1.074727571693436,0.6913359297397021,0.3920077931845418,0.7739036903321392,0.7469290297371031,1.0098127770308531,0.8618659687218271,0.9158958520465548,1.0322983757661213,0.7758266540996687,0.7464106227964571,1.0469580388257105,0.9020929416175967,0.9879333404368145,0.3870306241251771,1.0577395241071703,0.9251619821479788,1.041782182233093,0.9917768536293645,0.8706265634706979,1.942890293094024e-16,0.5693854494706798,0.5041344918897277,0.4904404792105638,0.5211305908742925,1.0514250700198686,0.755098091695815,0.8011990530883313,1.0477949720177095,0.7122490445514136,1.0407851566477135,0.4184571497767249,1.0226325722965317,0.8789785982916218
0550,1.0690264563696488,0.6787392105331912,0.7597087915140078,1.0271111412426635,1.0780649402368279,0.8545293068518357,1.0366997346553746,0.8977757275501835,0.8649764557166717,0.9088413726767769,0.7275533526109971,0.939407274331163,0.8563847587257444,0.7552861750353469,0.9073807168085464,0.8852023476560579,0.9062248684029459,0.9547124134826707,1.061025552378732,1.0578613656413647,1.0800212325338696,0.8687945664257346,1.0144252970193988,0.749705477151533,1.0413643011435736,0.4373688580849372,0.3373019480694961,0.8220026474715213,0.9123526809231486,1.0335434528266925,0.9438899777281748,0.845374560408316,1.0479371166819926,0.9687249767187357,0.8129965929317374,0.8116823779925539,0.8493951209361674,0.9056065196618572,0.6878782104373435,0.8663564039403122,0.8714363207589118,1.0131322426623506,1.058492959599636,0.9875772277642888,1.04525172678082,1.0508708237316067,0.888530739596219,0.9053159389849947,0.8090009591485966,0.8946480765461188,0.8619356493980559,1.0741998586714476,1.0705630597374443,0.8852699880514007,0.9729247217478232,0.8775520556723388,0.9067110811591642,0.8596568298310818,0.8697378831172724,0.8411092004399586,0.9593268024563175,1.0845277951979,0.8564910724163997,0.7317315022487507,0.9356998728749224,0.8728091862801165,1.0449551924836373,0.9324548243085209,0.9908681835421683,1.042834399853355,0.8984689123094153,0.879518646239333,1.030732698544185,0.9634748983790686,1.0149561728930423,0.6817329050495157,1.055783465700129,0.9582637495516264,1.0385870028201623,0.8508779899816445,0.9517613338707052,0.5693854494706798,5.551115123125783e-17,0.09395111963542449,0.12009767428524923,0.07823005638894628,1.0492846235220943,0.856768460614398,0.8806095626031427,1.048971553066039,0.8559710544345623,1.0291292012321072,0.7198121719599127,1.0475282747721604,0.66966519516556
0552,1.096831892979375,0.7144435368348121,0.7571089748246143,1.0605180850426026,1.0830918010382984,0.8800058365159213,1.0572811577507895,0.8907554531140658,0.9188504035050671,0.9466522555016033,0.7579257753036324,0.9515548994724417,0.8614997666580868,0.790811011522877,0.9566784365614017,0.9374407245498201,0.958083269645837,0.9756465954752482,1.0741351969073598,1.072564007872039,1.0897352448853064,0.9059540746542747,1.0158714560671513,0.7453404857263622,1.0571030235562162,0.4466829096629543,0.40884183437557736,0.8418261572529712,0.961622361292449,1.0374387104103453,0.986624739669248,0.8715614640954248,1.0226440900031049,0.9864504817818436,0.8500654507799985,0.8463717960057426,0.8768090706259126,0.9253407922739585,0.7008649975780118,0.8618751445622317,0.8666483225791131,1.0217271483357444,1.0618084612356844,1.0277828962696007,1.0432698375977871,1.0612263390829477,0.9057397015102775,0.9441313856010276,0.8475571018648067,0.9275510475814787,0.9080749962476353,1.0853773582811739,1.0780705561187043,0.9334071925003706,0.9906141925269055,0.8708972801963524,0.8692330567288187,0.858949720001178,0.8754110781122459,0.8278293853011749,0.9663630111764624,1.0827984857916173,0.9108219529015071,0.7294605468053738,0.9509277229200451,0.8859060218111717,1.0353376804212457,0.9586661627585247,0.9823009474201336,1.054686074650817,0.949107538220826,0.9000964230326783,1.0495031021719832,0.9556123698241468,1.0196185052512468,0.669502615452042,1.0639129346137428,0.9663393412739245,1.0472451152735662,0.8626934301278963,0.9663143378165131,0.5041344918897277,0.09395111963542449,1.942890293094024e-16,0.09158659501459485,0.03211906545745774,1.068698713808292,0.8518926215454179,0.8833225573437976,1.0668892386510913,0.8938471327790815,1.060260484692556,0.7417918398566505,1.0590165630827966,0.7585595483958867
0553,1.0758217690002612,0.7301815155242589,0.8131295088639139,1.0325935779692537,1.079976266037583,0.8326114222713289,1.046569541699402,0.8464081504356158,0.872979192600167,0.891134428697138,0.6791175355937468,0.9426732809493708,0.8111175022656592,0.7112538059132993,0.9231469187986467,0.8888512027749152,0.9081027701185526,0.922986197500153,1.0670320453703572,1.054733749401279,1.0828097209178467,0.84424294003158,1.00271504776348,0.8170850395411103,1.046642653450591,0.3689795641862363,0.3408741630053994,0.7892661857108125,0.9169424477324342,1.0166483118493352,0.9527228148765882,0.7960542962013915,0.9999258024802389,0.9643460924317941,0.7806160282566424,0.7756737423156165,0.8049652782472299,0.8765924550210181,0.6844444414454324,0.781097391798334,0.9294226161017526,1.014005570445618,1.0432308779655164,0.9796307068433345,1.0310634112288295,1.0497978096957352,0.8501678929119147,0.8916518009919969,0.7658961426993327,0.886445601264398,0.8428714816962393,1.0839274806967485,1.072118342692073,0.8754957655425413,0.9697596032843132,0.9497791707518493,0.9283866689821538,0.9185430757271297,0.9119644056600182,0.8974817613105426,0.9814360342696022,1.0720987229067407,0.854836878463145,0.6422067963428658,0.900222968032838,0.8557667867255898,1.0174482095645776,0.9124641540490928,0.9709190556990486,1.0152013364639563,0.8973415494878689,0.8609493440063564,1.0359869301956781,0.9300791478476507,1.0117254079678824,0.7226054366485551,1.0483266758966137,0.9693980003673062,1.0339705626646682,0.8615893378662229,0.9558879006067286,0.4904404792105638,0.12009767428524923,0.09158659501459485,5.551115123125783e-17,0.06471621806559438,1.045204505591867,0.8908152496303179,0.9092232941935467,1.053226489230462,0.828389484764993,1.0267421847709364,0.6582941160861607,1.0463235406312603,0.7400587784577642
0554,1.0807278723732239,0.705403161443708,0.7802837204262293,1.03502970522627,1.0823730629023833,0.8572070413556869,1.0464980011627953,0.8851202882874889,0.875093452236698,0.9191582876957937,0.726929154429335,0.9550066714352474,0.8575517340587137,0.7629859620445324,0.9289590183602964,0.8959894674143328,0.9182848220407009,0.9467879066274588,1.069459263917002,1.0632253863040124,1.085708592342434,0.8789840819520123,1.0114093199579188,0.7715273189321374,1.0482318812230442,0.41471447764855907,0.37142689489253733,0.8275474835208376,0.9227891916185268,1.028177296180408,0.9567079468655603,0.8471118267696762,1.0226793745586105,0.9680213152544143,0.817574494472598,0.8157780806647106,0.8463683162987373,0.9025195316148193,0.701173196471224,0.8484764389373525,0.895664892796864,1.01658671915767,1.0547042855557593,0.9956230727667283,1.0413226587303874,1.0558794572869554,0.8884290115278946,0.9175314023214491,0.8093690148855976,0.9025408556117507,0.8762085880232756,1.0844937713032752,1.0760318335708239,0.8919462796903841,0.9724630165530894,0.9043693869924527,0.9025270909666698,0.8833355617578854,0.8919294699493807,0.8614905029352928,0.9664759678710639,1.0777641624385248,0.8640601456176159,0.6955743510705304,0.9203714294498063,0.8600211438239791,1.031053515278752,0.9265324262879078,0.9803357380250892,1.0337581020866102,0.9035551751747476,0.877327038596883,1.0390501955256917,0.9543916561846342,1.014925800208602,0.6841528084587207,1.0553912892476953,0.9649241922319123,1.0382746228226236,0.8489907664656973,0.9556439639031462,0.5211305908742925,0.07823005638894628,0.03211906545745774,0.06471621806559438,1.1102230246251565e-16,1.0521552648594463,0.8709661703998639,0.8938625643240501,1.0521288856463538,0.8514260206781866,1.036203398816031,0.7133941321916815,1.0521428537009194,0.7129342174250171
0606,0.6339425860429108,0.9670244707250399,1.006789061622321,0.6827232349519052,0.7151733270232364,0.8816577663128888,0.6038861025721248,0.7755312260626724,0.8615974444041331,0.6789982524035044,1.0020598926078956,0.8406227043797394,0.9227565252810493,0.9323326798609003,0.5620691324673456,0.9226827954319461,0.9210887622059925,0.8462726171014027,0.6802365743927188,0.5468692731037847,0.40756977483160733,0.7417636954249187,0.7271254784658144,0.8748995332160117,0.5485060073047722,0.9930059841633929,1.0458819540936068,0.8713618458174844,0.7577650479477673,0.7748256790384926,0.742281210900195,0.7911685665353224,0.5600519933130528,0.45904671470510416,0.8620160037319411,0.8734193933621843,0.8087123307079315,0.706749237024457,1.027451892413624,0.9751386061446027,0.5608971905858516,0.7880962859218887,0.5225742185173456,0.5606630211179614,0.7997948588343129,0.8737570192958543,0.9027833379299182,0.7035335231251958,0.8569783350120159,0.9038605906482287,0.9267356376879663,0.6279022889309502,0.7273276620018392,0.8225409438017527,0.859269349182423,0.7348523617278191,0.6772596373710936,0.8282989369828275,0.784241814043679,0.7513802794062084,0.7236169429582826,0.7033127206716041,0.8887715499600571,0.9910216739870434,0.730930472773782,0.6911373739512653,0.8556087973049828,0.8785834350153616,0.8754867326683566,0.6477689043584722,0.7957688508312555,0.7709387801920455,0.867409843280357,0.8735342239905888,0.825100596956341,1.0199354658863438,0.5488585762774041,0.8293432537306829,0.7310420069462841,0.9266771331914184,1.0055629080872086,1.0514250700198686,1.0492846235220943,1.068698713808292,1.045204505591867,1.0521552648594463,2.220446049250313e-16,0.547228400580217,0.5341619501856013,0.8347687762513256,0.5990571158300955,0.7196773231257241,1.0058485476517456,0.5111854013126703,0.9369618079260724
0607,0.7033455514280471,0.6890395321319362,0.7321003150917272,0.9163295045869009,0.8118501835649592,0.9072367117110265,0.8393320613914261,0.9076944925072192,0.9649643279177686,0.9127014794346383,1.0275279336248513,0.9099860703694513,1.0047614838087888,0.9865470783681791,0.5555735354370852,0.9806059226940695,0.9729979867047632,0.8276725856491206,0.83385713508607,0.7394044013990211,0.6891316272648533,0.9682749400734628,0.9505305327882847,0.5889707789631984,0.565385191511792,0.9990400545057583,1.059284717204247,0.8515144377469803,0.8393583725819271,0.8943452522015432,0.8052102248048371,0.8182115980498897,0.710765178451124,0.5454150495243903,0.8652743121541782,0.84878157200215,0.9967079224450832,0.8695485706416926,0.7942193451016017,1.0089778363144934,0.18475461245967295,0.7946786512924674,0.4461358404703831,0.5806743889819921,0.8762299811028231,0.939646837345699,0.8400047814010274,0.7063427798283853,0.8701241142333983,0.8734229995615512,0.8651928878455258,0.8128998692012841,0.8642752720030908,0.8983825407043169,0.8911745400757365,0.43877376248206756,0.5016264251334197,0.5832597742279111,0.5494011267049524,0.34753020243773836,0.6924586185484272,0.8982126815970808,0.9638056996235302,1.018236731377299,0.764262756756307,0.3651256899610702,0.9493662800860327,0.9800150424012132,0.9013717830254876,0.7570965325259138,0.8727244000011134,0.937215444994775,0.9700489961974248,0.9668172641752584,0.8838054454093143,0.6578693576079924,0.7818514987342666,0.8169032732062184,0.8766524661913941,0.985447218293532,1.0212649590114444,0.755098091695815,0.856768460614398,0.8518926215454179,0.8908152496303179,0.8709661703998639,0.547228400580217,1.6653345369377348e-16,0.12666703965486137,0.9793002719808117,0.7417321176269762,0.7409134440497605,1.0352711801538133,0.7877836369576485,0.9688125145355602
0608,0.7394516917750452,0.714692445982113,0.6127206131218215,0.9058583766532773,0.828741825997348,0.771740266827909,0.823264750635188,0.924145121324591,0.9512120917127764,0.9272363341199739,1.025356721929811,0.8037339016658179,0.9964742636559308,0.9153152532320851,0.4086199574347985,0.8389808796967535,0.846740329611358,0.8363167152689579,0.8199271279366287,0.7605588393837553,0.6721769124110946,0.9527100426966061,0.9482232774640597,0.6429220130174471,0.4569454922374221,0.9965328908448541,1.052986760810858,0.862624990304824,0.8291960380880266,0.8971000711412312,0.8041969844072383,0.8405512196819162,0.7452101509144586,0.4485415717788475,0.8733369534868916,0.8670098866654867,0.9898681812779412,0.8871283833671444,0.8369152492685936,1.0057690146120757,0.26563595436731646,0.8175266176475956,0.4853837662726731,0.6025923075793981,0.8943991209877779,0.9509773757593931,0.8410350552798718,0.6718475298277357,0.880176085230255,0.8598252014326323,0.868552187404411,0.8232108235710524,0.877271318492296,0.8934617151518484,0.8951440938574973,0.5219268247484775,0.5245926543468629,0.6276612268742195,0.6084029807450602,0.35300799585055054,0.6788880342298803,0.8990054161904528,0.9579535537456544,1.012780351107068,0.7908193801979407,0.4057482239289003,0.955983589952767,0.9599831054186551,0.9208117136237548,0.78814659311028,0.8782072444349319,0.9386412963510777,0.9618579668853757,0.9393721458237301,0.878052044158695,0.7124949850682959,0.776471030505568,0.8028302588781492,0.8727308681962372,0.991758460396393,1.01917988402817,0.8011990530883313,0.8806095626031427,0.8833225573437976,0.9092232941935467,0.8938625643240501,0.5341619501856013,0.12666703965486137,8.326672684688674e-17,0.9662011491306068,0.7411015732286871,0.7628220164502193,1.028743764092989,0.8084260981492555,0.8662973932010408
0613,0.5194693241675752,0.9310974986585497,0.9860617760924528,0.7142504966271787,0.48729886488356555,0.8591550764903826,0.529963821051288,0.7452100386323954,0.8199656804645276,0.6473007927803784,0.9852674095860653,0.7220528442884211,1.0010164752167274,0.939506870440792,1.0288882515929245,0.8872916489025846,0.9116838745636218,0.8798461452197159,0.6791405163125128,0.7130498634955414,0.8115006913873957,0.7089508555183062,0.6978675874933504,0.9864358468379122,0.8701173382110252,0.9935844207229767,1.0236437962245506,0.8755518531852063,0.731570393593901,0.39443196904252464,0.7124971521404069,0.9037686718925055,0.5528517704001713,0.9657002015788576,0.8498438048618935,0.8585599036216526,0.7703375004823075,0.6651223998261726,0.8042836798165958,0.7760787710668957,0.8522369308611033,0.9030133271090869,0.7933797646236426,0.8046473453441575,0.4844210803643373,0.4546443307255156,0.6355878016670198,0.7567438637105565,0.8346718911911669,0.6401284548176884,0.6735523415347351,0.7525446624751156,0.7407684872538356,0.9285392643771146,1.0009487168218392,0.9316448857750832,0.7396049833087955,0.7771771396269047,0.8769736039215347,0.9401059598950391,0.7285677021640888,0.5163837685806226,0.8441207486317452,0.9799463983335339,1.0180403649130623,0.8638807046929785,0.501813785236721,0.6485494805711837,1.0517370049091124,0.4777760854177,0.9095483862694922,0.9677248631150457,0.61695572275675,0.5683902993658786,0.9157214651745891,0.9806658228708972,0.7513821368775652,0.7802844088579661,0.7203469337418036,0.8849663663090914,0.9699540048398391,1.0477949720177095,1.048971553066039,1.0668892386510913,1.053226489230462,1.0521288856463538,0.8347687762513256,0.9793002719808117,0.9662011491306068,1.1102230246251565e-16,1.028750756734901,0.4334060010797111,0.9827983602870319,0.7121469545547574,0.9322515390422683
0621,0.9366795537851442,0.7779408477461146,0.9098844112023123,0.7588605758027005,1.01980426924404,0.7231304915142398,0.9158784741471249,0.8569439509216648,0.5967112024247119,0.7945358008502001,0.4978329485529601,0.9140923694428029,0.4980088801835453,0.7013589768614484,0.48801449215456477,0.689974450969898,0.7474217706275669,0.7377792965523218,0.8004640492562743,0.7369648736301282,0.7254676189285205,0.7077469445031879,0.9011797077646995,0.7787493523226204,0.7962362927060914,0.688368062136891,0.7919983382886225,0.7169558125696613,0.7212946055702967,1.0389117113932553,0.7835501521532515,0.5547500740859064,0.9508061093587341,0.5601029391359453,0.6535046166503258,0.6571933768973297,0.6959700366184014,0.8134456427002456,0.8323802002367021,0.8000863273208476,0.849537512970626,0.9094149737851487,0.7567095771846892,0.6381854327588808,1.0121734574022545,1.000712785497352,0.7403262975845045,0.5577368940120737,0.6334314078853909,0.7894974342722186,0.7550644263035636,0.7696767484295995,0.8443959259915559,0.5462675807889883,0.7156927085507695,0.8420943684146116,0.8714712558258421,0.8733726056784306,0.7959904774223827,0.960472875504873,0.8045277650074483,0.9013440754494627,0.5986413067876852,0.4822524902060577,0.5454532034180564,0.7676636120643968,0.9571279495729116,0.7394440018481971,0.8061162376569292,0.9014934850281688,0.5074264570554401,0.3995874549474535,0.9304915614733993,0.8668833575002458,0.8849180897087414,0.8457621033992668,0.7203944146271742,0.8754973994041935,0.8198525406196483,0.9154073301373342,0.8756743078527235,0.7122490445514136,0.8559710544345623,0.8938471327790815,0.828389484764993,0.8514260206781866,0.5990571158300955,0.7417321176269762,0.7411015732286871,1.028750756734901,1.6653345369377348e-16,0.8884083522867858,0.48596636776476865,0.9175943832967116,0.7820994800489396
0625,0.3218821739712698,0.9946054346806726,1.0231921933290247,0.7163487725389659,0.458308647910618,0.8245560657637049,0.7602335997655691,0.7760679749422754,0.8814978973472863,0.7768304712255363,0.9847235167987359,0.728723591282467,0.9759184244959294,0.9160712316879089,0.8870687714799544,0.9222022809830978,0.9142515840785006,0.6637605551085266,0.6399064972883252,0.6994680273523811,0.7663335605827213,0.8210659278019238,0.7469784518653804,0.9636290251535391,0.6119516076278808,0.9606319243129582,1.047215213738017,0.7704669272280562,0.7771055284537649,0.6061550319121174,0.7143144004339841,0.7778540365730129,0.4058958853958954,0.7028790845614263,0.799534168598149,0.800306936914775,0.8892688665013972,0.7244384998283292,0.9083596883648508,0.8697441702249542,0.7568674168475881,0.7294254865395663,0.47309632680956476,0.5045756266324715,0.5153125886042571,0.4863366047625597,0.6216455805051819,0.7492965829267948,0.8273680184975247,0.668495051385904,0.670829707391687,0.811275150824058,0.7414187394512091,0.8331497396127302,0.8746537457298403,0.8920342074729228,0.6907387241435266,0.7645824883398488,0.8677992931298792,0.7507772912838759,0.875804004505448,0.5162848238424129,0.887455397294346,0.9848469810303829,0.7624619263016459,0.5956101194246148,0.48226126057127405,0.7736580634423225,0.9122180142894054,0.4089037596592414,0.8231942484348724,0.8556364735228379,0.5177758640207677,0.6366192454508545,0.8098364738187521,1.022405376244956,0.7658191108218497,0.8926937548424484,0.7822752504164341,0.7828980802727876,1.0013967137497108,1.0407851566477135,1.0291292012321072,1.060260484692556,1.0267421847709364,1.036203398816031,0.7196773231257241,0.7409134440497605,0.7628220164502193,0.4334060010797111,0.8884083522867858,1.942890293094024e-16,0.9869782978233482,0.6207750788336395,0.9133797616977117
0648,1.0144885188223414,0.6118409523182106,0.8368857863989039,0.8372307441608094,1.0924782914558717,0.434153828076959,0.9191571366478493,0.6066136029154348,0.4250471317728823,0.5833660981061897,0.03864105756895142,0.7720105608604008,0.3998897305084547,0.5043456066464544,0.8285112036837112,0.4900353459210439,0.641312895637599,0.7977965439740718,1.0754897852500904,1.0619662996371564,1.09754947536109,0.4397454494403676,0.8859456485952251,0.8350875235022619,1.0211649276530586,0.4624007040992865,0.5578619285488633,0.353693255784979,0.5198318219825901,0.933021472617912,0.5957658300262322,0.3766765229234006,1.0612297450918184,0.8643296698940639,0.29520330569377196,0.3017311681388831,0.4338323147083807,0.5953811655696541,0.6425343688991318,0.5876355778027894,1.100079787192501,0.9611445277069615,1.0372229406447195,0.8895954570261749,1.09084377599551,1.0802036815378324,0.551866925603015,0.6540427083791196,0.2931820002347387,0.5695845250939158,0.472952289751819,1.0785846893384334,1.054447703817016,0.43905068331761876,0.8065308140367552,1.1163912521755424,1.128567504587132,1.0403458732339699,1.0196042455582641,1.033371879985041,1.055252339970104,1.0773376287389054,0.3585111035671414,0.06359936222517698,0.5897186720076314,0.8800371625865911,1.0363300557875272,0.7293836903108668,0.8773150777496351,1.018922951079806,0.47916658519422184,0.5153238195593715,1.018326161885699,0.8802609303244788,0.951116340879435,0.6616687645305783,1.0541215914600208,1.0381055680094105,1.0229278349356283,0.94692689396029,0.7370951167961723,0.4184571497767249,0.7198121719599127,0.7417918398566505,0.6582941160861607,0.7133941321916815,1.0058485476517456,1.0352711801538133,1.028743764092989,0.9827983602870319,0.48596636776476865,0.9869782978233482,2.7755575615628914e-17,0.9746968383393593,0.72437346971696
0678,0.41674397355373843,0.9686283007957288,1.0121463065342702,0.6453479286120892,0.37003645871243473,0.7390139612377583,0.42012147866763005,0.46345380007127823,0.8703369672972832,0.42890437177519036,0.9639123575702877,0.5696676165612764,0.9007526119799985,0.9304470181092962,0.9375477485342723,0.9038156868598268,0.9423407558336574,0.9048362093847726,0.7941724561087942,0.7930010912115307,0.697498670856893,0.5883317846782021,0.40065548498472336,0.7863414216869046,0.5646289470384639,0.9848941210490518,1.026248527554761,0.6677658414220748,0.6776145140197642,0.43676893584384924,0.5848459446464391,0.7496965856554074,0.346132700374825,0.6535936830814609,0.7382523428117775,0.7385472262826401,0.6606504181036004,0.35446653283265384,0.9414212153840771,0.914681085835546,0.6662415575807962,0.7463055346899653,0.647074950796629,0.7835339674269687,0.6974699400324755,0.780709571091134,0.8046859709370837,0.9134074622672014,0.796956316426142,0.7805913432670959,0.8669503136235172,0.7728827689259207,0.7117711245619591,0.7728880703168457,0.8543876439107215,0.8389308080327418,0.8765357803782506,0.8898239350172792,0.8635700083766014,0.6507461312670715,0.8916066103635325,0.6872789251947924,0.8529850880137451,0.9650571395348518,0.722002475404394,0.6396199263418476,0.7882686132574126,0.8460125251277213,0.8638804988316925,0.5340768453507281,0.7465342644328259,0.8121870396222777,0.8030570598794932,0.9006513440676165,0.7851565381973902,0.9718396145486068,0.8171302263478235,0.9193252301546605,0.838382101086586,0.920067738094686,0.9561988828874912,1.0226325722965317,1.0475282747721604,1.0590165630827966,1.0463235406312603,1.0521428537009194,0.5111854013126703,0.7877836369576485,0.8084260981492555,0.7121469545547574,0.9175943832967116,0.6207750788336395,0.9746968383393593,1.6653345369377348e-16,0.9558004519878481
0679,0.9457336825150101,0.7184110040601734,0.6488309027438653,0.8456970939335722,1.0012802293454928,0.6706290322961674,0.9136589501306623,0.9344630254903568,0.570149044035259,0.7874184611828411,0.6890806319014428,0.8283438330597819,0.8411501423381794,0.5577581573850546,0.6723837804582659,0.44875736026846436,0.43460577615361773,0.8044448070515978,0.9916260227913962,0.9842469147970471,1.0036686639421641,0.7811726915815487,0.9191852035489549,0.9479032936420033,0.8258688187782406,0.8060946058195865,0.7868244769586671,0.8421315820501648,0.6421731601559182,0.9195943290430175,0.7075482281667042,0.797798141197544,0.9919825549804879,0.8367666431582357,0.7754146988288526,0.7721751427916492,0.7754580256253656,0.8522983640883905,0.8845578889078385,0.8620682925421211,0.9996755105703783,0.9557252090245053,0.9770875122222283,0.8327590261993587,1.004824751778242,0.9961781993394234,0.8734934936273555,0.8770692666637829,0.762975190723373,0.8513424551856554,0.8061788220414937,0.9918826466609585,0.9772152593253214,0.6284263635831476,0.845079739410364,1.0125502831245563,1.0339873070988683,0.9844828752115549,0.9998407840199325,0.8905708802916594,0.9888917228659933,1.0112126881566672,0.5638996576053328,0.7117893169258677,0.7430439486334753,0.8482159753553822,0.9926823915833949,0.843587086984835,0.9217749216406561,0.930438775577086,0.6342626304438101,0.8601679385297971,0.9627405665576723,1.01028818533067,0.955704221441174,0.8066868129263595,0.9853871753149556,0.9818095214896145,0.9659679350723465,0.7350252682049748,0.8432925073235658,0.8789785982916218,0.66966519516556,0.7585595483958867,0.7400587784577642,0.7129342174250171,0.9369618079260724,0.9688125145355602,0.8662973932010408,0.9322515390422683,0.7820994800489396,0.9133797616977117,0.72437346971696,0.9558004519878481,0.0
