species_a,species_a_name,species_b,species_b_name,inter_distance,intra_a,intra_b,contrast
0071,Baikiaea plurijuga Harms,0425,Mezilaurus ita-uba (Meisn.) Taub. ex Mez,0.29437534294459833,0.6624630676293845,0.12157433758219263,-0.3680877246847861
0157,Ceriops tagal (Perr.) C.B. Robinson,0181,Cotylelobium Pierre,0.0726582185964885,0.3733888439031872,0.02876268832314597,-0.3007306253066987
0071,Baikiaea plurijuga Harms,0648,Triplochiton scleroxylon K. Schum.,0.3998897305084547,0.6624630676293845,0.03451537060084674,-0.26257333712092973
0045,Anopyxis klaineana (Pierre) Engl.,0243,Dracontomelon dao (Blanco) Merr. & Rolfe,0.12338007644130053,0.3666389738639127,0.38265490650255146,-0.25927483006125096
0066,Aucoumea klaineana Pierre,0071,Baikiaea plurijuga Harms,0.4117341565350371,0.21760219624631696,0.6624630676293845,-0.25072891109434736
0071,Baikiaea plurijuga Harms,0195,Ctenolophon parvifolius Oliv.,0.4228408482924303,0.6624630676293845,0.1445569890808498,-0.23962221933695416
0095,Brosimum alicastrum Swartz,0239,Dipteryx odorata (Aubl.) Forsyth f.,0.15064927475991013,0.373588888328799,0.29620412323508927,-0.22293961356888886
0071,Baikiaea plurijuga Harms,0367,Juglans nigra L.,0.43956334654318907,0.6624630676293845,0.030957996752025003,-0.22289972108619538
0035,Anacardium giganteum Hancock ex Engl.,0243,Dracontomelon dao (Blanco) Merr. & Rolfe,0.1678316465539428,0.09952635975102023,0.38265490650255146,-0.21482325994860865
0269,Erythrophleum ivorense A. Chev,0270,Erythrophleum suaveolens (Guill. & Perr.) Brenan,0.15791958880423432,0.18362962432208574,0.37032055479729653,-0.2124009659930622
0045,Anopyxis klaineana (Pierre) Engl.,0095,Brosimum alicastrum Swartz,0.17929184397268935,0.3666389738639127,0.373588888328799,-0.19429704435610964
0091,Brachystegia Benth.,0092,Brachystegia cynometroides Harms,0.20465118614626276,0.38877160503932806,0.1445998181282847,-0.1841204188930653
0071,Baikiaea plurijuga Harms,0313,Grevillea robusta A.Cunn. ex R.Br.,0.47911456981897493,0.6624630676293845,0.12015375617853329,-0.18334849781040952
0071,Baikiaea plurijuga Harms,0418,Mansonia altissima (A. Chev.) A. Chev.,0.4821791317982136,0.6624630676293845,0.10609990889998436,-0.18028393583117086
0066,Aucoumea klaineana Pierre,0648,Triplochiton scleroxylon K. Schum.,0.03864105756895139,0.21760219624631696,0.03451537060084674,-0.17896113867736557
0256,Entandrophragma angolense (Welw.) Panshin,0607,Swietenia macrophylla King,0.18475461245967295,0.35292642353479126,0.07039605530704054,-0.1681718110751183
0045,Anopyxis klaineana (Pierre) Engl.,0239,Dipteryx odorata (Aubl.) Forsyth f.,0.19985197628881704,0.3666389738639127,0.29620412323508927,-0.16678699757509566
0071,Baikiaea plurijuga Harms,0621,Tectona grandis L.,0.4980088801835453,0.6624630676293845,0.3340452621707477,-0.16445418744583917
0066,Aucoumea klaineana Pierre,0367,Juglans nigra L.,0.05513243336940077,0.21760219624631696,0.030957996752025003,-0.1624697628769162
0095,Brosimum alicastrum Swartz,0236,Dipterocarpus C.F.Gaertn.,0.22232933695038656,0.373588888328799,0.06735710381385199,-0.15125955137841243
0157,Ceriops tagal (Perr.) C.B. Robinson,0366,Juglans regia L.,0.22249660627206316,0.3733888439031872,0.011555233791711243,-0.15089223763112405
0092,Brachystegia cynometroides Harms,0093,Brachystegia laurentii (De Wild.) Louis ex J.Léonard,0.13636410761101436,0.1445998181282847,0.285314769922707,-0.14895066231169263
0091,Brachystegia Benth.,0301,Gilbertiodendron dewevrei (De Wild.) J.Léonard,0.24707494982250633,0.38877160503932806,0.17033855113561178,-0.14169665521682173
0041,Aniba rosodora Ducke,0157,Ceriops tagal (Perr.) C.B. Robinson,0.23465046468200235,0.03206859773287161,0.3733888439031872,-0.13873837922118487
0095,Brosimum alicastrum Swartz,0295,Fraxinus nigra Marshall,0.23944050482894044,0.373588888328799,0.04872560265571527,-0.13414838349985855
0095,Brosimum alicastrum Swartz,0238,Dipterocarpus kerrii King,0.24309331619520833,0.373588888328799,0.047350069644523325,-0.13049557213359067
0093,Brachystegia laurentii (De Wild.) Louis ex J.Léonard,0301,Gilbertiodendron dewevrei (De Wild.) J.Léonard,0.16204864550885345,0.285314769922707,0.17033855113561178,-0.12326612441385354
0239,Dipteryx odorata (Aubl.) Forsyth f.,0243,Dracontomelon dao (Blanco) Merr. & Rolfe,0.2602491881133546,0.29620412323508927,0.38265490650255146,-0.12240571838919684
0071,Baikiaea plurijuga Harms,0366,Juglans regia L.,0.5514596486434323,0.6624630676293845,0.011555233791711243,-0.11100341898595212
0095,Brosimum alicastrum Swartz,0243,Dracontomelon dao (Blanco) Merr. & Rolfe,0.27297022330142595,0.373588888328799,0.38265490650255146,-0.10968468320112551
0115,Carapa guianensis Aubl.,0214,Daniellia thurifera Benn.,0.3682516310584688,0.47781439040167756,0.44353669806721796,-0.10956275934320875
0354,Intsia bijuga (Colebr.) Kuntze,0375,Koompassia malaccensis Maing.,0.21871001267932735,0.3278225854948488,0.08877285430095372,-0.10911257281552142
0071,Baikiaea plurijuga Harms,0095,Brosimum alicastrum Swartz,0.555770345332778,0.6624630676293845,0.373588888328799,-0.10669272229660642
0115,Carapa guianensis Aubl.,0258,Entandrophragma cylindricum (Sprague) Sprague,0.3713248998125951,0.47781439040167756,0.1920147510454096,-0.10648949058908247
0091,Brachystegia Benth.,0093,Brachystegia laurentii (De Wild.) Louis ex J.Léonard,0.28555073930056274,0.38877160503932806,0.285314769922707,-0.10322086573876532
0147,Ceiba pentandra (L.) Gaertn.,0243,Dracontomelon dao (Blanco) Merr. & Rolfe,0.28759250902640243,0.09053989442752747,0.38265490650255146,-0.09506239747614903
0096,Brosimum guianense (Aubl.) Huber ex Ducke,0678,Albizia ferruginea (Guill. & Perr.) Benth.,0.40065548498472325,0.4923459427522542,0.33801121938985357,-0.09169045776753093
0095,Brosimum alicastrum Swartz,0195,Ctenolophon parvifolius Oliv.,0.2834145101071481,0.373588888328799,0.1445569890808498,-0.09017437822165092
0256,Entandrophragma angolense (Welw.) Panshin,0608,Swietenia mahagoni (L.) Jacq.,0.26563595436731646,0.35292642353479126,0.156298942858346,-0.0872904691674748
0041,Aniba rosodora Ducke,0071,Baikiaea plurijuga Harms,0.5752303015881755,0.03206859773287161,0.6624630676293845,-0.087232766041209
0093,Brachystegia laurentii (De Wild.) Louis ex J.Léonard,0478,Peltogyne Vogel,0.19814009450696282,0.285314769922707,0.11335898594650924,-0.08717467541574417
0033,Anacardium excelsum (Bertero & Balb. ex Kunth) Skeels,0095,Brosimum alicastrum Swartz,0.29021986066049743,0.1612983471755794,0.373588888328799,-0.08336902766830157
0302,Gilbertiodendron preussii (Harms) J.Léonard,0354,Intsia bijuga (Colebr.) Kuntze,0.24714151857762703,0.21477324086718907,0.3278225854948488,-0.08068106691722174
0238,Dipterocarpus kerrii King,0243,Dracontomelon dao (Blanco) Merr. & Rolfe,0.3042908437052446,0.047350069644523325,0.38265490650255146,-0.07836406279730684
0091,Brachystegia Benth.,0302,Gilbertiodendron preussii (Harms) J.Léonard,0.3108429904957003,0.38877160503932806,0.21477324086718907,-0.07792861454362776
0003,Acacia mangium Willd.,0030,Amburana cearensis (Allemão) A.C.Sm.,0.1734357867096192,0.24987335040256672,0.20353506212870529,-0.07643756369294752
0236,Dipterocarpus C.F.Gaertn.,0243,Dracontomelon dao (Blanco) Merr. & Rolfe,0.3110031415373061,0.06735710381385199,0.38265490650255146,-0.07165176496524533
0323,Guibourtia demeusei (Harms) J.Léonard,0326,Guibourtia ehie (A. Chev.) J. Léonard,0.19618668061649297,0.2237088813376544,0.267153359759205,-0.07096667914271204
0301,Gilbertiodendron dewevrei (De Wild.) J.Léonard,0302,Gilbertiodendron preussii (Harms) J.Léonard,0.1463192666978599,0.17033855113561178,0.21477324086718907,-0.06845397416932916
0326,Guibourtia ehie (A. Chev.) J. Léonard,0353,Intsia Thouars,0.29821516944805526,0.267153359759205,0.36502681521580665,-0.0668116457677514
0035,Anacardium giganteum Hancock ex Engl.,0045,Anopyxis klaineana (Pierre) Engl.,0.3003056953423575,0.09952635975102023,0.3666389738639127,-0.06633327852155518
0033,Anacardium excelsum (Bertero & Balb. ex Kunth) Skeels,0071,Baikiaea plurijuga Harms,0.5974318907043945,0.1612983471755794,0.6624630676293845,-0.06503117692498994
0270,Erythrophleum suaveolens (Guill. & Perr.) Brenan,0375,Koompassia malaccensis Maing.,0.30571657659053086,0.37032055479729653,0.08877285430095372,-0.06460397820676567
0293,Fraxinus americana L.,0297,Fraxinus mandshurica Rupr.,0.12293336018153533,0.06673216616943302,0.18720922831157757,-0.06427586813004224
0256,Entandrophragma angolense (Welw.) Panshin,0323,Guibourtia demeusei (Harms) J.Léonard,0.28943115410785925,0.35292642353479126,0.2237088813376544,-0.06349526942693201
0035,Anacardium giganteum Hancock ex Engl.,0095,Brosimum alicastrum Swartz,0.31069561256548867,0.09952635975102023,0.373588888328799,-0.06289327576331033
0071,Baikiaea plurijuga Harms,0371,Khaya grandifoliola C.DC.,0.6062196746981491,0.6624630676293845,0.13346149799545334,-0.05624339293123537
0091,Brachystegia Benth.,0478,Peltogyne Vogel,0.33474084241197677,0.38877160503932806,0.11335898594650924,-0.05403076262735129
0553,Quercus petraea (Matt.) Liebl.,0554,Quercus robur L.,0.06471621806559438,0.1175281560814896,0.040088693572690404,-0.05281193801589522
0236,Dipterocarpus C.F.Gaertn.,0238,Dipterocarpus kerrii King,0.015279224346443798,0.06735710381385199,0.047350069644523325,-0.05207787946740819
0157,Ceriops tagal (Perr.) C.B. Robinson,0313,Grevillea robusta A.Cunn. ex R.Br.,0.3214358890702305,0.3733888439031872,0.12015375617853329,-0.0519529548329567
0071,Baikiaea plurijuga Harms,0295,Fraxinus nigra Marshall,0.61081850040387,0.6624630676293845,0.04872560265571527,-0.05164456722551447
0091,Brachystegia Benth.,0354,Intsia bijuga (Colebr.) Kuntze,0.338961456273016,0.38877160503932806,0.3278225854948488,-0.04981014876631207
0095,Brosimum alicastrum Swartz,0147,Ceiba pentandra (L.) Gaertn.,0.32662315337731584,0.373588888328799,0.09053989442752747,-0.04696573495148315
0071,Baikiaea plurijuga Harms,0236,Dipterocarpus C.F.Gaertn.,0.6156340978304136,0.6624630676293845,0.06735710381385199,-0.04682896979897089
0323,Guibourtia demeusei (Harms) J.Léonard,0353,Intsia Thouars,0.3196906591654867,0.2237088813376544,0.36502681521580665,-0.04533615605031993
0270,Erythrophleum suaveolens (Guill. & Perr.) Brenan,0480,Peltogyne mexicana Martínez,0.32547342728714423,0.37032055479729653,0.1247695132163256,-0.044847127510152296
0092,Brachystegia cynometroides Harms,0301,Gilbertiodendron dewevrei (De Wild.) J.Léonard,0.12668117322364278,0.1445998181282847,0.17033855113561178,-0.043657377911969
0093,Brachystegia laurentii (De Wild.) Louis ex J.Léonard,0302,Gilbertiodendron preussii (Harms) J.Léonard,0.24315872704862873,0.285314769922707,0.21477324086718907,-0.04215604287407826
0080,Betula papyrifera Marshall,0157,Ceriops tagal (Perr.) C.B. Robinson,0.3313874672095309,0.15225687626821854,0.3733888439031872,-0.042001376693656334
0091,Brachystegia Benth.,0375,Koompassia malaccensis Maing.,0.3475947001448464,0.38877160503932806,0.08877285430095372,-0.04117690489448167
0071,Baikiaea plurijuga Harms,0157,Ceriops tagal (Perr.) C.B. Robinson,0.623427151961934,0.6624630676293845,0.3733888439031872,-0.03903591566745046
0353,Intsia Thouars,0479,Peltogyne catingae Ducke,0.3305826737741465,0.36502681521580665,0.034412686077142644,-0.03444414144166014
0157,Ceriops tagal (Perr.) C.B. Robinson,0418,Mansonia altissima (A. Chev.) A. Chev.,0.3390208913944782,0.3733888439031872,0.10609990889998436,-0.034367952508709
0313,Grevillea robusta A.Cunn. ex R.Br.,0418,Mansonia altissima (A. Chev.) A. Chev.,0.08864833583991866,0.12015375617853329,0.10609990889998436,-0.03150542033861463
0301,Gilbertiodendron dewevrei (De Wild.) J.Léonard,0478,Peltogyne Vogel,0.1397964453954694,0.17033855113561178,0.11335898594650924,-0.030542105740142378
0607,Swietenia macrophylla King,0608,Swietenia mahagoni (L.) Jacq.,0.12666703965486137,0.07039605530704054,0.156298942858346,-0.029631903203484633
0243,Dracontomelon dao (Blanco) Merr. & Rolfe,0678,Albizia ferruginea (Guill. & Perr.) Benth.,0.35446653283265384,0.38265490650255146,0.33801121938985357,-0.028188373669897626
0096,Brosimum guianense (Aubl.) Huber ex Ducke,0354,Intsia bijuga (Colebr.) Kuntze,0.4659915988047915,0.4923459427522542,0.3278225854948488,-0.026354343947462666
0071,Baikiaea plurijuga Harms,0080,Betula papyrifera Marshall,0.6364962255883476,0.6624630676293845,0.15225687626821854,-0.02596684204103683
0552,Quercus alba L.,0553,Quercus petraea (Matt.) Liebl.,0.09158659501459485,0.054910389150189774,0.1175281560814896,-0.025941561066894755
0552,Quercus alba L.,0554,Quercus robur L.,0.03211906545745774,0.054910389150189774,0.040088693572690404,-0.022791323692732034
0214,Daniellia thurifera Benn.,0258,Entandrophragma cylindricum (Sprague) Sprague,0.42110162346292024,0.44353669806721796,0.1920147510454096,-0.022435074604297722
0035,Anacardium giganteum Hancock ex Engl.,0070,Bagassa guianensis Aubl.,0.3302407417670344,0.09952635975102023,0.35189488550655634,-0.021654143739521958
0115,Carapa guianensis Aubl.,0608,Swietenia mahagoni (L.) Jacq.,0.4569454922374221,0.47781439040167756,0.156298942858346,-0.020868898164255467
0072,Baillonella toxisperma Pierre,0081,Betula pendula Roth,0.3573329474320145,0.377642267969207,0.0030165117830820874,-0.020309320537192532
0236,Dipterocarpus C.F.Gaertn.,0295,Fraxinus nigra Marshall,0.0471624008456803,0.06735710381385199,0.04872560265571527,-0.02019470296817169
0296,Fraxinus ornus L.,0297,Fraxinus mandshurica Rupr.,0.16810558843621087,0.15609996020530656,0.18720922831157757,-0.0191036398753667
0071,Baikiaea plurijuga Harms,0238,Dipterocarpus kerrii King,0.6455403981791317,0.6624630676293845,0.047350069644523325,-0.01692266945025278
0045,Anopyxis klaineana (Pierre) Engl.,0238,Dipterocarpus kerrii King,0.35164081712172246,0.3666389738639127,0.047350069644523325,-0.014998156742190238
0301,Gilbertiodendron dewevrei (De Wild.) J.Léonard,0353,Intsia Thouars,0.351011498614334,0.17033855113561178,0.36502681521580665,-0.01401531660147265
0157,Ceriops tagal (Perr.) C.B. Robinson,0236,Dipterocarpus C.F.Gaertn.,0.3615482437544071,0.3733888439031872,0.06735710381385199,-0.011840600148780134
0096,Brosimum guianense (Aubl.) Huber ex Ducke,0207,Dalbergia nigra (Vell.) Allemão ex Benth.,0.4816082871294899,0.4923459427522542,0.31919241888109307,-0.010737655622764297
0207,Dalbergia nigra (Vell.) Allemão ex Benth.,0399,Lovoa trichilioides Harms,0.30865481414268625,0.31919241888109307,0.2327105138088832,-0.010537604738406814
0243,Dracontomelon dao (Blanco) Merr. & Rolfe,0295,Fraxinus nigra Marshall,0.37297218511812713,0.38265490650255146,0.04872560265571527,-0.009682721384424331
0045,Anopyxis klaineana (Pierre) Engl.,0236,Dipterocarpus C.F.Gaertn.,0.3571332738978174,0.3666389738639127,0.06735710381385199,-0.009505699966095293
0157,Ceriops tagal (Perr.) C.B. Robinson,0295,Fraxinus nigra Marshall,0.3644437582492688,0.3733888439031872,0.04872560265571527,-0.008945085653918439
0302,Gilbertiodendron preussii (Harms) J.Léonard,0478,Peltogyne Vogel,0.20866596504058116,0.21477324086718907,0.11335898594650924,-0.006107275826607916
0158,"Chlorocardium rodiei (R.H.Schomb.) Rohwer, H.G.Richt. & van der Werff",0243,Dracontomelon dao (Blanco) Merr. & Rolfe,0.3782929219012704,0.08176555061613976,0.38265490650255146,-0.004361984601281066
0270,Erythrophleum suaveolens (Guill. & Perr.) Brenan,0399,Lovoa trichilioides Harms,0.3664994746127425,0.37032055479729653,0.2327105138088832,-0.0038210801845540154
0147,Ceiba pentandra (L.) Gaertn.,0236,Dipterocarpus C.F.Gaertn.,0.0877361579964018,0.09053989442752747,0.06735710381385199,-0.002803736431125664
0147,Ceiba pentandra (L.) Gaertn.,0238,Dipterocarpus kerrii King,0.08783720827859268,0.09053989442752747,0.047350069644523325,-0.002702686148934791
0045,Anopyxis klaineana (Pierre) Engl.,0295,Fraxinus nigra Marshall,0.36603694950359966,0.3666389738639127,0.04872560265571527,-0.000602024360313036
0003,Acacia mangium Willd.,0625,Terminalia superba Engl.& Diels,0.3218821739712698,0.24987335040256672,0.3215805164792984,0.00030165749197136327
0550,Quercus mongolica Fisch. ex Ledeb.,0553,Quercus petraea (Matt.) Liebl.,0.12009767428524923,0.0295908067557718,0.1175281560814896,0.002569518203759627
0092,Brachystegia cynometroides Harms,0478,Peltogyne Vogel,0.1477281794342601,0.1445998181282847,0.11335898594650924,0.00312836130597538
0070,Bagassa guianensis Aubl.,0115,Carapa guianensis Aubl.,0.48144760495451194,0.35189488550655634,0.47781439040167756,0.003633214552834385
0095,Brosimum alicastrum Swartz,0181,Cotylelobium Pierre,0.3776573690709885,0.373588888328799,0.02876268832314597,0.0040684807421895175
0071,Baikiaea plurijuga Harms,0293,Fraxinus americana L.,0.6667247101181589,0.6624630676293845,0.06673216616943302,0.004261642488774475
0214,Daniellia thurifera Benn.,0608,Swietenia mahagoni (L.) Jacq.,0.44854157177884757,0.44353669806721796,0.156298942858346,0.005004873711629609
0157,Ceriops tagal (Perr.) C.B. Robinson,0238,Dipterocarpus kerrii King,0.3785480878307126,0.3733888439031872,0.047350069644523325,0.00515924392752537
0006,Acer platanoides L.,0071,Baikiaea plurijuga Harms,0.6678592531067097,0.0033010130066980182,0.6624630676293845,0.005396185477325233
0070,Bagassa guianensis Aubl.,0243,Dracontomelon dao (Blanco) Merr. & Rolfe,0.3892604951919594,0.35189488550655634,0.38265490650255146,0.006605588689407915
0256,Entandrophragma angolense (Welw.) Panshin,0331,Heritiera utilis (Sprague) Sprague,0.36018154441403943,0.35292642353479126,0.2700129923785008,0.007255120879248178
0095,Brosimum alicastrum Swartz,0157,Ceriops tagal (Perr.) C.B. Robinson,0.3810054082553895,0.373588888328799,0.3733888439031872,0.007416519926590481
0207,Dalbergia nigra (Vell.) Allemão ex Benth.,0678,Albizia ferruginea (Guill. & Perr.) Benth.,0.346132700374825,0.31919241888109307,0.33801121938985357,0.008121480984971452
0071,Baikiaea plurijuga Harms,0542,Pycnanthus angolensis (Welw.) Warb.,0.6719752728161689,0.6624630676293845,0.09358528548867441,0.009512205186784417
0195,Ctenolophon parvifolius Oliv.,0295,Fraxinus nigra Marshall,0.154959546740543,0.1445569890808498,0.04872560265571527,0.010402557659693196
0353,Intsia Thouars,0478,Peltogyne Vogel,0.37607699314555915,0.36502681521580665,0.11335898594650924,0.011050177929752492
0071,Baikiaea plurijuga Harms,0072,Baillonella toxisperma Pierre,0.6735253699012776,0.6624630676293845,0.377642267969207,0.011062302271893198
0092,Brachystegia cynometroides Harms,0354,Intsia bijuga (Colebr.) Kuntze,0.33960081142055654,0.1445998181282847,0.3278225854948488,0.011778225925707764
0238,Dipterocarpus kerrii King,0295,Fraxinus nigra Marshall,0.06130425258611738,0.047350069644523325,0.04872560265571527,0.012578649930402114
0092,Brachystegia cynometroides Harms,0302,Gilbertiodendron preussii (Harms) J.Léonard,0.2279437533760692,0.1445998181282847,0.21477324086718907,0.013170512508880128
0071,Baikiaea plurijuga Harms,0181,Cotylelobium Pierre,0.6772796935804519,0.6624630676293845,0.02876268832314597,0.014816625951067475
0071,Baikiaea plurijuga Harms,0239,Dipteryx odorata (Aubl.) Forsyth f.,0.6773047766985951,0.6624630676293845,0.29620412323508927,0.014841709069210673
0238,Dipterocarpus kerrii King,0239,Dipteryx odorata (Aubl.) Forsyth f.,0.3113091363604952,0.047350069644523325,0.29620412323508927,0.015105013125405908
0214,Daniellia thurifera Benn.,0606,Swietenia humilis Zucc.,0.45904671470510416,0.44353669806721796,0.2157970800606374,0.015510016637886204
0033,Anacardium excelsum (Bertero & Balb. ex Kunth) Skeels,0236,Dipterocarpus C.F.Gaertn.,0.17696272576391991,0.1612983471755794,0.06735710381385199,0.015664378588340522
0195,Ctenolophon parvifolius Oliv.,0238,Dipterocarpus kerrii King,0.16127429112198555,0.1445569890808498,0.047350069644523325,0.01671730204113575
0034,Anacardium L.,0096,Brosimum guianense (Aubl.) Huber ex Ducke,0.5094867472581461,0.25845756017377447,0.4923459427522542,0.01714080450589195
0195,Ctenolophon parvifolius Oliv.,0236,Dipterocarpus C.F.Gaertn.,0.16304042960445025,0.1445569890808498,0.06735710381385199,0.01848344052360046
0035,Anacardium giganteum Hancock ex Engl.,0239,Dipteryx odorata (Aubl.) Forsyth f.,0.3151809845994491,0.09952635975102023,0.29620412323508927,0.01897686136435983
0236,Dipterocarpus C.F.Gaertn.,0239,Dipteryx odorata (Aubl.) Forsyth f.,0.3157340502625078,0.06735710381385199,0.29620412323508927,0.019529927027418514
0009,Leptolobium Vogel,0096,Brosimum guianense (Aubl.) Huber ex Ducke,0.5122851271983982,0.1918203410273337,0.4923459427522542,0.019939184446144065
0293,Fraxinus americana L.,0296,Fraxinus ornus L.,0.17745613350619158,0.06673216616943302,0.15609996020530656,0.021356173300885017
0003,Acacia mangium Willd.,0115,Carapa guianensis Aubl.,0.5004070534524022,0.24987335040256672,0.47781439040167756,0.02259266305072466
0034,Anacardium L.,0045,Anopyxis klaineana (Pierre) Engl.,0.394514630900774,0.25845756017377447,0.3666389738639127,0.02787565703686129
0367,Juglans nigra L.,0648,Triplochiton scleroxylon K. Schum.,0.06359936222517693,0.030957996752025003,0.03451537060084674,0.029083991624330188
0313,Grevillea robusta A.Cunn. ex R.Br.,0366,Juglans regia L.,0.149640493623199,0.12015375617853329,0.011555233791711243,0.02948673744466572
0071,Baikiaea plurijuga Harms,0147,Ceiba pentandra (L.) Gaertn.,0.6920304398860938,0.6624630676293845,0.09053989442752747,0.029567372256709357
0033,Anacardium excelsum (Bertero & Balb. ex Kunth) Skeels,0157,Ceriops tagal (Perr.) C.B. Robinson,0.40337955643445234,0.1612983471755794,0.3733888439031872,0.029990712531265118
0009,Leptolobium Vogel,0354,Intsia bijuga (Colebr.) Kuntze,0.35905390519046776,0.1918203410273337,0.3278225854948488,0.031231319695618986
0041,Aniba rosodora Ducke,0366,Juglans regia L.,0.06391077372665577,0.03206859773287161,0.011555233791711243,0.03184217599378416
0030,Amburana cearensis (Allemão) A.C.Sm.,0678,Albizia ferruginea (Guill. & Perr.) Benth.,0.3700364587124348,0.20353506212870529,0.33801121938985357,0.03202523932258122
0030,Amburana cearensis (Allemão) A.C.Sm.,0207,Dalbergia nigra (Vell.) Allemão ex Benth.,0.35178051362433105,0.20353506212870529,0.31919241888109307,0.03258809474323798
0080,Betula papyrifera Marshall,0081,Betula pendula Roth,0.18602929240666016,0.15225687626821854,0.0030165117830820874,0.03377241613844162
0033,Anacardium excelsum (Bertero & Balb. ex Kunth) Skeels,0238,Dipterocarpus kerrii King,0.19564151051896334,0.1612983471755794,0.047350069644523325,0.03434316334338394
0318,Leplaea cedrata (A.Chev.) E.J.M.Koenen & J.J.de Wilde,0396,Lophira alata Banks ex C.F.Gaertn.,0.1184326478972757,0.03917415789724382,0.08393196411047188,0.03450068378680382
0066,Aucoumea klaineana Pierre,0095,Brosimum alicastrum Swartz,0.4083890732326207,0.21760219624631696,0.373588888328799,0.034800184903821696
0034,Anacardium L.,0243,Dracontomelon dao (Blanco) Merr. & Rolfe,0.418307964372689,0.25845756017377447,0.38265490650255146,0.03565305787013756
0071,Baikiaea plurijuga Harms,0130,Castanea sativa Mill.,0.6989985171294604,0.6624630676293845,0.13730049844128367,0.03653544950007592
0091,Brachystegia Benth.,0426,Microberlinia brazzavillensis A. Chev.,0.426875656472337,0.38877160503932806,0.24891986447473777,0.038104051433008934
0550,Quercus mongolica Fisch. ex Ledeb.,0554,Quercus robur L.,0.07823005638894628,0.0295908067557718,0.040088693572690404,0.03814136281625588
0071,Baikiaea plurijuga Harms,0129,Castanea crenata Siebold & Zucc.,0.7013506774607616,0.6624630676293845,0.034727594828010425,0.03888760983137718
0550,Quercus mongolica Fisch. ex Ledeb.,0552,Quercus alba L.,0.09395111963542449,0.0295908067557718,0.054910389150189774,0.039040730485234716
0033,Anacardium excelsum (Bertero & Balb. ex Kunth) Skeels,0070,Bagassa guianensis Aubl.,0.39121249094956534,0.1612983471755794,0.35189488550655634,0.039317605443008996
0095,Brosimum alicastrum Swartz,0296,Fraxinus ornus L.,0.4138020072391916,0.373588888328799,0.15609996020530656,0.04021311891039259
0239,Dipteryx odorata (Aubl.) Forsyth f.,0295,Fraxinus nigra Marshall,0.33674075850303464,0.29620412323508927,0.04872560265571527,0.040536635267945376
0354,Intsia bijuga (Colebr.) Kuntze,0478,Peltogyne Vogel,0.36879928380490684,0.3278225854948488,0.11335898594650924,0.04097669831005807
0396,Lophira alata Banks ex C.F.Gaertn.,0431,Millettia laurentii De Wild.,0.19205795269505188,0.08393196411047188,0.15046909860762905,0.04158885408742283
0071,Baikiaea plurijuga Harms,0296,Fraxinus ornus L.,0.7051627048637823,0.6624630676293845,0.15609996020530656,0.04269963723439785
0071,Baikiaea plurijuga Harms,0114,Cantleya corniculata (Becc.) R.A.Howard,0.7053805010931167,0.6624630676293845,0.24998781279531032,0.042917433463732224
0129,Castanea crenata Siebold & Zucc.,0130,Castanea sativa Mill.,0.18118975757986464,0.034727594828010425,0.13730049844128367,0.043889259138580966
0085,Bobgunnia fistuloides (Harms) J.H. Kirkbr. & Wiersema,0371,Khaya grandifoliola C.DC.,0.48440896786087795,0.4396589361336944,0.13346149799545334,0.04475003172718356
0003,Acacia mangium Willd.,0207,Dalbergia nigra (Vell.) Allemão ex Benth.,0.36434744590808094,0.24987335040256672,0.31919241888109307,0.04515502702698787
0181,Cotylelobium Pierre,0243,Dracontomelon dao (Blanco) Merr. & Rolfe,0.43159655467790664,0.02876268832314597,0.38265490650255146,0.04894164817535518
0033,Anacardium excelsum (Bertero & Balb. ex Kunth) Skeels,0243,Dracontomelon dao (Blanco) Merr. & Rolfe,0.4318551206947507,0.1612983471755794,0.38265490650255146,0.04920021419219922
0003,Acacia mangium Willd.,0258,Entandrophragma cylindricum (Sprague) Sprague,0.29968184948267984,0.24987335040256672,0.1920147510454096,0.04980849908011312
0324,Guibourtia pellegriniana J.Léonard,0353,Intsia Thouars,0.4148912449139539,0.19715961314014666,0.36502681521580665,0.04986442969814725
0073,Balfourodendron riedelianum (Engl.) Engl.,0115,Carapa guianensis Aubl.,0.5285144182802348,0.27718842224753326,0.47781439040167756,0.05070002787855726
0091,Brachystegia Benth.,0096,Brosimum guianense (Aubl.) Huber ex Ducke,0.5442950551975834,0.38877160503932806,0.4923459427522542,0.05194911244532918
0045,Anopyxis klaineana (Pierre) Engl.,0181,Cotylelobium Pierre,0.4189428287951524,0.3666389738639127,0.02876268832314597,0.05230385493123968
0095,Brosimum alicastrum Swartz,0297,Fraxinus mandshurica Rupr.,0.4284845437357814,0.373588888328799,0.18720922831157757,0.05489565540698238
0045,Anopyxis klaineana (Pierre) Engl.,0147,Ceiba pentandra (L.) Gaertn.,0.4242716219308946,0.3666389738639127,0.09053989442752747,0.05763264806698193
0085,Bobgunnia fistuloides (Harms) J.H. Kirkbr. & Wiersema,0270,Erythrophleum suaveolens (Guill. & Perr.) Brenan,0.49811730344059124,0.4396589361336944,0.37032055479729653,0.05845836730689685
0009,Leptolobium Vogel,0071,Baikiaea plurijuga Harms,0.7220538888489574,0.1918203410273337,0.6624630676293845,0.05959082121957293
0080,Betula papyrifera Marshall,0366,Juglans regia L.,0.21364056602569412,0.15225687626821854,0.011555233791711243,0.061383689757475574
0354,Intsia bijuga (Colebr.) Kuntze,0426,Microberlinia brazzavillensis A. Chev.,0.38930386024651276,0.3278225854948488,0.24891986447473777,0.061481274751663983
0236,Dipterocarpus C.F.Gaertn.,0297,Fraxinus mandshurica Rupr.,0.24870018906685804,0.06735710381385199,0.18720922831157757,0.06149096075528046
0066,Aucoumea klaineana Pierre,0236,Dipterocarpus C.F.Gaertn.,0.2791693452662528,0.21760219624631696,0.06735710381385199,0.061567149019935846
0045,Anopyxis klaineana (Pierre) Engl.,0678,Albizia ferruginea (Guill. & Perr.) Benth.,0.42890437177519036,0.3666389738639127,0.33801121938985357,0.062265397911277665
0033,Anacardium excelsum (Bertero & Balb. ex Kunth) Skeels,0295,Fraxinus nigra Marshall,0.22384018989105597,0.1612983471755794,0.04872560265571527,0.06254184271547658
0066,Aucoumea klaineana Pierre,0238,Dipterocarpus kerrii King,0.2802808123956587,0.21760219624631696,0.047350069644523325,0.06267861614934175
0093,Brachystegia laurentii (De Wild.) Louis ex J.Léonard,0354,Intsia bijuga (Colebr.) Kuntze,0.3905893799647549,0.285314769922707,0.3278225854948488,0.06276679446990613
0066,Aucoumea klaineana Pierre,0295,Fraxinus nigra Marshall,0.2828591840683727,0.21760219624631696,0.04872560265571527,0.06525698782205572
0425,Mezilaurus ita-uba (Meisn.) Taub. ex Mez,0621,Tectona grandis L.,0.3995874549474535,0.12157433758219263,0.3340452621707477,0.06554219277670581
0301,Gilbertiodendron dewevrei (De Wild.) J.Léonard,0354,Intsia bijuga (Colebr.) Kuntze,0.39343674741297374,0.17033855113561178,0.3278225854948488,0.06561416191812497
0095,Brosimum alicastrum Swartz,0648,Triplochiton scleroxylon K. Schum.,0.4397454494403676,0.373588888328799,0.03451537060084674,0.06615656111156859
0157,Ceriops tagal (Perr.) C.B. Robinson,0195,Ctenolophon parvifolius Oliv.,0.4402821228834031,0.3733888439031872,0.1445569890808498,0.06689327898021591
0245,Dryobalanops aromatica C.F.Gaertn.,0380,Libidibia paraguariensis (D.Parodi) G.P.Lewis,0.5337727020477943,0.1574311550408419,0.466381748885464,0.06739095316233024
0096,Brosimum guianense (Aubl.) Huber ex Ducke,0302,Gilbertiodendron preussii (Harms) J.Léonard,0.5597848008881783,0.4923459427522542,0.21477324086718907,0.0674388581359241
0071,Baikiaea plurijuga Harms,0318,Leplaea cedrata (A.Chev.) E.J.M.Koenen & J.J.de Wilde,0.7299877296709696,0.6624630676293845,0.03917415789724382,0.06752466204158514
0375,Koompassia malaccensis Maing.,0426,Microberlinia brazzavillensis A. Chev.,0.31674539712530025,0.08877285430095372,0.24891986447473777,0.06782553265056249
0045,Anopyxis klaineana (Pierre) Engl.,0158,"Chlorocardium rodiei (R.H.Schomb.) Rohwer, H.G.Richt. & van der Werff",0.4348717065919013,0.3666389738639127,0.08176555061613976,0.06823273272798858
0115,Carapa guianensis Aubl.,0606,Swietenia humilis Zucc.,0.5485060073047722,0.47781439040167756,0.2157970800606374,0.07069161690309461
0085,Bobgunnia fistuloides (Harms) J.H. Kirkbr. & Wiersema,0269,Erythrophleum ivorense A. Chev,0.5104519285849911,0.4396589361336944,0.18362962432208574,0.07079299245129672
0324,Guibourtia pellegriniana J.Léonard,0325,Guibourtia tessmannii (Harms) J.Léonard,0.27189875494856375,0.19715961314014666,0.20053590665995039,0.07136284828861336
0366,Juglans regia L.,0418,Mansonia altissima (A. Chev.) A. Chev.,0.17827933441956895,0.011555233791711243,0.10609990889998436,0.07217942551958459
0238,Dipterocarpus kerrii King,0297,Fraxinus mandshurica Rupr.,0.2596559092573119,0.047350069644523325,0.18720922831157757,0.07244668094573434
0147,Ceiba pentandra (L.) Gaertn.,0239,Dipteryx odorata (Aubl.) Forsyth f.,0.3693665553233286,0.09053989442752747,0.29620412323508927,0.07316243208823936
0045,Anopyxis klaineana (Pierre) Engl.,0195,Ctenolophon parvifolius Oliv.,0.43999051723665944,0.3666389738639127,0.1445569890808498,0.07335154337274674
0092,Brachystegia cynometroides Harms,0353,Intsia Thouars,0.43899265737889126,0.1445998181282847,0.36502681521580665,0.0739658421630846
0380,Libidibia paraguariensis (D.Parodi) G.P.Lewis,0480,Peltogyne mexicana Martínez,0.540401579694837,0.466381748885464,0.1247695132163256,0.07401983080937302
0073,Balfourodendron riedelianum (Engl.) Engl.,0214,Daniellia thurifera Benn.,0.520665878877118,0.27718842224753326,0.44353669806721796,0.07712918080990006
0006,Acer platanoides L.,0157,Ceriops tagal (Perr.) C.B. Robinson,0.45077993507043224,0.0033010130066980182,0.3733888439031872,0.07739109116724502
0331,Heritiera utilis (Sprague) Sprague,0607,Swietenia macrophylla King,0.34753020243773836,0.2700129923785008,0.07039605530704054,0.07751721005923756
0295,Fraxinus nigra Marshall,0297,Fraxinus mandshurica Rupr.,0.26532459154884835,0.04872560265571527,0.18720922831157757,0.07811536323727078
0003,Acacia mangium Willd.,0678,Albizia ferruginea (Guill. & Perr.) Benth.,0.4167439735537383,0.24987335040256672,0.33801121938985357,0.07873275416388476
0256,Entandrophragma angolense (Welw.) Panshin,0326,Guibourtia ehie (A. Chev.) J. Léonard,0.43176356570588936,0.35292642353479126,0.267153359759205,0.0788371421710981
0045,Anopyxis klaineana (Pierre) Engl.,0096,Brosimum guianense (Aubl.) Huber ex Ducke,0.5720003730458065,0.3666389738639127,0.4923459427522542,0.07965443029355235
0256,Entandrophragma angolense (Welw.) Panshin,0324,Guibourtia pellegriniana J.Léonard,0.4331019538322546,0.35292642353479126,0.19715961314014666,0.08017553029746333
0207,Dalbergia nigra (Vell.) Allemão ex Benth.,0354,Intsia bijuga (Colebr.) Kuntze,0.40891104772243103,0.31919241888109307,0.3278225854948488,0.08108846222758226
0195,Ctenolophon parvifolius Oliv.,0243,Dracontomelon dao (Blanco) Merr. & Rolfe,0.46418060954149504,0.1445569890808498,0.38265490650255146,0.08152570303894358
0034,Anacardium L.,0678,Albizia ferruginea (Guill. & Perr.) Benth.,0.42012147866763005,0.25845756017377447,0.33801121938985357,0.08211025927777649
0085,Bobgunnia fistuloides (Harms) J.H. Kirkbr. & Wiersema,0480,Peltogyne mexicana Martínez,0.5219932620290422,0.4396589361336944,0.1247695132163256,0.08233432589534778
0256,Entandrophragma angolense (Welw.) Panshin,0325,Guibourtia tessmannii (Harms) J.Léonard,0.4355212611162952,0.35292642353479126,0.20053590665995039,0.08259483758150393
0033,Anacardium excelsum (Bertero & Balb. ex Kunth) Skeels,0147,Ceiba pentandra (L.) Gaertn.,0.24422712950843187,0.1612983471755794,0.09053989442752747,0.08292878233285247
0331,Heritiera utilis (Sprague) Sprague,0608,Swietenia mahagoni (L.) Jacq.,0.35300799585055054,0.2700129923785008,0.156298942858346,0.08299500347204974
0269,Erythrophleum ivorense A. Chev,0399,Lovoa trichilioides Harms,0.3168954596372436,0.18362962432208574,0.2327105138088832,0.08418494582836039
0207,Dalbergia nigra (Vell.) Allemão ex Benth.,0625,Terminalia superba Engl.& Diels,0.4058958853958954,0.31919241888109307,0.3215805164792984,0.08431536891659697
0270,Erythrophleum suaveolens (Guill. & Perr.) Brenan,0613,Tabebuia rosea (Bert.) DC.,0.4546443307255156,0.37032055479729653,0.30741652748711856,0.08432377592821905
0009,Leptolobium Vogel,0380,Libidibia paraguariensis (D.Parodi) G.P.Lewis,0.5518065935929856,0.1918203410273337,0.466381748885464,0.08542484470752154
0071,Baikiaea plurijuga Harms,0073,Balfourodendron riedelianum (Engl.) Engl.,0.7480779717370123,0.6624630676293845,0.27718842224753326,0.08561490410762784
0066,Aucoumea klaineana Pierre,0239,Dipteryx odorata (Aubl.) Forsyth f.,0.3821538336646932,0.21760219624631696,0.29620412323508927,0.08594971042960392
0091,Brachystegia Benth.,0325,Guibourtia tessmannii (Harms) J.Léonard,0.4751422413412859,0.38877160503932806,0.20053590665995039,0.08637063630195785
0214,Daniellia thurifera Benn.,0259,Entandrophragma utile (Dawe & Sprague) Sprague,0.5299587658936435,0.44353669806721796,0.31117134377790345,0.08642206782642559
0095,Brosimum alicastrum Swartz,0367,Juglans nigra L.,0.46029254770657807,0.373588888328799,0.030957996752025003,0.08670365937777907
0115,Carapa guianensis Aubl.,0678,Albizia ferruginea (Guill. & Perr.) Benth.,0.5646289470384639,0.47781439040167756,0.33801121938985357,0.08681455663678633
0158,"Chlorocardium rodiei (R.H.Schomb.) Rohwer, H.G.Richt. & van der Werff",0613,Tabebuia rosea (Bert.) DC.,0.39443196904252464,0.08176555061613976,0.30741652748711856,0.08701544155540608
0318,Leplaea cedrata (A.Chev.) E.J.M.Koenen & J.J.de Wilde,0431,Millettia laurentii De Wild.,0.23777600659018977,0.03917415789724382,0.15046909860762905,0.08730690798256072
0399,Lovoa trichilioides Harms,0625,Terminalia superba Engl.& Diels,0.4089037596592414,0.2327105138088832,0.3215805164792984,0.087323243179943
0115,Carapa guianensis Aubl.,0607,Swietenia macrophylla King,0.565385191511792,0.47781439040167756,0.07039605530704054,0.08757080111011445
0096,Brosimum guianense (Aubl.) Huber ex Ducke,0375,Koompassia malaccensis Maing.,0.5799662493861256,0.4923459427522542,0.08877285430095372,0.08762030663387144
0041,Aniba rosodora Ducke,0080,Betula papyrifera Marshall,0.24127423363502237,0.03206859773287161,0.15225687626821854,0.08901735736680383
0070,Bagassa guianensis Aubl.,0095,Brosimum alicastrum Swartz,0.46321127996939193,0.35189488550655634,0.373588888328799,0.08962239164059294
0045,Anopyxis klaineana (Pierre) Engl.,0157,Ceriops tagal (Perr.) C.B. Robinson,0.46301703919565673,0.3666389738639127,0.3733888439031872,0.08962819529246951
0085,Bobgunnia fistuloides (Harms) J.H. Kirkbr. & Wiersema,0399,Lovoa trichilioides Harms,0.5293914913874339,0.4396589361336944,0.2327105138088832,0.08973255525373952
0006,Acer platanoides L.,0461,Ochroma pyramidale (Cav. ex Lam.) Urb.,0.13419284341422713,0.0033010130066980182,0.04404888631411533,0.0901439571001118
0371,Khaya grandifoliola C.DC.,0418,Mansonia altissima (A. Chev.) A. Chev.,0.22445934215823968,0.13346149799545334,0.10609990889998436,0.09099784416278633
0115,Carapa guianensis Aubl.,0331,Heritiera utilis (Sprague) Sprague,0.5692162087125954,0.47781439040167756,0.2700129923785008,0.09140181831091782
0041,Aniba rosodora Ducke,0313,Grevillea robusta A.Cunn. ex R.Br.,0.21212951194707225,0.03206859773287161,0.12015375617853329,0.09197575576853896
0034,Anacardium L.,0158,"Chlorocardium rodiei (R.H.Schomb.) Rohwer, H.G.Richt. & van der Werff",0.3509403101975379,0.25845756017377447,0.08176555061613976,0.09248275002376344
0114,Cantleya corniculata (Becc.) R.A.Howard,0323,Guibourtia demeusei (Harms) J.Léonard,0.3429388470444894,0.24998781279531032,0.2237088813376544,0.09295103424917908
0066,Aucoumea klaineana Pierre,0366,Juglans regia L.,0.31289920769020624,0.21760219624631696,0.011555233791711243,0.09529701144388927
0066,Aucoumea klaineana Pierre,0157,Ceriops tagal (Perr.) C.B. Robinson,0.4687913287442256,0.21760219624631696,0.3733888439031872,0.09540248484103836
0093,Brachystegia laurentii (De Wild.) Louis ex J.Léonard,0353,Intsia Thouars,0.4610382299878706,0.285314769922707,0.36502681521580665,0.09601141477206393
0030,Amburana cearensis (Allemão) A.C.Sm.,0115,Carapa guianensis Aubl.,0.5743601800561344,0.20353506212870529,0.47781439040167756,0.09654578965445687
0302,Gilbertiodendron preussii (Harms) J.Léonard,0353,Intsia Thouars,0.4616566245634471,0.21477324086718907,0.36502681521580665,0.09662980934764043
0158,"Chlorocardium rodiei (R.H.Schomb.) Rohwer, H.G.Richt. & van der Werff",0678,Albizia ferruginea (Guill. & Perr.) Benth.,0.43676893584384924,0.08176555061613976,0.33801121938985357,0.09875771645399567
0256,Entandrophragma angolense (Welw.) Panshin,0372,Khaya ivorensis A.Chev.,0.45224552201877555,0.35292642353479126,0.1284079480176259,0.09931909848398429
0003,Acacia mangium Willd.,0399,Lovoa trichilioides Harms,0.3493638179126377,0.24987335040256672,0.2327105138088832,0.09949046751007098
0071,Baikiaea plurijuga Harms,0081,Betula pendula Roth,0.7621032805176964,0.6624630676293845,0.0030165117830820874,0.09964021288831193
0091,Brachystegia Benth.,0324,Guibourtia pellegriniana J.Léonard,0.4905517196056207,0.38877160503932806,0.19715961314014666,0.10178011456629266
0214,Daniellia thurifera Benn.,0607,Swietenia macrophylla King,0.5454150495243903,0.44353669806721796,0.07039605530704054,0.10187835145717239
0072,Baillonella toxisperma Pierre,0080,Betula papyrifera Marshall,0.47955046363047865,0.377642267969207,0.15225687626821854,0.10190819566127163
0270,Erythrophleum suaveolens (Guill. & Perr.) Brenan,0354,Intsia bijuga (Colebr.) Kuntze,0.4730406983294128,0.37032055479729653,0.3278225854948488,0.10272014353211628
0157,Ceriops tagal (Perr.) C.B. Robinson,0296,Fraxinus ornus L.,0.47696626083077226,0.3733888439031872,0.15609996020530656,0.10357741692758504
0071,Baikiaea plurijuga Harms,0461,Ochroma pyramidale (Cav. ex Lam.) Urb.,0.7673417394677492,0.6624630676293845,0.04404888631411533,0.10487867183836475
0147,Ceiba pentandra (L.) Gaertn.,0295,Fraxinus nigra Marshall,0.19586946190831106,0.09053989442752747,0.04872560265571527,0.10532956748078359
0095,Brosimum alicastrum Swartz,0293,Fraxinus americana L.,0.4797629847304119,0.373588888328799,0.06673216616943302,0.1061740964016129
0147,Ceiba pentandra (L.) Gaertn.,0157,Ceriops tagal (Perr.) C.B. Robinson,0.47959098481565443,0.09053989442752747,0.3733888439031872,0.10620214091246721
0071,Baikiaea plurijuga Harms,0297,Fraxinus mandshurica Rupr.,0.7694044833694621,0.6624630676293845,0.18720922831157757,0.10694141574007765
0239,Dipteryx odorata (Aubl.) Forsyth f.,0367,Juglans nigra L.,0.4043715747582245,0.29620412323508927,0.030957996752025003,0.10816745152313523
0085,Bobgunnia fistuloides (Harms) J.H. Kirkbr. & Wiersema,0259,Entandrophragma utile (Dawe & Sprague) Sprague,0.5478799271905589,0.4396589361336944,0.31117134377790345,0.1082209910568645
0092,Brachystegia cynometroides Harms,0096,Brosimum guianense (Aubl.) Huber ex Ducke,0.6008300206466861,0.1445998181282847,0.4923459427522542,0.10848407789443193
0114,Cantleya corniculata (Becc.) R.A.Howard,0256,Entandrophragma angolense (Welw.) Panshin,0.4616036104133511,0.24998781279531032,0.35292642353479126,0.10867718687855982
0313,Grevillea robusta A.Cunn. ex R.Br.,0371,Khaya grandifoliola C.DC.,0.242699795392647,0.12015375617853329,0.13346149799545334,0.10923829739719365
0115,Carapa guianensis Aubl.,0256,Entandrophragma angolense (Welw.) Panshin,0.5873979300728293,0.47781439040167756,0.35292642353479126,0.1095835396711517
0323,Guibourtia demeusei (Harms) J.Léonard,0325,Guibourtia tessmannii (Harms) J.Léonard,0.334646630650615,0.2237088813376544,0.20053590665995039,0.1109377493129606
0045,Anopyxis klaineana (Pierre) Engl.,0071,Baikiaea plurijuga Harms,0.7740310812143367,0.3666389738639127,0.6624630676293845,0.11156801358495227
0613,Tabebuia rosea (Bert.) DC.,0625,Terminalia superba Engl.& Diels,0.4334060010797111,0.30741652748711856,0.3215805164792984,0.1118254846004127
0033,Anacardium excelsum (Bertero & Balb. ex Kunth) Skeels,0115,Carapa guianensis Aubl.,0.5898344674293667,0.1612983471755794,0.47781439040167756,0.11202007702768918
0070,Bagassa guianensis Aubl.,0147,Ceiba pentandra (L.) Gaertn.,0.46416466878426516,0.35189488550655634,0.09053989442752747,0.11226978327770881
0115,Carapa guianensis Aubl.,0207,Dalbergia nigra (Vell.) Allemão ex Benth.,0.590809417809569,0.47781439040167756,0.31919241888109307,0.11299502740789141
0096,Brosimum guianense (Aubl.) Huber ex Ducke,0426,Microberlinia brazzavillensis A. Chev.,0.6065246722039754,0.4923459427522542,0.24891986447473777,0.11417872945172125
0380,Libidibia paraguariensis (D.Parodi) G.P.Lewis,0399,Lovoa trichilioides Harms,0.5812041668575252,0.466381748885464,0.2327105138088832,0.11482241797206116
0158,"Chlorocardium rodiei (R.H.Schomb.) Rohwer, H.G.Richt. & van der Werff",0207,Dalbergia nigra (Vell.) Allemão ex Benth.,0.43476574276164726,0.08176555061613976,0.31919241888109307,0.11557332388055419
0195,Ctenolophon parvifolius Oliv.,0239,Dipteryx odorata (Aubl.) Forsyth f.,0.41198726073932934,0.1445569890808498,0.29620412323508927,0.11578313750424007
0033,Anacardium excelsum (Bertero & Balb. ex Kunth) Skeels,0045,Anopyxis klaineana (Pierre) Engl.,0.48263647944061583,0.1612983471755794,0.3666389738639127,0.11599750557670313
0270,Erythrophleum suaveolens (Guill. & Perr.) Brenan,0625,Terminalia superba Engl.& Diels,0.4863366047625597,0.37032055479729653,0.3215805164792984,0.11601604996526316
0096,Brosimum guianense (Aubl.) Huber ex Ducke,0243,Dracontomelon dao (Blanco) Merr. & Rolfe,0.6085008320639048,0.4923459427522542,0.38265490650255146,0.11615488931165063
0214,Daniellia thurifera Benn.,0621,Tectona grandis L.,0.5601029391359453,0.44353669806721796,0.3340452621707477,0.11656624106872737
0041,Aniba rosodora Ducke,0418,Mansonia altissima (A. Chev.) A. Chev.,0.22407142148566953,0.03206859773287161,0.10609990889998436,0.11797151258568517
0033,Anacardium excelsum (Bertero & Balb. ex Kunth) Skeels,0195,Ctenolophon parvifolius Oliv.,0.27954217670362785,0.1612983471755794,0.1445569890808498,0.11824382952804846
0323,Guibourtia demeusei (Harms) J.Léonard,0324,Guibourtia pellegriniana J.Léonard,0.34318241925361115,0.2237088813376544,0.19715961314014666,0.11947353791595675
0294,Fraxinus excelsior L.,0297,Fraxinus mandshurica Rupr.,0.3070439432540907,0.057931930658733005,0.18720922831157757,0.1198347149425131
0270,Erythrophleum suaveolens (Guill. & Perr.) Brenan,0380,Libidibia paraguariensis (D.Parodi) G.P.Lewis,0.5862200028652271,0.37032055479729653,0.466381748885464,0.11983825397976311
0147,Ceiba pentandra (L.) Gaertn.,0297,Fraxinus mandshurica Rupr.,0.3084229380638662,0.09053989442752747,0.18720922831157757,0.12121370975228865
0071,Baikiaea plurijuga Harms,0380,Libidibia paraguariensis (D.Parodi) G.P.Lewis,0.7845533274332791,0.6624630676293845,0.466381748885464,0.12209025980389465
0093,Brachystegia laurentii (De Wild.) Louis ex J.Léonard,0606,Swietenia humilis Zucc.,0.40756977483160733,0.285314769922707,0.2157970800606374,0.12225500490890034
0157,Ceriops tagal (Perr.) C.B. Robinson,0367,Juglans nigra L.,0.495681912779628,0.3733888439031872,0.030957996752025003,0.12229306887644076
0426,Microberlinia brazzavillensis A. Chev.,0430,Milicia excelsa (Welw.) C.C. Berg,0.40421133439634194,0.24891986447473777,0.2809459055523187,0.12326542884402325
0354,Intsia bijuga (Colebr.) Kuntze,0399,Lovoa trichilioides Harms,0.4513982915820532,0.3278225854948488,0.2327105138088832,0.12357570608720442
0325,Guibourtia tessmannii (Harms) J.Léonard,0353,Intsia Thouars,0.489258170510678,0.20053590665995039,0.36502681521580665,0.12423135529487134
0214,Daniellia thurifera Benn.,0294,Fraxinus excelsior L.,0.5689362810310845,0.44353669806721796,0.057931930658733005,0.12539958296386655
0035,Anacardium giganteum Hancock ex Engl.,0678,Albizia ferruginea (Guill. & Perr.) Benth.,0.46345380007127823,0.09952635975102023,0.33801121938985357,0.12544258068142466
0003,Acacia mangium Willd.,0158,"Chlorocardium rodiei (R.H.Schomb.) Rohwer, H.G.Richt. & van der Werff",0.3755762568713689,0.24987335040256672,0.08176555061613976,0.1257029064688022
0091,Brachystegia Benth.,0353,Intsia Thouars,0.5153559995817918,0.38877160503932806,0.36502681521580665,0.12658439454246373
0072,Baillonella toxisperma Pierre,0648,Triplochiton scleroxylon K. Schum.,0.5043456066464546,0.377642267969207,0.03451537060084674,0.12670333867724753
0157,Ceriops tagal (Perr.) C.B. Robinson,0239,Dipteryx odorata (Aubl.) Forsyth f.,0.5005318272985916,0.3733888439031872,0.29620412323508927,0.12714298339540436
0270,Erythrophleum suaveolens (Guill. & Perr.) Brenan,0426,Microberlinia brazzavillensis A. Chev.,0.49746905942415315,0.37032055479729653,0.24891986447473777,0.12714850462685662
0072,Baillonella toxisperma Pierre,0367,Juglans nigra L.,0.5053158234132133,0.377642267969207,0.030957996752025003,0.12767355544400633
0324,Guibourtia pellegriniana J.Léonard,0326,Guibourtia ehie (A. Chev.) J. Léonard,0.3970002973112216,0.19715961314014666,0.267153359759205,0.1298469375520166
0066,Aucoumea klaineana Pierre,0072,Baillonella toxisperma Pierre,0.5085704852591637,0.21760219624631696,0.377642267969207,0.13092821728995668
0073,Balfourodendron riedelianum (Engl.) Engl.,0608,Swietenia mahagoni (L.) Jacq.,0.4086199574347986,0.27718842224753326,0.156298942858346,0.13143153518726536
0091,Brachystegia Benth.,0326,Guibourtia ehie (A. Chev.) J. Léonard,0.5205449735646778,0.38877160503932806,0.267153359759205,0.1317733685253497
0157,Ceriops tagal (Perr.) C.B. Robinson,0243,Dracontomelon dao (Blanco) Merr. & Rolfe,0.5151126962721506,0.3733888439031872,0.38265490650255146,0.13245778976959915
0147,Ceiba pentandra (L.) Gaertn.,0195,Ctenolophon parvifolius Oliv.,0.2774555136611193,0.09053989442752747,0.1445569890808498,0.13289852458026952
0380,Libidibia paraguariensis (D.Parodi) G.P.Lewis,0478,Peltogyne Vogel,0.5998114383851909,0.466381748885464,0.11335898594650924,0.1334296894997269
0115,Carapa guianensis Aubl.,0625,Terminalia superba Engl.& Diels,0.6119516076278808,0.47781439040167756,0.3215805164792984,0.13413721722620325
0115,Carapa guianensis Aubl.,0372,Khaya ivorensis A.Chev.,0.612042772189471,0.47781439040167756,0.1284079480176259,0.13422838178779345
0030,Amburana cearensis (Allemão) A.C.Sm.,0625,Terminalia superba Engl.& Diels,0.4583086479106179,0.20353506212870529,0.3215805164792984,0.13672813143131946
0045,Anopyxis klaineana (Pierre) Engl.,0066,Aucoumea klaineana Pierre,0.5034560673533516,0.3666389738639127,0.21760219624631696,0.13681709348943888
0085,Bobgunnia fistuloides (Harms) J.H. Kirkbr. & Wiersema,0375,Koompassia malaccensis Maing.,0.5767029836638704,0.4396589361336944,0.08877285430095372,0.13704404753017602
0239,Dipteryx odorata (Aubl.) Forsyth f.,0648,Triplochiton scleroxylon K. Schum.,0.4338323147083807,0.29620412323508927,0.03451537060084674,0.13762819147329142
0071,Baikiaea plurijuga Harms,0245,Dryobalanops aromatica C.F.Gaertn.,0.802616234927958,0.6624630676293845,0.1574311550408419,0.14015316729857352
0081,Betula pendula Roth,0679,Aningeria Aubrév. & Pellegr.,0.43460577615361773,0.0030165117830820874,0.29282501993701454,0.1417807562166032
0093,Brachystegia laurentii (De Wild.) Louis ex J.Léonard,0096,Brosimum guianense (Aubl.) Huber ex Ducke,0.6350962918448737,0.285314769922707,0.4923459427522542,0.14275034909261952
0071,Baikiaea plurijuga Harms,0396,Lophira alata Banks ex C.F.Gaertn.,0.8055559550251192,0.6624630676293845,0.08393196411047188,0.14309288739573478
0243,Dracontomelon dao (Blanco) Merr. & Rolfe,0297,Fraxinus mandshurica Rupr.,0.5268408673261284,0.38265490650255146,0.18720922831157757,0.144185960823577
0091,Brachystegia Benth.,0270,Erythrophleum suaveolens (Guill. & Perr.) Brenan,0.5331641076216579,0.38877160503932806,0.37032055479729653,0.14439250258232983
0071,Baikiaea plurijuga Harms,0541,Pterygota macrocarpa K. Schum.,0.8076856391512931,0.6624630676293845,0.045009082662750124,0.14522257152190865
0009,Leptolobium Vogel,0302,Gilbertiodendron preussii (Harms) J.Léonard,0.3609087040362114,0.1918203410273337,0.21477324086718907,0.14613546316902232
0071,Baikiaea plurijuga Harms,0214,Daniellia thurifera Benn.,0.8089059163982488,0.6624630676293845,0.44353669806721796,0.14644284876886438
0157,Ceriops tagal (Perr.) C.B. Robinson,0648,Triplochiton scleroxylon K. Schum.,0.5198318219825901,0.3733888439031872,0.03451537060084674,0.14644297807940293
0045,Anopyxis klaineana (Pierre) Engl.,0070,Bagassa guianensis Aubl.,0.5139520624459847,0.3666389738639127,0.35189488550655634,0.14731308858207198
0096,Brosimum guianense (Aubl.) Huber ex Ducke,0301,Gilbertiodendron dewevrei (De Wild.) J.Léonard,0.6397898490956762,0.4923459427522542,0.17033855113561178,0.14744390634342197
0096,Brosimum guianense (Aubl.) Huber ex Ducke,0158,"Chlorocardium rodiei (R.H.Schomb.) Rohwer, H.G.Richt. & van der Werff",0.6399535023270955,0.4923459427522542,0.08176555061613976,0.14760755957484128
0375,Koompassia malaccensis Maing.,0380,Libidibia paraguariensis (D.Parodi) G.P.Lewis,0.6140882635129099,0.08877285430095372,0.466381748885464,0.14770651462744588
0367,Juglans nigra L.,0621,Tectona grandis L.,0.4822524902060577,0.030957996752025003,0.3340452621707477,0.14820722803531
0244,Dryobalanops C.F.Gaertn.,0326,Guibourtia ehie (A. Chev.) J. Léonard,0.41569349356370927,0.07236117632383164,0.267153359759205,0.14854013380450426
0071,Baikiaea plurijuga Harms,0553,Quercus petraea (Matt.) Liebl.,0.8111175022656592,0.6624630676293845,0.1175281560814896,0.1486544346362747
0033,Anacardium excelsum (Bertero & Balb. ex Kunth) Skeels,0214,Daniellia thurifera Benn.,0.5924816199773774,0.1612983471755794,0.44353669806721796,0.1489449219101594
0066,Aucoumea klaineana Pierre,0195,Ctenolophon parvifolius Oliv.,0.3669475979259399,0.21760219624631696,0.1445569890808498,0.14934540167962293
0096,Brosimum guianense (Aubl.) Huber ex Ducke,0399,Lovoa trichilioides Harms,0.6424285406661739,0.4923459427522542,0.2327105138088832,0.15008259791391976
0325,Guibourtia tessmannii (Harms) J.Léonard,0326,Guibourtia ehie (A. Chev.) J. Léonard,0.41734172638757844,0.20053590665995039,0.267153359759205,0.15018836662837343
0114,Cantleya corniculata (Becc.) R.A.Howard,0326,Guibourtia ehie (A. Chev.) J. Léonard,0.41865173905702535,0.24998781279531032,0.267153359759205,0.15149837929782034
0258,Entandrophragma cylindricum (Sprague) Sprague,0625,Terminalia superba Engl.& Diels,0.47309632680956476,0.1920147510454096,0.3215805164792984,0.15151581033026634
0621,Tectona grandis L.,0648,Triplochiton scleroxylon K. Schum.,0.48596636776476865,0.3340452621707477,0.03451537060084674,0.15192110559402094
0066,Aucoumea klaineana Pierre,0147,Ceiba pentandra (L.) Gaertn.,0.3700557801926481,0.21760219624631696,0.09053989442752747,0.15245358394633116
0331,Heritiera utilis (Sprague) Sprague,0372,Khaya ivorensis A.Chev.,0.4224980169439242,0.2700129923785008,0.1284079480176259,0.1524850245654234
0080,Betula papyrifera Marshall,0313,Grevillea robusta A.Cunn. ex R.Br.,0.30571487208360126,0.15225687626821854,0.12015375617853329,0.15345799581538272
0380,Libidibia paraguariensis (D.Parodi) G.P.Lewis,0426,Microberlinia brazzavillensis A. Chev.,0.620006986369015,0.466381748885464,0.24891986447473777,0.15362523748355095
0073,Balfourodendron riedelianum (Engl.) Engl.,0621,Tectona grandis L.,0.48801449215456477,0.27718842224753326,0.3340452621707477,0.15396922998381707
0243,Dracontomelon dao (Blanco) Merr. & Rolfe,0296,Fraxinus ornus L.,0.5368712637555392,0.38265490650255146,0.15609996020530656,0.1542163572529877
0302,Gilbertiodendron preussii (Harms) J.Léonard,0326,Guibourtia ehie (A. Chev.) J. Léonard,0.42215356931783354,0.21477324086718907,0.267153359759205,0.15500020955862853
0115,Carapa guianensis Aubl.,0259,Entandrophragma utile (Dawe & Sprague) Sprague,0.6331182105132208,0.47781439040167756,0.31117134377790345,0.15530382011154326
0030,Amburana cearensis (Allemão) A.C.Sm.,0158,"Chlorocardium rodiei (R.H.Schomb.) Rohwer, H.G.Richt. & van der Werff",0.3591276632207141,0.20353506212870529,0.08176555061613976,0.15559260109200881
0081,Betula pendula Roth,0157,Ceriops tagal (Perr.) C.B. Robinson,0.5290266131863017,0.0030165117830820874,0.3733888439031872,0.1556377692831145
0080,Betula papyrifera Marshall,0679,Aningeria Aubrév. & Pellegr.,0.44875736026846436,0.15225687626821854,0.29282501993701454,0.15593234033144981
0091,Brachystegia Benth.,0259,Entandrophragma utile (Dawe & Sprague) Sprague,0.5450286179220409,0.38877160503932806,0.31117134377790345,0.15625701288271288
0033,Anacardium excelsum (Bertero & Balb. ex Kunth) Skeels,0239,Dipteryx odorata (Aubl.) Forsyth f.,0.45254752217581445,0.1612983471755794,0.29620412323508927,0.1563433989407252
0380,Libidibia paraguariensis (D.Parodi) G.P.Lewis,0479,Peltogyne catingae Ducke,0.6229487664969755,0.466381748885464,0.034412686077142644,0.15656701761151148
0354,Intsia bijuga (Colebr.) Kuntze,0480,Peltogyne mexicana Martínez,0.4844596081876514,0.3278225854948488,0.1247695132163256,0.1566370226928026
0269,Erythrophleum ivorense A. Chev,0480,Peltogyne mexicana Martínez,0.3406163191150684,0.18362962432208574,0.1247695132163256,0.15698669479298266
0236,Dipterocarpus C.F.Gaertn.,0296,Fraxinus ornus L.,0.3144415752775994,0.06735710381385199,0.15609996020530656,0.15834161507229286
0041,Aniba rosodora Ducke,0095,Brosimum alicastrum Swartz,0.5327403510581844,0.03206859773287161,0.373588888328799,0.1591514627293854
0375,Koompassia malaccensis Maing.,0625,Terminalia superba Engl.& Diels,0.48226126057127394,0.08877285430095372,0.3215805164792984,0.16068074409197552
0085,Bobgunnia fistuloides (Harms) J.H. Kirkbr. & Wiersema,0313,Grevillea robusta A.Cunn. ex R.Br.,0.6014036382434346,0.4396589361336944,0.12015375617853329,0.16174470210974018
0070,Bagassa guianensis Aubl.,0296,Fraxinus ornus L.,0.5138858370929211,0.35189488550655634,0.15609996020530656,0.16199095158636478
0035,Anacardium giganteum Hancock ex Engl.,0096,Brosimum guianense (Aubl.) Huber ex Ducke,0.6556216262209538,0.09952635975102023,0.4923459427522542,0.16327568346869958
0041,Aniba rosodora Ducke,0066,Aucoumea klaineana Pierre,0.3810271725286197,0.03206859773287161,0.21760219624631696,0.1634249762823027
0066,Aucoumea klaineana Pierre,0621,Tectona grandis L.,0.4978329485529601,0.21760219624631696,0.3340452621707477,0.16378768638221242
0091,Brachystegia Benth.,0480,Peltogyne mexicana Martínez,0.5528358161105434,0.38877160503932806,0.1247695132163256,0.16406421107121538
0045,Anopyxis klaineana (Pierre) Engl.,0297,Fraxinus mandshurica Rupr.,0.5307697253714604,0.3666389738639127,0.18720922831157757,0.1641307515075477
0096,Brosimum guianense (Aubl.) Huber ex Ducke,0239,Dipteryx odorata (Aubl.) Forsyth f.,0.6582106439593014,0.4923459427522542,0.29620412323508927,0.16586470120704722
0034,Anacardium L.,0095,Brosimum alicastrum Swartz,0.5395178875840428,0.25845756017377447,0.373588888328799,0.16592899925524385
0080,Betula papyrifera Marshall,0418,Mansonia altissima (A. Chev.) A. Chev.,0.31838567280892405,0.15225687626821854,0.10609990889998436,0.1661287965407055
0396,Lophira alata Banks ex C.F.Gaertn.,0541,Pterygota macrocarpa K. Schum.,0.250966858880867,0.08393196411047188,0.045009082662750124,0.16703489477039513
0066,Aucoumea klaineana Pierre,0313,Grevillea robusta A.Cunn. ex R.Br.,0.38517596994915865,0.21760219624631696,0.12015375617853329,0.16757377370284168
0207,Dalbergia nigra (Vell.) Allemão ex Benth.,0375,Koompassia malaccensis Maing.,0.4884789222107924,0.31919241888109307,0.08877285430095372,0.16928650332969936
0431,Millettia laurentii De Wild.,0541,Pterygota macrocarpa K. Schum.,0.3198203483480959,0.15046909860762905,0.045009082662750124,0.16935124974046686
0301,Gilbertiodendron dewevrei (De Wild.) J.Léonard,0326,Guibourtia ehie (A. Chev.) J. Léonard,0.43729755097968753,0.17033855113561178,0.267153359759205,0.17014419122048252
0157,Ceriops tagal (Perr.) C.B. Robinson,0297,Fraxinus mandshurica Rupr.,0.5436995511380913,0.3733888439031872,0.18720922831157757,0.1703107072349041
0399,Lovoa trichilioides Harms,0613,Tabebuia rosea (Bert.) DC.,0.4777760854177001,0.2327105138088832,0.30741652748711856,0.17035955793058155
0030,Amburana cearensis (Allemão) A.C.Sm.,0354,Intsia bijuga (Colebr.) Kuntze,0.49898829769678726,0.20353506212870529,0.3278225854948488,0.1711657122019385
0085,Bobgunnia fistuloides (Harms) J.H. Kirkbr. & Wiersema,0418,Mansonia altissima (A. Chev.) A. Chev.,0.612163484117382,0.4396589361336944,0.10609990889998436,0.17250454798368758
0606,Swietenia humilis Zucc.,0678,Albizia ferruginea (Guill. & Perr.) Benth.,0.5111854013126703,0.2157970800606374,0.33801121938985357,0.17317418192281675
0257,Entandrophragma candollei Harms,0431,Millettia laurentii De Wild.,0.32367003958192286,0.09798805046374451,0.15046909860762905,0.1732009409742938
0418,Mansonia altissima (A. Chev.) A. Chev.,0621,Tectona grandis L.,0.5074264570554402,0.10609990889998436,0.3340452621707477,0.1733811948846925
0033,Anacardium excelsum (Bertero & Balb. ex Kunth) Skeels,0072,Baillonella toxisperma Pierre,0.5516648352928382,0.1612983471755794,0.377642267969207,0.17402256732363114
0295,Fraxinus nigra Marshall,0296,Fraxinus ornus L.,0.33021405735250675,0.04872560265571527,0.15609996020530656,0.1741140971472002
0071,Baikiaea plurijuga Harms,0243,Dracontomelon dao (Blanco) Merr. & Rolfe,0.8376458555102824,0.6624630676293845,0.38265490650255146,0.17518278788089792
0092,Brachystegia cynometroides Harms,0326,Guibourtia ehie (A. Chev.) J. Léonard,0.44372781324656957,0.1445998181282847,0.267153359759205,0.17657445348736456
0157,Ceriops tagal (Perr.) C.B. Robinson,0371,Khaya grandifoliola C.DC.,0.5502862387852747,0.3733888439031872,0.13346149799545334,0.1768973948820875
0269,Erythrophleum ivorense A. Chev,0613,Tabebuia rosea (Bert.) DC.,0.4844210803643373,0.18362962432208574,0.30741652748711856,0.17700455287721872
0256,Entandrophragma angolense (Welw.) Panshin,0353,Intsia Thouars,0.5422821796537165,0.35292642353479126,0.36502681521580665,0.17725536443790985
0091,Brachystegia Benth.,0323,Guibourtia demeusei (Harms) J.Léonard,0.5664109368564214,0.38877160503932806,0.2237088813376544,0.17763933181709335
0030,Amburana cearensis (Allemão) A.C.Sm.,0399,Lovoa trichilioides Harms,0.41070518169668474,0.20353506212870529,0.2327105138088832,0.17799466788780155
0207,Dalbergia nigra (Vell.) Allemão ex Benth.,0258,Entandrophragma cylindricum (Sprague) Sprague,0.49734187650478145,0.31919241888109307,0.1920147510454096,0.1781494576236884
0071,Baikiaea plurijuga Harms,0679,Aningeria Aubrév. & Pellegr.,0.8411501423381794,0.6624630676293845,0.29282501993701454,0.17868707470879497
0030,Amburana cearensis (Allemão) A.C.Sm.,0096,Brosimum guianense (Aubl.) Huber ex Ducke,0.671107299156884,0.20353506212870529,0.4923459427522542,0.17876135640462987
0269,Erythrophleum ivorense A. Chev,0380,Libidibia paraguariensis (D.Parodi) G.P.Lewis,0.6456130193866183,0.18362962432208574,0.466381748885464,0.17923127050115428
0115,Carapa guianensis Aubl.,0294,Fraxinus excelsior L.,0.657574315729768,0.47781439040167756,0.057931930658733005,0.17975992532809043
0030,Amburana cearensis (Allemão) A.C.Sm.,0613,Tabebuia rosea (Bert.) DC.,0.48729886488356555,0.20353506212870529,0.30741652748711856,0.179882337396447
0070,Bagassa guianensis Aubl.,0071,Baikiaea plurijuga Harms,0.8425391934564659,0.35189488550655634,0.6624630676293845,0.18007612582708143
0072,Baillonella toxisperma Pierre,0679,Aningeria Aubrév. & Pellegr.,0.5577581573850546,0.377642267969207,0.29282501993701454,0.1801158894158476
0035,Anacardium giganteum Hancock ex Engl.,0071,Baikiaea plurijuga Harms,0.842876674639921,0.09952635975102023,0.6624630676293845,0.18041360701053655
0093,Brachystegia laurentii (De Wild.) Louis ex J.Léonard,0214,Daniellia thurifera Benn.,0.6246458955254126,0.285314769922707,0.44353669806721796,0.18110919745819465
0380,Libidibia paraguariensis (D.Parodi) G.P.Lewis,0613,Tabebuia rosea (Bert.) DC.,0.6485494805711837,0.466381748885464,0.30741652748711856,0.18216773168571965
0259,Entandrophragma utile (Dawe & Sprague) Sprague,0625,Terminalia superba Engl.& Diels,0.5045756266324716,0.31117134377790345,0.3215805164792984,0.18299511015317316
0375,Koompassia malaccensis Maing.,0399,Lovoa trichilioides Harms,0.4162825822013133,0.08877285430095372,0.2327105138088832,0.18357206839243012
0399,Lovoa trichilioides Harms,0480,Peltogyne mexicana Martínez,0.4175826872249917,0.2327105138088832,0.1247695132163256,0.1848721734161085
0066,Aucoumea klaineana Pierre,0243,Dracontomelon dao (Blanco) Merr. & Rolfe,0.567798170117064,0.21760219624631696,0.38265490650255146,0.18514326361451255
0007,Acer pseudoplatanus L.,0071,Baikiaea plurijuga Harms,0.8482728649449457,0.01598614417773803,0.6624630676293845,0.18580979731556124
0093,Brachystegia laurentii (De Wild.) Louis ex J.Léonard,0323,Guibourtia demeusei (Harms) J.Léonard,0.4716914829255484,0.285314769922707,0.2237088813376544,0.18637671300284142
0207,Dalbergia nigra (Vell.) Allemão ex Benth.,0243,Dracontomelon dao (Blanco) Merr. & Rolfe,0.56911970245404,0.31919241888109307,0.38265490650255146,0.18646479595148852
0071,Baikiaea plurijuga Harms,0085,Bobgunnia fistuloides (Harms) J.H. Kirkbr. & Wiersema,0.8489565971159122,0.6624630676293845,0.4396589361336944,0.18649352948652775
0071,Baikiaea plurijuga Harms,0372,Khaya ivorensis A.Chev.,0.8499102471958999,0.6624630676293845,0.1284079480176259,0.18744717956651546
0093,Brachystegia laurentii (De Wild.) Louis ex J.Léonard,0115,Carapa guianensis Aubl.,0.6655680274332829,0.285314769922707,0.47781439040167756,0.18775363703160536
0324,Guibourtia pellegriniana J.Léonard,0354,Intsia bijuga (Colebr.) Kuntze,0.5156663898115673,0.19715961314014666,0.3278225854948488,0.18784380431671854
0096,Brosimum guianense (Aubl.) Huber ex Ducke,0270,Erythrophleum suaveolens (Guill. & Perr.) Brenan,0.6805581015039288,0.4923459427522542,0.37032055479729653,0.18821215875167463
0354,Intsia bijuga (Colebr.) Kuntze,0625,Terminalia superba Engl.& Diels,0.5162848238424129,0.3278225854948488,0.3215805164792984,0.18846223834756415
0354,Intsia bijuga (Colebr.) Kuntze,0613,Tabebuia rosea (Bert.) DC.,0.5163837685806228,0.3278225854948488,0.30741652748711856,0.18856118308577408
0009,Leptolobium Vogel,0091,Brachystegia Benth.,0.5776463188055353,0.1918203410273337,0.38877160503932806,0.18887471376620724
0093,Brachystegia laurentii (De Wild.) Louis ex J.Léonard,0326,Guibourtia ehie (A. Chev.) J. Léonard,0.47427214933333434,0.285314769922707,0.267153359759205,0.18895737941062735
0243,Dracontomelon dao (Blanco) Merr. & Rolfe,0367,Juglans nigra L.,0.5718808140476193,0.38265490650255146,0.030957996752025003,0.1892259075450678
0035,Anacardium giganteum Hancock ex Engl.,0147,Ceiba pentandra (L.) Gaertn.,0.29026418204015925,0.09952635975102023,0.09053989442752747,0.19073782228913902
0045,Anopyxis klaineana (Pierre) Engl.,0367,Juglans nigra L.,0.5577813011131263,0.3666389738639127,0.030957996752025003,0.1911423272492136
0195,Ctenolophon parvifolius Oliv.,0293,Fraxinus americana L.,0.33617264373695455,0.1445569890808498,0.06673216616943302,0.19161565465610475
0095,Brosimum alicastrum Swartz,0366,Juglans regia L.,0.5658962917365372,0.373588888328799,0.011555233791711243,0.19230740340773822
0238,Dipterocarpus kerrii King,0296,Fraxinus ornus L.,0.34868095108607067,0.047350069644523325,0.15609996020530656,0.1925809908807641
0070,Bagassa guianensis Aubl.,0239,Dipteryx odorata (Aubl.) Forsyth f.,0.5453181781752414,0.35189488550655634,0.29620412323508927,0.19342329266868508
0244,Dryobalanops C.F.Gaertn.,0380,Libidibia paraguariensis (D.Parodi) G.P.Lewis,0.6598892316848872,0.07236117632383164,0.466381748885464,0.1935074827994232
0269,Erythrophleum ivorense A. Chev,0625,Terminalia superba Engl.& Diels,0.5153125886042571,0.18362962432208574,0.3215805164792984,0.1937320721249587
0071,Baikiaea plurijuga Harms,0550,Quercus mongolica Fisch. ex Ledeb.,0.8563847587257444,0.6624630676293845,0.0295908067557718,0.19392169109635993
0375,Koompassia malaccensis Maing.,0613,Tabebuia rosea (Bert.) DC.,0.501813785236721,0.08877285430095372,0.30741652748711856,0.19439725774960248
0380,Libidibia paraguariensis (D.Parodi) G.P.Lewis,0418,Mansonia altissima (A. Chev.) A. Chev.,0.6611704157534126,0.466381748885464,0.10609990889998436,0.1947886668679486
0071,Baikiaea plurijuga Harms,0294,Fraxinus excelsior L.,0.8574766967270299,0.6624630676293845,0.057931930658733005,0.1950136290976454
0071,Baikiaea plurijuga Harms,0554,Quercus robur L.,0.8575517340587137,0.6624630676293845,0.040088693572690404,0.1950886664293292
0071,Baikiaea plurijuga Harms,0096,Brosimum guianense (Aubl.) Huber ex Ducke,0.8585246340464131,0.6624630676293845,0.4923459427522542,0.19606156641702865
0399,Lovoa trichilioides Harms,0678,Albizia ferruginea (Guill. & Perr.) Benth.,0.5340768453507281,0.2327105138088832,0.33801121938985357,0.1960656259608745
0426,Microberlinia brazzavillensis A. Chev.,0625,Terminalia superba Engl.& Diels,0.5177758640207677,0.24891986447473777,0.3215805164792984,0.19619534754146928
0070,Bagassa guianensis Aubl.,0158,"Chlorocardium rodiei (R.H.Schomb.) Rohwer, H.G.Richt. & van der Werff",0.548270621265816,0.35189488550655634,0.08176555061613976,0.1963757357592597
0353,Intsia Thouars,0480,Peltogyne mexicana Martínez,0.561708841195471,0.36502681521580665,0.1247695132163256,0.1966820259796644
0085,Bobgunnia fistuloides (Harms) J.H. Kirkbr. & Wiersema,0245,Dryobalanops aromatica C.F.Gaertn.,0.6365855123005449,0.4396589361336944,0.1574311550408419,0.19692657616685055
0479,Peltogyne catingae Ducke,0480,Peltogyne mexicana Martínez,0.32186367941395566,0.034412686077142644,0.1247695132163256,0.19709416619763007
0318,Leplaea cedrata (A.Chev.) E.J.M.Koenen & J.J.de Wilde,0541,Pterygota macrocarpa K. Schum.,0.24267090668569302,0.03917415789724382,0.045009082662750124,0.1976618240229429
0033,Anacardium excelsum (Bertero & Balb. ex Kunth) Skeels,0181,Cotylelobium Pierre,0.3597984509391736,0.1612983471755794,0.02876268832314597,0.19850010376359423
0096,Brosimum guianense (Aubl.) Huber ex Ducke,0313,Grevillea robusta A.Cunn. ex R.Br.,0.6911308446211566,0.4923459427522542,0.12015375617853329,0.1987849018689024
0071,Baikiaea plurijuga Harms,0552,Quercus alba L.,0.8614997666580868,0.6624630676293845,0.054910389150189774,0.19903669902870236
0130,Castanea sativa Mill.,0550,Quercus mongolica Fisch. ex Ledeb.,0.3373019480694961,0.13730049844128367,0.0295908067557718,0.20000144962821242
0243,Dracontomelon dao (Blanco) Merr. & Rolfe,0293,Fraxinus americana L.,0.5833283300340147,0.38265490650255146,0.06673216616943302,0.20067342353146328
0033,Anacardium excelsum (Bertero & Balb. ex Kunth) Skeels,0296,Fraxinus ornus L.,0.3626491494558629,0.1612983471755794,0.15609996020530656,0.20135080228028351
0096,Brosimum guianense (Aubl.) Huber ex Ducke,0478,Peltogyne Vogel,0.6938312044505972,0.4923459427522542,0.11335898594650924,0.20148526169834302
0070,Bagassa guianensis Aubl.,0236,Dipterocarpus C.F.Gaertn.,0.554056730635799,0.35189488550655634,0.06735710381385199,0.20216184512924262
0115,Carapa guianensis Aubl.,0181,Cotylelobium Pierre,0.6801589833080124,0.47781439040167756,0.02876268832314597,0.20234459290633483
0070,Bagassa guianensis Aubl.,0238,Dipterocarpus kerrii King,0.5542428930283816,0.35189488550655634,0.047350069644523325,0.20234800752182525
0034,Anacardium L.,0115,Carapa guianensis Aubl.,0.6803599465494745,0.25845756017377447,0.47781439040167756,0.20254555614779696
0195,Ctenolophon parvifolius Oliv.,0297,Fraxinus mandshurica Rupr.,0.38979193915798405,0.1445569890808498,0.18720922831157757,0.20258271084640647
0326,Guibourtia ehie (A. Chev.) J. Léonard,0478,Peltogyne Vogel,0.46997629602613095,0.267153359759205,0.11335898594650924,0.20282293626692594
0096,Brosimum guianense (Aubl.) Huber ex Ducke,0325,Guibourtia tessmannii (Harms) J.Léonard,0.6953874269796579,0.4923459427522542,0.20053590665995039,0.20304148422740376
0096,Brosimum guianense (Aubl.) Huber ex Ducke,0371,Khaya grandifoliola C.DC.,0.6954002983412636,0.4923459427522542,0.13346149799545334,0.20305435558900942
0380,Libidibia paraguariensis (D.Parodi) G.P.Lewis,0430,Milicia excelsa (Welw.) C.C. Berg,0.6695257516864334,0.466381748885464,0.2809459055523187,0.20314400280096934
0207,Dalbergia nigra (Vell.) Allemão ex Benth.,0269,Erythrophleum ivorense A. Chev,0.5224549000955843,0.31919241888109307,0.18362962432208574,0.2032624812144912
0130,Castanea sativa Mill.,0553,Quercus petraea (Matt.) Liebl.,0.3408741630053994,0.13730049844128367,0.1175281560814896,0.20357366456411574
0302,Gilbertiodendron preussii (Harms) J.Léonard,0380,Libidibia paraguariensis (D.Parodi) G.P.Lewis,0.6700536889257032,0.21477324086718907,0.466381748885464,0.20367194004023914
0095,Brosimum alicastrum Swartz,0158,"Chlorocardium rodiei (R.H.Schomb.) Rohwer, H.G.Richt. & van der Werff",0.5773339400789806,0.373588888328799,0.08176555061613976,0.20374505175018165
0158,"Chlorocardium rodiei (R.H.Schomb.) Rohwer, H.G.Richt. & van der Werff",0380,Libidibia paraguariensis (D.Parodi) G.P.Lewis,0.6714235292810915,0.08176555061613976,0.466381748885464,0.20504178039562748
0096,Brosimum guianense (Aubl.) Huber ex Ducke,0613,Tabebuia rosea (Bert.) DC.,0.6978675874933505,0.4923459427522542,0.30741652748711856,0.20552164474109635
0034,Anacardium L.,0091,Brachystegia Benth.,0.5952680599335902,0.25845756017377447,0.38877160503932806,0.20649645489426216
0030,Amburana cearensis (Allemão) A.C.Sm.,0270,Erythrophleum suaveolens (Guill. & Perr.) Brenan,0.5781804649157947,0.20353506212870529,0.37032055479729653,0.20785991011849814
0256,Entandrophragma angolense (Welw.) Panshin,0606,Swietenia humilis Zucc.,0.5608971905858516,0.35292642353479126,0.2157970800606374,0.20797076705106038
0033,Anacardium excelsum (Bertero & Balb. ex Kunth) Skeels,0066,Aucoumea klaineana Pierre,0.4266028024816173,0.1612983471755794,0.21760219624631696,0.20900060623530034
0147,Ceiba pentandra (L.) Gaertn.,0296,Fraxinus ornus L.,0.36514258468116034,0.09053989442752747,0.15609996020530656,0.20904262447585378
0239,Dipteryx odorata (Aubl.) Forsyth f.,0297,Fraxinus mandshurica Rupr.,0.5053049840453069,0.29620412323508927,0.18720922831157757,0.20910086081021761
0214,Daniellia thurifera Benn.,0372,Khaya ivorensis A.Chev.,0.6528940530633859,0.44353669806721796,0.1284079480176259,0.20935735499616792
0214,Daniellia thurifera Benn.,0678,Albizia ferruginea (Guill. & Perr.) Benth.,0.6535936830814609,0.44353669806721796,0.33801121938985357,0.21005698501424297
0302,Gilbertiodendron preussii (Harms) J.Léonard,0375,Koompassia malaccensis Maing.,0.4253353992431945,0.21477324086718907,0.08877285430095372,0.21056215837600545
0007,Acer pseudoplatanus L.,0331,Heritiera utilis (Sprague) Sprague,0.48071100233266467,0.01598614417773803,0.2700129923785008,0.21069800995416388
0115,Carapa guianensis Aubl.,0296,Fraxinus ornus L.,0.6891297974363275,0.47781439040167756,0.15609996020530656,0.21131540703464996
0003,Acacia mangium Willd.,0214,Daniellia thurifera Benn.,0.6548908151662834,0.24987335040256672,0.44353669806721796,0.21135411709906549
0371,Khaya grandifoliola C.DC.,0621,Tectona grandis L.,0.5454532034180564,0.13346149799545334,0.3340452621707477,0.21140794124730866
0072,Baillonella toxisperma Pierre,0239,Dipteryx odorata (Aubl.) Forsyth f.,0.5894532694147537,0.377642267969207,0.29620412323508927,0.2118110014455467
0114,Cantleya corniculata (Becc.) R.A.Howard,0331,Heritiera utilis (Sprague) Sprague,0.48182980752941096,0.24998781279531032,0.2700129923785008,0.21181681515091016
0003,Acacia mangium Willd.,0613,Tabebuia rosea (Bert.) DC.,0.5194693241675752,0.24987335040256672,0.30741652748711856,0.21205279668045662
0313,Grevillea robusta A.Cunn. ex R.Br.,0621,Tectona grandis L.,0.5462675807889883,0.12015375617853329,0.3340452621707477,0.2122223186182406
0293,Fraxinus americana L.,0380,Libidibia paraguariensis (D.Parodi) G.P.Lewis,0.6790287948841047,0.06673216616943302,0.466381748885464,0.2126470459986407
0214,Daniellia thurifera Benn.,0331,Heritiera utilis (Sprague) Sprague,0.6562106595887838,0.44353669806721796,0.2700129923785008,0.2126739615215658
0243,Dracontomelon dao (Blanco) Merr. & Rolfe,0648,Triplochiton scleroxylon K. Schum.,0.5953811655696541,0.38265490650255146,0.03451537060084674,0.21272625906710269
0313,Grevillea robusta A.Cunn. ex R.Br.,0380,Libidibia paraguariensis (D.Parodi) G.P.Lewis,0.6792115442892058,0.12015375617853329,0.466381748885464,0.2128297954037418
0114,Cantleya corniculata (Becc.) R.A.Howard,0461,Ochroma pyramidale (Cav. ex Lam.) Urb.,0.4628991637248113,0.24998781279531032,0.04404888631411533,0.212911350929501
0071,Baikiaea plurijuga Harms,0244,Dryobalanops C.F.Gaertn.,0.8759930347647352,0.6624630676293845,0.07236117632383164,0.21352996713535077
0270,Erythrophleum suaveolens (Guill. & Perr.) Brenan,0478,Peltogyne Vogel,0.5842025195957886,0.37032055479729653,0.11335898594650924,0.21388196479849209
0380,Libidibia paraguariensis (D.Parodi) G.P.Lewis,0431,Millettia laurentii De Wild.,0.6810715068013707,0.466381748885464,0.15046909860762905,0.21468975791590672
0095,Brosimum alicastrum Swartz,0678,Albizia ferruginea (Guill. & Perr.) Benth.,0.5883317846782022,0.373588888328799,0.33801121938985357,0.21474289634940325
0147,Ceiba pentandra (L.) Gaertn.,0214,Daniellia thurifera Benn.,0.6585663682706197,0.09053989442752747,0.44353669806721796,0.2150296702034017
0323,Guibourtia demeusei (Harms) J.Léonard,0607,Swietenia macrophylla King,0.43877376248206756,0.2237088813376544,0.07039605530704054,0.21506488114441316
0115,Carapa guianensis Aubl.,0158,"Chlorocardium rodiei (R.H.Schomb.) Rohwer, H.G.Richt. & van der Werff",0.6930827994201024,0.47781439040167756,0.08176555061613976,0.21526840901842487
0045,Anopyxis klaineana (Pierre) Engl.,0296,Fraxinus ornus L.,0.582534602583669,0.3666389738639127,0.15609996020530656,0.21589562871975626
0294,Fraxinus excelsior L.,0296,Fraxinus ornus L.,0.3725195598041736,0.057931930658733005,0.15609996020530656,0.21641959959886706
0478,Peltogyne Vogel,0480,Peltogyne mexicana Martínez,0.3412382340014393,0.11335898594650924,0.1247695132163256,0.21646872078511373
0214,Daniellia thurifera Benn.,0256,Entandrophragma angolense (Welw.) Panshin,0.6601006617179908,0.44353669806721796,0.35292642353479126,0.2165639636507728
0045,Anopyxis klaineana (Pierre) Engl.,0648,Triplochiton scleroxylon K. Schum.,0.5833660981061897,0.3666389738639127,0.03451537060084674,0.21672712424227697
0070,Bagassa guianensis Aubl.,0678,Albizia ferruginea (Guill. & Perr.) Benth.,0.5696676165612764,0.35189488550655634,0.33801121938985357,0.21777273105472006
0092,Brachystegia cynometroides Harms,0270,Erythrophleum suaveolens (Guill. & Perr.) Brenan,0.5893097732116886,0.1445998181282847,0.37032055479729653,0.21898921841439212
0095,Brosimum alicastrum Swartz,0425,Mezilaurus ita-uba (Meisn.) Taub. ex Mez,0.5931495131833663,0.373588888328799,0.12157433758219263,0.2195606248545673
0003,Acacia mangium Willd.,0243,Dracontomelon dao (Blanco) Merr. & Rolfe,0.6022798546799584,0.24987335040256672,0.38265490650255146,0.2196249481774069
0158,"Chlorocardium rodiei (R.H.Schomb.) Rohwer, H.G.Richt. & van der Werff",0399,Lovoa trichilioides Harms,0.45266339462212046,0.08176555061613976,0.2327105138088832,0.21995288081323727
0030,Amburana cearensis (Allemão) A.C.Sm.,0034,Anacardium L.,0.47870600834861343,0.20353506212870529,0.25845756017377447,0.22024844817483896
0195,Ctenolophon parvifolius Oliv.,0621,Tectona grandis L.,0.5547500740859064,0.1445569890808498,0.3340452621707477,0.22070481191515867
0244,Dryobalanops C.F.Gaertn.,0353,Intsia Thouars,0.5864608643085826,0.07236117632383164,0.36502681521580665,0.22143404909277592
0030,Amburana cearensis (Allemão) A.C.Sm.,0258,Entandrophragma cylindricum (Sprague) Sprague,0.4249846645253318,0.20353506212870529,0.1920147510454096,0.2214496023966265
0009,Leptolobium Vogel,0093,Brachystegia laurentii (De Wild.) Louis ex J.Léonard,0.5073966182908967,0.1918203410273337,0.285314769922707,0.22208184836818967
0257,Entandrophragma candollei Harms,0396,Lophira alata Banks ex C.F.Gaertn.,0.32035709990817685,0.09798805046374451,0.08393196411047188,0.22236904944443234
0034,Anacardium L.,0613,Tabebuia rosea (Bert.) DC.,0.5299638210512879,0.25845756017377447,0.30741652748711856,0.22254729356416936
0066,Aucoumea klaineana Pierre,0418,Mansonia altissima (A. Chev.) A. Chev.,0.44036621046057506,0.21760219624631696,0.10609990889998436,0.2227640142142581
0093,Brachystegia laurentii (De Wild.) Louis ex J.Léonard,0480,Peltogyne mexicana Martínez,0.5081089377386349,0.285314769922707,0.1247695132163256,0.22279416781592787
0091,Brachystegia Benth.,0479,Peltogyne catingae Ducke,0.6118067968745573,0.38877160503932806,0.034412686077142644,0.22303519183522924
0294,Fraxinus excelsior L.,0621,Tectona grandis L.,0.5577368940120737,0.057931930658733005,0.3340452621707477,0.223691631841326
0353,Intsia Thouars,0354,Intsia bijuga (Colebr.) Kuntze,0.5887679694640744,0.36502681521580665,0.3278225854948488,0.22374115424826774
0085,Bobgunnia fistuloides (Harms) J.H. Kirkbr. & Wiersema,0625,Terminalia superba Engl.& Diels,0.6637605551085266,0.4396589361336944,0.3215805164792984,0.22410161897483222
0270,Erythrophleum suaveolens (Guill. & Perr.) Brenan,0302,Gilbertiodendron preussii (Harms) J.Léonard,0.5944688366374306,0.37032055479729653,0.21477324086718907,0.22414828184013402
0195,Ctenolophon parvifolius Oliv.,0214,Daniellia thurifera Benn.,0.6684982200550789,0.1445569890808498,0.44353669806721796,0.2249615219878609
0354,Intsia bijuga (Colebr.) Kuntze,0380,Libidibia paraguariensis (D.Parodi) G.P.Lewis,0.692670173226627,0.3278225854948488,0.466381748885464,0.22628842434116303
0066,Aucoumea klaineana Pierre,0080,Betula papyrifera Marshall,0.44402901765975683,0.21760219624631696,0.15225687626821854,0.22642682141343987
0033,Anacardium excelsum (Bertero & Balb. ex Kunth) Skeels,0297,Fraxinus mandshurica Rupr.,0.41391148718382914,0.1612983471755794,0.18720922831157757,0.22670225887225157
0236,Dipterocarpus C.F.Gaertn.,0648,Triplochiton scleroxylon K. Schum.,0.29520330569377196,0.06735710381385199,0.03451537060084674,0.22784620187991997
0066,Aucoumea klaineana Pierre,0542,Pycnanthus angolensis (Welw.) Warb.,0.44554874224375873,0.21760219624631696,0.09358528548867441,0.22794654599744177
0071,Baikiaea plurijuga Harms,0431,Millettia laurentii De Wild.,0.8908120356063578,0.6624630676293845,0.15046909860762905,0.22834896797697335
0045,Anopyxis klaineana (Pierre) Engl.,0366,Juglans regia L.,0.5953103411893339,0.3666389738639127,0.011555233791711243,0.2286713673254212
0095,Brosimum alicastrum Swartz,0294,Fraxinus excelsior L.,0.6022926240140922,0.373588888328799,0.057931930658733005,0.22870373568529323
0256,Entandrophragma angolense (Welw.) Panshin,0258,Entandrophragma cylindricum (Sprague) Sprague,0.5823573564083334,0.35292642353479126,0.1920147510454096,0.22943093287354216
0096,Brosimum guianense (Aubl.) Huber ex Ducke,0418,Mansonia altissima (A. Chev.) A. Chev.,0.722486175388434,0.4923459427522542,0.10609990889998436,0.23014023263617978
0096,Brosimum guianense (Aubl.) Huber ex Ducke,0269,Erythrophleum ivorense A. Chev,0.7227075591239572,0.4923459427522542,0.18362962432208574,0.23036161637170305
0207,Dalbergia nigra (Vell.) Allemão ex Benth.,0270,Erythrophleum suaveolens (Guill. & Perr.) Brenan,0.6007598885944887,0.31919241888109307,0.37032055479729653,0.23043933379719217
0326,Guibourtia ehie (A. Chev.) J. Léonard,0479,Peltogyne catingae Ducke,0.4982642041052201,0.267153359759205,0.034412686077142644,0.2311108443460151
0072,Baillonella toxisperma Pierre,0095,Brosimum alicastrum Swartz,0.6088632894553531,0.377642267969207,0.373588888328799,0.23122102148614604
0115,Carapa guianensis Aubl.,0399,Lovoa trichilioides Harms,0.7090985130031946,0.47781439040167756,0.2327105138088832,0.23128412260151704
0030,Amburana cearensis (Allemão) A.C.Sm.,0070,Bagassa guianensis Aubl.,0.5834512572274262,0.20353506212870529,0.35189488550655634,0.23155637172086985
0157,Ceriops tagal (Perr.) C.B. Robinson,0293,Fraxinus americana L.,0.6050651639356486,0.3733888439031872,0.06673216616943302,0.23167632003246136
0270,Erythrophleum suaveolens (Guill. & Perr.) Brenan,0479,Peltogyne catingae Ducke,0.6022747072846575,0.37032055479729653,0.034412686077142644,0.23195415248736095
0195,Ctenolophon parvifolius Oliv.,0648,Triplochiton scleroxylon K. Schum.,0.3766765229234006,0.1445569890808498,0.03451537060084674,0.2321195338425508
0034,Anacardium L.,0157,Ceriops tagal (Perr.) C.B. Robinson,0.6055606746203751,0.25845756017377447,0.3733888439031872,0.2321718307171879
0367,Juglans nigra L.,0380,Libidibia paraguariensis (D.Parodi) G.P.Lewis,0.6991093719000335,0.030957996752025003,0.466381748885464,0.2327276230145695
0239,Dipteryx odorata (Aubl.) Forsyth f.,0380,Libidibia paraguariensis (D.Parodi) G.P.Lewis,0.6992834527195333,0.29620412323508927,0.466381748885464,0.23290170383406927
0301,Gilbertiodendron dewevrei (De Wild.) J.Léonard,0323,Guibourtia demeusei (Harms) J.Léonard,0.4567994280170466,0.17033855113561178,0.2237088813376544,0.2330905466793922
0302,Gilbertiodendron preussii (Harms) J.Léonard,0480,Peltogyne mexicana Martínez,0.44822283300166027,0.21477324086718907,0.1247695132163256,0.2334495921344712
0207,Dalbergia nigra (Vell.) Allemão ex Benth.,0613,Tabebuia rosea (Bert.) DC.,0.5528517704001713,0.31919241888109307,0.30741652748711856,0.23365935151907824
0130,Castanea sativa Mill.,0554,Quercus robur L.,0.37142689489253733,0.13730049844128367,0.040088693572690404,0.23412639645125366
0157,Ceriops tagal (Perr.) C.B. Robinson,0372,Khaya ivorensis A.Chev.,0.6075418264327133,0.3733888439031872,0.1284079480176259,0.23415298252952604
0269,Erythrophleum ivorense A. Chev,0375,Koompassia malaccensis Maing.,0.417814948326557,0.18362962432208574,0.08877285430095372,0.23418532400447128
0207,Dalbergia nigra (Vell.) Allemão ex Benth.,0214,Daniellia thurifera Benn.,0.6779678517569621,0.31919241888109307,0.44353669806721796,0.2344311536897441
0070,Bagassa guianensis Aubl.,0214,Daniellia thurifera Benn.,0.678019897465272,0.35189488550655634,0.44353669806721796,0.23448319939805407
0071,Baikiaea plurijuga Harms,0257,Entandrophragma candollei Harms,0.8972027677542176,0.6624630676293845,0.09798805046374451,0.23473970012483314
0096,Brosimum guianense (Aubl.) Huber ex Ducke,0606,Swietenia humilis Zucc.,0.7271254784658144,0.4923459427522542,0.2157970800606374,0.23477953571356025
0115,Carapa guianensis Aubl.,0243,Dracontomelon dao (Blanco) Merr. & Rolfe,0.7127607949226384,0.47781439040167756,0.38265490650255146,0.23494640452096088
0157,Ceriops tagal (Perr.) C.B. Robinson,0461,Ochroma pyramidale (Cav. ex Lam.) Urb.,0.6083527697409465,0.3733888439031872,0.04404888631411533,0.23496392583775932
0326,Guibourtia ehie (A. Chev.) J. Léonard,0354,Intsia bijuga (Colebr.) Kuntze,0.5629532777950094,0.267153359759205,0.3278225854948488,0.2351306923001606
0269,Erythrophleum ivorense A. Chev,0354,Intsia bijuga (Colebr.) Kuntze,0.5630152889325861,0.18362962432208574,0.3278225854948488,0.23519270343773735
0095,Brosimum alicastrum Swartz,0096,Brosimum guianense (Aubl.) Huber ex Ducke,0.7275970185473013,0.373588888328799,0.4923459427522542,0.23525107579504712
0258,Entandrophragma cylindricum (Sprague) Sprague,0259,Entandrophragma utile (Dawe & Sprague) Sprague,0.5466663699584714,0.1920147510454096,0.31117134377790345,0.23549502618056795
0072,Baillonella toxisperma Pierre,0295,Fraxinus nigra Marshall,0.6134810612351977,0.377642267969207,0.04872560265571527,0.23583879326599072
0372,Khaya ivorensis A.Chev.,0607,Swietenia macrophylla King,0.3651256899610702,0.1284079480176259,0.07039605530704054,0.2367177419434443
0066,Aucoumea klaineana Pierre,0129,Castanea crenata Siebold & Zucc.,0.4545757380533717,0.21760219624631696,0.034727594828010425,0.23697354180705474
0070,Bagassa guianensis Aubl.,0072,Baillonella toxisperma Pierre,0.6146438103278484,0.35189488550655634,0.377642267969207,0.2370015423586414
0070,Bagassa guianensis Aubl.,0297,Fraxinus mandshurica Rupr.,0.5892472430967093,0.35189488550655634,0.18720922831157757,0.23735235759015294
0006,Acer platanoides L.,0114,Cantleya corniculata (Becc.) R.A.Howard,0.4880486244258714,0.0033010130066980182,0.24998781279531032,0.23806081163056106
0071,Baikiaea plurijuga Harms,0678,Albizia ferruginea (Guill. & Perr.) Benth.,0.9007526119799985,0.6624630676293845,0.33801121938985357,0.238289544350614
0003,Acacia mangium Willd.,0354,Intsia bijuga (Colebr.) Kuntze,0.5663366508674366,0.24987335040256672,0.3278225854948488,0.2385140653725878
0239,Dipteryx odorata (Aubl.) Forsyth f.,0245,Dryobalanops aromatica C.F.Gaertn.,0.5351338535919643,0.29620412323508927,0.1574311550408419,0.23892973035687504
0257,Entandrophragma candollei Harms,0318,Leplaea cedrata (A.Chev.) E.J.M.Koenen & J.J.de Wilde,0.3369371966042579,0.09798805046374451,0.03917415789724382,0.2389491461405134
0093,Brachystegia laurentii (De Wild.) Louis ex J.Léonard,0256,Entandrophragma angolense (Welw.) Panshin,0.5934457889169662,0.285314769922707,0.35292642353479126,0.24051936538217494
0207,Dalbergia nigra (Vell.) Allemão ex Benth.,0606,Swietenia humilis Zucc.,0.5600519933130528,0.31919241888109307,0.2157970800606374,0.2408595744319597
0181,Cotylelobium Pierre,0214,Daniellia thurifera Benn.,0.6844059516474059,0.02876268832314597,0.44353669806721796,0.24086925358018796
0071,Baikiaea plurijuga Harms,0259,Entandrophragma utile (Dawe & Sprague) Sprague,0.9034652647676866,0.6624630676293845,0.31117134377790345,0.24100219713830218
0366,Juglans regia L.,0371,Khaya grandifoliola C.DC.,0.3745410828178086,0.011555233791711243,0.13346149799545334,0.24107958482235528
0353,Intsia Thouars,0380,Libidibia paraguariensis (D.Parodi) G.P.Lewis,0.7078261254363885,0.36502681521580665,0.466381748885464,0.24144437655092443
0035,Anacardium giganteum Hancock ex Engl.,0115,Carapa guianensis Aubl.,0.7199295621844897,0.09952635975102023,0.47781439040167756,0.2421151717828121
0030,Amburana cearensis (Allemão) A.C.Sm.,0243,Dracontomelon dao (Blanco) Merr. & Rolfe,0.6264089322883333,0.20353506212870529,0.38265490650255146,0.2437540257857818
0295,Fraxinus nigra Marshall,0648,Triplochiton scleroxylon K. Schum.,0.2931820002347388,0.04872560265571527,0.03451537060084674,0.24445639757902352
0085,Bobgunnia fistuloides (Harms) J.H. Kirkbr. & Wiersema,0380,Libidibia paraguariensis (D.Parodi) G.P.Lewis,0.7109922385938026,0.4396589361336944,0.466381748885464,0.24461048970833854
0096,Brosimum guianense (Aubl.) Huber ex Ducke,0480,Peltogyne mexicana Martínez,0.7374020010529355,0.4923459427522542,0.1247695132163256,0.24505605830068133
0093,Brachystegia laurentii (De Wild.) Louis ex J.Léonard,0258,Entandrophragma cylindricum (Sprague) Sprague,0.5305650250633694,0.285314769922707,0.1920147510454096,0.24525025514066245
0045,Anopyxis klaineana (Pierre) Engl.,0293,Fraxinus americana L.,0.6124208580728752,0.3666389738639127,0.06673216616943302,0.24578188420896246
0009,Leptolobium Vogel,0085,Bobgunnia fistuloides (Harms) J.H. Kirkbr. & Wiersema,0.6856769932438341,0.1918203410273337,0.4396589361336944,0.24601805711013974
0181,Cotylelobium Pierre,0678,Albizia ferruginea (Guill. & Perr.) Benth.,0.5848459446464391,0.02876268832314597,0.33801121938985357,0.24683472525658556
0096,Brosimum guianense (Aubl.) Huber ex Ducke,0114,Cantleya corniculata (Becc.) R.A.Howard,0.7394673011800692,0.4923459427522542,0.24998781279531032,0.24712135842781502
0181,Cotylelobium Pierre,0236,Dipterocarpus C.F.Gaertn.,0.3146363009313086,0.02876268832314597,0.06735710381385199,0.24727919711745663
0318,Leplaea cedrata (A.Chev.) E.J.M.Koenen & J.J.de Wilde,0380,Libidibia paraguariensis (D.Parodi) G.P.Lewis,0.7136805510792708,0.03917415789724382,0.466381748885464,0.24729880219380673
0091,Brachystegia Benth.,0430,Milicia excelsa (Welw.) C.C. Berg,0.6369651415006441,0.38877160503932806,0.2809459055523187,0.24819353646131603
0301,Gilbertiodendron dewevrei (De Wild.) J.Léonard,0380,Libidibia paraguariensis (D.Parodi) G.P.Lewis,0.7148469322262159,0.17033855113561178,0.466381748885464,0.24846518334075185
0066,Aucoumea klaineana Pierre,0297,Fraxinus mandshurica Rupr.,0.46671266687664537,0.21760219624631696,0.18720922831157757,0.2491104706303284
0372,Khaya ivorensis A.Chev.,0608,Swietenia mahagoni (L.) Jacq.,0.4057482239289003,0.1284079480176259,0.156298942858346,0.2494492810705543
0259,Entandrophragma utile (Dawe & Sprague) Sprague,0606,Swietenia humilis Zucc.,0.5606630211179614,0.31117134377790345,0.2157970800606374,0.24949167734005795
0003,Acacia mangium Willd.,0293,Fraxinus americana L.,0.49938780395833854,0.24987335040256672,0.06673216616943302,0.24951445355577181
0295,Fraxinus nigra Marshall,0367,Juglans nigra L.,0.29909217045981196,0.04872560265571527,0.030957996752025003,0.2503665678040967
0080,Betula papyrifera Marshall,0095,Brosimum alicastrum Swartz,0.6243425233009231,0.15225687626821854,0.373588888328799,0.2507536349721241
0091,Brachystegia Benth.,0625,Terminalia superba Engl.& Diels,0.639906497288325,0.38877160503932806,0.3215805164792984,0.251134892248997
0085,Bobgunnia fistuloides (Harms) J.H. Kirkbr. & Wiersema,0372,Khaya ivorensis A.Chev.,0.6908980401661124,0.4396589361336944,0.1284079480176259,0.25123910403241806
0129,Castanea crenata Siebold & Zucc.,0553,Quercus petraea (Matt.) Liebl.,0.3689795641862363,0.034727594828010425,0.1175281560814896,0.2514514081047467
0195,Ctenolophon parvifolius Oliv.,0367,Juglans nigra L.,0.3962205758499977,0.1445569890808498,0.030957996752025003,0.2516635867691479
0096,Brosimum guianense (Aubl.) Huber ex Ducke,0326,Guibourtia ehie (A. Chev.) J. Léonard,0.7443906180161057,0.4923459427522542,0.267153359759205,0.25204467526385155
0214,Daniellia thurifera Benn.,0236,Dipterocarpus C.F.Gaertn.,0.6958101442970284,0.44353669806721796,0.06735710381385199,0.2522734462298104
0072,Baillonella toxisperma Pierre,0238,Dipterocarpus kerrii King,0.6304214311779368,0.377642267969207,0.047350069644523325,0.2527791632087298
0214,Daniellia thurifera Benn.,0243,Dracontomelon dao (Blanco) Merr. & Rolfe,0.6963299102337306,0.44353669806721796,0.38265490650255146,0.2527932121665126
0030,Amburana cearensis (Allemão) A.C.Sm.,0302,Gilbertiodendron preussii (Harms) J.Léonard,0.4678753476661399,0.20353506212870529,0.21477324086718907,0.25310210679895084
0034,Anacardium L.,0070,Bagassa guianensis Aubl.,0.6050635129205243,0.25845756017377447,0.35189488550655634,0.25316862741396795
0236,Dipterocarpus C.F.Gaertn.,0367,Juglans nigra L.,0.3213893097020719,0.06735710381385199,0.030957996752025003,0.25403220588821995
0258,Entandrophragma cylindricum (Sprague) Sprague,0607,Swietenia macrophylla King,0.4461358404703831,0.1920147510454096,0.07039605530704054,0.2541210894249735
0238,Dipterocarpus kerrii King,0648,Triplochiton scleroxylon K. Schum.,0.3017311681388831,0.047350069644523325,0.03451537060084674,0.2543810984943598
0157,Ceriops tagal (Perr.) C.B. Robinson,0158,"Chlorocardium rodiei (R.H.Schomb.) Rohwer, H.G.Richt. & van der Werff",0.6278360804736731,0.3733888439031872,0.08176555061613976,0.2544472365704859
0003,Acacia mangium Willd.,0270,Erythrophleum suaveolens (Guill. & Perr.) Brenan,0.6249407834169664,0.24987335040256672,0.37032055479729653,0.2546202286196698
0096,Brosimum guianense (Aubl.) Huber ex Ducke,0625,Terminalia superba Engl.& Diels,0.7469784518653804,0.4923459427522542,0.3215805164792984,0.2546325091131262
0092,Brachystegia cynometroides Harms,0380,Libidibia paraguariensis (D.Parodi) G.P.Lewis,0.7210278068139515,0.1445998181282847,0.466381748885464,0.2546460579284875
0214,Daniellia thurifera Benn.,0238,Dipterocarpus kerrii King,0.6983670444103746,0.44353669806721796,0.047350069644523325,0.2548303463431566
0181,Cotylelobium Pierre,0239,Dipteryx odorata (Aubl.) Forsyth f.,0.5513574864967646,0.02876268832314597,0.29620412323508927,0.25515336326167537
0035,Anacardium giganteum Hancock ex Engl.,0236,Dipterocarpus C.F.Gaertn.,0.3556912769239958,0.09952635975102023,0.06735710381385199,0.2561649171729756
0035,Anacardium giganteum Hancock ex Engl.,0238,Dipterocarpus kerrii King,0.35582566252254727,0.09952635975102023,0.047350069644523325,0.256299302771527
0072,Baillonella toxisperma Pierre,0236,Dipterocarpus C.F.Gaertn.,0.6343103236306644,0.377642267969207,0.06735710381385199,0.2566680556614574
0066,Aucoumea klaineana Pierre,0380,Libidibia paraguariensis (D.Parodi) G.P.Lewis,0.7231292580230044,0.21760219624631696,0.466381748885464,0.2567475091375404
0041,Aniba rosodora Ducke,0380,Libidibia paraguariensis (D.Parodi) G.P.Lewis,0.7231508413573899,0.03206859773287161,0.466381748885464,0.2567690924719259
0085,Bobgunnia fistuloides (Harms) J.H. Kirkbr. & Wiersema,0366,Juglans regia L.,0.6966369322251271,0.4396589361336944,0.011555233791711243,0.25697799609143274
0296,Fraxinus ornus L.,0380,Libidibia paraguariensis (D.Parodi) G.P.Lewis,0.7234700516345246,0.15609996020530656,0.466381748885464,0.2570883027490606
0114,Cantleya corniculata (Becc.) R.A.Howard,0244,Dryobalanops C.F.Gaertn.,0.5073657793440455,0.24998781279531032,0.07236117632383164,0.2573779665487351
0041,Aniba rosodora Ducke,0045,Anopyxis klaineana (Pierre) Engl.,0.6243367653896339,0.03206859773287161,0.3666389738639127,0.2576977915257212
0071,Baikiaea plurijuga Harms,0530,Pterocarpus soyauxii Taub.,0.9204979975751422,0.6624630676293845,0.14757486665108444,0.2580349299457577
0070,Bagassa guianensis Aubl.,0293,Fraxinus americana L.,0.610107294867949,0.35189488550655634,0.06673216616943302,0.25821240936139267
0380,Libidibia paraguariensis (D.Parodi) G.P.Lewis,0425,Mezilaurus ita-uba (Meisn.) Taub. ex Mez,0.724969012224137,0.466381748885464,0.12157433758219263,0.258587263338673
0093,Brachystegia laurentii (De Wild.) Louis ex J.Léonard,0324,Guibourtia pellegriniana J.Léonard,0.5441631018610372,0.285314769922707,0.19715961314014666,0.25884833193833023
0239,Dipteryx odorata (Aubl.) Forsyth f.,0296,Fraxinus ornus L.,0.5552346525133827,0.29620412323508927,0.15609996020530656,0.2590305292782934
0003,Acacia mangium Willd.,0380,Libidibia paraguariensis (D.Parodi) G.P.Lewis,0.7254558856961271,0.24987335040256672,0.466381748885464,0.25907413681066305
0214,Daniellia thurifera Benn.,0625,Terminalia superba Engl.& Diels,0.7028790845614263,0.44353669806721796,0.3215805164792984,0.2593423864942084
0072,Baillonella toxisperma Pierre,0195,Ctenolophon parvifolius Oliv.,0.6370480532111962,0.377642267969207,0.1445569890808498,0.25940578524198915
0096,Brosimum guianense (Aubl.) Huber ex Ducke,0157,Ceriops tagal (Perr.) C.B. Robinson,0.7518150138606134,0.4923459427522542,0.3733888439031872,0.25946907110835926
0003,Acacia mangium Willd.,0070,Bagassa guianensis Aubl.,0.6115831348957881,0.24987335040256672,0.35189488550655634,0.25968824938923174
0092,Brachystegia cynometroides Harms,0323,Guibourtia demeusei (Harms) J.Léonard,0.48344594022284476,0.1445998181282847,0.2237088813376544,0.2597370588851904
0035,Anacardium giganteum Hancock ex Engl.,0207,Dalbergia nigra (Vell.) Allemão ex Benth.,0.5793382046502967,0.09952635975102023,0.31919241888109307,0.26014578576920366
0071,Baikiaea plurijuga Harms,0606,Swietenia humilis Zucc.,0.9227565252810493,0.6624630676293845,0.2157970800606374,0.2602934576516649
0009,Leptolobium Vogel,0353,Intsia Thouars,0.6255117680735742,0.1918203410273337,0.36502681521580665,0.26048495285776757
0430,Milicia excelsa (Welw.) C.C. Berg,0613,Tabebuia rosea (Bert.) DC.,0.5683902993658786,0.2809459055523187,0.30741652748711856,0.26097377187876003
0092,Brachystegia cynometroides Harms,0115,Carapa guianensis Aubl.,0.7397794439862209,0.1445998181282847,0.47781439040167756,0.2619650535845433
0030,Amburana cearensis (Allemão) A.C.Sm.,0091,Brachystegia Benth.,0.6512829773751303,0.20353506212870529,0.38877160503932806,0.26251137233580224
0114,Cantleya corniculata (Becc.) R.A.Howard,0325,Guibourtia tessmannii (Harms) J.Léonard,0.51255065649285,0.24998781279531032,0.20053590665995039,0.2625628436975397
0041,Aniba rosodora Ducke,0621,Tectona grandis L.,0.5967112024247119,0.03206859773287161,0.3340452621707477,0.26266594025396417
0380,Libidibia paraguariensis (D.Parodi) G.P.Lewis,0648,Triplochiton scleroxylon K. Schum.,0.7293836903108668,0.466381748885464,0.03451537060084674,0.2630019414254028
0045,Anopyxis klaineana (Pierre) Engl.,0380,Libidibia paraguariensis (D.Parodi) G.P.Lewis,0.7294345834125303,0.3666389738639127,0.466381748885464,0.2630528345270663
0071,Baikiaea plurijuga Harms,0353,Intsia Thouars,0.92554586321416,0.6624630676293845,0.36502681521580665,0.26308279558477554
0147,Ceiba pentandra (L.) Gaertn.,0648,Triplochiton scleroxylon K. Schum.,0.353693255784979,0.09053989442752747,0.03451537060084674,0.26315336135745154
0095,Brosimum alicastrum Swartz,0245,Dryobalanops aromatica C.F.Gaertn.,0.6370346627795147,0.373588888328799,0.1574311550408419,0.2634457744507157
0009,Leptolobium Vogel,0207,Dalbergia nigra (Vell.) Allemão ex Benth.,0.5829710282774074,0.1918203410273337,0.31919241888109307,0.26377860939631437
0003,Acacia mangium Willd.,0096,Brosimum guianense (Aubl.) Huber ex Ducke,0.7561611315205944,0.24987335040256672,0.4923459427522542,0.2638151887683402
0081,Betula pendula Roth,0115,Carapa guianensis Aubl.,0.7419720198192917,0.0030165117830820874,0.47781439040167756,0.26415762941761417
0115,Carapa guianensis Aubl.,0147,Ceiba pentandra (L.) Gaertn.,0.7423385735258545,0.47781439040167756,0.09053989442752747,0.26452418312417697
0366,Juglans regia L.,0621,Tectona grandis L.,0.5986413067876852,0.011555233791711243,0.3340452621707477,0.26459604461693753
0606,Swietenia humilis Zucc.,0621,Tectona grandis L.,0.5990571158300955,0.2157970800606374,0.3340452621707477,0.26501185365934776
0096,Brosimum guianense (Aubl.) Huber ex Ducke,0259,Entandrophragma utile (Dawe & Sprague) Sprague,0.7587011758745896,0.4923459427522542,0.31117134377790345,0.26635523312233544
0071,Baikiaea plurijuga Harms,0326,Guibourtia ehie (A. Chev.) J. Léonard,0.9294262520475411,0.6624630676293845,0.267153359759205,0.2669631844181567
0091,Brachystegia Benth.,0269,Erythrophleum ivorense A. Chev,0.6557799366626029,0.38877160503932806,0.18362962432208574,0.26700833162327486
0366,Juglans regia L.,0380,Libidibia paraguariensis (D.Parodi) G.P.Lewis,0.7335601336783313,0.011555233791711243,0.466381748885464,0.26717838479286726
0115,Carapa guianensis Aubl.,0293,Fraxinus americana L.,0.7455527846061942,0.47781439040167756,0.06673216616943302,0.26773839420451667
0297,Fraxinus mandshurica Rupr.,0380,Libidibia paraguariensis (D.Parodi) G.P.Lewis,0.7342302186917388,0.18720922831157757,0.466381748885464,0.26784846980627475
0085,Bobgunnia fistuloides (Harms) J.H. Kirkbr. & Wiersema,0207,Dalbergia nigra (Vell.) Allemão ex Benth.,0.7077062741993769,0.4396589361336944,0.31919241888109307,0.26804733806568254
0115,Carapa guianensis Aubl.,0157,Ceriops tagal (Perr.) C.B. Robinson,0.7458989262464171,0.47781439040167756,0.3733888439031872,0.2680845358447395
0157,Ceriops tagal (Perr.) C.B. Robinson,0679,Aningeria Aubrév. & Pellegr.,0.6421731601559182,0.3733888439031872,0.29282501993701454,0.26878431625273097
0380,Libidibia paraguariensis (D.Parodi) G.P.Lewis,0541,Pterygota macrocarpa K. Schum.,0.7352518517771752,0.466381748885464,0.045009082662750124,0.2688701028917112
0207,Dalbergia nigra (Vell.) Allemão ex Benth.,0302,Gilbertiodendron preussii (Harms) J.Léonard,0.5883161963116735,0.31919241888109307,0.21477324086718907,0.26912377743058047
0259,Entandrophragma utile (Dawe & Sprague) Sprague,0607,Swietenia macrophylla King,0.5806743889819921,0.31117134377790345,0.07039605530704054,0.26950304520408863
0073,Balfourodendron riedelianum (Engl.) Engl.,0080,Betula papyrifera Marshall,0.5467031847573587,0.27718842224753326,0.15225687626821854,0.2695147625098254
0095,Brosimum alicastrum Swartz,0380,Libidibia paraguariensis (D.Parodi) G.P.Lewis,0.7369072501194056,0.373588888328799,0.466381748885464,0.2705255012339416
0245,Dryobalanops aromatica C.F.Gaertn.,0270,Erythrophleum suaveolens (Guill. & Perr.) Brenan,0.6410701547796245,0.1574311550408419,0.37032055479729653,0.27074959998232795
0207,Dalbergia nigra (Vell.) Allemão ex Benth.,0372,Khaya ivorensis A.Chev.,0.5901073483634279,0.31919241888109307,0.1284079480176259,0.27091492948233487
0366,Juglans regia L.,0679,Aningeria Aubrév. & Pellegr.,0.5638996576053328,0.011555233791711243,0.29282501993701454,0.27107463766831824
0115,Carapa guianensis Aubl.,0301,Gilbertiodendron dewevrei (De Wild.) J.Léonard,0.7490327234514853,0.47781439040167756,0.17033855113561178,0.27121833304980775
0130,Castanea sativa Mill.,0552,Quercus alba L.,0.40884183437557736,0.13730049844128367,0.054910389150189774,0.2715413359342937
0092,Brachystegia cynometroides Harms,0207,Dalbergia nigra (Vell.) Allemão ex Benth.,0.5910424505870387,0.1445998181282847,0.31919241888109307,0.2718500317059457
0236,Dipterocarpus C.F.Gaertn.,0293,Fraxinus americana L.,0.33936703725882,0.06735710381385199,0.06673216616943302,0.27200993344496804
0003,Acacia mangium Willd.,0071,Baikiaea plurijuga Harms,0.935256434601033,0.24987335040256672,0.6624630676293845,0.2727933669716486
0033,Anacardium excelsum (Bertero & Balb. ex Kunth) Skeels,0648,Triplochiton scleroxylon K. Schum.,0.434153828076959,0.1612983471755794,0.03451537060084674,0.2728554809013796
0034,Anacardium L.,0354,Intsia bijuga (Colebr.) Kuntze,0.600706538014034,0.25845756017377447,0.3278225854948488,0.2728839525191852
0380,Libidibia paraguariensis (D.Parodi) G.P.Lewis,0621,Tectona grandis L.,0.7394440018481971,0.466381748885464,0.3340452621707477,0.2730622529627331
0181,Cotylelobium Pierre,0195,Ctenolophon parvifolius Oliv.,0.41780598488663573,0.02876268832314597,0.1445569890808498,0.27324899580578593
0096,Brosimum guianense (Aubl.) Huber ex Ducke,0366,Juglans regia L.,0.7660948633130573,0.4923459427522542,0.011555233791711243,0.27374892056080313
0033,Anacardium excelsum (Bertero & Balb. ex Kunth) Skeels,0293,Fraxinus americana L.,0.4350580284898988,0.1612983471755794,0.06673216616943302,0.2737596813143194
0096,Brosimum guianense (Aubl.) Huber ex Ducke,0324,Guibourtia pellegriniana J.Léonard,0.7662897694697178,0.4923459427522542,0.19715961314014666,0.27394382671746365
0072,Baillonella toxisperma Pierre,0245,Dryobalanops aromatica C.F.Gaertn.,0.6516447473670883,0.377642267969207,0.1574311550408419,0.2740024793978813
0372,Khaya ivorensis A.Chev.,0625,Terminalia superba Engl.& Diels,0.5956101194246148,0.1284079480176259,0.3215805164792984,0.2740296029453164
0030,Amburana cearensis (Allemão) A.C.Sm.,0380,Libidibia paraguariensis (D.Parodi) G.P.Lewis,0.7414904920143417,0.20353506212870529,0.466381748885464,0.2751087431288777
0302,Gilbertiodendron preussii (Harms) J.Léonard,0323,Guibourtia demeusei (Harms) J.Léonard,0.49891832848116746,0.21477324086718907,0.2237088813376544,0.27520944714351303
0243,Dracontomelon dao (Blanco) Merr. & Rolfe,0399,Lovoa trichilioides Harms,0.6581126678651614,0.38265490650255146,0.2327105138088832,0.27545776136260997
0096,Brosimum guianense (Aubl.) Huber ex Ducke,0181,Cotylelobium Pierre,0.768065490804313,0.4923459427522542,0.02876268832314597,0.2757195480520588
0238,Dipterocarpus kerrii King,0293,Fraxinus americana L.,0.3424761348199338,0.047350069644523325,0.06673216616943302,0.27574396865050077
0095,Brosimum alicastrum Swartz,0313,Grevillea robusta A.Cunn. ex R.Br.,0.6495535719320601,0.373588888328799,0.12015375617853329,0.2759646836032611
0238,Dipterocarpus kerrii King,0367,Juglans nigra L.,0.323600858283103,0.047350069644523325,0.030957996752025003,0.27625078863857966
0085,Bobgunnia fistuloides (Harms) J.H. Kirkbr. & Wiersema,0096,Brosimum guianense (Aubl.) Huber ex Ducke,0.769195672384295,0.4396589361336944,0.4923459427522542,0.2768497296320408
0007,Acer pseudoplatanus L.,0072,Baillonella toxisperma Pierre,0.6545226820360779,0.01598614417773803,0.377642267969207,0.27688041406687086
0258,Entandrophragma cylindricum (Sprague) Sprague,0294,Fraxinus excelsior L.,0.46892136811370094,0.1920147510454096,0.057931930658733005,0.27690661706829134
0041,Aniba rosodora Ducke,0679,Aningeria Aubrév. & Pellegr.,0.570149044035259,0.03206859773287161,0.29282501993701454,0.27732402409824447
0293,Fraxinus americana L.,0295,Fraxinus nigra Marshall,0.3441835703873136,0.06673216616943302,0.04872560265571527,0.2774514042178806
0034,Anacardium L.,0207,Dalbergia nigra (Vell.) Allemão ex Benth.,0.5971555031122792,0.25845756017377447,0.31919241888109307,0.2779630842311861
0073,Balfourodendron riedelianum (Engl.) Engl.,0607,Swietenia macrophylla King,0.5555735354370852,0.27718842224753326,0.07039605530704054,0.27838511318955195
0270,Erythrophleum suaveolens (Guill. & Perr.) Brenan,0301,Gilbertiodendron dewevrei (De Wild.) J.Léonard,0.6490198275154917,0.37032055479729653,0.17033855113561178,0.27869927271819517
0009,Leptolobium Vogel,0478,Peltogyne Vogel,0.4707710682600279,0.1918203410273337,0.11335898594650924,0.2789507272326942
0301,Gilbertiodendron dewevrei (De Wild.) J.Léonard,0480,Peltogyne mexicana Martínez,0.4504138313935826,0.17033855113561178,0.1247695132163256,0.2800752802579708
0091,Brachystegia Benth.,0207,Dalbergia nigra (Vell.) Allemão ex Benth.,0.6689254381648413,0.38877160503932806,0.31919241888109307,0.28015383312551323
0045,Anopyxis klaineana (Pierre) Engl.,0613,Tabebuia rosea (Bert.) DC.,0.6473007927803784,0.3666389738639127,0.30741652748711856,0.28066181891646574
0041,Aniba rosodora Ducke,0085,Bobgunnia fistuloides (Harms) J.H. Kirkbr. & Wiersema,0.7205896223087569,0.03206859773287161,0.4396589361336944,0.2809306861750625
0239,Dipteryx odorata (Aubl.) Forsyth f.,0244,Dryobalanops C.F.Gaertn.,0.5773136875524966,0.29620412323508927,0.07236117632383164,0.2811095643174073
0157,Ceriops tagal (Perr.) C.B. Robinson,0214,Daniellia thurifera Benn.,0.7248119649691054,0.3733888439031872,0.44353669806721796,0.2812752669018874
0313,Grevillea robusta A.Cunn. ex R.Br.,0367,Juglans nigra L.,0.4016816286175364,0.12015375617853329,0.030957996752025003,0.2815278724390031
0045,Anopyxis klaineana (Pierre) Engl.,0245,Dryobalanops aromatica C.F.Gaertn.,0.6484317407908968,0.3666389738639127,0.1574311550408419,0.28179276692698413
0095,Brosimum alicastrum Swartz,0418,Mansonia altissima (A. Chev.) A. Chev.,0.6556410442422983,0.373588888328799,0.10609990889998436,0.2820521559134993
0326,Guibourtia ehie (A. Chev.) J. Léonard,0607,Swietenia macrophylla King,0.5494011267049524,0.267153359759205,0.07039605530704054,0.28224776694574744
0239,Dipteryx odorata (Aubl.) Forsyth f.,0293,Fraxinus americana L.,0.5784616136757421,0.29620412323508927,0.06673216616943302,0.28225749044065285
0214,Daniellia thurifera Benn.,0371,Khaya grandifoliola C.DC.,0.7259929002377024,0.44353669806721796,0.13346149799545334,0.2824562021704844
0243,Dracontomelon dao (Blanco) Merr. & Rolfe,0613,Tabebuia rosea (Bert.) DC.,0.6651223998261726,0.38265490650255146,0.30741652748711856,0.28246749332362114
0625,Terminalia superba Engl.& Diels,0678,Albizia ferruginea (Guill. & Perr.) Benth.,0.6207750788336395,0.3215805164792984,0.33801121938985357,0.2827638594437859
0009,Leptolobium Vogel,0426,Microberlinia brazzavillensis A. Chev.,0.5322939829917115,0.1918203410273337,0.24891986447473777,0.2833741185169737
0080,Betula papyrifera Marshall,0181,Cotylelobium Pierre,0.43592946890184947,0.15225687626821854,0.02876268832314597,0.2836725926336309
0071,Baikiaea plurijuga Harms,0302,Gilbertiodendron preussii (Harms) J.Léonard,0.9461392428071698,0.6624630676293845,0.21477324086718907,0.2836761751777853
0244,Dryobalanops C.F.Gaertn.,0245,Dryobalanops aromatica C.F.Gaertn.,0.44120253751987015,0.07236117632383164,0.1574311550408419,0.2837713824790282
0096,Brosimum guianense (Aubl.) Huber ex Ducke,0257,Entandrophragma candollei Harms,0.7761390233167659,0.4923459427522542,0.09798805046374451,0.2837930805645117
0158,"Chlorocardium rodiei (R.H.Schomb.) Rohwer, H.G.Richt. & van der Werff",0625,Terminalia superba Engl.& Diels,0.6061550319121174,0.08176555061613976,0.3215805164792984,0.284574515432819
0326,Guibourtia ehie (A. Chev.) J. Léonard,0380,Libidibia paraguariensis (D.Parodi) G.P.Lewis,0.7512195995761655,0.267153359759205,0.466381748885464,0.28483785069070144
0073,Balfourodendron riedelianum (Engl.) Engl.,0606,Swietenia humilis Zucc.,0.5620691324673456,0.27718842224753326,0.2157970800606374,0.2848807102198123
0073,Balfourodendron riedelianum (Engl.) Engl.,0081,Betula pendula Roth,0.5627226256330361,0.27718842224753326,0.0030165117830820874,0.28553420338550284
0071,Baikiaea plurijuga Harms,0115,Carapa guianensis Aubl.,0.9480536921034362,0.6624630676293845,0.47781439040167756,0.2855906244740517
0297,Fraxinus mandshurica Rupr.,0648,Triplochiton scleroxylon K. Schum.,0.472952289751819,0.18720922831157757,0.03451537060084674,0.2857430614402414
0214,Daniellia thurifera Benn.,0296,Fraxinus ornus L.,0.7295523006526768,0.44353669806721796,0.15609996020530656,0.2860156025854589
0003,Acacia mangium Willd.,0256,Entandrophragma angolense (Welw.) Panshin,0.6390975967374157,0.24987335040256672,0.35292642353479126,0.2861711732026245
0009,Leptolobium Vogel,0375,Koompassia malaccensis Maing.,0.4791209811240844,0.1918203410273337,0.08877285430095372,0.2873006400967507
0045,Anopyxis klaineana (Pierre) Engl.,0207,Dalbergia nigra (Vell.) Allemão ex Benth.,0.6540637456238889,0.3666389738639127,0.31919241888109307,0.2874247717599762
0073,Balfourodendron riedelianum (Engl.) Engl.,0259,Entandrophragma utile (Dawe & Sprague) Sprague,0.5991299502065112,0.27718842224753326,0.31117134377790345,0.2879586064286077
0080,Betula papyrifera Marshall,0085,Bobgunnia fistuloides (Harms) J.H. Kirkbr. & Wiersema,0.7278295239570923,0.15225687626821854,0.4396589361336944,0.28817058782339794
0034,Anacardium L.,0093,Brachystegia laurentii (De Wild.) Louis ex J.Léonard,0.5744723934008498,0.25845756017377447,0.285314769922707,0.2891576234781428
0045,Anopyxis klaineana (Pierre) Engl.,0313,Grevillea robusta A.Cunn. ex R.Br.,0.6558398155327728,0.3666389738639127,0.12015375617853329,0.2892008416688601
0033,Anacardium excelsum (Bertero & Balb. ex Kunth) Skeels,0035,Anacardium giganteum Hancock ex Engl.,0.45058794294678567,0.1612983471755794,0.09952635975102023,0.2892895957712063
0033,Anacardium excelsum (Bertero & Balb. ex Kunth) Skeels,0367,Juglans nigra L.,0.4511906460901802,0.1612983471755794,0.030957996752025003,0.28989229891460083
0214,Daniellia thurifera Benn.,0295,Fraxinus nigra Marshall,0.7334852874605282,0.44353669806721796,0.04872560265571527,0.28994858939331025
0009,Leptolobium Vogel,0399,Lovoa trichilioides Harms,0.5226811823163836,0.1918203410273337,0.2327105138088832,0.2899706685075004
0070,Bagassa guianensis Aubl.,0295,Fraxinus nigra Marshall,0.6420342519714117,0.35189488550655634,0.04872560265571527,0.2901393664648554
0195,Ctenolophon parvifolius Oliv.,0296,Fraxinus ornus L.,0.44625359621386784,0.1445569890808498,0.15609996020530656,0.29015363600856126
0096,Brosimum guianense (Aubl.) Huber ex Ducke,0380,Libidibia paraguariensis (D.Parodi) G.P.Lewis,0.7826439707781528,0.4923459427522542,0.466381748885464,0.29029802802589866
0091,Brachystegia Benth.,0613,Tabebuia rosea (Bert.) DC.,0.6791405163125128,0.38877160503932806,0.30741652748711856,0.29036891127318476
0003,Acacia mangium Willd.,0372,Khaya ivorensis A.Chev.,0.5404728627627978,0.24987335040256672,0.1284079480176259,0.29059951236023107
0085,Bobgunnia fistuloides (Harms) J.H. Kirkbr. & Wiersema,0426,Microberlinia brazzavillensis A. Chev.,0.7308505123294422,0.4396589361336944,0.24891986447473777,0.2911915761957478
0080,Betula papyrifera Marshall,0115,Carapa guianensis Aubl.,0.7691660167268718,0.15225687626821854,0.47781439040167756,0.29135162632519424
0181,Cotylelobium Pierre,0296,Fraxinus ornus L.,0.44751466263857753,0.02876268832314597,0.15609996020530656,0.29141470243327094
0259,Entandrophragma utile (Dawe & Sprague) Sprague,0608,Swietenia mahagoni (L.) Jacq.,0.6025923075793981,0.31117134377790345,0.156298942858346,0.2914209638014946
0091,Brachystegia Benth.,0606,Swietenia humilis Zucc.,0.6802365743927188,0.38877160503932806,0.2157970800606374,0.2914649693533907
0071,Baikiaea plurijuga Harms,0331,Heritiera utilis (Sprague) Sprague,0.9539541541712432,0.6624630676293845,0.2700129923785008,0.29149108654185873
0034,Anacardium L.,0071,Baikiaea plurijuga Harms,0.9539596773078808,0.25845756017377447,0.6624630676293845,0.29149660967849633
0071,Baikiaea plurijuga Harms,0301,Gilbertiodendron dewevrei (De Wild.) J.Léonard,0.9541724197875501,0.6624630676293845,0.17033855113561178,0.2917093521581656
0380,Libidibia paraguariensis (D.Parodi) G.P.Lewis,0396,Lophira alata Banks ex C.F.Gaertn.,0.7581589959132609,0.466381748885464,0.08393196411047188,0.29177724702779684
0243,Dracontomelon dao (Blanco) Merr. & Rolfe,0294,Fraxinus excelsior L.,0.6745212873446906,0.38265490650255146,0.057931930658733005,0.2918663808421392
0071,Baikiaea plurijuga Harms,0480,Peltogyne mexicana Martínez,0.9548210543777584,0.6624630676293845,0.1247695132163256,0.292357986748374
0302,Gilbertiodendron preussii (Harms) J.Léonard,0426,Microberlinia brazzavillensis A. Chev.,0.5412937369297436,0.21477324086718907,0.24891986447473777,0.2923738724550058
0371,Khaya grandifoliola C.DC.,0380,Libidibia paraguariensis (D.Parodi) G.P.Lewis,0.7589783746577982,0.13346149799545334,0.466381748885464,0.29259662577233414
0158,"Chlorocardium rodiei (R.H.Schomb.) Rohwer, H.G.Richt. & van der Werff",0354,Intsia bijuga (Colebr.) Kuntze,0.6205129929592024,0.08176555061613976,0.3278225854948488,0.2926904074643536
0080,Betula papyrifera Marshall,0380,Libidibia paraguariensis (D.Parodi) G.P.Lewis,0.7593449220592857,0.15225687626821854,0.466381748885464,0.2929631731738217
0181,Cotylelobium Pierre,0366,Juglans regia L.,0.3217404906064151,0.02876268832314597,0.011555233791711243,0.2929778022832691
0243,Dracontomelon dao (Blanco) Merr. & Rolfe,0245,Dryobalanops aromatica C.F.Gaertn.,0.6759677990610585,0.38265490650255146,0.1574311550408419,0.29331289255850707
0258,Entandrophragma cylindricum (Sprague) Sprague,0608,Swietenia mahagoni (L.) Jacq.,0.4853837662726731,0.1920147510454096,0.156298942858346,0.2933690152272635
0461,Ochroma pyramidale (Cav. ex Lam.) Urb.,0542,Pycnanthus angolensis (Welw.) Warb.,0.3870306241251771,0.04404888631411533,0.09358528548867441,0.2934453386365027
0181,Cotylelobium Pierre,0238,Dipterocarpus kerrii King,0.3413993532343773,0.02876268832314597,0.047350069644523325,0.294049283589854
0243,Dracontomelon dao (Blanco) Merr. & Rolfe,0380,Libidibia paraguariensis (D.Parodi) G.P.Lewis,0.7604793872124935,0.38265490650255146,0.466381748885464,0.2940976383270295
0093,Brachystegia laurentii (De Wild.) Louis ex J.Léonard,0207,Dalbergia nigra (Vell.) Allemão ex Benth.,0.6135607322231847,0.285314769922707,0.31919241888109307,0.2943683133420917
0030,Amburana cearensis (Allemão) A.C.Sm.,0214,Daniellia thurifera Benn.,0.7381523405831768,0.20353506212870529,0.44353669806721796,0.29461564251595884
0096,Brosimum guianense (Aubl.) Huber ex Ducke,0353,Intsia Thouars,0.7869877878702102,0.4923459427522542,0.36502681521580665,0.294641845117956
0035,Anacardium giganteum Hancock ex Engl.,0214,Daniellia thurifera Benn.,0.738280714622944,0.09952635975102023,0.44353669806721796,0.294744016555726
0239,Dipteryx odorata (Aubl.) Forsyth f.,0366,Juglans regia L.,0.5913578674405451,0.29620412323508927,0.011555233791711243,0.2951537442054558
0214,Daniellia thurifera Benn.,0293,Fraxinus americana L.,0.7393186374289025,0.44353669806721796,0.06673216616943302,0.2957819393616845
0095,Brosimum alicastrum Swartz,0244,Dryobalanops C.F.Gaertn.,0.6698999721049272,0.373588888328799,0.07236117632383164,0.29631108377612825
0214,Daniellia thurifera Benn.,0257,Entandrophragma candollei Harms,0.7401593725166801,0.44353669806721796,0.09798805046374451,0.2966226744494621
0181,Cotylelobium Pierre,0295,Fraxinus nigra Marshall,0.3453781146850145,0.02876268832314597,0.04872560265571527,0.2966525120292992
0096,Brosimum guianense (Aubl.) Huber ex Ducke,0479,Peltogyne catingae Ducke,0.7889989717273459,0.4923459427522542,0.034412686077142644,0.2966530289750917
0072,Baillonella toxisperma Pierre,0129,Castanea crenata Siebold & Zucc.,0.6747544404474579,0.377642267969207,0.034727594828010425,0.2971121724782509
0003,Acacia mangium Willd.,0045,Anopyxis klaineana (Pierre) Engl.,0.6638781489834746,0.24987335040256672,0.3666389738639127,0.29723917511956194
0071,Baikiaea plurijuga Harms,0426,Microberlinia brazzavillensis A. Chev.,0.9599386421537116,0.6624630676293845,0.24891986447473777,0.29747557452432716
0270,Erythrophleum suaveolens (Guill. & Perr.) Brenan,0430,Milicia excelsa (Welw.) C.C. Berg,0.6678569891393391,0.37032055479729653,0.2809459055523187,0.2975364343420426
0115,Carapa guianensis Aubl.,0257,Entandrophragma candollei Harms,0.7754586485807569,0.47781439040167756,0.09798805046374451,0.2976442581790793
0085,Bobgunnia fistuloides (Harms) J.H. Kirkbr. & Wiersema,0621,Tectona grandis L.,0.7377792965523218,0.4396589361336944,0.3340452621707477,0.2981203604186274
0323,Guibourtia demeusei (Harms) J.Léonard,0608,Swietenia mahagoni (L.) Jacq.,0.5219268247484774,0.2237088813376544,0.156298942858346,0.29821794341082297
0073,Balfourodendron riedelianum (Engl.) Engl.,0085,Bobgunnia fistuloides (Harms) J.H. Kirkbr. & Wiersema,0.7378810194325404,0.27718842224753326,0.4396589361336944,0.298222083298846
0367,Juglans nigra L.,0542,Pycnanthus angolensis (Welw.) Warb.,0.3920077931845418,0.030957996752025003,0.09358528548867441,0.2984225076958674
0091,Brachystegia Benth.,0399,Lovoa trichilioides Harms,0.6872940914122052,0.38877160503932806,0.2327105138088832,0.29852248637287715
0114,Cantleya corniculata (Becc.) R.A.Howard,0353,Intsia Thouars,0.6638621409507792,0.24998781279531032,0.36502681521580665,0.29883532573497257
0293,Fraxinus americana L.,0294,Fraxinus excelsior L.,0.3657803104523063,0.06673216616943302,0.057931930658733005,0.2990481442828733
0003,Acacia mangium Willd.,0296,Fraxinus ornus L.,0.5490814448263811,0.24987335040256672,0.15609996020530656,0.29920809442381435
0295,Fraxinus nigra Marshall,0621,Tectona grandis L.,0.6334314078853909,0.04872560265571527,0.3340452621707477,0.29938614571464317
0293,Fraxinus americana L.,0625,Terminalia superba Engl.& Diels,0.6216455805051819,0.06673216616943302,0.3215805164792984,0.3000650640258835
0035,Anacardium giganteum Hancock ex Engl.,0157,Ceriops tagal (Perr.) C.B. Robinson,0.6735492775731258,0.09952635975102023,0.3733888439031872,0.30016043366993855
0030,Amburana cearensis (Allemão) A.C.Sm.,0269,Erythrophleum ivorense A. Chev,0.5039126356391146,0.20353506212870529,0.18362962432208574,0.3003775735104093
0181,Cotylelobium Pierre,0313,Grevillea robusta A.Cunn. ex R.Br.,0.4205591552647179,0.02876268832314597,0.12015375617853329,0.3004053990861846
0085,Bobgunnia fistuloides (Harms) J.H. Kirkbr. & Wiersema,0367,Juglans nigra L.,0.7400959378072748,0.4396589361336944,0.030957996752025003,0.3004370016735804
0034,Anacardium L.,0256,Entandrophragma angolense (Welw.) Panshin,0.6537289618276121,0.25845756017377447,0.35292642353479126,0.30080253829282083
0214,Daniellia thurifera Benn.,0425,Mezilaurus ita-uba (Meisn.) Taub. ex Mez,0.7446874255966678,0.44353669806721796,0.12157433758219263,0.3011507275294498
0009,Leptolobium Vogel,0301,Gilbertiodendron dewevrei (De Wild.) J.Léonard,0.49311635971411716,0.1918203410273337,0.17033855113561178,0.30129601868678346
0034,Anacardium L.,0181,Cotylelobium Pierre,0.5600403100090423,0.25845756017377447,0.02876268832314597,0.30158274983526784
0372,Khaya ivorensis A.Chev.,0678,Albizia ferruginea (Guill. & Perr.) Benth.,0.6396199263418476,0.1284079480176259,0.33801121938985357,0.30160870695199404
0073,Balfourodendron riedelianum (Engl.) Engl.,0256,Entandrophragma angolense (Welw.) Panshin,0.6547065504507861,0.27718842224753326,0.35292642353479126,0.3017801269159948
0096,Brosimum guianense (Aubl.) Huber ex Ducke,0323,Guibourtia demeusei (Harms) J.Léonard,0.7941673547521535,0.4923459427522542,0.2237088813376544,0.3018214119998993
0147,Ceiba pentandra (L.) Gaertn.,0293,Fraxinus americana L.,0.39254692734737995,0.09053989442752747,0.06673216616943302,0.3020070329198525
0114,Cantleya corniculata (Becc.) R.A.Howard,0542,Pycnanthus angolensis (Welw.) Warb.,0.5523895600213377,0.24998781279531032,0.09358528548867441,0.3024017472260273
0070,Bagassa guianensis Aubl.,0181,Cotylelobium Pierre,0.654319423126764,0.35189488550655634,0.02876268832314597,0.3024245376202077
0072,Baillonella toxisperma Pierre,0380,Libidibia paraguariensis (D.Parodi) G.P.Lewis,0.769328412430125,0.377642267969207,0.466381748885464,0.30294666354466093
0045,Anopyxis klaineana (Pierre) Engl.,0072,Baillonella toxisperma Pierre,0.6805975757647763,0.3666389738639127,0.377642267969207,0.3029553077955693
0115,Carapa guianensis Aubl.,0302,Gilbertiodendron preussii (Harms) J.Léonard,0.7808074050509326,0.47781439040167756,0.21477324086718907,0.30299301464925504
0093,Brachystegia laurentii (De Wild.) Louis ex J.Léonard,0380,Libidibia paraguariensis (D.Parodi) G.P.Lewis,0.7695121074628397,0.285314769922707,0.466381748885464,0.3031303585773757
0426,Microberlinia brazzavillensis A. Chev.,0431,Millettia laurentii De Wild.,0.5530533945954961,0.24891986447473777,0.15046909860762905,0.3041335301207583
0259,Entandrophragma utile (Dawe & Sprague) Sprague,0621,Tectona grandis L.,0.6381854327588808,0.31117134377790345,0.3340452621707477,0.30414017058813314
0157,Ceriops tagal (Perr.) C.B. Robinson,0678,Albizia ferruginea (Guill. & Perr.) Benth.,0.6776145140197642,0.3733888439031872,0.33801121938985357,0.30422567011657703
0093,Brachystegia laurentii (De Wild.) Louis ex J.Léonard,0375,Koompassia malaccensis Maing.,0.589680876468923,0.285314769922707,0.08877285430095372,0.304366106546216
0324,Guibourtia pellegriniana J.Léonard,0607,Swietenia macrophylla King,0.5016264251334197,0.19715961314014666,0.07039605530704054,0.3044668119932731
0091,Brachystegia Benth.,0258,Entandrophragma cylindricum (Sprague) Sprague,0.6932853594375996,0.38877160503932806,0.1920147510454096,0.30451375439827155
0072,Baillonella toxisperma Pierre,0542,Pycnanthus angolensis (Welw.) Warb.,0.6821878767269556,0.377642267969207,0.09358528548867441,0.30454560875774855
0030,Amburana cearensis (Allemão) A.C.Sm.,0093,Brachystegia laurentii (De Wild.) Louis ex J.Léonard,0.5899137915467318,0.20353506212870529,0.285314769922707,0.30459902162402486
0096,Brosimum guianense (Aubl.) Huber ex Ducke,0431,Millettia laurentii De Wild.,0.7970456622952982,0.4923459427522542,0.15046909860762905,0.304699719543044
0085,Bobgunnia fistuloides (Harms) J.H. Kirkbr. & Wiersema,0318,Leplaea cedrata (A.Chev.) E.J.M.Koenen & J.J.de Wilde,0.7445387308028606,0.4396589361336944,0.03917415789724382,0.3048797946691662
0095,Brosimum alicastrum Swartz,0129,Castanea crenata Siebold & Zucc.,0.6789761321558889,0.373588888328799,0.034727594828010425,0.3053872438270899
0244,Dryobalanops C.F.Gaertn.,0542,Pycnanthus angolensis (Welw.) Warb.,0.3991226852156058,0.07236117632383164,0.09358528548867441,0.3055373997269314
0323,Guibourtia demeusei (Harms) J.Léonard,0478,Peltogyne Vogel,0.5294192155860203,0.2237088813376544,0.11335898594650924,0.3057103342483659
0207,Dalbergia nigra (Vell.) Allemão ex Benth.,0380,Libidibia paraguariensis (D.Parodi) G.P.Lewis,0.7722587900235314,0.31919241888109307,0.466381748885464,0.30587704113806735
0157,Ceriops tagal (Perr.) C.B. Robinson,0259,Entandrophragma utile (Dawe & Sprague) Sprague,0.6793564094261122,0.3733888439031872,0.31117134377790345,0.305967565522925
0085,Bobgunnia fistuloides (Harms) J.H. Kirkbr. & Wiersema,0354,Intsia bijuga (Colebr.) Kuntze,0.7456290179737992,0.4396589361336944,0.3278225854948488,0.3059700818401048
0006,Acer platanoides L.,0080,Betula papyrifera Marshall,0.4583821418826627,0.0033010130066980182,0.15225687626821854,0.30612526561444414
0045,Anopyxis klaineana (Pierre) Engl.,0080,Betula papyrifera Marshall,0.6728149406083903,0.3666389738639127,0.15225687626821854,0.3061759667444776
0041,Aniba rosodora Ducke,0181,Cotylelobium Pierre,0.3383884236937371,0.03206859773287161,0.02876268832314597,0.3063198259608655
0072,Baillonella toxisperma Pierre,0147,Ceiba pentandra (L.) Gaertn.,0.6843668094025821,0.377642267969207,0.09053989442752747,0.3067245414333751
0034,Anacardium L.,0035,Anacardium giganteum Hancock ex Engl.,0.5652234430189989,0.25845756017377447,0.09952635975102023,0.3067658828452244
0258,Entandrophragma cylindricum (Sprague) Sprague,0606,Swietenia humilis Zucc.,0.5225742185173456,0.1920147510454096,0.2157970800606374,0.3067771384567083
0399,Lovoa trichilioides Harms,0478,Peltogyne Vogel,0.539556774280806,0.2327105138088832,0.11335898594650924,0.30684626047192276
0331,Heritiera utilis (Sprague) Sprague,0461,Ochroma pyramidale (Cav. ex Lam.) Urb.,0.5769286289437769,0.2700129923785008,0.04404888631411533,0.30691563656527615
0366,Juglans regia L.,0367,Juglans nigra L.,0.33789720685009017,0.011555233791711243,0.030957996752025003,0.3069392100980652
0380,Libidibia paraguariensis (D.Parodi) G.P.Lewis,0625,Terminalia superba Engl.& Diels,0.7736580634423225,0.466381748885464,0.3215805164792984,0.30727631455685844
0009,Leptolobium Vogel,0678,Albizia ferruginea (Guill. & Perr.) Benth.,0.6453479286120892,0.1918203410273337,0.33801121938985357,0.30733670922223566
0158,"Chlorocardium rodiei (R.H.Schomb.) Rohwer, H.G.Richt. & van der Werff",0239,Dipteryx odorata (Aubl.) Forsyth f.,0.6037314795884545,0.08176555061613976,0.29620412323508927,0.30752735635336526
0096,Brosimum guianense (Aubl.) Huber ex Ducke,0430,Milicia excelsa (Welw.) C.C. Berg,0.800711815765591,0.4923459427522542,0.2809459055523187,0.30836587301333684
0066,Aucoumea klaineana Pierre,0425,Mezilaurus ita-uba (Meisn.) Taub. ex Mez,0.52614293993895,0.21760219624631696,0.12157433758219263,0.30854074369263307
0009,Leptolobium Vogel,0480,Peltogyne mexicana Martínez,0.5004063490408036,0.1918203410273337,0.1247695132163256,0.3085860080134699
0041,Aniba rosodora Ducke,0096,Brosimum guianense (Aubl.) Huber ex Ducke,0.8009910669543864,0.03206859773287161,0.4923459427522542,0.3086451242021322
0258,Entandrophragma cylindricum (Sprague) Sprague,0678,Albizia ferruginea (Guill. & Perr.) Benth.,0.647074950796629,0.1920147510454096,0.33801121938985357,0.30906373140677545
0009,Leptolobium Vogel,0371,Khaya grandifoliola C.DC.,0.5010753550121476,0.1918203410273337,0.13346149799545334,0.3092550139848139
0426,Microberlinia brazzavillensis A. Chev.,0613,Tabebuia rosea (Bert.) DC.,0.61695572275675,0.24891986447473777,0.30741652748711856,0.3095391952696315
0207,Dalbergia nigra (Vell.) Allemão ex Benth.,0426,Microberlinia brazzavillensis A. Chev.,0.6287491516208603,0.31919241888109307,0.24891986447473777,0.30955673273976725
0072,Baillonella toxisperma Pierre,0366,Juglans regia L.,0.687200564707944,0.377642267969207,0.011555233791711243,0.30955829673873697
0431,Millettia laurentii De Wild.,0530,Pterocarpus soyauxii Taub.,0.46035952016408793,0.15046909860762905,0.14757486665108444,0.30989042155645885
0070,Bagassa guianensis Aubl.,0294,Fraxinus excelsior L.,0.6620092528019726,0.35189488550655634,0.057931930658733005,0.3101143672954163
0115,Carapa guianensis Aubl.,0478,Peltogyne Vogel,0.7883771106101773,0.47781439040167756,0.11335898594650924,0.3105627202084998
0093,Brachystegia laurentii (De Wild.) Louis ex J.Léonard,0270,Erythrophleum suaveolens (Guill. & Perr.) Brenan,0.6810398717472876,0.285314769922707,0.37032055479729653,0.3107193169499911
0009,Leptolobium Vogel,0092,Brachystegia cynometroides Harms,0.5033191279879761,0.1918203410273337,0.1445998181282847,0.31149878696064237
0003,Acacia mangium Willd.,0034,Anacardium L.,0.5700151548769485,0.24987335040256672,0.25845756017377447,0.31155759470317407
0092,Brachystegia cynometroides Harms,0375,Koompassia malaccensis Maing.,0.45624297205605324,0.1445998181282847,0.08877285430095372,0.31164315392776853
0073,Balfourodendron riedelianum (Engl.) Engl.,0371,Khaya grandifoliola C.DC.,0.5890188377696541,0.27718842224753326,0.13346149799545334,0.3118304155221209
0092,Brachystegia cynometroides Harms,0214,Daniellia thurifera Benn.,0.7553918909341437,0.1445998181282847,0.44353669806721796,0.31185519286692576
0259,Entandrophragma utile (Dawe & Sprague) Sprague,0371,Khaya grandifoliola C.DC.,0.6234290600011249,0.31117134377790345,0.13346149799545334,0.3122577162232214
0157,Ceriops tagal (Perr.) C.B. Robinson,0541,Pterygota macrocarpa K. Schum.,0.6857251879348819,0.3733888439031872,0.045009082662750124,0.3123363440316947
0045,Anopyxis klaineana (Pierre) Engl.,0606,Swietenia humilis Zucc.,0.6789982524035044,0.3666389738639127,0.2157970800606374,0.3123592785395917
0147,Ceiba pentandra (L.) Gaertn.,0181,Cotylelobium Pierre,0.40318799630346086,0.09053989442752747,0.02876268832314597,0.3126481018759334
0331,Heritiera utilis (Sprague) Sprague,0678,Albizia ferruginea (Guill. & Perr.) Benth.,0.6507461312670714,0.2700129923785008,0.33801121938985357,0.3127349118772178
0070,Bagassa guianensis Aubl.,0207,Dalbergia nigra (Vell.) Allemão ex Benth.,0.6647562574751487,0.35189488550655634,0.31919241888109307,0.3128613719685923
0073,Balfourodendron riedelianum (Engl.) Engl.,0313,Grevillea robusta A.Cunn. ex R.Br.,0.5902402209870408,0.27718842224753326,0.12015375617853329,0.3130517987395075
0033,Anacardium excelsum (Bertero & Balb. ex Kunth) Skeels,0080,Betula papyrifera Marshall,0.47445285707150886,0.1612983471755794,0.15225687626821854,0.31315450989592947
0353,Intsia Thouars,0375,Koompassia malaccensis Maing.,0.6782913946698306,0.36502681521580665,0.08877285430095372,0.3132645794540239
0256,Entandrophragma angolense (Welw.) Panshin,0678,Albizia ferruginea (Guill. & Perr.) Benth.,0.6662415575807962,0.35292642353479126,0.33801121938985357,0.3133151340460049
0071,Baikiaea plurijuga Harms,0625,Terminalia superba Engl.& Diels,0.9759184244959294,0.6624630676293845,0.3215805164792984,0.3134553568665449
0258,Entandrophragma cylindricum (Sprague) Sprague,0399,Lovoa trichilioides Harms,0.5464624059384198,0.1920147510454096,0.2327105138088832,0.3137518921295366
0353,Intsia Thouars,0608,Swietenia mahagoni (L.) Jacq.,0.6788880342298803,0.36502681521580665,0.156298942858346,0.31386121901407366
0530,Pterocarpus soyauxii Taub.,0541,Pterygota macrocarpa K. Schum.,0.4614792470306747,0.14757486665108444,0.045009082662750124,0.3139043803795903
0396,Lophira alata Banks ex C.F.Gaertn.,0530,Pterocarpus soyauxii Taub.,0.46219136035040237,0.08393196411047188,0.14757486665108444,0.31461649369931793
0091,Brachystegia Benth.,0115,Carapa guianensis Aubl.,0.7926497450808702,0.38877160503932806,0.47781439040167756,0.3148353546791926
0070,Bagassa guianensis Aubl.,0195,Ctenolophon parvifolius Oliv.,0.6668449715003721,0.35189488550655634,0.1445569890808498,0.3149500859938158
0430,Milicia excelsa (Welw.) C.C. Berg,0625,Terminalia superba Engl.& Diels,0.6366192454508545,0.2809459055523187,0.3215805164792984,0.31503872897155605
0003,Acacia mangium Willd.,0009,Leptolobium Vogel,0.5654185699221281,0.24987335040256672,0.1918203410273337,0.3155452195195614
0243,Dracontomelon dao (Blanco) Merr. & Rolfe,0366,Juglans regia L.,0.6982120291360222,0.38265490650255146,0.011555233791711243,0.31555712263347074
0080,Betula papyrifera Marshall,0367,Juglans nigra L.,0.46815652027847093,0.15225687626821854,0.030957996752025003,0.3158996440102524
0041,Aniba rosodora Ducke,0072,Baillonella toxisperma Pierre,0.693660008278539,0.03206859773287161,0.377642267969207,0.316017740309332
0092,Brachystegia cynometroides Harms,0480,Peltogyne mexicana Martínez,0.46135646092306687,0.1445998181282847,0.1247695132163256,0.31675664279478216
0071,Baikiaea plurijuga Harms,0323,Guibourtia demeusei (Harms) J.Léonard,0.9793680625491302,0.6624630676293845,0.2237088813376544,0.3169049949197458
0034,Anacardium L.,0301,Gilbertiodendron dewevrei (De Wild.) J.Léonard,0.5754552476423802,0.25845756017377447,0.17033855113561178,0.31699768746860574
0034,Anacardium L.,0380,Libidibia paraguariensis (D.Parodi) G.P.Lewis,0.7840331165472233,0.25845756017377447,0.466381748885464,0.3176513676617593
0095,Brosimum alicastrum Swartz,0115,Carapa guianensis Aubl.,0.7955200443451631,0.373588888328799,0.47781439040167756,0.31770565394348554
0034,Anacardium L.,0214,Daniellia thurifera Benn.,0.7613622779289071,0.25845756017377447,0.44353669806721796,0.31782557986168913
0045,Anopyxis klaineana (Pierre) Engl.,0399,Lovoa trichilioides Harms,0.6848328880907888,0.3666389738639127,0.2327105138088832,0.3181939142268761
0606,Swietenia humilis Zucc.,0608,Swietenia mahagoni (L.) Jacq.,0.5341619501856013,0.2157970800606374,0.156298942858346,0.31836487012496395
0115,Carapa guianensis Aubl.,0621,Tectona grandis L.,0.7962362927060914,0.47781439040167756,0.3340452621707477,0.31842190230441386
0313,Grevillea robusta A.Cunn. ex R.Br.,0648,Triplochiton scleroxylon K. Schum.,0.43905068331761876,0.12015375617853329,0.03451537060084674,0.31889692713908546
0157,Ceriops tagal (Perr.) C.B. Robinson,0294,Fraxinus excelsior L.,0.6923298564296559,0.3733888439031872,0.057931930658733005,0.3189410125264687
0256,Entandrophragma angolense (Welw.) Panshin,0461,Ochroma pyramidale (Cav. ex Lam.) Urb.,0.6719939397127583,0.35292642353479126,0.04404888631411533,0.3190675161779671
0236,Dipterocarpus C.F.Gaertn.,0621,Tectona grandis L.,0.6535046166503258,0.06735710381385199,0.3340452621707477,0.3194593544795781
0073,Balfourodendron riedelianum (Engl.) Engl.,0418,Mansonia altissima (A. Chev.) A. Chev.,0.5968553767009648,0.27718842224753326,0.10609990889998436,0.3196669544534315
0114,Cantleya corniculata (Becc.) R.A.Howard,0324,Guibourtia pellegriniana J.Léonard,0.5699109261700123,0.24998781279531032,0.19715961314014666,0.3199231133747019
0045,Anopyxis klaineana (Pierre) Engl.,0244,Dryobalanops C.F.Gaertn.,0.6867055760134746,0.3666389738639127,0.07236117632383164,0.3200666021495619
0034,Anacardium L.,0353,Intsia Thouars,0.6855378248596649,0.25845756017377447,0.36502681521580665,0.3205110096438582
0096,Brosimum guianense (Aubl.) Huber ex Ducke,0372,Khaya ivorensis A.Chev.,0.8131057331905158,0.4923459427522542,0.1284079480176259,0.32075979043826164
0270,Erythrophleum suaveolens (Guill. & Perr.) Brenan,0324,Guibourtia pellegriniana J.Léonard,0.691085990000688,0.37032055479729653,0.19715961314014666,0.3207654352033915
0354,Intsia bijuga (Colebr.) Kuntze,0430,Milicia excelsa (Welw.) C.C. Berg,0.6487607407796776,0.3278225854948488,0.2809459055523187,0.32093815528482883
0041,Aniba rosodora Ducke,0239,Dipteryx odorata (Aubl.) Forsyth f.,0.6173288339256326,0.03206859773287161,0.29620412323508927,0.3211247106905434
0071,Baikiaea plurijuga Harms,0430,Milicia excelsa (Welw.) C.C. Berg,0.9836937067792693,0.6624630676293845,0.2809459055523187,0.3212306391498848
0072,Baillonella toxisperma Pierre,0425,Mezilaurus ita-uba (Meisn.) Taub. ex Mez,0.6994437424316415,0.377642267969207,0.12157433758219263,0.3218014744624345
0072,Baillonella toxisperma Pierre,0297,Fraxinus mandshurica Rupr.,0.6998871915623857,0.377642267969207,0.18720922831157757,0.32224492359317863
0195,Ctenolophon parvifolius Oliv.,0380,Libidibia paraguariensis (D.Parodi) G.P.Lewis,0.7887472610317123,0.1445569890808498,0.466381748885464,0.3223655121462483
0085,Bobgunnia fistuloides (Harms) J.H. Kirkbr. & Wiersema,0425,Mezilaurus ita-uba (Meisn.) Taub. ex Mez,0.7621517566649071,0.4396589361336944,0.12157433758219263,0.3224928205312127
0091,Brachystegia Benth.,0380,Libidibia paraguariensis (D.Parodi) G.P.Lewis,0.7889133190953321,0.38877160503932806,0.466381748885464,0.3225315702098681
0006,Acer platanoides L.,0313,Grevillea robusta A.Cunn. ex R.Br.,0.4427238290472604,0.0033010130066980182,0.12015375617853329,0.3225700728687271
0239,Dipteryx odorata (Aubl.) Forsyth f.,0678,Albizia ferruginea (Guill. & Perr.) Benth.,0.6606504181036004,0.29620412323508927,0.33801121938985357,0.3226391987137468
0214,Daniellia thurifera Benn.,0399,Lovoa trichilioides Harms,0.7662498951413375,0.44353669806721796,0.2327105138088832,0.3227131970741195
0238,Dipterocarpus kerrii King,0621,Tectona grandis L.,0.6571933768973297,0.047350069644523325,0.3340452621707477,0.323148114726582
0003,Acacia mangium Willd.,0269,Erythrophleum ivorense A. Chev,0.5730507700754776,0.24987335040256672,0.18362962432208574,0.3231774196729108
0072,Baillonella toxisperma Pierre,0621,Tectona grandis L.,0.7013589768614484,0.377642267969207,0.3340452621707477,0.3237167088922414
0003,Acacia mangium Willd.,0157,Ceriops tagal (Perr.) C.B. Robinson,0.6973044711513976,0.24987335040256672,0.3733888439031872,0.3239156272482104
0354,Intsia bijuga (Colebr.) Kuntze,0479,Peltogyne catingae Ducke,0.6517891408196866,0.3278225854948488,0.034412686077142644,0.32396655532483787
0366,Juglans regia L.,0648,Triplochiton scleroxylon K. Schum.,0.3585111035671414,0.011555233791711243,0.03451537060084674,0.32399573296629464
0243,Dracontomelon dao (Blanco) Merr. & Rolfe,0606,Swietenia humilis Zucc.,0.706749237024457,0.38265490650255146,0.2157970800606374,0.32409433052190556
0115,Carapa guianensis Aubl.,0297,Fraxinus mandshurica Rupr.,0.8020015633059766,0.47781439040167756,0.18720922831157757,0.32418717290429905
0542,Pycnanthus angolensis (Welw.) Warb.,0648,Triplochiton scleroxylon K. Schum.,0.4184571497767249,0.09358528548867441,0.03451537060084674,0.3248718642880505
0426,Microberlinia brazzavillensis A. Chev.,0530,Pterocarpus soyauxii Taub.,0.5740195618884378,0.24891986447473777,0.14757486665108444,0.32509969741370004
0115,Carapa guianensis Aubl.,0238,Dipterocarpus kerrii King,0.8029418837292555,0.47781439040167756,0.047350069644523325,0.3251274933275779
0244,Dryobalanops C.F.Gaertn.,0256,Entandrophragma angolense (Welw.) Panshin,0.6781106580622451,0.07236117632383164,0.35292642353479126,0.3251842345274539
0095,Brosimum alicastrum Swartz,0214,Daniellia thurifera Benn.,0.7689859025563738,0.373588888328799,0.44353669806721796,0.3254492044891558
0115,Carapa guianensis Aubl.,0236,Dipterocarpus C.F.Gaertn.,0.8034035246767751,0.47781439040167756,0.06735710381385199,0.32558913427509756
0085,Bobgunnia fistuloides (Harms) J.H. Kirkbr. & Wiersema,0092,Brachystegia cynometroides Harms,0.7654827462495462,0.4396589361336944,0.1445998181282847,0.32582381011585176
0380,Libidibia paraguariensis (D.Parodi) G.P.Lewis,0530,Pterocarpus soyauxii Taub.,0.7923893144792116,0.466381748885464,0.14757486665108444,0.32600756559374755
0257,Entandrophragma candollei Harms,0541,Pterygota macrocarpa K. Schum.,0.424025762760675,0.09798805046374451,0.045009082662750124,0.32603771229693046
0066,Aucoumea klaineana Pierre,0085,Bobgunnia fistuloides (Harms) J.H. Kirkbr. & Wiersema,0.7657684765278385,0.21760219624631696,0.4396589361336944,0.32610954039414414
0244,Dryobalanops C.F.Gaertn.,0323,Guibourtia demeusei (Harms) J.Léonard,0.54982555157669,0.07236117632383164,0.2237088813376544,0.32611667023903557
0045,Anopyxis klaineana (Pierre) Engl.,0115,Carapa guianensis Aubl.,0.8039922639887631,0.3666389738639127,0.47781439040167756,0.32617787358708555
0080,Betula papyrifera Marshall,0096,Brosimum guianense (Aubl.) Huber ex Ducke,0.818575000404737,0.15225687626821854,0.4923459427522542,0.3262290576524828
0115,Carapa guianensis Aubl.,0195,Ctenolophon parvifolius Oliv.,0.8040494254563578,0.47781439040167756,0.1445569890808498,0.32623503505468027
0085,Bobgunnia fistuloides (Harms) J.H. Kirkbr. & Wiersema,0157,Ceriops tagal (Perr.) C.B. Robinson,0.766006060764848,0.4396589361336944,0.3733888439031872,0.3263471246311536
0092,Brachystegia cynometroides Harms,0426,Microberlinia brazzavillensis A. Chev.,0.5755452811758804,0.1445998181282847,0.24891986447473777,0.32662541670114265
0071,Baikiaea plurijuga Harms,0479,Peltogyne catingae Ducke,0.9893670195626711,0.6624630676293845,0.034412686077142644,0.3269039519332867
0323,Guibourtia demeusei (Harms) J.Léonard,0331,Heritiera utilis (Sprague) Sprague,0.59713172269554,0.2237088813376544,0.2700129923785008,0.32711873031703925
0353,Intsia Thouars,0607,Swietenia macrophylla King,0.6924586185484272,0.36502681521580665,0.07039605530704054,0.3274318033326205
0324,Guibourtia pellegriniana J.Léonard,0608,Swietenia mahagoni (L.) Jacq.,0.5245926543468629,0.19715961314014666,0.156298942858346,0.32743304120671624
0096,Brosimum guianense (Aubl.) Huber ex Ducke,0425,Mezilaurus ita-uba (Meisn.) Taub. ex Mez,0.819843580383712,0.4923459427522542,0.12157433758219263,0.3274976376314578
0071,Baikiaea plurijuga Harms,0258,Entandrophragma cylindricum (Sprague) Sprague,0.9903547287110919,0.6624630676293845,0.1920147510454096,0.3278916610817074
0006,Acer platanoides L.,0041,Aniba rosodora Ducke,0.3600798542797875,0.0033010130066980182,0.03206859773287161,0.3280112565469159
0293,Fraxinus americana L.,0613,Tabebuia rosea (Bert.) DC.,0.6355878016670198,0.06673216616943302,0.30741652748711856,0.3281712741799012
0072,Baillonella toxisperma Pierre,0130,Castanea sativa Mill.,0.7062722519608615,0.377642267969207,0.13730049844128367,0.3286299839916545
0035,Anacardium giganteum Hancock ex Engl.,0295,Fraxinus nigra Marshall,0.4283788594143837,0.09952635975102023,0.04872560265571527,0.3288524996633635
0147,Ceiba pentandra (L.) Gaertn.,0678,Albizia ferruginea (Guill. & Perr.) Benth.,0.6677658414220748,0.09053989442752747,0.33801121938985357,0.3297546220322213
0157,Ceriops tagal (Perr.) C.B. Robinson,0380,Libidibia paraguariensis (D.Parodi) G.P.Lewis,0.7962655491380914,0.3733888439031872,0.466381748885464,0.3298838002526274
0071,Baikiaea plurijuga Harms,0091,Brachystegia Benth.,0.9924005200572901,0.6624630676293845,0.38877160503932806,0.3299374524279056
0092,Brachystegia cynometroides Harms,0256,Entandrophragma angolense (Welw.) Panshin,0.6829795644321042,0.1445998181282847,0.35292642353479126,0.3300531408973129
0073,Balfourodendron riedelianum (Engl.) Engl.,0353,Intsia Thouars,0.6953582528752867,0.27718842224753326,0.36502681521580665,0.3303314376594801
0092,Brachystegia cynometroides Harms,0606,Swietenia humilis Zucc.,0.5468692731037847,0.1445998181282847,0.2157970800606374,0.3310721930431474
0066,Aucoumea klaineana Pierre,0371,Khaya grandifoliola C.DC.,0.5489409257504543,0.21760219624631696,0.13346149799545334,0.33133872950413734
0606,Swietenia humilis Zucc.,0607,Swietenia macrophylla King,0.547228400580217,0.2157970800606374,0.07039605530704054,0.3314313205195797
0115,Carapa guianensis Aubl.,0371,Khaya grandifoliola C.DC.,0.809297198741981,0.47781439040167756,0.13346149799545334,0.33148280834030347
0478,Peltogyne Vogel,0479,Peltogyne catingae Ducke,0.4448857380891853,0.11335898594650924,0.034412686077142644,0.3315267521426761
0092,Brachystegia cynometroides Harms,0324,Guibourtia pellegriniana J.Léonard,0.5293404882688134,0.1445998181282847,0.19715961314014666,0.3321808751286668
0009,Leptolobium Vogel,0326,Guibourtia ehie (A. Chev.) J. Léonard,0.599594114707791,0.1918203410273337,0.267153359759205,0.332440754948586
0096,Brosimum guianense (Aubl.) Huber ex Ducke,0195,Ctenolophon parvifolius Oliv.,0.8248406044832683,0.4923459427522542,0.1445569890808498,0.33249466173101416
0296,Fraxinus ornus L.,0613,Tabebuia rosea (Bert.) DC.,0.6401284548176884,0.15609996020530656,0.30741652748711856,0.33271192733056987
0006,Acer platanoides L.,0256,Entandrophragma angolense (Welw.) Panshin,0.6858096652932953,0.0033010130066980182,0.35292642353479126,0.3328832417585041
0072,Baillonella toxisperma Pierre,0243,Dracontomelon dao (Blanco) Merr. & Rolfe,0.7155463911745179,0.377642267969207,0.38265490650255146,0.33289148467196644
0375,Koompassia malaccensis Maing.,0478,Peltogyne Vogel,0.44625479384646294,0.08877285430095372,0.11335898594650924,0.3328958078999537
0243,Dracontomelon dao (Blanco) Merr. & Rolfe,0244,Dryobalanops C.F.Gaertn.,0.7156959510591308,0.38265490650255146,0.07236117632383164,0.3330410445565793
0478,Peltogyne Vogel,0606,Swietenia humilis Zucc.,0.5488585762774041,0.11335898594650924,0.2157970800606374,0.33306149621676673
0041,Aniba rosodora Ducke,0371,Khaya grandifoliola C.DC.,0.4666438353088197,0.03206859773287161,0.13346149799545334,0.33318233731336633
0085,Bobgunnia fistuloides (Harms) J.H. Kirkbr. & Wiersema,0091,Brachystegia Benth.,0.772955686506965,0.4396589361336944,0.38877160503932806,0.3332967503732706
0045,Anopyxis klaineana (Pierre) Engl.,0418,Mansonia altissima (A. Chev.) A. Chev.,0.7000025869749189,0.3666389738639127,0.10609990889998436,0.3333636131110062
0066,Aucoumea klaineana Pierre,0293,Fraxinus americana L.,0.5510220085281353,0.21760219624631696,0.06673216616943302,0.3334198122818184
0115,Carapa guianensis Aubl.,0269,Erythrophleum ivorense A. Chev,0.8112872619827065,0.47781439040167756,0.18362962432208574,0.33347287158102895
0066,Aucoumea klaineana Pierre,0181,Cotylelobium Pierre,0.5511615673688003,0.21760219624631696,0.02876268832314597,0.33355937112248335
0072,Baillonella toxisperma Pierre,0553,Quercus petraea (Matt.) Liebl.,0.7112538059132993,0.377642267969207,0.1175281560814896,0.3336115379440923
0323,Guibourtia demeusei (Harms) J.Léonard,0354,Intsia bijuga (Colebr.) Kuntze,0.6615022578503635,0.2237088813376544,0.3278225854948488,0.33367967235551477
0006,Acer platanoides L.,0073,Balfourodendron riedelianum (Engl.) Engl.,0.6108833010667596,0.0033010130066980182,0.27718842224753326,0.3336948788192263
0072,Baillonella toxisperma Pierre,0244,Dryobalanops C.F.Gaertn.,0.7113372784337859,0.377642267969207,0.07236117632383164,0.3336950104645789
0034,Anacardium L.,0302,Gilbertiodendron preussii (Harms) J.Léonard,0.5922341970741407,0.25845756017377447,0.21477324086718907,0.33377663690036624
0034,Anacardium L.,0239,Dipteryx odorata (Aubl.) Forsyth f.,0.6301008630345275,0.25845756017377447,0.29620412323508927,0.33389673979943824
0207,Dalbergia nigra (Vell.) Allemão ex Benth.,0478,Peltogyne Vogel,0.6531967801377778,0.31919241888109307,0.11335898594650924,0.33400436125668476
0071,Baikiaea plurijuga Harms,0608,Swietenia mahagoni (L.) Jacq.,0.9964742636559308,0.6624630676293845,0.156298942858346,0.3340111960265464
0095,Brosimum alicastrum Swartz,0621,Tectona grandis L.,0.7077469445031879,0.373588888328799,0.3340452621707477,0.3341580561743889
0072,Baillonella toxisperma Pierre,0115,Carapa guianensis Aubl.,0.8120913463933006,0.377642267969207,0.47781439040167756,0.33427695599162305
0030,Amburana cearensis (Allemão) A.C.Sm.,0071,Baikiaea plurijuga Harms,0.9970760959370543,0.20353506212870529,0.6624630676293845,0.3346130283076698
0096,Brosimum guianense (Aubl.) Huber ex Ducke,0245,Dryobalanops aromatica C.F.Gaertn.,0.8272020589585902,0.4923459427522542,0.1574311550408419,0.33485611620633604
0071,Baikiaea plurijuga Harms,0093,Brachystegia laurentii (De Wild.) Louis ex J.Léonard,0.997407671110537,0.6624630676293845,0.285314769922707,0.3349446034811525
0009,Leptolobium Vogel,0270,Erythrophleum suaveolens (Guill. & Perr.) Brenan,0.7054302411514914,0.1918203410273337,0.37032055479729653,0.3351096863541949
0030,Amburana cearensis (Allemão) A.C.Sm.,0045,Anopyxis klaineana (Pierre) Engl.,0.7019885982144791,0.20353506212870529,0.3666389738639127,0.3353496243505664
0095,Brosimum alicastrum Swartz,0613,Tabebuia rosea (Bert.) DC.,0.7089508555183062,0.373588888328799,0.30741652748711856,0.33536196718950717
0318,Leplaea cedrata (A.Chev.) E.J.M.Koenen & J.J.de Wilde,0530,Pterocarpus soyauxii Taub.,0.48313068766716644,0.03917415789724382,0.14757486665108444,0.335555821016082
0071,Baikiaea plurijuga Harms,0325,Guibourtia tessmannii (Harms) J.Léonard,0.9980209443552313,0.6624630676293845,0.20053590665995039,0.3355578767258468
0313,Grevillea robusta A.Cunn. ex R.Br.,0679,Aningeria Aubrév. & Pellegr.,0.6284263635831476,0.12015375617853329,0.29282501993701454,0.3356013436461331
0045,Anopyxis klaineana (Pierre) Engl.,0294,Fraxinus excelsior L.,0.7031408127706089,0.3666389738639127,0.057931930658733005,0.3365018389066962
0295,Fraxinus nigra Marshall,0380,Libidibia paraguariensis (D.Parodi) G.P.Lewis,0.8031847722134403,0.04872560265571527,0.466381748885464,0.3368030233279763
0096,Brosimum guianense (Aubl.) Huber ex Ducke,0256,Entandrophragma angolense (Welw.) Panshin,0.8292849474613301,0.4923459427522542,0.35292642353479126,0.3369390047090759
0093,Brachystegia laurentii (De Wild.) Louis ex J.Léonard,0479,Peltogyne catingae Ducke,0.6223070911674335,0.285314769922707,0.034412686077142644,0.33699232124472656
0003,Acacia mangium Willd.,0095,Brosimum alicastrum Swartz,0.7107149816884166,0.24987335040256672,0.373588888328799,0.33712609335961763
0115,Carapa guianensis Aubl.,0323,Guibourtia demeusei (Harms) J.Léonard,0.8151212031658784,0.47781439040167756,0.2237088813376544,0.3373068127642009
0080,Betula papyrifera Marshall,0648,Triplochiton scleroxylon K. Schum.,0.4900353459210439,0.15225687626821854,0.03451537060084674,0.3377784696528254
0270,Erythrophleum suaveolens (Guill. & Perr.) Brenan,0325,Guibourtia tessmannii (Harms) J.Léonard,0.7081354153438401,0.37032055479729653,0.20053590665995039,0.3378148605465435
0294,Fraxinus excelsior L.,0380,Libidibia paraguariensis (D.Parodi) G.P.Lewis,0.8042834384531345,0.057931930658733005,0.466381748885464,0.3379016895676705
0006,Acer platanoides L.,0095,Brosimum alicastrum Swartz,0.711571078760892,0.0033010130066980182,0.373588888328799,0.337982190432093
0081,Betula pendula Roth,0085,Bobgunnia fistuloides (Harms) J.H. Kirkbr. & Wiersema,0.7779469471929111,0.0030165117830820874,0.4396589361336944,0.33828801105921674
0009,Leptolobium Vogel,0115,Carapa guianensis Aubl.,0.8161274040257263,0.1918203410273337,0.47781439040167756,0.3383130136240487
0071,Baikiaea plurijuga Harms,0613,Tabebuia rosea (Bert.) DC.,1.0010164752167274,0.6624630676293845,0.30741652748711856,0.338553407587343
0085,Bobgunnia fistuloides (Harms) J.H. Kirkbr. & Wiersema,0195,Ctenolophon parvifolius Oliv.,0.7783600709599575,0.4396589361336944,0.1445569890808498,0.33870113482626313
0070,Bagassa guianensis Aubl.,0096,Brosimum guianense (Aubl.) Huber ex Ducke,0.8312201307333924,0.35189488550655634,0.4923459427522542,0.3388741879811382
0114,Cantleya corniculata (Becc.) R.A.Howard,0607,Swietenia macrophylla King,0.5889707789631984,0.24998781279531032,0.07039605530704054,0.33898296616788803
0181,Cotylelobium Pierre,0418,Mansonia altissima (A. Chev.) A. Chev.,0.4455236819302844,0.02876268832314597,0.10609990889998436,0.3394237730303
0115,Carapa guianensis Aubl.,0431,Millettia laurentii De Wild.,0.8177416856463711,0.47781439040167756,0.15046909860762905,0.3399272952446935
0147,Ceiba pentandra (L.) Gaertn.,0367,Juglans nigra L.,0.43102334214950316,0.09053989442752747,0.030957996752025003,0.3404834477219757
0071,Baikiaea plurijuga Harms,0478,Peltogyne Vogel,1.0030873646172056,0.6624630676293845,0.11335898594650924,0.34062429698782115
0324,Guibourtia pellegriniana J.Léonard,0478,Peltogyne Vogel,0.5379837876165905,0.19715961314014666,0.11335898594650924,0.34082417447644386
0007,Acer pseudoplatanus L.,0080,Betula papyrifera Marshall,0.4932559050077466,0.01598614417773803,0.15225687626821854,0.34099902873952803
0326,Guibourtia ehie (A. Chev.) J. Léonard,0608,Swietenia mahagoni (L.) Jacq.,0.60840298074506,0.267153359759205,0.156298942858346,0.34124962098585504
0003,Acacia mangium Willd.,0297,Fraxinus mandshurica Rupr.,0.5912042714159104,0.24987335040256672,0.18720922831157757,0.3413309210133436
0418,Mansonia altissima (A. Chev.) A. Chev.,0679,Aningeria Aubrév. & Pellegr.,0.6342626304438101,0.10609990889998436,0.29282501993701454,0.3414376105067956
0326,Guibourtia ehie (A. Chev.) J. Léonard,0480,Peltogyne mexicana Martínez,0.6087800425459757,0.267153359759205,0.1247695132163256,0.3416266827867707
0243,Dracontomelon dao (Blanco) Merr. & Rolfe,0625,Terminalia superba Engl.& Diels,0.7244384998283292,0.38265490650255146,0.3215805164792984,0.34178359332577773
0071,Baikiaea plurijuga Harms,0354,Intsia bijuga (Colebr.) Kuntze,1.0043834017776352,0.6624630676293845,0.3278225854948488,0.34192033414825074
0081,Betula pendula Roth,0380,Libidibia paraguariensis (D.Parodi) G.P.Lewis,0.8084043375411183,0.0030165117830820874,0.466381748885464,0.34202258865565427
0066,Aucoumea klaineana Pierre,0296,Fraxinus ornus L.,0.5596604161308267,0.21760219624631696,0.15609996020530656,0.3420582198845098
0071,Baikiaea plurijuga Harms,0607,Swietenia macrophylla King,1.0047614838087888,0.6624630676293845,0.07039605530704054,0.3422984161794044
0003,Acacia mangium Willd.,0302,Gilbertiodendron preussii (Harms) J.Léonard,0.5921730687412543,0.24987335040256672,0.21477324086718907,0.34229971833868755
0115,Carapa guianensis Aubl.,0354,Intsia bijuga (Colebr.) Kuntze,0.820187511146179,0.47781439040167756,0.3278225854948488,0.3423731207445015
0085,Bobgunnia fistuloides (Harms) J.H. Kirkbr. & Wiersema,0479,Peltogyne catingae Ducke,0.7820491749060359,0.4396589361336944,0.034412686077142644,0.3423902387723415
0115,Carapa guianensis Aubl.,0326,Guibourtia ehie (A. Chev.) J. Léonard,0.8202710360938911,0.47781439040167756,0.267153359759205,0.3424566456922135
0115,Carapa guianensis Aubl.,0324,Guibourtia pellegriniana J.Léonard,0.8208439211629293,0.47781439040167756,0.19715961314014666,0.3430295307612517
0091,Brachystegia Benth.,0256,Entandrophragma angolense (Welw.) Panshin,0.7319773656920756,0.38877160503932806,0.35292642353479126,0.34320576065274755
0259,Entandrophragma utile (Dawe & Sprague) Sprague,0372,Khaya ivorensis A.Chev.,0.6543948952745756,0.31117134377790345,0.1284079480176259,0.34322355149667216
0072,Baillonella toxisperma Pierre,0073,Balfourodendron riedelianum (Engl.) Engl.,0.7213534596821692,0.377642267969207,0.27718842224753326,0.3437111917129622
0070,Bagassa guianensis Aubl.,0331,Heritiera utilis (Sprague) Sprague,0.6956791630736157,0.35189488550655634,0.2700129923785008,0.3437842775670593
0006,Acer platanoides L.,0366,Juglans regia L.,0.3558992247357427,0.0033010130066980182,0.011555233791711243,0.34434399094403145
0323,Guibourtia demeusei (Harms) J.Léonard,0479,Peltogyne catingae Ducke,0.5682862120136926,0.2237088813376544,0.034412686077142644,0.34457733067603813
0072,Baillonella toxisperma Pierre,0313,Grevillea robusta A.Cunn. ex R.Br.,0.7223635941344787,0.377642267969207,0.12015375617853329,0.3447213261652717
0207,Dalbergia nigra (Vell.) Allemão ex Benth.,0256,Entandrophragma angolense (Welw.) Panshin,0.6977479546662477,0.31919241888109307,0.35292642353479126,0.34482153113145647
0009,Leptolobium Vogel,0418,Mansonia altissima (A. Chev.) A. Chev.,0.5370702409627682,0.1918203410273337,0.10609990889998436,0.34524989993543453
0034,Anacardium L.,0606,Swietenia humilis Zucc.,0.6038861025721248,0.25845756017377447,0.2157970800606374,0.34542854239835036
0324,Guibourtia pellegriniana J.Léonard,0375,Koompassia malaccensis Maing.,0.5428948343611879,0.19715961314014666,0.08877285430095372,0.3457352212210413
0181,Cotylelobium Pierre,0297,Fraxinus mandshurica Rupr.,0.5331116815786615,0.02876268832314597,0.18720922831157757,0.3459024532670839
0367,Juglans nigra L.,0418,Mansonia altissima (A. Chev.) A. Chev.,0.4521650059534316,0.030957996752025003,0.10609990889998436,0.34606509705344723
0071,Baikiaea plurijuga Harms,0158,"Chlorocardium rodiei (R.H.Schomb.) Rohwer, H.G.Richt. & van der Werff",1.0086871852437749,0.6624630676293845,0.08176555061613976,0.3462241176143904
0080,Betula papyrifera Marshall,0214,Daniellia thurifera Benn.,0.7898085692597662,0.15225687626821854,0.44353669806721796,0.3462718711925482
0214,Daniellia thurifera Benn.,0478,Peltogyne Vogel,0.7898245014717132,0.44353669806721796,0.11335898594650924,0.3462878034044953
0096,Brosimum guianense (Aubl.) Huber ex Ducke,0530,Pterocarpus soyauxii Taub.,0.8392049189825137,0.4923459427522542,0.14757486665108444,0.3468589762302595
0296,Fraxinus ornus L.,0625,Terminalia superba Engl.& Diels,0.668495051385904,0.15609996020530656,0.3215805164792984,0.3469145349066056
0375,Koompassia malaccensis Maing.,0480,Peltogyne mexicana Martínez,0.47207206324884937,0.08877285430095372,0.1247695132163256,0.34730255003252375
0114,Cantleya corniculata (Becc.) R.A.Howard,0380,Libidibia paraguariensis (D.Parodi) G.P.Lewis,0.8139334143786718,0.24998781279531032,0.466381748885464,0.3475516654932078
0073,Balfourodendron riedelianum (Engl.) Engl.,0157,Ceriops tagal (Perr.) C.B. Robinson,0.7211966017559255,0.27718842224753326,0.3733888439031872,0.34780775785273826
0297,Fraxinus mandshurica Rupr.,0367,Juglans nigra L.,0.5350437977944309,0.18720922831157757,0.030957996752025003,0.3478345694828533
0157,Ceriops tagal (Perr.) C.B. Robinson,0621,Tectona grandis L.,0.7212946055702967,0.3733888439031872,0.3340452621707477,0.34790576166710946
0081,Betula pendula Roth,0095,Brosimum alicastrum Swartz,0.7216154467668154,0.0030165117830820874,0.373588888328799,0.34802655843801644
0115,Carapa guianensis Aubl.,0679,Aningeria Aubrév. & Pellegr.,0.8258688187782406,0.47781439040167756,0.29282501993701454,0.34805442837656303
0256,Entandrophragma angolense (Welw.) Panshin,0301,Gilbertiodendron dewevrei (De Wild.) J.Léonard,0.7013825266553441,0.35292642353479126,0.17033855113561178,0.3484561031205528
0045,Anopyxis klaineana (Pierre) Engl.,0214,Daniellia thurifera Benn.,0.7922018218925161,0.3666389738639127,0.44353669806721796,0.34866512382529813
0114,Cantleya corniculata (Becc.) R.A.Howard,0425,Mezilaurus ita-uba (Meisn.) Taub. ex Mez,0.5988792924604515,0.24998781279531032,0.12157433758219263,0.3488914796651411
0297,Fraxinus mandshurica Rupr.,0625,Terminalia superba Engl.& Diels,0.670829707391687,0.18720922831157757,0.3215805164792984,0.3492491909123886
0354,Intsia bijuga (Colebr.) Kuntze,0678,Albizia ferruginea (Guill. & Perr.) Benth.,0.6872789251947923,0.3278225854948488,0.33801121938985357,0.3492677058049387
0301,Gilbertiodendron dewevrei (De Wild.) J.Léonard,0479,Peltogyne catingae Ducke,0.5198288477341266,0.17033855113561178,0.034412686077142644,0.3494902965985148
0214,Daniellia thurifera Benn.,0297,Fraxinus mandshurica Rupr.,0.793747002889526,0.44353669806721796,0.18720922831157757,0.3502103048223081
0009,Leptolobium Vogel,0157,Ceriops tagal (Perr.) C.B. Robinson,0.7238206491783554,0.1918203410273337,0.3733888439031872,0.3504318052751682
0030,Amburana cearensis (Allemão) A.C.Sm.,0301,Gilbertiodendron dewevrei (De Wild.) J.Léonard,0.5541142998600835,0.20353506212870529,0.17033855113561178,0.3505792377313782
0085,Bobgunnia fistuloides (Harms) J.H. Kirkbr. & Wiersema,0478,Peltogyne Vogel,0.7907002257732996,0.4396589361336944,0.11335898594650924,0.3510412896396052
0007,Acer pseudoplatanus L.,0114,Cantleya corniculata (Becc.) R.A.Howard,0.601323453282997,0.01598614417773803,0.24998781279531032,0.3513356404876866
0066,Aucoumea klaineana Pierre,0130,Castanea sativa Mill.,0.5690316956011242,0.21760219624631696,0.13730049844128367,0.3514294993548073
0096,Brosimum guianense (Aubl.) Huber ex Ducke,0331,Heritiera utilis (Sprague) Sprague,0.84399569537672,0.4923459427522542,0.2700129923785008,0.35164975262446585
0324,Guibourtia pellegriniana J.Léonard,0426,Microberlinia brazzavillensis A. Chev.,0.6011741802235855,0.19715961314014666,0.24891986447473777,0.3522543157488477
0085,Bobgunnia fistuloides (Harms) J.H. Kirkbr. & Wiersema,0396,Lophira alata Banks ex C.F.Gaertn.,0.792120424535806,0.4396589361336944,0.08393196411047188,0.3524614884021116
0259,Entandrophragma utile (Dawe & Sprague) Sprague,0270,Erythrophleum suaveolens (Guill. & Perr.) Brenan,0.7229872237711726,0.31117134377790345,0.37032055479729653,0.3526666689738761
0006,Acer platanoides L.,0418,Mansonia altissima (A. Chev.) A. Chev.,0.4587693190400378,0.0033010130066980182,0.10609990889998436,0.3526694101400535
0375,Koompassia malaccensis Maing.,0430,Milicia excelsa (Welw.) C.C. Berg,0.6339112436749732,0.08877285430095372,0.2809459055523187,0.3529653381226545
0081,Betula pendula Roth,0214,Daniellia thurifera Benn.,0.7970421481034136,0.0030165117830820874,0.44353669806721796,0.3535054500361956
0239,Dipteryx odorata (Aubl.) Forsyth f.,0313,Grevillea robusta A.Cunn. ex R.Br.,0.6498677741364765,0.29620412323508927,0.12015375617853329,0.3536636509013872
0072,Baillonella toxisperma Pierre,0293,Fraxinus americana L.,0.731520740302002,0.377642267969207,0.06673216616943302,0.35387847233279496
0129,Castanea crenata Siebold & Zucc.,0239,Dipteryx odorata (Aubl.) Forsyth f.,0.6501167233768435,0.034727594828010425,0.29620412323508927,0.3539126001417542
0129,Castanea crenata Siebold & Zucc.,0621,Tectona grandis L.,0.688368062136891,0.034727594828010425,0.3340452621707477,0.35432279996614324
0073,Balfourodendron riedelianum (Engl.) Engl.,0091,Brachystegia Benth.,0.7431955300115454,0.27718842224753326,0.38877160503932806,0.3544239249722173
0035,Anacardium giganteum Hancock ex Engl.,0072,Baillonella toxisperma Pierre,0.7323508607202345,0.09952635975102023,0.377642267969207,0.35470859275102745
0041,Aniba rosodora Ducke,0243,Dracontomelon dao (Blanco) Merr. & Rolfe,0.7375285815634626,0.03206859773287161,0.38265490650255146,0.3548736750609111
0080,Betula papyrifera Marshall,0371,Khaya grandifoliola C.DC.,0.5071938797516151,0.15225687626821854,0.13346149799545334,0.3549370034833966
0035,Anacardium giganteum Hancock ex Engl.,0297,Fraxinus mandshurica Rupr.,0.5422283362625824,0.09952635975102023,0.18720922831157757,0.3550191079510048
0071,Baikiaea plurijuga Harms,0092,Brachystegia cynometroides Harms,1.0176311411478776,0.6624630676293845,0.1445998181282847,0.3551680735184931
0007,Acer pseudoplatanus L.,0073,Balfourodendron riedelianum (Engl.) Engl.,0.6329727389203275,0.01598614417773803,0.27718842224753326,0.3557843166727942
0080,Betula papyrifera Marshall,0621,Tectona grandis L.,0.689974450969898,0.15225687626821854,0.3340452621707477,0.35592918879915025
0007,Acer pseudoplatanus L.,0679,Aningeria Aubrév. & Pellegr.,0.6488309027438655,0.01598614417773803,0.29282501993701454,0.3560058828068509
0070,Bagassa guianensis Aubl.,0157,Ceriops tagal (Perr.) C.B. Robinson,0.7294972624113713,0.35189488550655634,0.3733888439031872,0.35610841850818403
0302,Gilbertiodendron preussii (Harms) J.Léonard,0399,Lovoa trichilioides Harms,0.5888216320911028,0.21477324086718907,0.2327105138088832,0.35611111828221964
0030,Amburana cearensis (Allemão) A.C.Sm.,0256,Entandrophragma angolense (Welw.) Panshin,0.7094332649645516,0.20353506212870529,0.35292642353479126,0.35650684142976036
0318,Leplaea cedrata (A.Chev.) E.J.M.Koenen & J.J.de Wilde,0371,Khaya grandifoliola C.DC.,0.4901513731313726,0.03917415789724382,0.13346149799545334,0.3566898751359192
0071,Baikiaea plurijuga Harms,0375,Koompassia malaccensis Maing.,1.0196823260050711,0.6624630676293845,0.08877285430095372,0.3572192583756867
0091,Brachystegia Benth.,0214,Daniellia thurifera Benn.,0.8010019615120512,0.38877160503932806,0.44353669806721796,0.3574652634448332
0073,Balfourodendron riedelianum (Engl.) Engl.,0093,Brachystegia laurentii (De Wild.) Louis ex J.Léonard,0.6427892822419125,0.27718842224753326,0.285314769922707,0.35747451231920546
0085,Bobgunnia fistuloides (Harms) J.H. Kirkbr. & Wiersema,0257,Entandrophragma candollei Harms,0.7971442004819362,0.4396589361336944,0.09798805046374451,0.35748526434824185
0071,Baikiaea plurijuga Harms,0256,Entandrophragma angolense (Welw.) Panshin,1.0199969211132625,0.6624630676293845,0.35292642353479126,0.357533853483878
0096,Brosimum guianense (Aubl.) Huber ex Ducke,0396,Lophira alata Banks ex C.F.Gaertn.,0.8502231053161411,0.4923459427522542,0.08393196411047188,0.3578771625638869
0096,Brosimum guianense (Aubl.) Huber ex Ducke,0244,Dryobalanops C.F.Gaertn.,0.8502856832329789,0.4923459427522542,0.07236117632383164,0.35793974048072474
0006,Acer platanoides L.,0066,Aucoumea klaineana Pierre,0.5756064224069958,0.0033010130066980182,0.21760219624631696,0.35800422616067884
0085,Bobgunnia fistuloides (Harms) J.H. Kirkbr. & Wiersema,0648,Triplochiton scleroxylon K. Schum.,0.7977965439740718,0.4396589361336944,0.03451537060084674,0.35813760784037746
0157,Ceriops tagal (Perr.) C.B. Robinson,0613,Tabebuia rosea (Bert.) DC.,0.731570393593901,0.3733888439031872,0.30741652748711856,0.35818154969071375
0353,Intsia Thouars,0606,Swietenia humilis Zucc.,0.7236169429582826,0.36502681521580665,0.2157970800606374,0.35859012774247595
0158,"Chlorocardium rodiei (R.H.Schomb.) Rohwer, H.G.Richt. & van der Werff",0296,Fraxinus ornus L.,0.5150818261664931,0.08176555061613976,0.15609996020530656,0.35898186596118653
0096,Brosimum guianense (Aubl.) Huber ex Ducke,0318,Leplaea cedrata (A.Chev.) E.J.M.Koenen & J.J.de Wilde,0.8513461084198524,0.4923459427522542,0.03917415789724382,0.3590001656675982
0092,Brachystegia cynometroides Harms,0399,Lovoa trichilioides Harms,0.5917362761796816,0.1445998181282847,0.2327105138088832,0.3590257623707984
0269,Erythrophleum ivorense A. Chev,0678,Albizia ferruginea (Guill. & Perr.) Benth.,0.6974699400324755,0.18362962432208574,0.33801121938985357,0.35945872064262196
0093,Brachystegia laurentii (De Wild.) Louis ex J.Léonard,0678,Albizia ferruginea (Guill. & Perr.) Benth.,0.6974986708568931,0.285314769922707,0.33801121938985357,0.35948745146703953
0095,Brosimum alicastrum Swartz,0542,Pycnanthus angolensis (Welw.) Warb.,0.7331552007420237,0.373588888328799,0.09358528548867441,0.3595663124132247
0214,Daniellia thurifera Benn.,0418,Mansonia altissima (A. Chev.) A. Chev.,0.8032827720339815,0.44353669806721796,0.10609990889998436,0.3597460739667635
0072,Baillonella toxisperma Pierre,0418,Mansonia altissima (A. Chev.) A. Chev.,0.7374701768073925,0.377642267969207,0.10609990889998436,0.35982790883818544
0045,Anopyxis klaineana (Pierre) Engl.,0129,Castanea crenata Siebold & Zucc.,0.726986892585548,0.3666389738639127,0.034727594828010425,0.36034791872163535
0009,Leptolobium Vogel,0313,Grevillea robusta A.Cunn. ex R.Br.,0.5525824566321555,0.1918203410273337,0.12015375617853329,0.36076211560482185
0129,Castanea crenata Siebold & Zucc.,0380,Libidibia paraguariensis (D.Parodi) G.P.Lewis,0.8271582575601121,0.034727594828010425,0.466381748885464,0.36077650867464806
0371,Khaya grandifoliola C.DC.,0425,Mezilaurus ita-uba (Meisn.) Taub. ex Mez,0.4943190614449835,0.13346149799545334,0.12157433758219263,0.3608575634495301
0236,Dipterocarpus C.F.Gaertn.,0380,Libidibia paraguariensis (D.Parodi) G.P.Lewis,0.8272707232008167,0.06735710381385199,0.466381748885464,0.3608889743153527
0009,Leptolobium Vogel,0045,Anopyxis klaineana (Pierre) Engl.,0.7276531833029044,0.1918203410273337,0.3666389738639127,0.3610142094389917
0239,Dipteryx odorata (Aubl.) Forsyth f.,0621,Tectona grandis L.,0.6959700366184014,0.29620412323508927,0.3340452621707477,0.3619247744476537
0207,Dalbergia nigra (Vell.) Allemão ex Benth.,0259,Entandrophragma utile (Dawe & Sprague) Sprague,0.6811604207189337,0.31919241888109307,0.31117134377790345,0.3619680018378406
0238,Dipterocarpus kerrii King,0380,Libidibia paraguariensis (D.Parodi) G.P.Lewis,0.8291461326136407,0.047350069644523325,0.466381748885464,0.36276438372817665
0035,Anacardium giganteum Hancock ex Engl.,0380,Libidibia paraguariensis (D.Parodi) G.P.Lewis,0.8294365344764963,0.09952635975102023,0.466381748885464,0.3630547855910323
0007,Acer pseudoplatanus L.,0256,Entandrophragma angolense (Welw.) Panshin,0.7161713734236232,0.01598614417773803,0.35292642353479126,0.363244949888832
0353,Intsia Thouars,0613,Tabebuia rosea (Bert.) DC.,0.7285677021640888,0.36502681521580665,0.30741652748711856,0.3635408869482822
0353,Intsia Thouars,0426,Microberlinia brazzavillensis A. Chev.,0.7291037149688108,0.36502681521580665,0.24891986447473777,0.3640768997530041
0071,Baikiaea plurijuga Harms,0399,Lovoa trichilioides Harms,1.0267801942548946,0.6624630676293845,0.2327105138088832,0.3643171266255102
0157,Ceriops tagal (Perr.) C.B. Robinson,0425,Mezilaurus ita-uba (Meisn.) Taub. ex Mez,0.7380044714686778,0.3733888439031872,0.12157433758219263,0.36461562756549054
0085,Bobgunnia fistuloides (Harms) J.H. Kirkbr. & Wiersema,0679,Aningeria Aubrév. & Pellegr.,0.8044448070515978,0.4396589361336944,0.29282501993701454,0.36478587091790343
0207,Dalbergia nigra (Vell.) Allemão ex Benth.,0324,Guibourtia pellegriniana J.Léonard,0.6840805443385588,0.31919241888109307,0.19715961314014666,0.36488812545746574
0325,Guibourtia tessmannii (Harms) J.Léonard,0426,Microberlinia brazzavillensis A. Chev.,0.6143563523190221,0.20053590665995039,0.24891986447473777,0.3654364878442843
0071,Baikiaea plurijuga Harms,0270,Erythrophleum suaveolens (Guill. & Perr.) Brenan,1.027904684387618,0.6624630676293845,0.37032055479729653,0.3654416167582336
0301,Gilbertiodendron dewevrei (De Wild.) J.Léonard,0426,Microberlinia brazzavillensis A. Chev.,0.614373910351666,0.17033855113561178,0.24891986447473777,0.3654540458769282
0195,Ctenolophon parvifolius Oliv.,0313,Grevillea robusta A.Cunn. ex R.Br.,0.5103278389643372,0.1445569890808498,0.12015375617853329,0.3657708498834874
0259,Entandrophragma utile (Dawe & Sprague) Sprague,0324,Guibourtia pellegriniana J.Léonard,0.6772375504968323,0.31117134377790345,0.19715961314014666,0.36606620671892887
0096,Brosimum guianense (Aubl.) Huber ex Ducke,0115,Carapa guianensis Aubl.,0.858462544686607,0.4923459427522542,0.47781439040167756,0.3661166019343528
0297,Fraxinus mandshurica Rupr.,0613,Tabebuia rosea (Bert.) DC.,0.6735523415347351,0.18720922831157757,0.30741652748711856,0.3661358140476165
0243,Dracontomelon dao (Blanco) Merr. & Rolfe,0313,Grevillea robusta A.Cunn. ex R.Br.,0.7488632928463197,0.38265490650255146,0.12015375617853329,0.36620838634376823
0041,Aniba rosodora Ducke,0073,Balfourodendron riedelianum (Engl.) Engl.,0.6436306016915005,0.03206859773287161,0.27718842224753326,0.3664421794439673
0301,Gilbertiodendron dewevrei (De Wild.) J.Léonard,0375,Koompassia malaccensis Maing.,0.5370614597121295,0.17033855113561178,0.08877285430095372,0.3667229085765177
0093,Brachystegia laurentii (De Wild.) Louis ex J.Léonard,0399,Lovoa trichilioides Harms,0.6527349898895882,0.285314769922707,0.2327105138088832,0.36742021996688123
0003,Acacia mangium Willd.,0093,Brachystegia laurentii (De Wild.) Louis ex J.Léonard,0.6531046456157378,0.24987335040256672,0.285314769922707,0.3677898756930308
0070,Bagassa guianensis Aubl.,0081,Betula pendula Roth,0.7200484450724816,0.35189488550655634,0.0030165117830820874,0.3681535595659252
0095,Brosimum alicastrum Swartz,0606,Swietenia humilis Zucc.,0.7417636954249187,0.373588888328799,0.2157970800606374,0.3681748070961197
0007,Acer pseudoplatanus L.,0115,Carapa guianensis Aubl.,0.8460829436959808,0.01598614417773803,0.47781439040167756,0.36826855329430325
0007,Acer pseudoplatanus L.,0461,Ochroma pyramidale (Cav. ex Lam.) Urb.,0.41236373041255453,0.01598614417773803,0.04404888631411533,0.3683148440984392
0426,Microberlinia brazzavillensis A. Chev.,0478,Peltogyne Vogel,0.6177155448057157,0.24891986447473777,0.11335898594650924,0.36879568033097787
0129,Castanea crenata Siebold & Zucc.,0157,Ceriops tagal (Perr.) C.B. Robinson,0.7422866880307548,0.034727594828010425,0.3733888439031872,0.3688978441275676
0006,Acer platanoides L.,0007,Acer pseudoplatanus L.,0.38490866972002746,0.0033010130066980182,0.01598614417773803,0.36892252554228944
0245,Dryobalanops aromatica C.F.Gaertn.,0480,Peltogyne mexicana Martínez,0.5265753774195052,0.1574311550408419,0.1247695132163256,0.3691442223786633
0324,Guibourtia pellegriniana J.Léonard,0625,Terminalia superba Engl.& Diels,0.6907387241435264,0.19715961314014666,0.3215805164792984,0.369158207664228
0045,Anopyxis klaineana (Pierre) Engl.,0425,Mezilaurus ita-uba (Meisn.) Taub. ex Mez,0.7359270107352254,0.3666389738639127,0.12157433758219263,0.3692880368713127
0096,Brosimum guianense (Aubl.) Huber ex Ducke,0367,Juglans nigra L.,0.8619966544862963,0.4923459427522542,0.030957996752025003,0.36965071173404207
0070,Bagassa guianensis Aubl.,0613,Tabebuia rosea (Bert.) DC.,0.7220528442884209,0.35189488550655634,0.30741652748711856,0.3701579587818645
0003,Acacia mangium Willd.,0181,Cotylelobium Pierre,0.6203191723628274,0.24987335040256672,0.02876268832314597,0.37044582196026066
0259,Entandrophragma utile (Dawe & Sprague) Sprague,0325,Guibourtia tessmannii (Harms) J.Léonard,0.681637871361945,0.31117134377790345,0.20053590665995039,0.3704665275840415
0302,Gilbertiodendron preussii (Harms) J.Léonard,0479,Peltogyne catingae Ducke,0.5853853910376057,0.21477324086718907,0.034412686077142644,0.3706121501704166
0115,Carapa guianensis Aubl.,0480,Peltogyne mexicana Martínez,0.8484453496822733,0.47781439040167756,0.1247695132163256,0.3706309592805957
0239,Dipteryx odorata (Aubl.) Forsyth f.,0425,Mezilaurus ita-uba (Meisn.) Taub. ex Mez,0.6668654826365965,0.29620412323508927,0.12157433758219263,0.37066135940150724
0259,Entandrophragma utile (Dawe & Sprague) Sprague,0399,Lovoa trichilioides Harms,0.6819976868065813,0.31117134377790345,0.2327105138088832,0.3708263430286779
0129,Castanea crenata Siebold & Zucc.,0243,Dracontomelon dao (Blanco) Merr. & Rolfe,0.753691404458299,0.034727594828010425,0.38265490650255146,0.3710364979557475
0256,Entandrophragma angolense (Welw.) Panshin,0259,Entandrophragma utile (Dawe & Sprague) Sprague,0.7241057489330758,0.35292642353479126,0.31117134377790345,0.3711793253982845
0256,Entandrophragma angolense (Welw.) Panshin,0479,Peltogyne catingae Ducke,0.724149923792315,0.35292642353479126,0.034412686077142644,0.37122350025752376
0092,Brachystegia cynometroides Harms,0259,Entandrophragma utile (Dawe & Sprague) Sprague,0.6824058678344206,0.1445998181282847,0.31117134377790345,0.37123452405651713
0080,Betula papyrifera Marshall,0239,Dipteryx odorata (Aubl.) Forsyth f.,0.6675086684841925,0.15225687626821854,0.29620412323508927,0.3713045452491033
0096,Brosimum guianense (Aubl.) Huber ex Ducke,0295,Fraxinus nigra Marshall,0.8641423615765453,0.4923459427522542,0.04872560265571527,0.37179641882429115
0085,Bobgunnia fistuloides (Harms) J.H. Kirkbr. & Wiersema,0293,Fraxinus americana L.,0.8114750782272577,0.4396589361336944,0.06673216616943302,0.37181614209356334
0035,Anacardium giganteum Hancock ex Engl.,0296,Fraxinus ornus L.,0.5282909203505812,0.09952635975102023,0.15609996020530656,0.37219096014527464
0072,Baillonella toxisperma Pierre,0157,Ceriops tagal (Perr.) C.B. Robinson,0.7502268162995356,0.377642267969207,0.3733888439031872,0.37258454833032856
0542,Pycnanthus angolensis (Welw.) Warb.,0553,Quercus petraea (Matt.) Liebl.,0.4904404792105638,0.09358528548867441,0.1175281560814896,0.3729123231290742
0157,Ceriops tagal (Perr.) C.B. Robinson,0318,Leplaea cedrata (A.Chev.) E.J.M.Koenen & J.J.de Wilde,0.7463043991931746,0.3733888439031872,0.03917415789724382,0.3729155552899874
0418,Mansonia altissima (A. Chev.) A. Chev.,0648,Triplochiton scleroxylon K. Schum.,0.47916658519422184,0.10609990889998436,0.03451537060084674,0.3730666762942375
0214,Daniellia thurifera Benn.,0326,Guibourtia ehie (A. Chev.) J. Léonard,0.8166971492945896,0.44353669806721796,0.267153359759205,0.3731604512273716
0195,Ctenolophon parvifolius Oliv.,0259,Entandrophragma utile (Dawe & Sprague) Sprague,0.684404138678405,0.1445569890808498,0.31117134377790345,0.37323279490050154
0080,Betula papyrifera Marshall,0243,Dracontomelon dao (Blanco) Merr. & Rolfe,0.756104832251248,0.15225687626821854,0.38265490650255146,0.37344992574869657
0302,Gilbertiodendron preussii (Harms) J.Léonard,0678,Albizia ferruginea (Guill. & Perr.) Benth.,0.7117711245619591,0.21477324086718907,0.33801121938985357,0.37375990517210556
0258,Entandrophragma cylindricum (Sprague) Sprague,0354,Intsia bijuga (Colebr.) Kuntze,0.7017859677685607,0.1920147510454096,0.3278225854948488,0.37396338227371195
0613,Tabebuia rosea (Bert.) DC.,0678,Albizia ferruginea (Guill. & Perr.) Benth.,0.7121469545547574,0.30741652748711856,0.33801121938985357,0.37413573516490384
0085,Bobgunnia fistuloides (Harms) J.H. Kirkbr. & Wiersema,0530,Pterocarpus soyauxii Taub.,0.8138447534770495,0.4396589361336944,0.14757486665108444,0.37418581734335515
0129,Castanea crenata Siebold & Zucc.,0554,Quercus robur L.,0.41471447764855907,0.034727594828010425,0.040088693572690404,0.37462578407586866
0243,Dracontomelon dao (Blanco) Merr. & Rolfe,0372,Khaya ivorensis A.Chev.,0.7573805007974583,0.38265490650255146,0.1284079480176259,0.37472559429490687
0007,Acer pseudoplatanus L.,0157,Ceriops tagal (Perr.) C.B. Robinson,0.7487786936758263,0.01598614417773803,0.3733888439031872,0.37538984977263906
0354,Intsia bijuga (Colebr.) Kuntze,0606,Swietenia humilis Zucc.,0.7033127206716041,0.3278225854948488,0.2157970800606374,0.37549013517675534
0030,Amburana cearensis (Allemão) A.C.Sm.,0353,Intsia Thouars,0.7407763934010715,0.20353506212870529,0.36502681521580665,0.37574957818526483
0066,Aucoumea klaineana Pierre,0245,Dryobalanops aromatica C.F.Gaertn.,0.5935766848102016,0.21760219624631696,0.1574311550408419,0.3759744885638847
0115,Carapa guianensis Aubl.,0353,Intsia Thouars,0.8540316383062374,0.47781439040167756,0.36502681521580665,0.37621724790455985
0214,Daniellia thurifera Benn.,0324,Guibourtia pellegriniana J.Léonard,0.8198405416208019,0.44353669806721796,0.19715961314014666,0.3763038435535839
0071,Baikiaea plurijuga Harms,0207,Dalbergia nigra (Vell.) Allemão ex Benth.,1.0390931989905783,0.6624630676293845,0.31919241888109307,0.37663013136119383
0070,Bagassa guianensis Aubl.,0625,Terminalia superba Engl.& Diels,0.728723591282467,0.35189488550655634,0.3215805164792984,0.37682870577591066
0550,Quercus mongolica Fisch. ex Ledeb.,0679,Aningeria Aubrév. & Pellegr.,0.66966519516556,0.0295908067557718,0.29282501993701454,0.37684017522854546
0325,Guibourtia tessmannii (Harms) J.Léonard,0354,Intsia bijuga (Colebr.) Kuntze,0.7046722262842009,0.20053590665995039,0.3278225854948488,0.3768496407893521
0245,Dryobalanops aromatica C.F.Gaertn.,0399,Lovoa trichilioides Harms,0.6097423376011186,0.1574311550408419,0.2327105138088832,0.37703182379223543
0115,Carapa guianensis Aubl.,0425,Mezilaurus ita-uba (Meisn.) Taub. ex Mez,0.8548665318527096,0.47781439040167756,0.12157433758219263,0.377052141451032
0257,Entandrophragma candollei Harms,0259,Entandrophragma utile (Dawe & Sprague) Sprague,0.6883481182493754,0.09798805046374451,0.31117134377790345,0.3771767744714719
0380,Libidibia paraguariensis (D.Parodi) G.P.Lewis,0679,Aningeria Aubrév. & Pellegr.,0.8435870869848351,0.466381748885464,0.29282501993701454,0.37720533809937107
0239,Dipteryx odorata (Aubl.) Forsyth f.,0542,Pycnanthus angolensis (Welw.) Warb.,0.6734350926274959,0.29620412323508927,0.09358528548867441,0.37723096939240663
0195,Ctenolophon parvifolius Oliv.,0425,Mezilaurus ita-uba (Meisn.) Taub. ex Mez,0.5220161060430057,0.1445569890808498,0.12157433758219263,0.37745911696215595
0006,Acer platanoides L.,0380,Libidibia paraguariensis (D.Parodi) G.P.Lewis,0.843972263869573,0.0033010130066980182,0.466381748885464,0.377590514984109
0006,Acer platanoides L.,0331,Heritiera utilis (Sprague) Sprague,0.6476116508644948,0.0033010130066980182,0.2700129923785008,0.377598658485994
0239,Dipteryx odorata (Aubl.) Forsyth f.,0294,Fraxinus excelsior L.,0.6738169134071564,0.29620412323508927,0.057931930658733005,0.37761279017206717
0072,Baillonella toxisperma Pierre,0550,Quercus mongolica Fisch. ex Ledeb.,0.7552861750353469,0.377642267969207,0.0295908067557718,0.3776439070661399
0070,Bagassa guianensis Aubl.,0380,Libidibia paraguariensis (D.Parodi) G.P.Lewis,0.8440441517685282,0.35189488550655634,0.466381748885464,0.3776624028830642
0033,Anacardium excelsum (Bertero & Balb. ex Kunth) Skeels,0679,Aningeria Aubrév. & Pellegr.,0.6706290322961674,0.1612983471755794,0.29282501993701454,0.3778040123591529
0092,Brachystegia cynometroides Harms,0625,Terminalia superba Engl.& Diels,0.6994680273523811,0.1445998181282847,0.3215805164792984,0.3778875108730827
0257,Entandrophragma candollei Harms,0530,Pterocarpus soyauxii Taub.,0.5254673133122449,0.09798805046374451,0.14757486665108444,0.3778924466611605
0009,Leptolobium Vogel,0158,"Chlorocardium rodiei (R.H.Schomb.) Rohwer, H.G.Richt. & van der Werff",0.5699668044553097,0.1918203410273337,0.08176555061613976,0.378146463427976
0542,Pycnanthus angolensis (Welw.) Warb.,0621,Tectona grandis L.,0.7122490445514136,0.09358528548867441,0.3340452621707477,0.3782037823806659
0085,Bobgunnia fistuloides (Harms) J.H. Kirkbr. & Wiersema,0115,Carapa guianensis Aubl.,0.8561003600199076,0.4396589361336944,0.47781439040167756,0.3782859696182301
0243,Dracontomelon dao (Blanco) Merr. & Rolfe,0430,Milicia excelsa (Welw.) C.C. Berg,0.7613337478046125,0.38265490650255146,0.2809459055523187,0.37867884130206103
0035,Anacardium giganteum Hancock ex Engl.,0195,Ctenolophon parvifolius Oliv.,0.5234008146583262,0.09952635975102023,0.1445569890808498,0.3788438255774764
0085,Bobgunnia fistuloides (Harms) J.H. Kirkbr. & Wiersema,0258,Entandrophragma cylindricum (Sprague) Sprague,0.8186244852576737,0.4396589361336944,0.1920147510454096,0.37896554912397934
0073,Balfourodendron riedelianum (Engl.) Engl.,0323,Guibourtia demeusei (Harms) J.Léonard,0.6563905032002002,0.27718842224753326,0.2237088813376544,0.37920208095266694
0214,Daniellia thurifera Benn.,0313,Grevillea robusta A.Cunn. ex R.Br.,0.8228547894437337,0.44353669806721796,0.12015375617853329,0.37931809137651573
0073,Balfourodendron riedelianum (Engl.) Engl.,0679,Aningeria Aubrév. & Pellegr.,0.6723837804582659,0.27718842224753326,0.29282501993701454,0.3795587605212513
0380,Libidibia paraguariensis (D.Parodi) G.P.Lewis,0678,Albizia ferruginea (Guill. & Perr.) Benth.,0.8460125251277213,0.466381748885464,0.33801121938985357,0.3796307762422573
0270,Erythrophleum suaveolens (Guill. & Perr.) Brenan,0353,Intsia Thouars,0.7503182390543959,0.37032055479729653,0.36502681521580665,0.37999768425709934
0093,Brachystegia laurentii (De Wild.) Louis ex J.Léonard,0426,Microberlinia brazzavillensis A. Chev.,0.665689123088082,0.285314769922707,0.24891986447473777,0.38037435316537505
0095,Brosimum alicastrum Swartz,0130,Castanea sativa Mill.,0.7540262564499898,0.373588888328799,0.13730049844128367,0.3804373681211908
0003,Acacia mangium Willd.,0091,Brachystegia Benth.,0.7697124546843266,0.24987335040256672,0.38877160503932806,0.3809408496449985
0399,Lovoa trichilioides Harms,0426,Microberlinia brazzavillensis A. Chev.,0.6299130070884749,0.2327105138088832,0.24891986447473777,0.38099314261373707
0372,Khaya ivorensis A.Chev.,0380,Libidibia paraguariensis (D.Parodi) G.P.Lewis,0.847498625668259,0.1284079480176259,0.466381748885464,0.38111687678279493
0070,Bagassa guianensis Aubl.,0080,Betula papyrifera Marshall,0.7334398424598474,0.35189488550655634,0.15225687626821854,0.38154495695329105
0318,Leplaea cedrata (A.Chev.) E.J.M.Koenen & J.J.de Wilde,0621,Tectona grandis L.,0.7156927085507696,0.03917415789724382,0.3340452621707477,0.3816474463800219
0003,Acacia mangium Willd.,0085,Bobgunnia fistuloides (Harms) J.H. Kirkbr. & Wiersema,0.8213520330940064,0.24987335040256672,0.4396589361336944,0.381693096960312
0115,Carapa guianensis Aubl.,0418,Mansonia altissima (A. Chev.) A. Chev.,0.8599040087778151,0.47781439040167756,0.10609990889998436,0.3820896183761376
0085,Bobgunnia fistuloides (Harms) J.H. Kirkbr. & Wiersema,0297,Fraxinus mandshurica Rupr.,0.8219143496653565,0.4396589361336944,0.18720922831157757,0.3822554135316621
0325,Guibourtia tessmannii (Harms) J.Léonard,0607,Swietenia macrophylla King,0.5832597742279111,0.20053590665995039,0.07039605530704054,0.38272386756796073
0147,Ceiba pentandra (L.) Gaertn.,0621,Tectona grandis L.,0.7169558125696613,0.09053989442752747,0.3340452621707477,0.38291055039891364
0158,"Chlorocardium rodiei (R.H.Schomb.) Rohwer, H.G.Richt. & van der Werff",0270,Erythrophleum suaveolens (Guill. & Perr.) Brenan,0.75334440221555,0.08176555061613976,0.37032055479729653,0.38302384741825346
0324,Guibourtia pellegriniana J.Léonard,0331,Heritiera utilis (Sprague) Sprague,0.653157939434641,0.19715961314014666,0.2700129923785008,0.38314494705614016
0207,Dalbergia nigra (Vell.) Allemão ex Benth.,0480,Peltogyne mexicana Martínez,0.7023840596207278,0.31919241888109307,0.1247695132163256,0.38319164073963474
0041,Aniba rosodora Ducke,0367,Juglans nigra L.,0.41592399869757246,0.03206859773287161,0.030957996752025003,0.38385540096470083
0371,Khaya grandifoliola C.DC.,0678,Albizia ferruginea (Guill. & Perr.) Benth.,0.722002475404394,0.13346149799545334,0.33801121938985357,0.3839912560145404
0003,Acacia mangium Willd.,0606,Swietenia humilis Zucc.,0.6339425860429108,0.24987335040256672,0.2157970800606374,0.384069235640344
0157,Ceriops tagal (Perr.) C.B. Robinson,0606,Swietenia humilis Zucc.,0.7577650479477673,0.3733888439031872,0.2157970800606374,0.3843762040445801
0045,Anopyxis klaineana (Pierre) Engl.,0081,Betula pendula Roth,0.7510175908783889,0.3666389738639127,0.0030165117830820874,0.38437861701447623
0072,Baillonella toxisperma Pierre,0296,Fraxinus ornus L.,0.7621772512699685,0.377642267969207,0.15609996020530656,0.38453498330076147
0006,Acer platanoides L.,0542,Pycnanthus angolensis (Welw.) Warb.,0.478262370877785,0.0033010130066980182,0.09358528548867441,0.3846770853891106
0030,Amburana cearensis (Allemão) A.C.Sm.,0293,Fraxinus americana L.,0.588534164960042,0.20353506212870529,0.06673216616943302,0.38499910283133665
0066,Aucoumea klaineana Pierre,0096,Brosimum guianense (Aubl.) Huber ex Ducke,0.8776683491570221,0.21760219624631696,0.4923459427522542,0.3853224064047679
0072,Baillonella toxisperma Pierre,0554,Quercus robur L.,0.7629859620445324,0.377642267969207,0.040088693572690404,0.38534369407532537
0243,Dracontomelon dao (Blanco) Merr. & Rolfe,0542,Pycnanthus angolensis (Welw.) Warb.,0.7684311350245986,0.38265490650255146,0.09358528548867441,0.3857762285220471
0157,Ceriops tagal (Perr.) C.B. Robinson,0258,Entandrophragma cylindricum (Sprague) Sprague,0.7595736779567308,0.3733888439031872,0.1920147510454096,0.3861848340535436
0367,Juglans nigra L.,0371,Khaya grandifoliola C.DC.,0.5196630303707042,0.030957996752025003,0.13346149799545334,0.3862015323752508
0478,Peltogyne Vogel,0621,Tectona grandis L.,0.7203944146271742,0.11335898594650924,0.3340452621707477,0.38634915245642654
0258,Entandrophragma cylindricum (Sprague) Sprague,0293,Fraxinus americana L.,0.5784991528588761,0.1920147510454096,0.06673216616943302,0.3864844018134665
0009,Leptolobium Vogel,0095,Brosimum alicastrum Swartz,0.7601290119012947,0.1918203410273337,0.373588888328799,0.3865401235724957
0326,Guibourtia ehie (A. Chev.) J. Léonard,0375,Koompassia malaccensis Maing.,0.6537699757734698,0.267153359759205,0.08877285430095372,0.38661661601426484
0207,Dalbergia nigra (Vell.) Allemão ex Benth.,0331,Heritiera utilis (Sprague) Sprague,0.705838377940621,0.31919241888109307,0.2700129923785008,0.3866459590595279
0085,Bobgunnia fistuloides (Harms) J.H. Kirkbr. & Wiersema,0295,Fraxinus nigra Marshall,0.826383824162242,0.4396589361336944,0.04872560265571527,0.3867248880285476
0093,Brachystegia laurentii (De Wild.) Louis ex J.Léonard,0608,Swietenia mahagoni (L.) Jacq.,0.6721769124110946,0.285314769922707,0.156298942858346,0.3868621424883876
0073,Balfourodendron riedelianum (Engl.) Engl.,0366,Juglans regia L.,0.6643440990360148,0.27718842224753326,0.011555233791711243,0.3871556767884815
0066,Aucoumea klaineana Pierre,0081,Betula pendula Roth,0.6053629896302881,0.21760219624631696,0.0030165117830820874,0.3877607933839712
0085,Bobgunnia fistuloides (Harms) J.H. Kirkbr. & Wiersema,0607,Swietenia macrophylla King,0.8276725856491206,0.4396589361336944,0.07039605530704054,0.3880136495154262
0007,Acer pseudoplatanus L.,0081,Betula pendula Roth,0.4046293642238234,0.01598614417773803,0.0030165117830820874,0.38864322004608537
0158,"Chlorocardium rodiei (R.H.Schomb.) Rohwer, H.G.Richt. & van der Werff",0256,Entandrophragma angolense (Welw.) Panshin,0.7415970177723743,0.08176555061613976,0.35292642353479126,0.38867059423758304
0115,Carapa guianensis Aubl.,0295,Fraxinus nigra Marshall,0.8666086983963908,0.47781439040167756,0.04872560265571527,0.3887943079947132
0323,Guibourtia demeusei (Harms) J.Léonard,0380,Libidibia paraguariensis (D.Parodi) G.P.Lewis,0.8553713056278519,0.2237088813376544,0.466381748885464,0.3889895567423879
0033,Anacardium excelsum (Bertero & Balb. ex Kunth) Skeels,0621,Tectona grandis L.,0.7231304915142398,0.1612983471755794,0.3340452621707477,0.3890852293434921
0009,Leptolobium Vogel,0034,Anacardium L.,0.6475912492152456,0.1918203410273337,0.25845756017377447,0.3891336890414711
0214,Daniellia thurifera Benn.,0301,Gilbertiodendron dewevrei (De Wild.) J.Léonard,0.8332934250120375,0.44353669806721796,0.17033855113561178,0.38975672694481955
0081,Betula pendula Roth,0313,Grevillea robusta A.Cunn. ex R.Br.,0.5099501026578244,0.0030165117830820874,0.12015375617853329,0.38979634647929107
0259,Entandrophragma utile (Dawe & Sprague) Sprague,0313,Grevillea robusta A.Cunn. ex R.Br.,0.7009808555021787,0.31117134377790345,0.12015375617853329,0.38980951172427525
0256,Entandrophragma angolense (Welw.) Panshin,0294,Fraxinus excelsior L.,0.7427744092136432,0.35292642353479126,0.057931930658733005,0.389847985678852
0093,Brachystegia laurentii (De Wild.) Louis ex J.Léonard,0325,Guibourtia tessmannii (Harms) J.Léonard,0.6753013367319645,0.285314769922707,0.20053590665995039,0.3899865668092575
0072,Baillonella toxisperma Pierre,0214,Daniellia thurifera Benn.,0.833557877987996,0.377642267969207,0.44353669806721796,0.390021179920778
0041,Aniba rosodora Ducke,0648,Triplochiton scleroxylon K. Schum.,0.4250471317728823,0.03206859773287161,0.03451537060084674,0.39053176117203553
0324,Guibourtia pellegriniana J.Léonard,0479,Peltogyne catingae Ducke,0.5878059282572452,0.19715961314014666,0.034412686077142644,0.3906463151170986
0072,Baillonella toxisperma Pierre,0085,Bobgunnia fistuloides (Harms) J.H. Kirkbr. & Wiersema,0.8309936445123111,0.377642267969207,0.4396589361336944,0.39133470837861667
0093,Brachystegia laurentii (De Wild.) Louis ex J.Léonard,0621,Tectona grandis L.,0.7254676189285205,0.285314769922707,0.3340452621707477,0.3914223567577728
0207,Dalbergia nigra (Vell.) Allemão ex Benth.,0607,Swietenia macrophylla King,0.710765178451124,0.31919241888109307,0.07039605530704054,0.3915727595700309
0129,Castanea crenata Siebold & Zucc.,0552,Quercus alba L.,0.4466829096629543,0.034727594828010425,0.054910389150189774,0.39177252051276457
0085,Bobgunnia fistuloides (Harms) J.H. Kirkbr. & Wiersema,0214,Daniellia thurifera Benn.,0.8355024350573717,0.4396589361336944,0.44353669806721796,0.3919657369901537
0115,Carapa guianensis Aubl.,0325,Guibourtia tessmannii (Harms) J.Léonard,0.8697915964542764,0.47781439040167756,0.20053590665995039,0.39197720605259884
0096,Brosimum guianense (Aubl.) Huber ex Ducke,0236,Dipterocarpus C.F.Gaertn.,0.8844993799798249,0.4923459427522542,0.06735710381385199,0.3921534372275707
0115,Carapa guianensis Aubl.,0613,Tabebuia rosea (Bert.) DC.,0.8701173382110252,0.47781439040167756,0.30741652748711856,0.39230294780934766
0214,Daniellia thurifera Benn.,0239,Dipteryx odorata (Aubl.) Forsyth f.,0.8358730804585415,0.44353669806721796,0.29620412323508927,0.3923363823913235
0096,Brosimum guianense (Aubl.) Huber ex Ducke,0214,Daniellia thurifera Benn.,0.8848243315337643,0.4923459427522542,0.44353669806721796,0.3924783887815101
0073,Balfourodendron riedelianum (Engl.) Engl.,0092,Brachystegia cynometroides Harms,0.6696679364805109,0.27718842224753326,0.1445998181282847,0.39247951423297767
0372,Khaya ivorensis A.Chev.,0399,Lovoa trichilioides Harms,0.6253077885792983,0.1284079480176259,0.2327105138088832,0.39259727477041506
0096,Brosimum guianense (Aubl.) Huber ex Ducke,0461,Ochroma pyramidale (Cav. ex Lam.) Urb.,0.8849656657121859,0.4923459427522542,0.04404888631411533,0.39261972295993175
0009,Leptolobium Vogel,0425,Mezilaurus ita-uba (Meisn.) Taub. ex Mez,0.5845333173633205,0.1918203410273337,0.12157433758219263,0.3927129763359868
0181,Cotylelobium Pierre,0625,Terminalia superba Engl.& Diels,0.7143144004339841,0.02876268832314597,0.3215805164792984,0.39273388395468567
0114,Cantleya corniculata (Becc.) R.A.Howard,0608,Swietenia mahagoni (L.) Jacq.,0.6429220130174471,0.24998781279531032,0.156298942858346,0.39293420022213676
0256,Entandrophragma angolense (Welw.) Panshin,0302,Gilbertiodendron preussii (Harms) J.Léonard,0.7458996130617676,0.35292642353479126,0.21477324086718907,0.3929731895269763
0269,Erythrophleum ivorense A. Chev,0479,Peltogyne catingae Ducke,0.5766642478134355,0.18362962432208574,0.034412686077142644,0.39303462349134977
0214,Daniellia thurifera Benn.,0679,Aningeria Aubrév. & Pellegr.,0.8367666431582357,0.44353669806721796,0.29282501993701454,0.3932299450910177
0070,Bagassa guianensis Aubl.,0258,Entandrophragma cylindricum (Sprague) Sprague,0.7452920330131416,0.35189488550655634,0.1920147510454096,0.3933971475065853
0181,Cotylelobium Pierre,0259,Entandrophragma utile (Dawe & Sprague) Sprague,0.7047172745118833,0.02876268832314597,0.31117134377790345,0.3935459307339798
0096,Brosimum guianense (Aubl.) Huber ex Ducke,0648,Triplochiton scleroxylon K. Schum.,0.8859456485952252,0.4923459427522542,0.03451537060084674,0.393599705842971
0425,Mezilaurus ita-uba (Meisn.) Taub. ex Mez,0648,Triplochiton scleroxylon K. Schum.,0.5153238195593716,0.12157433758219263,0.03451537060084674,0.39374948197717896
0030,Amburana cearensis (Allemão) A.C.Sm.,0478,Peltogyne Vogel,0.597456622960338,0.20353506212870529,0.11335898594650924,0.39392156083163266
0259,Entandrophragma utile (Dawe & Sprague) Sprague,0426,Microberlinia brazzavillensis A. Chev.,0.7053596074621699,0.31117134377790345,0.24891986447473777,0.3941882636842664
0085,Bobgunnia fistuloides (Harms) J.H. Kirkbr. & Wiersema,0325,Guibourtia tessmannii (Harms) J.Léonard,0.8341008447004395,0.4396589361336944,0.20053590665995039,0.39444190856674516
0085,Bobgunnia fistuloides (Harms) J.H. Kirkbr. & Wiersema,0431,Millettia laurentii De Wild.,0.8341688524106432,0.4396589361336944,0.15046909860762905,0.3945099162769488
0301,Gilbertiodendron dewevrei (De Wild.) J.Léonard,0324,Guibourtia pellegriniana J.Léonard,0.591702605289728,0.17033855113561178,0.19715961314014666,0.39454299214958133
0115,Carapa guianensis Aubl.,0270,Erythrophleum suaveolens (Guill. & Perr.) Brenan,0.8725098700385785,0.47781439040167756,0.37032055479729653,0.39469547963690094
0009,Leptolobium Vogel,0625,Terminalia superba Engl.& Diels,0.7163487725389659,0.1918203410273337,0.3215805164792984,0.3947682560596675
0270,Erythrophleum suaveolens (Guill. & Perr.) Brenan,0326,Guibourtia ehie (A. Chev.) J. Léonard,0.7651033206719149,0.37032055479729653,0.267153359759205,0.39478276587461836
0294,Fraxinus excelsior L.,0430,Milicia excelsa (Welw.) C.C. Berg,0.675899416705595,0.057931930658733005,0.2809459055523187,0.39495351115327626
0035,Anacardium giganteum Hancock ex Engl.,0158,"Chlorocardium rodiei (R.H.Schomb.) Rohwer, H.G.Richt. & van der Werff",0.49497463382835455,0.09952635975102023,0.08176555061613976,0.3954482740773343
0380,Libidibia paraguariensis (D.Parodi) G.P.Lewis,0542,Pycnanthus angolensis (Welw.) Warb.,0.8618659687218271,0.466381748885464,0.09358528548867441,0.39548421983636306
0243,Dracontomelon dao (Blanco) Merr. & Rolfe,0256,Entandrophragma angolense (Welw.) Panshin,0.7783807884644326,0.38265490650255146,0.35292642353479126,0.39572588196188113
0256,Entandrophragma angolense (Welw.) Panshin,0478,Peltogyne Vogel,0.7486524823053371,0.35292642353479126,0.11335898594650924,0.39572605877054584
0009,Leptolobium Vogel,0114,Cantleya corniculata (Becc.) R.A.Howard,0.6457461815208625,0.1918203410273337,0.24998781279531032,0.39575836872555215
0115,Carapa guianensis Aubl.,0313,Grevillea robusta A.Cunn. ex R.Br.,0.8737516028395319,0.47781439040167756,0.12015375617853329,0.39593721243785435
0243,Dracontomelon dao (Blanco) Merr. & Rolfe,0258,Entandrophragma cylindricum (Sprague) Sprague,0.7786121673817821,0.38265490650255146,0.1920147510454096,0.3959572608792306
0259,Entandrophragma utile (Dawe & Sprague) Sprague,0294,Fraxinus excelsior L.,0.7071303506681623,0.31117134377790345,0.057931930658733005,0.39595900689025887
0085,Bobgunnia fistuloides (Harms) J.H. Kirkbr. & Wiersema,0181,Cotylelobium Pierre,0.835785272534669,0.4396589361336944,0.02876268832314597,0.39612633640097467
0245,Dryobalanops aromatica C.F.Gaertn.,0297,Fraxinus mandshurica Rupr.,0.5834465299393345,0.1574311550408419,0.18720922831157757,0.39623730162775694
0066,Aucoumea klaineana Pierre,0679,Aningeria Aubrév. & Pellegr.,0.6890806319014426,0.21760219624631696,0.29282501993701454,0.3962556119644281
0033,Anacardium excelsum (Bertero & Balb. ex Kunth) Skeels,0380,Libidibia paraguariensis (D.Parodi) G.P.Lewis,0.8626473743402508,0.1612983471755794,0.466381748885464,0.39626562545478683
0302,Gilbertiodendron preussii (Harms) J.Léonard,0324,Guibourtia pellegriniana J.Léonard,0.6112461377617369,0.21477324086718907,0.19715961314014666,0.3964728968945478
0006,Acer platanoides L.,0085,Bobgunnia fistuloides (Harms) J.H. Kirkbr. & Wiersema,0.8361678772804335,0.0033010130066980182,0.4396589361336944,0.3965089411467391
0085,Bobgunnia fistuloides (Harms) J.H. Kirkbr. & Wiersema,0608,Swietenia mahagoni (L.) Jacq.,0.8363167152689579,0.4396589361336944,0.156298942858346,0.3966577791352635
0259,Entandrophragma utile (Dawe & Sprague) Sprague,0418,Mansonia altissima (A. Chev.) A. Chev.,0.7082528010768225,0.31117134377790345,0.10609990889998436,0.3970814572989191
0073,Balfourodendron riedelianum (Engl.) Engl.,0372,Khaya ivorensis A.Chev.,0.6742785928448108,0.27718842224753326,0.1284079480176259,0.3970901705972776
0353,Intsia Thouars,0461,Ochroma pyramidale (Cav. ex Lam.) Urb.,0.7621216999143501,0.36502681521580665,0.04404888631411533,0.3970948846985434
0072,Baillonella toxisperma Pierre,0096,Brosimum guianense (Aubl.) Huber ex Ducke,0.889461390636895,0.377642267969207,0.4923459427522542,0.3971154478846408
0207,Dalbergia nigra (Vell.) Allemão ex Benth.,0301,Gilbertiodendron dewevrei (De Wild.) J.Léonard,0.7163772125671654,0.31919241888109307,0.17033855113561178,0.3971847936860723
0081,Betula pendula Roth,0096,Brosimum guianense (Aubl.) Huber ex Ducke,0.8903010678008285,0.0030165117830820874,0.4923459427522542,0.39795512504857433
0606,Swietenia humilis Zucc.,0625,Terminalia superba Engl.& Diels,0.7196773231257241,0.2157970800606374,0.3215805164792984,0.39809680664642566
0096,Brosimum guianense (Aubl.) Huber ex Ducke,0238,Dipterocarpus kerrii King,0.8904776155311409,0.4923459427522542,0.047350069644523325,0.3981316727788867
0085,Bobgunnia fistuloides (Harms) J.H. Kirkbr. & Wiersema,0324,Guibourtia pellegriniana J.Léonard,0.8378841967186622,0.4396589361336944,0.19715961314014666,0.3982252605849678
0324,Guibourtia pellegriniana J.Léonard,0430,Milicia excelsa (Welw.) C.C. Berg,0.6792509132288554,0.19715961314014666,0.2809459055523187,0.39830500767653676
0239,Dipteryx odorata (Aubl.) Forsyth f.,0418,Mansonia altissima (A. Chev.) A. Chev.,0.6947212179328819,0.29620412323508927,0.10609990889998436,0.3985170946977926
0092,Brachystegia cynometroides Harms,0325,Guibourtia tessmannii (Harms) J.Léonard,0.5994101259968454,0.1445998181282847,0.20053590665995039,0.39887421933689504
0073,Balfourodendron riedelianum (Engl.) Engl.,0380,Libidibia paraguariensis (D.Parodi) G.P.Lewis,0.8653811848472239,0.27718842224753326,0.466381748885464,0.3989994359617599
0085,Bobgunnia fistuloides (Harms) J.H. Kirkbr. & Wiersema,0238,Dipterocarpus kerrii King,0.8389390993527202,0.4396589361336944,0.047350069644523325,0.39928016321902576
0157,Ceriops tagal (Perr.) C.B. Robinson,0257,Entandrophragma candollei Harms,0.7727147112913301,0.3733888439031872,0.09798805046374451,0.39932586738814285
0045,Anopyxis klaineana (Pierre) Engl.,0372,Khaya ivorensis A.Chev.,0.7659788390785096,0.3666389738639127,0.1284079480176259,0.3993398652145969
0095,Brosimum alicastrum Swartz,0372,Khaya ivorensis A.Chev.,0.7731302326197476,0.373588888328799,0.1284079480176259,0.39954134429094856
0181,Cotylelobium Pierre,0380,Libidibia paraguariensis (D.Parodi) G.P.Lewis,0.8665441841473334,0.02876268832314597,0.466381748885464,0.40016243526186934
0236,Dipterocarpus C.F.Gaertn.,0678,Albizia ferruginea (Guill. & Perr.) Benth.,0.7382523428117775,0.06735710381385199,0.33801121938985357,0.40024112342192397
0034,Anacardium L.,0092,Brachystegia cynometroides Harms,0.6588006711353203,0.25845756017377447,0.1445998181282847,0.4003431109615458
0238,Dipterocarpus kerrii King,0678,Albizia ferruginea (Guill. & Perr.) Benth.,0.7385472262826401,0.047350069644523325,0.33801121938985357,0.40053600689278657
0033,Anacardium excelsum (Bertero & Balb. ex Kunth) Skeels,0678,Albizia ferruginea (Guill. & Perr.) Benth.,0.7390139612377583,0.1612983471755794,0.33801121938985357,0.40100274184790474
0006,Acer platanoides L.,0096,Brosimum guianense (Aubl.) Huber ex Ducke,0.8936870530088985,0.0033010130066980182,0.4923459427522542,0.4013411102566443
0366,Juglans regia L.,0461,Ochroma pyramidale (Cav. ex Lam.) Urb.,0.44540677267235645,0.011555233791711243,0.04404888631411533,0.4013578863582411
0256,Entandrophragma angolense (Welw.) Panshin,0399,Lovoa trichilioides Harms,0.7545608701745173,0.35292642353479126,0.2327105138088832,0.4016344466397261
0034,Anacardium L.,0294,Fraxinus excelsior L.,0.6601657804051867,0.25845756017377447,0.057931930658733005,0.4017082202314122
0070,Bagassa guianensis Aubl.,0430,Milicia excelsa (Welw.) C.C. Berg,0.7537541028877994,0.35189488550655634,0.2809459055523187,0.4018592173812431
0092,Brachystegia cynometroides Harms,0258,Entandrophragma cylindricum (Sprague) Sprague,0.5941591757953031,0.1445998181282847,0.1920147510454096,0.4021444247498935
0318,Leplaea cedrata (A.Chev.) E.J.M.Koenen & J.J.de Wilde,0426,Microberlinia brazzavillensis A. Chev.,0.6512483769997687,0.03917415789724382,0.24891986447473777,0.4023285125250309
0114,Cantleya corniculata (Becc.) R.A.Howard,0372,Khaya ivorensis A.Chev.,0.6523980495973378,0.24998781279531032,0.1284079480176259,0.4024102368020275
0214,Daniellia thurifera Benn.,0318,Leplaea cedrata (A.Chev.) E.J.M.Koenen & J.J.de Wilde,0.8460727150727239,0.44353669806721796,0.03917415789724382,0.4025360170055059
0129,Castanea crenata Siebold & Zucc.,0550,Quercus mongolica Fisch. ex Ledeb.,0.4373688580849372,0.034727594828010425,0.0295908067557718,0.4026412632569268
0093,Brachystegia laurentii (De Wild.) Louis ex J.Léonard,0294,Fraxinus excelsior L.,0.6879791343306525,0.285314769922707,0.057931930658733005,0.4026643644079455
0034,Anacardium L.,0399,Lovoa trichilioides Harms,0.6611631102695554,0.25845756017377447,0.2327105138088832,0.40270555009578096
0092,Brachystegia cynometroides Harms,0621,Tectona grandis L.,0.7369648736301281,0.1445998181282847,0.3340452621707477,0.4029196114593804
0353,Intsia Thouars,0430,Milicia excelsa (Welw.) C.C. Berg,0.7679796889779338,0.36502681521580665,0.2809459055523187,0.40295287376212713
0243,Dracontomelon dao (Blanco) Merr. & Rolfe,0425,Mezilaurus ita-uba (Meisn.) Taub. ex Mez,0.7856788034564716,0.38265490650255146,0.12157433758219263,0.4030238969539201
0243,Dracontomelon dao (Blanco) Merr. & Rolfe,0418,Mansonia altissima (A. Chev.) A. Chev.,0.7859265257554697,0.38265490650255146,0.10609990889998436,0.40327161925291827
0257,Entandrophragma candollei Harms,0380,Libidibia paraguariensis (D.Parodi) G.P.Lewis,0.8696780754437501,0.09798805046374451,0.466381748885464,0.40329632655828607
0071,Baikiaea plurijuga Harms,0269,Erythrophleum ivorense A. Chev,1.0659167454143463,0.6624630676293845,0.18362962432208574,0.4034536777849619
0157,Ceriops tagal (Perr.) C.B. Robinson,0625,Terminalia superba Engl.& Diels,0.7771055284537649,0.3733888439031872,0.3215805164792984,0.4037166845505777
0030,Amburana cearensis (Allemão) A.C.Sm.,0296,Fraxinus ornus L.,0.6073325426835292,0.20353506212870529,0.15609996020530656,0.4037974805548239
0093,Brachystegia laurentii (De Wild.) Louis ex J.Léonard,0607,Swietenia macrophylla King,0.6891316272648533,0.285314769922707,0.07039605530704054,0.40381685734214634
0256,Entandrophragma angolense (Welw.) Panshin,0625,Terminalia superba Engl.& Diels,0.7568674168475881,0.35292642353479126,0.3215805164792984,0.4039409933127968
0258,Entandrophragma cylindricum (Sprague) Sprague,0372,Khaya ivorensis A.Chev.,0.5965898170682409,0.1920147510454096,0.1284079480176259,0.4045750660228313
0207,Dalbergia nigra (Vell.) Allemão ex Benth.,0326,Guibourtia ehie (A. Chev.) J. Léonard,0.7241818388362371,0.31919241888109307,0.267153359759205,0.40498941995514404
0035,Anacardium giganteum Hancock ex Engl.,0066,Aucoumea klaineana Pierre,0.6226134999359301,0.09952635975102023,0.21760219624631696,0.40501130368961313
0181,Cotylelobium Pierre,0613,Tabebuia rosea (Bert.) DC.,0.7124971521404069,0.02876268832314597,0.30741652748711856,0.4050806246532883
0158,"Chlorocardium rodiei (R.H.Schomb.) Rohwer, H.G.Richt. & van der Werff",0353,Intsia Thouars,0.7701853699480603,0.08176555061613976,0.36502681521580665,0.40515855473225365
0091,Brachystegia Benth.,0678,Albizia ferruginea (Guill. & Perr.) Benth.,0.7941724561087942,0.38877160503932806,0.33801121938985357,0.4054008510694661
0096,Brosimum guianense (Aubl.) Huber ex Ducke,0147,Ceiba pentandra (L.) Gaertn.,0.8978453569317817,0.4923459427522542,0.09053989442752747,0.4054994141795275
0243,Dracontomelon dao (Blanco) Merr. & Rolfe,0331,Heritiera utilis (Sprague) Sprague,0.7882724406056877,0.38265490650255146,0.2700129923785008,0.4056175341031362
0092,Brachystegia cynometroides Harms,0613,Tabebuia rosea (Bert.) DC.,0.7130498634955414,0.1445998181282847,0.30741652748711856,0.4056333360084229
0324,Guibourtia pellegriniana J.Léonard,0380,Libidibia paraguariensis (D.Parodi) G.P.Lewis,0.8720884380716756,0.19715961314014666,0.466381748885464,0.40570668918621156
0072,Baillonella toxisperma Pierre,0294,Fraxinus excelsior L.,0.7837049628419563,0.377642267969207,0.057931930658733005,0.4060626948727493
0293,Fraxinus americana L.,0621,Tectona grandis L.,0.7403262975845045,0.06673216616943302,0.3340452621707477,0.4062810354137568
0214,Daniellia thurifera Benn.,0302,Gilbertiodendron preussii (Harms) J.Léonard,0.850098845798455,0.44353669806721796,0.21477324086718907,0.406562147731237
0009,Leptolobium Vogel,0041,Aniba rosodora Ducke,0.5984090592665717,0.1918203410273337,0.03206859773287161,0.40658871823923803
0085,Bobgunnia fistuloides (Harms) J.H. Kirkbr. & Wiersema,0606,Swietenia humilis Zucc.,0.8462726171014027,0.4396589361336944,0.2157970800606374,0.4066136809677083
0009,Leptolobium Vogel,0613,Tabebuia rosea (Bert.) DC.,0.7142504966271787,0.1918203410273337,0.30741652748711856,0.4068339691400601
0608,Swietenia mahagoni (L.) Jacq.,0621,Tectona grandis L.,0.7411015732286871,0.156298942858346,0.3340452621707477,0.4070563110579394
0030,Amburana cearensis (Allemão) A.C.Sm.,0095,Brosimum alicastrum Swartz,0.7808276627560596,0.20353506212870529,0.373588888328799,0.40723877442726064
0093,Brachystegia laurentii (De Wild.) Louis ex J.Léonard,0259,Entandrophragma utile (Dawe & Sprague) Sprague,0.7186021593851348,0.285314769922707,0.31117134377790345,0.4074308156072314
0095,Brosimum alicastrum Swartz,0679,Aningeria Aubrév. & Pellegr.,0.7811726915815487,0.373588888328799,0.29282501993701454,0.4075838032527497
0607,Swietenia macrophylla King,0621,Tectona grandis L.,0.7417321176269762,0.07039605530704054,0.3340452621707477,0.4076868554562285
0257,Entandrophragma candollei Harms,0625,Terminalia superba Engl.& Diels,0.7294254865395663,0.09798805046374451,0.3215805164792984,0.4078449700602679
0257,Entandrophragma candollei Harms,0678,Albizia ferruginea (Guill. & Perr.) Benth.,0.7463055346899653,0.09798805046374451,0.33801121938985357,0.40829431530011173
0085,Bobgunnia fistuloides (Harms) J.H. Kirkbr. & Wiersema,0239,Dipteryx odorata (Aubl.) Forsyth f.,0.847991188619607,0.4396589361336944,0.29620412323508927,0.4083322524859126
0418,Mansonia altissima (A. Chev.) A. Chev.,0678,Albizia ferruginea (Guill. & Perr.) Benth.,0.7465342644328257,0.10609990889998436,0.33801121938985357,0.4085230450429721
0158,"Chlorocardium rodiei (R.H.Schomb.) Rohwer, H.G.Richt. & van der Werff",0297,Fraxinus mandshurica Rupr.,0.5959463086085717,0.08176555061613976,0.18720922831157757,0.40873708029699407
0096,Brosimum guianense (Aubl.) Huber ex Ducke,0621,Tectona grandis L.,0.9011797077646995,0.4923459427522542,0.3340452621707477,0.4088337650124453
0259,Entandrophragma utile (Dawe & Sprague) Sprague,0354,Intsia bijuga (Colebr.) Kuntze,0.7367607389143358,0.31117134377790345,0.3278225854948488,0.408938153419487
0214,Daniellia thurifera Benn.,0367,Juglans nigra L.,0.8526263203521111,0.44353669806721796,0.030957996752025003,0.4090896222848931
0207,Dalbergia nigra (Vell.) Allemão ex Benth.,0257,Entandrophragma candollei Harms,0.7287066339556927,0.31919241888109307,0.09798805046374451,0.4095142150745996
0070,Bagassa guianensis Aubl.,0245,Dryobalanops aromatica C.F.Gaertn.,0.7617040602587352,0.35189488550655634,0.1574311550408419,0.4098091747521788
0091,Brachystegia Benth.,0158,"Chlorocardium rodiei (R.H.Schomb.) Rohwer, H.G.Richt. & van der Werff",0.7988810142058892,0.38877160503932806,0.08176555061613976,0.41010940916656113
0207,Dalbergia nigra (Vell.) Allemão ex Benth.,0371,Khaya grandifoliola C.DC.,0.7293074203478469,0.31919241888109307,0.13346149799545334,0.41011500146675384
0045,Anopyxis klaineana (Pierre) Engl.,0625,Terminalia superba Engl.& Diels,0.7768304712255362,0.3666389738639127,0.3215805164792984,0.41019149736162347
0073,Balfourodendron riedelianum (Engl.) Engl.,0096,Brosimum guianense (Aubl.) Huber ex Ducke,0.9027297460673338,0.27718842224753326,0.4923459427522542,0.4103838033150796
0270,Erythrophleum suaveolens (Guill. & Perr.) Brenan,0678,Albizia ferruginea (Guill. & Perr.) Benth.,0.780709571091134,0.37032055479729653,0.33801121938985357,0.4103890162938375
0195,Ctenolophon parvifolius Oliv.,0418,Mansonia altissima (A. Chev.) A. Chev.,0.5550832613716532,0.1445569890808498,0.10609990889998436,0.4105262722908034
0542,Pycnanthus angolensis (Welw.) Warb.,0552,Quercus alba L.,0.5041344918897277,0.09358528548867441,0.054910389150189774,0.4105492064010533
0367,Juglans nigra L.,0425,Mezilaurus ita-uba (Meisn.) Taub. ex Mez,0.5323942238971499,0.030957996752025003,0.12157433758219263,0.41081988631495725
0070,Bagassa guianensis Aubl.,0244,Dryobalanops C.F.Gaertn.,0.7630400775948789,0.35189488550655634,0.07236117632383164,0.41114519208832256
0003,Acacia mangium Willd.,0035,Anacardium giganteum Hancock ex Engl.,0.6611039112058674,0.24987335040256672,0.09952635975102023,0.41123056080330067
0245,Dryobalanops aromatica C.F.Gaertn.,0430,Milicia excelsa (Welw.) C.C. Berg,0.692469739810861,0.1574311550408419,0.2809459055523187,0.41152383425854233
0195,Ctenolophon parvifolius Oliv.,0678,Albizia ferruginea (Guill. & Perr.) Benth.,0.7496965856554074,0.1445569890808498,0.33801121938985357,0.41168536626555385
0091,Brachystegia Benth.,0621,Tectona grandis L.,0.8004640492562743,0.38877160503932806,0.3340452621707477,0.4116924442169463
0258,Entandrophragma cylindricum (Sprague) Sprague,0296,Fraxinus ornus L.,0.6039445363979827,0.1920147510454096,0.15609996020530656,0.41192978535257313
0096,Brosimum guianense (Aubl.) Huber ex Ducke,0541,Pterygota macrocarpa K. Schum.,0.9044096147367461,0.4923459427522542,0.045009082662750124,0.4120636719844919
0301,Gilbertiodendron dewevrei (De Wild.) J.Léonard,0606,Swietenia humilis Zucc.,0.6279022889309502,0.17033855113561178,0.2157970800606374,0.4121052088703129
0380,Libidibia paraguariensis (D.Parodi) G.P.Lewis,0606,Swietenia humilis Zucc.,0.8785834350153616,0.466381748885464,0.2157970800606374,0.4122016861298976
0006,Acer platanoides L.,0353,Intsia Thouars,0.7776838055143462,0.0033010130066980182,0.36502681521580665,0.4126569902985396
0259,Entandrophragma utile (Dawe & Sprague) Sprague,0375,Koompassia malaccensis Maing.,0.7240459925093943,0.31117134377790345,0.08877285430095372,0.4128746487314908
0085,Bobgunnia fistuloides (Harms) J.H. Kirkbr. & Wiersema,0236,Dipterocarpus C.F.Gaertn.,0.8525502801017052,0.4396589361336944,0.06735710381385199,0.4128913439680108
0480,Peltogyne mexicana Martínez,0613,Tabebuia rosea (Bert.) DC.,0.7203469337418036,0.1247695132163256,0.30741652748711856,0.412930406254685
0115,Carapa guianensis Aubl.,0318,Leplaea cedrata (A.Chev.) E.J.M.Koenen & J.J.de Wilde,0.8909444950958708,0.47781439040167756,0.03917415789724382,0.41313010469419326
0072,Baillonella toxisperma Pierre,0552,Quercus alba L.,0.790811011522877,0.377642267969207,0.054910389150189774,0.41316874355367
0081,Betula pendula Roth,0621,Tectona grandis L.,0.7474217706275669,0.0030165117830820874,0.3340452621707477,0.41337650845681917
0296,Fraxinus ornus L.,0648,Triplochiton scleroxylon K. Schum.,0.5695845250939158,0.15609996020530656,0.03451537060084674,0.4134845648886092
0085,Bobgunnia fistuloides (Harms) J.H. Kirkbr. & Wiersema,0129,Castanea crenata Siebold & Zucc.,0.8534887440635405,0.4396589361336944,0.034727594828010425,0.4138298079298461
0325,Guibourtia tessmannii (Harms) J.Léonard,0331,Heritiera utilis (Sprague) Sprague,0.6839886842100791,0.20053590665995039,0.2700129923785008,0.4139756918315783
0244,Dryobalanops C.F.Gaertn.,0297,Fraxinus mandshurica Rupr.,0.6012744684094198,0.07236117632383164,0.18720922831157757,0.4140652400978422
0091,Brachystegia Benth.,0294,Fraxinus excelsior L.,0.8034442384337013,0.38877160503932806,0.057931930658733005,0.4146726333943732
0181,Cotylelobium Pierre,0679,Aningeria Aubrév. & Pellegr.,0.7075482281667042,0.02876268832314597,0.29282501993701454,0.4147232082296896
0214,Daniellia thurifera Benn.,0269,Erythrophleum ivorense A. Chev,0.8584351093122375,0.44353669806721796,0.18362962432208574,0.4148984112450196
0399,Lovoa trichilioides Harms,0606,Swietenia humilis Zucc.,0.6477689043584722,0.2327105138088832,0.2157970800606374,0.41505839054958904
0073,Balfourodendron riedelianum (Engl.) Engl.,0478,Peltogyne Vogel,0.692528648614863,0.27718842224753326,0.11335898594650924,0.4153402263673297
0158,"Chlorocardium rodiei (R.H.Schomb.) Rohwer, H.G.Richt. & van der Werff",0214,Daniellia thurifera Benn.,0.8589166540864728,0.08176555061613976,0.44353669806721796,0.4153799560192548
0147,Ceiba pentandra (L.) Gaertn.,0294,Fraxinus excelsior L.,0.506309260418529,0.09053989442752747,0.057931930658733005,0.4157693659910015
0041,Aniba rosodora Ducke,0081,Betula pendula Roth,0.44797608225582974,0.03206859773287161,0.0030165117830820874,0.4159074845229581
0081,Betula pendula Roth,0418,Mansonia altissima (A. Chev.) A. Chev.,0.5220690285594014,0.0030165117830820874,0.10609990889998436,0.4159691196594171
0033,Anacardium excelsum (Bertero & Balb. ex Kunth) Skeels,0294,Fraxinus excelsior L.,0.5773252585851376,0.1612983471755794,0.057931930658733005,0.4160269114095582
0071,Baikiaea plurijuga Harms,0324,Guibourtia pellegriniana J.Léonard,1.0785585024686979,0.6624630676293845,0.19715961314014666,0.41609543483931344
0070,Bagassa guianensis Aubl.,0399,Lovoa trichilioides Harms,0.7682425190337218,0.35189488550655634,0.2327105138088832,0.4163476335271654
0269,Erythrophleum ivorense A. Chev,0426,Microberlinia brazzavillensis A. Chev.,0.665303153169875,0.18362962432208574,0.24891986447473777,0.4163832886951372
0030,Amburana cearensis (Allemão) A.C.Sm.,0092,Brachystegia cynometroides Harms,0.6200181850393829,0.20353506212870529,0.1445998181282847,0.4164831229106776
0072,Baillonella toxisperma Pierre,0331,Heritiera utilis (Sprague) Sprague,0.7942820760275832,0.377642267969207,0.2700129923785008,0.41663980805837614
0034,Anacardium L.,0478,Peltogyne Vogel,0.6757513027125353,0.25845756017377447,0.11335898594650924,0.4172937425387608
0033,Anacardium excelsum (Bertero & Balb. ex Kunth) Skeels,0081,Betula pendula Roth,0.5786064130086711,0.1612983471755794,0.0030165117830820874,0.4173080658330917
0095,Brosimum alicastrum Swartz,0430,Milicia excelsa (Welw.) C.C. Berg,0.7909118171586791,0.373588888328799,0.2809459055523187,0.4173229288298801
0147,Ceiba pentandra (L.) Gaertn.,0380,Libidibia paraguariensis (D.Parodi) G.P.Lewis,0.8837556788072709,0.09053989442752747,0.466381748885464,0.4173739299218069
0418,Mansonia altissima (A. Chev.) A. Chev.,0425,Mezilaurus ita-uba (Meisn.) Taub. ex Mez,0.5389612420406487,0.10609990889998436,0.12157433758219263,0.41738690445845605
0245,Dryobalanops aromatica C.F.Gaertn.,0367,Juglans nigra L.,0.5756731698950633,0.1574311550408419,0.030957996752025003,0.4182420148542214
0158,"Chlorocardium rodiei (R.H.Schomb.) Rohwer, H.G.Richt. & van der Werff",0258,Entandrophragma cylindricum (Sprague) Sprague,0.6107401992585431,0.08176555061613976,0.1920147510454096,0.41872544821313346
0367,Juglans nigra L.,0679,Aningeria Aubrév. & Pellegr.,0.7117893169258678,0.030957996752025003,0.29282501993701454,0.41896429698885324
0607,Swietenia macrophylla King,0625,Terminalia superba Engl.& Diels,0.7409134440497605,0.07039605530704054,0.3215805164792984,0.41933292757046203
0003,Acacia mangium Willd.,0259,Entandrophragma utile (Dawe & Sprague) Sprague,0.7305053176878746,0.24987335040256672,0.31117134377790345,0.4193339739099712
0033,Anacardium excelsum (Bertero & Balb. ex Kunth) Skeels,0096,Brosimum guianense (Aubl.) Huber ex Ducke,0.9116988571094993,0.1612983471755794,0.4923459427522542,0.4193529143572451
0045,Anopyxis klaineana (Pierre) Engl.,0371,Khaya grandifoliola C.DC.,0.7861890791516506,0.3666389738639127,0.13346149799545334,0.4195501052877379
0325,Guibourtia tessmannii (Harms) J.Léonard,0380,Libidibia paraguariensis (D.Parodi) G.P.Lewis,0.8861381745258254,0.20053590665995039,0.466381748885464,0.4197564256403614
0302,Gilbertiodendron preussii (Harms) J.Léonard,0625,Terminalia superba Engl.& Diels,0.7414187394512091,0.21477324086718907,0.3215805164792984,0.41983822297191065
0554,Quercus robur L.,0679,Aningeria Aubrév. & Pellegr.,0.7129342174250171,0.040088693572690404,0.29282501993701454,0.4201091974880025
0070,Bagassa guianensis Aubl.,0648,Triplochiton scleroxylon K. Schum.,0.7720105608604008,0.35189488550655634,0.03451537060084674,0.4201156753538444
0130,Castanea sativa Mill.,0648,Triplochiton scleroxylon K. Schum.,0.5578619285488633,0.13730049844128367,0.03451537060084674,0.4205614301075796
0066,Aucoumea klaineana Pierre,0070,Bagassa guianensis Aubl.,0.7725021079304224,0.21760219624631696,0.35189488550655634,0.42060722242386606
0009,Leptolobium Vogel,0030,Amburana cearensis (Allemão) A.C.Sm.,0.6242356654664212,0.1918203410273337,0.20353506212870529,0.42070060333771586
0045,Anopyxis klaineana (Pierre) Engl.,0679,Aningeria Aubrév. & Pellegr.,0.7874184611828411,0.3666389738639127,0.29282501993701454,0.4207794873189284
0214,Daniellia thurifera Benn.,0648,Triplochiton scleroxylon K. Schum.,0.8643296698940639,0.44353669806721796,0.03451537060084674,0.42079297182684594
0371,Khaya grandifoliola C.DC.,0372,Khaya ivorensis A.Chev.,0.5543010564822848,0.13346149799545334,0.1284079480176259,0.4208395584868314
0426,Microberlinia brazzavillensis A. Chev.,0480,Peltogyne mexicana Martínez,0.6699113323194683,0.24891986447473777,0.1247695132163256,0.4209914678447305
0297,Fraxinus mandshurica Rupr.,0621,Tectona grandis L.,0.7550644263035636,0.18720922831157757,0.3340452621707477,0.4210191641328159
0207,Dalbergia nigra (Vell.) Allemão ex Benth.,0293,Fraxinus americana L.,0.7404997630578531,0.31919241888109307,0.06673216616943302,0.4213073441767601
0244,Dryobalanops C.F.Gaertn.,0325,Guibourtia tessmannii (Harms) J.Léonard,0.6223863993107142,0.07236117632383164,0.20053590665995039,0.4218504926507638
0066,Aucoumea klaineana Pierre,0214,Daniellia thurifera Benn.,0.8656469443611394,0.21760219624631696,0.44353669806721796,0.42211024629392147
0214,Daniellia thurifera Benn.,0396,Lophira alata Banks ex C.F.Gaertn.,0.865758367489391,0.44353669806721796,0.08393196411047188,0.422221669422173
0006,Acer platanoides L.,0045,Anopyxis klaineana (Pierre) Engl.,0.7891307449153719,0.0033010130066980182,0.3666389738639127,0.42249177105145924
0258,Entandrophragma cylindricum (Sprague) Sprague,0621,Tectona grandis L.,0.7567095771846892,0.1920147510454096,0.3340452621707477,0.4226643150139415
0034,Anacardium L.,0258,Entandrophragma cylindricum (Sprague) Sprague,0.6814608519722574,0.25845756017377447,0.1920147510454096,0.4230032917984829
0085,Bobgunnia fistuloides (Harms) J.H. Kirkbr. & Wiersema,0302,Gilbertiodendron preussii (Harms) J.Léonard,0.8626641230407739,0.4396589361336944,0.21477324086718907,0.4230051869070795
0045,Anopyxis klaineana (Pierre) Engl.,0256,Entandrophragma angolense (Welw.) Panshin,0.7906892641305747,0.3666389738639127,0.35292642353479126,0.424050290266662
0207,Dalbergia nigra (Vell.) Allemão ex Benth.,0296,Fraxinus ornus L.,0.7432879215167526,0.31919241888109307,0.15609996020530656,0.42409550263565954
0236,Dipterocarpus C.F.Gaertn.,0294,Fraxinus excelsior L.,0.49152204988944037,0.06735710381385199,0.057931930658733005,0.4241649460755884
0072,Baillonella toxisperma Pierre,0371,Khaya grandifoliola C.DC.,0.8022165303867953,0.377642267969207,0.13346149799545334,0.4245742624175883
0270,Erythrophleum suaveolens (Guill. & Perr.) Brenan,0293,Fraxinus americana L.,0.7949140182203878,0.37032055479729653,0.06673216616943302,0.42459346342309123
0009,Leptolobium Vogel,0621,Tectona grandis L.,0.7588605758027005,0.1918203410273337,0.3340452621707477,0.4248153136319528
0115,Carapa guianensis Aubl.,0239,Dipteryx odorata (Aubl.) Forsyth f.,0.9029261915147158,0.47781439040167756,0.29620412323508927,0.4251118011130382
0030,Amburana cearensis (Allemão) A.C.Sm.,0375,Koompassia malaccensis Maing.,0.6287112412613194,0.20353506212870529,0.08877285430095372,0.4251761791326141
0096,Brosimum guianense (Aubl.) Huber ex Ducke,0293,Fraxinus americana L.,0.9178267351245258,0.4923459427522542,0.06673216616943302,0.42548079237227165
0006,Acer platanoides L.,0679,Aningeria Aubrév. & Pellegr.,0.7184110040601734,0.0033010130066980182,0.29282501993701454,0.4255859841231589
0207,Dalbergia nigra (Vell.) Allemão ex Benth.,0608,Swietenia mahagoni (L.) Jacq.,0.7452101509144586,0.31919241888109307,0.156298942858346,0.42601773203336557
0371,Khaya grandifoliola C.DC.,0396,Lophira alata Banks ex C.F.Gaertn.,0.5598637664171016,0.13346149799545334,0.08393196411047188,0.4264022684216482
0096,Brosimum guianense (Aubl.) Huber ex Ducke,0679,Aningeria Aubrév. & Pellegr.,0.9191852035489549,0.4923459427522542,0.29282501993701454,0.42683926079670076
0313,Grevillea robusta A.Cunn. ex R.Br.,0461,Ochroma pyramidale (Cav. ex Lam.) Urb.,0.5471814251070848,0.12015375617853329,0.04404888631411533,0.4270276689285515
0325,Guibourtia tessmannii (Harms) J.Léonard,0608,Swietenia mahagoni (L.) Jacq.,0.6276612268742194,0.20053590665995039,0.156298942858346,0.4271253202142691
0003,Acacia mangium Willd.,0331,Heritiera utilis (Sprague) Sprague,0.697358240673515,0.24987335040256672,0.2700129923785008,0.42734524829501425
0030,Amburana cearensis (Allemão) A.C.Sm.,0035,Anacardium giganteum Hancock ex Engl.,0.631073349168165,0.20353506212870529,0.09952635975102023,0.42753828703945973
0542,Pycnanthus angolensis (Welw.) Warb.,0554,Quercus robur L.,0.5211305908742925,0.09358528548867441,0.040088693572690404,0.4275453053856181
0009,Leptolobium Vogel,0243,Dracontomelon dao (Blanco) Merr. & Rolfe,0.8103155122737946,0.1918203410273337,0.38265490650255146,0.42766060577124315
0129,Castanea crenata Siebold & Zucc.,0648,Triplochiton scleroxylon K. Schum.,0.4624007040992865,0.034727594828010425,0.03451537060084674,0.4276731092712761
0294,Fraxinus excelsior L.,0625,Terminalia superba Engl.& Diels,0.7492965829267948,0.057931930658733005,0.3215805164792984,0.4277160664474964
0093,Brachystegia laurentii (De Wild.) Louis ex J.Léonard,0158,"Chlorocardium rodiei (R.H.Schomb.) Rohwer, H.G.Richt. & van der Werff",0.7130747262800448,0.285314769922707,0.08176555061613976,0.42775995635733777
0045,Anopyxis klaineana (Pierre) Engl.,0621,Tectona grandis L.,0.7945358008502001,0.3666389738639127,0.3340452621707477,0.42789682698628745
0045,Anopyxis klaineana (Pierre) Engl.,0259,Entandrophragma utile (Dawe & Sprague) Sprague,0.7946233151038122,0.3666389738639127,0.31117134377790345,0.42798434123989954
0045,Anopyxis klaineana (Pierre) Engl.,0542,Pycnanthus angolensis (Welw.) Warb.,0.7948082764983228,0.3666389738639127,0.09358528548867441,0.42816930263441005
0073,Balfourodendron riedelianum (Engl.) Engl.,0326,Guibourtia ehie (A. Chev.) J. Léonard,0.7054080572888826,0.27718842224753326,0.267153359759205,0.4282196350413493
0073,Balfourodendron riedelianum (Engl.) Engl.,0258,Entandrophragma cylindricum (Sprague) Sprague,0.7054462593544145,0.27718842224753326,0.1920147510454096,0.42825783710688126
0081,Betula pendula Roth,0366,Juglans regia L.,0.44014607925940497,0.0030165117830820874,0.011555233791711243,0.4285908454676937
0238,Dipterocarpus kerrii King,0259,Entandrophragma utile (Dawe & Sprague) Sprague,0.7397733096281609,0.047350069644523325,0.31117134377790345,0.42860196585025745
0243,Dracontomelon dao (Blanco) Merr. & Rolfe,0259,Entandrophragma utile (Dawe & Sprague) Sprague,0.8113318323269554,0.38265490650255146,0.31117134377790345,0.4286769258244039
0269,Erythrophleum ivorense A. Chev,0353,Intsia Thouars,0.7938018792547447,0.18362962432208574,0.36502681521580665,0.428775064038938
0045,Anopyxis klaineana (Pierre) Engl.,0085,Bobgunnia fistuloides (Harms) J.H. Kirkbr. & Wiersema,0.8684902489969841,0.3666389738639127,0.4396589361336944,0.42883131286328974
0353,Intsia Thouars,0372,Khaya ivorensis A.Chev.,0.7938861952650597,0.36502681521580665,0.1284079480176259,0.428859380049253
0073,Balfourodendron riedelianum (Engl.) Engl.,0301,Gilbertiodendron dewevrei (De Wild.) J.Léonard,0.706255548765913,0.27718842224753326,0.17033855113561178,0.42906712651837975
0318,Leplaea cedrata (A.Chev.) E.J.M.Koenen & J.J.de Wilde,0418,Mansonia altissima (A. Chev.) A. Chev.,0.5352677734516698,0.03917415789724382,0.10609990889998436,0.42916786455168543
0331,Heritiera utilis (Sprague) Sprague,0625,Terminalia superba Engl.& Diels,0.7507772912838759,0.2700129923785008,0.3215805164792984,0.4291967748045775
0041,Aniba rosodora Ducke,0214,Daniellia thurifera Benn.,0.8727583230451508,0.03206859773287161,0.44353669806721796,0.4292216249779328
0066,Aucoumea klaineana Pierre,0244,Dryobalanops C.F.Gaertn.,0.6474603472779585,0.21760219624631696,0.07236117632383164,0.4298581510316416
0158,"Chlorocardium rodiei (R.H.Schomb.) Rohwer, H.G.Richt. & van der Werff",0302,Gilbertiodendron preussii (Harms) J.Léonard,0.6446637731724002,0.08176555061613976,0.21477324086718907,0.4298905323052111
0325,Guibourtia tessmannii (Harms) J.Léonard,0430,Milicia excelsa (Welw.) C.C. Berg,0.710847151011451,0.20053590665995039,0.2809459055523187,0.42990124545913233
0093,Brachystegia laurentii (De Wild.) Louis ex J.Léonard,0269,Erythrophleum ivorense A. Chev,0.7152655727323505,0.285314769922707,0.18362962432208574,0.4299508028096435
0009,Leptolobium Vogel,0323,Guibourtia demeusei (Harms) J.Léonard,0.6538969435304819,0.1918203410273337,0.2237088813376544,0.43018806219282746
0245,Dryobalanops aromatica C.F.Gaertn.,0648,Triplochiton scleroxylon K. Schum.,0.5876355778027894,0.1574311550408419,0.03451537060084674,0.4302044227619475
0130,Castanea sativa Mill.,0157,Ceriops tagal (Perr.) C.B. Robinson,0.8040085087159325,0.13730049844128367,0.3733888439031872,0.43061966481274533
0243,Dracontomelon dao (Blanco) Merr. & Rolfe,0621,Tectona grandis L.,0.8134456427002456,0.38265490650255146,0.3340452621707477,0.4307907361976941
0091,Brachystegia Benth.,0608,Swietenia mahagoni (L.) Jacq.,0.8199271279366287,0.38877160503932806,0.156298942858346,0.43115552289730064
0326,Guibourtia ehie (A. Chev.) J. Léonard,0331,Heritiera utilis (Sprague) Sprague,0.7013516202719332,0.267153359759205,0.2700129923785008,0.4313386278934324
0003,Acacia mangium Willd.,0092,Brachystegia cynometroides Harms,0.6812490458858363,0.24987335040256672,0.1445998181282847,0.4313756954832696
0648,Triplochiton scleroxylon K. Schum.,0679,Aningeria Aubrév. & Pellegr.,0.72437346971696,0.03451537060084674,0.29282501993701454,0.4315484497799455
0325,Guibourtia tessmannii (Harms) J.Léonard,0461,Ochroma pyramidale (Cav. ex Lam.) Urb.,0.6320930172406489,0.20053590665995039,0.04404888631411533,0.43155711058069857
0072,Baillonella toxisperma Pierre,0181,Cotylelobium Pierre,0.8092448364631424,0.377642267969207,0.02876268832314597,0.43160256849393536
0245,Dryobalanops aromatica C.F.Gaertn.,0293,Fraxinus americana L.,0.5890436176864146,0.1574311550408419,0.06673216616943302,0.4316124626455726
0095,Brosimum alicastrum Swartz,0399,Lovoa trichilioides Harms,0.8052300806499433,0.373588888328799,0.2327105138088832,0.4316411923211443
0214,Daniellia thurifera Benn.,0431,Millettia laurentii De Wild.,0.8752473817132969,0.44353669806721796,0.15046909860762905,0.4317106836460789
0258,Entandrophragma cylindricum (Sprague) Sprague,0270,Erythrophleum suaveolens (Guill. & Perr.) Brenan,0.8024244020541231,0.1920147510454096,0.37032055479729653,0.4321038472568266
0324,Guibourtia pellegriniana J.Léonard,0613,Tabebuia rosea (Bert.) DC.,0.7396049833087955,0.19715961314014666,0.30741652748711856,0.432188455821677
0115,Carapa guianensis Aubl.,0479,Peltogyne catingae Ducke,0.9102693409122202,0.47781439040167756,0.034412686077142644,0.43245495051054267
0214,Daniellia thurifera Benn.,0354,Intsia bijuga (Colebr.) Kuntze,0.8762245649055668,0.44353669806721796,0.3278225854948488,0.4326878668383488
0258,Entandrophragma cylindricum (Sprague) Sprague,0380,Libidibia paraguariensis (D.Parodi) G.P.Lewis,0.8990779294158796,0.1920147510454096,0.466381748885464,0.4326961805304156
0035,Anacardium giganteum Hancock ex Engl.,0430,Milicia excelsa (Welw.) C.C. Berg,0.7139646112355418,0.09952635975102023,0.2809459055523187,0.4330187056832231
0302,Gilbertiodendron preussii (Harms) J.Léonard,0613,Tabebuia rosea (Bert.) DC.,0.7407684872538356,0.21477324086718907,0.30741652748711856,0.43335195976671703
0214,Daniellia thurifera Benn.,0480,Peltogyne mexicana Martínez,0.8769872262050149,0.44353669806721796,0.1247695132163256,0.43345052813779694
0430,Milicia excelsa (Welw.) C.C. Berg,0478,Peltogyne Vogel,0.7144603713951321,0.2809459055523187,0.11335898594650924,0.4335144658428134
0006,Acer platanoides L.,0072,Baillonella toxisperma Pierre,0.8111655976462491,0.0033010130066980182,0.377642267969207,0.43352332967704205
0372,Khaya ivorensis A.Chev.,0621,Tectona grandis L.,0.7676636120643968,0.1284079480176259,0.3340452621707477,0.4336183498936491
0296,Fraxinus ornus L.,0367,Juglans nigra L.,0.5897802401301985,0.15609996020530656,0.030957996752025003,0.4336802799248919
0207,Dalbergia nigra (Vell.) Allemão ex Benth.,0430,Milicia excelsa (Welw.) C.C. Berg,0.7531580803668029,0.31919241888109307,0.2809459055523187,0.4339656614857098
0244,Dryobalanops C.F.Gaertn.,0430,Milicia excelsa (Welw.) C.C. Berg,0.7150251671311094,0.07236117632383164,0.2809459055523187,0.43407926157879073
0214,Daniellia thurifera Benn.,0323,Guibourtia demeusei (Harms) J.Léonard,0.8782897556598046,0.44353669806721796,0.2237088813376544,0.43475305759258664
0301,Gilbertiodendron dewevrei (De Wild.) J.Léonard,0678,Albizia ferruginea (Guill. & Perr.) Benth.,0.7728827689259207,0.17033855113561178,0.33801121938985357,0.4348715495360671
0313,Grevillea robusta A.Cunn. ex R.Br.,0678,Albizia ferruginea (Guill. & Perr.) Benth.,0.7728880703168457,0.12015375617853329,0.33801121938985357,0.43487685092699213
0396,Lophira alata Banks ex C.F.Gaertn.,0426,Microberlinia brazzavillensis A. Chev.,0.6838347163364095,0.08393196411047188,0.24891986447473777,0.43491485186167167
0045,Anopyxis klaineana (Pierre) Engl.,0430,Milicia excelsa (Welw.) C.C. Berg,0.8017562532235353,0.3666389738639127,0.2809459055523187,0.4351172793596226
0301,Gilbertiodendron dewevrei (De Wild.) J.Léonard,0621,Tectona grandis L.,0.7696767484295995,0.17033855113561178,0.3340452621707477,0.43563148625885184
0114,Cantleya corniculata (Becc.) R.A.Howard,0243,Dracontomelon dao (Blanco) Merr. & Rolfe,0.8185703422010757,0.24998781279531032,0.38265490650255146,0.43591543569852426
0323,Guibourtia demeusei (Harms) J.Léonard,0461,Ochroma pyramidale (Cav. ex Lam.) Urb.,0.6597244760552917,0.2237088813376544,0.04404888631411533,0.4360155947176373
0115,Carapa guianensis Aubl.,0426,Microberlinia brazzavillensis A. Chev.,0.9138372014502976,0.47781439040167756,0.24891986447473777,0.43602281104862
0353,Intsia Thouars,0399,Lovoa trichilioides Harms,0.8010750573725476,0.36502681521580665,0.2327105138088832,0.43604824215674093
0066,Aucoumea klaineana Pierre,0461,Ochroma pyramidale (Cav. ex Lam.) Urb.,0.6537269000528917,0.21760219624631696,0.04404888631411533,0.43612470380657475
0003,Acacia mangium Willd.,0478,Peltogyne Vogel,0.686180198466307,0.24987335040256672,0.11335898594650924,0.4363068480637402
0325,Guibourtia tessmannii (Harms) J.Léonard,0479,Peltogyne catingae Ducke,0.6374779811024266,0.20053590665995039,0.034412686077142644,0.43694207444247624
0095,Brosimum alicastrum Swartz,0114,Cantleya corniculata (Becc.) R.A.Howard,0.8106961899946775,0.373588888328799,0.24998781279531032,0.4371073016658785
0130,Castanea sativa Mill.,0380,Libidibia paraguariensis (D.Parodi) G.P.Lewis,0.9037305486075484,0.13730049844128367,0.466381748885464,0.4373487997220844
0045,Anopyxis klaineana (Pierre) Engl.,0114,Cantleya corniculata (Becc.) R.A.Howard,0.8040033604079275,0.3666389738639127,0.24998781279531032,0.4373643865440148
0035,Anacardium giganteum Hancock ex Engl.,0613,Tabebuia rosea (Bert.) DC.,0.7452100386323954,0.09952635975102023,0.30741652748711856,0.43779351114527687
0259,Entandrophragma utile (Dawe & Sprague) Sprague,0380,Libidibia paraguariensis (D.Parodi) G.P.Lewis,0.9042012146790628,0.31117134377790345,0.466381748885464,0.43781946579359876
0041,Aniba rosodora Ducke,0115,Carapa guianensis Aubl.,0.915671538188775,0.03206859773287161,0.47781439040167756,0.43785714778709744
0092,Brachystegia cynometroides Harms,0479,Peltogyne catingae Ducke,0.582487007343331,0.1445998181282847,0.034412686077142644,0.4378871892150463
0080,Betula papyrifera Marshall,0461,Ochroma pyramidale (Cav. ex Lam.) Urb.,0.5905527485476758,0.15225687626821854,0.04404888631411533,0.43829587227945727
0157,Ceriops tagal (Perr.) C.B. Robinson,0542,Pycnanthus angolensis (Welw.) Warb.,0.8118406094821847,0.3733888439031872,0.09358528548867441,0.4384517655789975
0258,Entandrophragma cylindricum (Sprague) Sprague,0478,Peltogyne Vogel,0.630508463803026,0.1920147510454096,0.11335898594650924,0.43849371275761645
0066,Aucoumea klaineana Pierre,0294,Fraxinus excelsior L.,0.6561256656422106,0.21760219624631696,0.057931930658733005,0.4385234693958937
0034,Anacardium L.,0625,Terminalia superba Engl.& Diels,0.7602335997655691,0.25845756017377447,0.3215805164792984,0.43865308328627073
0293,Fraxinus americana L.,0399,Lovoa trichilioides Harms,0.6714541410175402,0.06673216616943302,0.2327105138088832,0.438743627208657
0115,Carapa guianensis Aubl.,0380,Libidibia paraguariensis (D.Parodi) G.P.Lewis,0.9172203521678313,0.47781439040167756,0.466381748885464,0.4394059617661537
0034,Anacardium L.,0270,Erythrophleum suaveolens (Guill. & Perr.) Brenan,0.809819539746911,0.25845756017377447,0.37032055479729653,0.4394989849496145
0353,Intsia Thouars,0621,Tectona grandis L.,0.8045277650074483,0.36502681521580665,0.3340452621707477,0.4395009497916416
0238,Dipterocarpus kerrii King,0294,Fraxinus excelsior L.,0.49802447994885446,0.047350069644523325,0.057931930658733005,0.4400925492901214
0085,Bobgunnia fistuloides (Harms) J.H. Kirkbr. & Wiersema,0613,Tabebuia rosea (Bert.) DC.,0.8798461452197159,0.4396589361336944,0.30741652748711856,0.44018720908602155
0269,Erythrophleum ivorense A. Chev,0302,Gilbertiodendron preussii (Harms) J.Léonard,0.655102464427173,0.18362962432208574,0.21477324086718907,0.44032922355998394
0371,Khaya grandifoliola C.DC.,0625,Terminalia superba Engl.& Diels,0.7624619263016459,0.13346149799545334,0.3215805164792984,0.44088140982234747
0269,Erythrophleum ivorense A. Chev,0430,Milicia excelsa (Welw.) C.C. Berg,0.7218738858195931,0.18362962432208574,0.2809459055523187,0.4409279802672744
0034,Anacardium L.,0296,Fraxinus ornus L.,0.6995377697915266,0.25845756017377447,0.15609996020530656,0.44108020961775213
0608,Swietenia mahagoni (L.) Jacq.,0625,Terminalia superba Engl.& Diels,0.7628220164502193,0.156298942858346,0.3215805164792984,0.4412414999709209
0009,Leptolobium Vogel,0239,Dipteryx odorata (Aubl.) Forsyth f.,0.7376157711969622,0.1918203410273337,0.29620412323508927,0.44141164796187293
0095,Brosimum alicastrum Swartz,0207,Dalbergia nigra (Vell.) Allemão ex Benth.,0.8150224273899506,0.373588888328799,0.31919241888109307,0.44143353906115157
0259,Entandrophragma utile (Dawe & Sprague) Sprague,0269,Erythrophleum ivorense A. Chev,0.7527968287988049,0.31117134377790345,0.18362962432208574,0.4416254850209015
0085,Bobgunnia fistuloides (Harms) J.H. Kirkbr. & Wiersema,0093,Brachystegia laurentii (De Wild.) Louis ex J.Léonard,0.8813039382217072,0.4396589361336944,0.285314769922707,0.4416450020880128
0081,Betula pendula Roth,0243,Dracontomelon dao (Blanco) Merr. & Rolfe,0.8243220586644994,0.0030165117830820874,0.38265490650255146,0.4416671521619479
0181,Cotylelobium Pierre,0372,Khaya ivorensis A.Chev.,0.5704605128120226,0.02876268832314597,0.1284079480176259,0.4420525647943967
0530,Pterocarpus soyauxii Taub.,0679,Aningeria Aubrév. & Pellegr.,0.7350252682049748,0.14757486665108444,0.29282501993701454,0.4422002482679603
0003,Acacia mangium Willd.,0375,Koompassia malaccensis Maing.,0.6921355857847622,0.24987335040256672,0.08877285430095372,0.44226223538219545
0296,Fraxinus ornus L.,0678,Albizia ferruginea (Guill. & Perr.) Benth.,0.7805913432670959,0.15609996020530656,0.33801121938985357,0.4425801238772423
0081,Betula pendula Roth,0239,Dipteryx odorata (Aubl.) Forsyth f.,0.7390330653082889,0.0030165117830820874,0.29620412323508927,0.44282894207319967
0325,Guibourtia tessmannii (Harms) J.Léonard,0625,Terminalia superba Engl.& Diels,0.7645824883398488,0.20053590665995039,0.3215805164792984,0.44300197186055035
0115,Carapa guianensis Aubl.,0396,Lophira alata Banks ex C.F.Gaertn.,0.9208707687966298,0.47781439040167756,0.08393196411047188,0.4430563783949522
0326,Guibourtia ehie (A. Chev.) J. Léonard,0426,Microberlinia brazzavillensis A. Chev.,0.7110047584123043,0.267153359759205,0.24891986447473777,0.44385139865309925
0006,Acer platanoides L.,0621,Tectona grandis L.,0.7779408477461146,0.0033010130066980182,0.3340452621707477,0.4438955855753669
0478,Peltogyne Vogel,0613,Tabebuia rosea (Bert.) DC.,0.7513821368775652,0.11335898594650924,0.30741652748711856,0.4439656093904466
0259,Entandrophragma utile (Dawe & Sprague) Sprague,0295,Fraxinus nigra Marshall,0.7552337245703948,0.31117134377790345,0.04872560265571527,0.4440623807924914
0294,Fraxinus excelsior L.,0353,Intsia Thouars,0.8091968865606777,0.057931930658733005,0.36502681521580665,0.444170071344871
0478,Peltogyne Vogel,0625,Terminalia superba Engl.& Diels,0.7658191108218497,0.11335898594650924,0.3215805164792984,0.4442385943425513
0073,Balfourodendron riedelianum (Engl.) Engl.,0331,Heritiera utilis (Sprague) Sprague,0.7214529175120895,0.27718842224753326,0.2700129923785008,0.44426449526455625
0245,Dryobalanops aromatica C.F.Gaertn.,0269,Erythrophleum ivorense A. Chev,0.6282693679876804,0.1574311550408419,0.18362962432208574,0.44463974366559467
0114,Cantleya corniculata (Becc.) R.A.Howard,0621,Tectona grandis L.,0.7787493523226204,0.24998781279531032,0.3340452621707477,0.44470409015187273
0093,Brachystegia laurentii (De Wild.) Louis ex J.Léonard,0625,Terminalia superba Engl.& Diels,0.7663335605827213,0.285314769922707,0.3215805164792984,0.44475304410342287
0009,Leptolobium Vogel,0366,Juglans regia L.,0.6366966809964114,0.1918203410273337,0.011555233791711243,0.4448763399690777
0007,Acer pseudoplatanus L.,0214,Daniellia thurifera Benn.,0.8885254547913035,0.01598614417773803,0.44353669806721796,0.44498875672408555
0091,Brachystegia Benth.,0607,Swietenia macrophylla King,0.83385713508607,0.38877160503932806,0.07039605530704054,0.4450855300467419
0301,Gilbertiodendron dewevrei (De Wild.) J.Léonard,0613,Tabebuia rosea (Bert.) DC.,0.7525446624751156,0.17033855113561178,0.30741652748711856,0.4451281349879971
0214,Daniellia thurifera Benn.,0380,Libidibia paraguariensis (D.Parodi) G.P.Lewis,0.9115922774974655,0.44353669806721796,0.466381748885464,0.4452105286120015
0129,Castanea crenata Siebold & Zucc.,0367,Juglans nigra L.,0.4801469641526253,0.034727594828010425,0.030957996752025003,0.4454193693246149
0259,Entandrophragma utile (Dawe & Sprague) Sprague,0678,Albizia ferruginea (Guill. & Perr.) Benth.,0.7835339674269687,0.31117134377790345,0.33801121938985357,0.4455227480371151
0214,Daniellia thurifera Benn.,0366,Juglans regia L.,0.8891804006287993,0.44353669806721796,0.011555233791711243,0.44564370256158137
0003,Acacia mangium Willd.,0301,Gilbertiodendron dewevrei (De Wild.) J.Léonard,0.6956103110029938,0.24987335040256672,0.17033855113561178,0.445736960600427
0269,Erythrophleum ivorense A. Chev,0478,Peltogyne Vogel,0.6295509879964125,0.18362962432208574,0.11335898594650924,0.4459213636743268
0380,Libidibia paraguariensis (D.Parodi) G.P.Lewis,0553,Quercus petraea (Matt.) Liebl.,0.9124641540490928,0.466381748885464,0.1175281560814896,0.44608240516362874
0431,Millettia laurentii De Wild.,0678,Albizia ferruginea (Guill. & Perr.) Benth.,0.7851565381973902,0.15046909860762905,0.33801121938985357,0.4471453188075366
0553,Quercus petraea (Matt.) Liebl.,0679,Aningeria Aubrév. & Pellegr.,0.7400587784577642,0.1175281560814896,0.29282501993701454,0.4472337585207497
0115,Carapa guianensis Aubl.,0375,Koompassia malaccensis Maing.,0.9250805367044489,0.47781439040167756,0.08877285430095372,0.44726614630277134
0034,Anacardium L.,0430,Milicia excelsa (Welw.) C.C. Berg,0.7283373699623841,0.25845756017377447,0.2809459055523187,0.4473914644100654
0095,Brosimum alicastrum Swartz,0625,Terminalia superba Engl.& Diels,0.8210659278019237,0.373588888328799,0.3215805164792984,0.44747703947312467
0259,Entandrophragma utile (Dawe & Sprague) Sprague,0430,Milicia excelsa (Welw.) C.C. Berg,0.7587181125075939,0.31117134377790345,0.2809459055523187,0.44754676872969046
0080,Betula papyrifera Marshall,0295,Fraxinus nigra Marshall,0.5998305116900519,0.15225687626821854,0.04872560265571527,0.4475736354218333
0041,Aniba rosodora Ducke,0195,Ctenolophon parvifolius Oliv.,0.5924642126341437,0.03206859773287161,0.1445569890808498,0.44790722355329393
0621,Tectona grandis L.,0679,Aningeria Aubrév. & Pellegr.,0.7820994800489396,0.3340452621707477,0.29282501993701454,0.4480542178781919
0114,Cantleya corniculata (Becc.) R.A.Howard,0678,Albizia ferruginea (Guill. & Perr.) Benth.,0.7863414216869045,0.24998781279531032,0.33801121938985357,0.4483302022970509
0003,Acacia mangium Willd.,0294,Fraxinus excelsior L.,0.6982457956900598,0.24987335040256672,0.057931930658733005,0.4483724452874931
0258,Entandrophragma cylindricum (Sprague) Sprague,0302,Gilbertiodendron preussii (Harms) J.Léonard,0.6634949765400662,0.1920147510454096,0.21477324086718907,0.4487217356728771
0147,Ceiba pentandra (L.) Gaertn.,0625,Terminalia superba Engl.& Diels,0.7704669272280562,0.09053989442752747,0.3215805164792984,0.4488864107487578
0033,Anacardium excelsum (Bertero & Balb. ex Kunth) Skeels,0366,Juglans regia L.,0.6102734075620682,0.1612983471755794,0.011555233791711243,0.44897506038648877
0294,Fraxinus excelsior L.,0613,Tabebuia rosea (Bert.) DC.,0.7567438637105565,0.057931930658733005,0.30741652748711856,0.4493273362234379
0354,Intsia bijuga (Colebr.) Kuntze,0371,Khaya grandifoliola C.DC.,0.7771610469856429,0.3278225854948488,0.13346149799545334,0.44933846149079415
0073,Balfourodendron riedelianum (Engl.) Engl.,0114,Cantleya corniculata (Becc.) R.A.Howard,0.726536096446069,0.27718842224753326,0.24998781279531032,0.4493476741985357
0181,Cotylelobium Pierre,0621,Tectona grandis L.,0.7835501521532515,0.02876268832314597,0.3340452621707477,0.4495048899825038
0270,Erythrophleum suaveolens (Guill. & Perr.) Brenan,0323,Guibourtia demeusei (Harms) J.Léonard,0.8199022667658522,0.37032055479729653,0.2237088813376544,0.4495817119685557
0096,Brosimum guianense (Aubl.) Huber ex Ducke,0258,Entandrophragma cylindricum (Sprague) Sprague,0.9419729814519976,0.4923459427522542,0.1920147510454096,0.4496270386997434
0607,Swietenia macrophylla King,0678,Albizia ferruginea (Guill. & Perr.) Benth.,0.7877836369576485,0.07039605530704054,0.33801121938985357,0.44977241756779496
0114,Cantleya corniculata (Becc.) R.A.Howard,0214,Daniellia thurifera Benn.,0.8934431728361373,0.24998781279531032,0.44353669806721796,0.4499064747689193
0033,Anacardium excelsum (Bertero & Balb. ex Kunth) Skeels,0041,Aniba rosodora Ducke,0.6112762063386716,0.1612983471755794,0.03206859773287161,0.44997785916309224
0294,Fraxinus excelsior L.,0295,Fraxinus nigra Marshall,0.5081172566833319,0.057931930658733005,0.04872560265571527,0.4501853260245988
0371,Khaya grandifoliola C.DC.,0679,Aningeria Aubrév. & Pellegr.,0.7430439486334753,0.13346149799545334,0.29282501993701454,0.4502189286964608
0375,Koompassia malaccensis Maing.,0678,Albizia ferruginea (Guill. & Perr.) Benth.,0.7882686132574126,0.08877285430095372,0.33801121938985357,0.45025739386755903
0207,Dalbergia nigra (Vell.) Allemão ex Benth.,0323,Guibourtia demeusei (Harms) J.Léonard,0.7700720955651217,0.31919241888109307,0.2237088813376544,0.4508796766840286
0085,Bobgunnia fistuloides (Harms) J.H. Kirkbr. & Wiersema,0244,Dryobalanops C.F.Gaertn.,0.8907460420868687,0.4396589361336944,0.07236117632383164,0.4510871059531743
0207,Dalbergia nigra (Vell.) Allemão ex Benth.,0431,Millettia laurentii De Wild.,0.7705001623262402,0.31919241888109307,0.15046909860762905,0.4513077434451471
0070,Bagassa guianensis Aubl.,0608,Swietenia mahagoni (L.) Jacq.,0.8037339016658177,0.35189488550655634,0.156298942858346,0.45183901615926136
0085,Bobgunnia fistuloides (Harms) J.H. Kirkbr. & Wiersema,0296,Fraxinus ornus L.,0.8915428759022695,0.4396589361336944,0.15609996020530656,0.45188393976857516
0115,Carapa guianensis Aubl.,0430,Milicia excelsa (Welw.) C.C. Berg,0.9298341079184393,0.47781439040167756,0.2809459055523187,0.4520197175167618
0091,Brachystegia Benth.,0245,Dryobalanops aromatica C.F.Gaertn.,0.8409409510976195,0.38877160503932806,0.1574311550408419,0.4521693460582914
0236,Dipterocarpus C.F.Gaertn.,0259,Entandrophragma utile (Dawe & Sprague) Sprague,0.7633784967969466,0.06735710381385199,0.31117134377790345,0.45220715301904313
0399,Lovoa trichilioides Harms,0430,Milicia excelsa (Welw.) C.C. Berg,0.7334371666674553,0.2327105138088832,0.2809459055523187,0.4524912611151366
0085,Bobgunnia fistuloides (Harms) J.H. Kirkbr. & Wiersema,0542,Pycnanthus angolensis (Welw.) Warb.,0.8922615092317012,0.4396589361336944,0.09358528548867441,0.45260257309800683
0115,Carapa guianensis Aubl.,0366,Juglans regia L.,0.9305767780680685,0.47781439040167756,0.011555233791711243,0.45276238766639093
0096,Brosimum guianense (Aubl.) Huber ex Ducke,0129,Castanea crenata Siebold & Zucc.,0.9454072047483976,0.4923459427522542,0.034727594828010425,0.4530612619961434
0030,Amburana cearensis (Allemão) A.C.Sm.,0157,Ceriops tagal (Perr.) C.B. Robinson,0.8267134187107275,0.20353506212870529,0.3733888439031872,0.45332457480754024
0003,Acacia mangium Willd.,0607,Swietenia macrophylla King,0.7033455514280471,0.24987335040256672,0.07039605530704054,0.45347220102548036
0195,Ctenolophon parvifolius Oliv.,0294,Fraxinus excelsior L.,0.5981934578540457,0.1445569890808498,0.057931930658733005,0.45363646877319586
0293,Fraxinus americana L.,0430,Milicia excelsa (Welw.) C.C. Berg,0.734710758817377,0.06673216616943302,0.2809459055523187,0.45376485326505833
0195,Ctenolophon parvifolius Oliv.,0366,Juglans regia L.,0.5984067229282773,0.1445569890808498,0.011555233791711243,0.45384973384742755
0085,Bobgunnia fistuloides (Harms) J.H. Kirkbr. & Wiersema,0326,Guibourtia ehie (A. Chev.) J. Léonard,0.8938074717626555,0.4396589361336944,0.267153359759205,0.4541485356289611
0256,Entandrophragma angolense (Welw.) Panshin,0380,Libidibia paraguariensis (D.Parodi) G.P.Lewis,0.920597595489034,0.35292642353479126,0.466381748885464,0.45421584660356995
0130,Castanea sativa Mill.,0367,Juglans nigra L.,0.5915197629087584,0.13730049844128367,0.030957996752025003,0.45421926446747474
0045,Anopyxis klaineana (Pierre) Engl.,0331,Heritiera utilis (Sprague) Sprague,0.8209783306002085,0.3666389738639127,0.2700129923785008,0.45433935673629583
0035,Anacardium giganteum Hancock ex Engl.,0625,Terminalia superba Engl.& Diels,0.7760679749422754,0.09952635975102023,0.3215805164792984,0.454487458462977
0158,"Chlorocardium rodiei (R.H.Schomb.) Rohwer, H.G.Richt. & van der Werff",0430,Milicia excelsa (Welw.) C.C. Berg,0.7357221500147816,0.08176555061613976,0.2809459055523187,0.4547762444624629
0295,Fraxinus nigra Marshall,0313,Grevillea robusta A.Cunn. ex R.Br.,0.5750068896169426,0.04872560265571527,0.12015375617853329,0.4548531334384093
0092,Brachystegia cynometroides Harms,0678,Albizia ferruginea (Guill. & Perr.) Benth.,0.7930010912115307,0.1445998181282847,0.33801121938985357,0.45498987182167716
0243,Dracontomelon dao (Blanco) Merr. & Rolfe,0371,Khaya grandifoliola C.DC.,0.8376680477287666,0.38265490650255146,0.13346149799545334,0.4550131412262151
0258,Entandrophragma cylindricum (Sprague) Sprague,0301,Gilbertiodendron dewevrei (De Wild.) J.Léonard,0.647339284523673,0.1920147510454096,0.17033855113561178,0.45532453347826335
0092,Brachystegia cynometroides Harms,0269,Erythrophleum ivorense A. Chev,0.6390577584757136,0.1445998181282847,0.18362962432208574,0.4554281341536278
0296,Fraxinus ornus L.,0621,Tectona grandis L.,0.7894974342722186,0.15609996020530656,0.3340452621707477,0.45545217210147093
0003,Acacia mangium Willd.,0480,Peltogyne mexicana Martínez,0.705429596896875,0.24987335040256672,0.1247695132163256,0.45555624649430826
0085,Bobgunnia fistuloides (Harms) J.H. Kirkbr. & Wiersema,0461,Ochroma pyramidale (Cav. ex Lam.) Urb.,0.8952354714822744,0.4396589361336944,0.04404888631411533,0.45557653534858006
0095,Brosimum alicastrum Swartz,0371,Khaya grandifoliola C.DC.,0.8291784293186806,0.373588888328799,0.13346149799545334,0.4555895409898816
0157,Ceriops tagal (Perr.) C.B. Robinson,0608,Swietenia mahagoni (L.) Jacq.,0.8291960380880266,0.3733888439031872,0.156298942858346,0.45580719418483934
0009,Leptolobium Vogel,0214,Daniellia thurifera Benn.,0.8993645024504773,0.1918203410273337,0.44353669806721796,0.4558278043832593
0096,Brosimum guianense (Aubl.) Huber ex Ducke,0608,Swietenia mahagoni (L.) Jacq.,0.9482232774640597,0.4923459427522542,0.156298942858346,0.45587733471180547
0157,Ceriops tagal (Perr.) C.B. Robinson,0331,Heritiera utilis (Sprague) Sprague,0.8295031009771274,0.3733888439031872,0.2700129923785008,0.4561142570739402
0371,Khaya grandifoliola C.DC.,0648,Triplochiton scleroxylon K. Schum.,0.5897186720076315,0.13346149799545334,0.03451537060084674,0.45625717401217813
0195,Ctenolophon parvifolius Oliv.,0625,Terminalia superba Engl.& Diels,0.7778540365730129,0.1445569890808498,0.3215805164792984,0.45627352009371447
0007,Acer pseudoplatanus L.,0608,Swietenia mahagoni (L.) Jacq.,0.6127206131218215,0.01598614417773803,0.156298942858346,0.45642167026347547
0243,Dracontomelon dao (Blanco) Merr. & Rolfe,0269,Erythrophleum ivorense A. Chev,0.8393088783991962,0.38265490650255146,0.18362962432208574,0.45665397189664475
0326,Guibourtia ehie (A. Chev.) J. Léonard,0372,Khaya ivorensis A.Chev.,0.7245302574530812,0.267153359759205,0.1284079480176259,0.4573768976938762
0073,Balfourodendron riedelianum (Engl.) Engl.,0425,Mezilaurus ita-uba (Meisn.) Taub. ex Mez,0.734722753459302,0.27718842224753326,0.12157433758219263,0.4575343312117688
0095,Brosimum alicastrum Swartz,0259,Entandrophragma utile (Dawe & Sprague) Sprague,0.8313327201763123,0.373588888328799,0.31117134377790345,0.4577438318475133
0214,Daniellia thurifera Benn.,0430,Milicia excelsa (Welw.) C.C. Berg,0.9013118436605102,0.44353669806721796,0.2809459055523187,0.45777514559329224
0130,Castanea sativa Mill.,0621,Tectona grandis L.,0.7919983382886225,0.13730049844128367,0.3340452621707477,0.45795307611787484
0096,Brosimum guianense (Aubl.) Huber ex Ducke,0607,Swietenia macrophylla King,0.9505305327882847,0.4923459427522542,0.07039605530704054,0.4581845900360305
0096,Brosimum guianense (Aubl.) Huber ex Ducke,0542,Pycnanthus angolensis (Welw.) Warb.,0.9505385931011754,0.4923459427522542,0.09358528548867441,0.4581926503489212
0092,Brachystegia cynometroides Harms,0430,Milicia excelsa (Welw.) C.C. Berg,0.7397336293623612,0.1445998181282847,0.2809459055523187,0.4587877238100425
0295,Fraxinus nigra Marshall,0678,Albizia ferruginea (Guill. & Perr.) Benth.,0.796956316426142,0.04872560265571527,0.33801121938985357,0.4589450970362884
0073,Balfourodendron riedelianum (Engl.) Engl.,0325,Guibourtia tessmannii (Harms) J.Léonard,0.7363463269442774,0.27718842224753326,0.20053590665995039,0.4591579046967441
0006,Acer platanoides L.,0372,Khaya ivorensis A.Chev.,0.5879166513250629,0.0033010130066980182,0.1284079480176259,0.459508703307437
0430,Milicia excelsa (Welw.) C.C. Berg,0530,Pterocarpus soyauxii Taub.,0.7409793065341568,0.2809459055523187,0.14757486665108444,0.4600334009818381
0380,Libidibia paraguariensis (D.Parodi) G.P.Lewis,0554,Quercus robur L.,0.9265324262879078,0.466381748885464,0.040088693572690404,0.46015067740244375
0085,Bobgunnia fistuloides (Harms) J.H. Kirkbr. & Wiersema,0114,Cantleya corniculata (Becc.) R.A.Howard,0.9000632317525238,0.4396589361336944,0.24998781279531032,0.4604042956188294
0157,Ceriops tagal (Perr.) C.B. Robinson,0399,Lovoa trichilioides Harms,0.8338753756745338,0.3733888439031872,0.2327105138088832,0.46048653177134663
0323,Guibourtia demeusei (Harms) J.Léonard,0480,Peltogyne mexicana Martínez,0.684258229570988,0.2237088813376544,0.1247695132163256,0.4605493482333336
0239,Dipteryx odorata (Aubl.) Forsyth f.,0430,Milicia excelsa (Welw.) C.C. Berg,0.7568083706413231,0.29620412323508927,0.2809459055523187,0.46060424740623385
0480,Peltogyne mexicana Martínez,0625,Terminalia superba Engl.& Diels,0.7822752504164341,0.1247695132163256,0.3215805164792984,0.46069473393713567
0256,Entandrophragma angolense (Welw.) Panshin,0542,Pycnanthus angolensis (Welw.) Warb.,0.8136793943255898,0.35292642353479126,0.09358528548867441,0.4607529707907985
0129,Castanea crenata Siebold & Zucc.,0214,Daniellia thurifera Benn.,0.9044282071238476,0.034727594828010425,0.44353669806721796,0.4608915090566297
0530,Pterocarpus soyauxii Taub.,0625,Terminalia superba Engl.& Diels,0.7828980802727876,0.14757486665108444,0.3215805164792984,0.4613175637934892
0070,Bagassa guianensis Aubl.,0256,Entandrophragma angolense (Welw.) Panshin,0.8143510947892343,0.35189488550655634,0.35292642353479126,0.46142467125444303
0324,Guibourtia pellegriniana J.Léonard,0606,Swietenia humilis Zucc.,0.6772596373710936,0.19715961314014666,0.2157970800606374,0.46146255731045627
0380,Libidibia paraguariensis (D.Parodi) G.P.Lewis,0461,Ochroma pyramidale (Cav. ex Lam.) Urb.,0.9278708640289866,0.466381748885464,0.04404888631411533,0.46148911514352253
0066,Aucoumea klaineana Pierre,0553,Quercus petraea (Matt.) Liebl.,0.6791175355937468,0.21760219624631696,0.1175281560814896,0.46151533934742983
0080,Betula papyrifera Marshall,0236,Dipterocarpus C.F.Gaertn.,0.614046441797878,0.15225687626821854,0.06735710381385199,0.4617895655296595
0073,Balfourodendron riedelianum (Engl.) Engl.,0461,Ochroma pyramidale (Cav. ex Lam.) Urb.,0.7391051969231024,0.27718842224753326,0.04404888631411533,0.46191677467556913
0091,Brachystegia Benth.,0244,Dryobalanops C.F.Gaertn.,0.8507095693892482,0.38877160503932806,0.07236117632383164,0.4619379643499202
0326,Guibourtia ehie (A. Chev.) J. Léonard,0621,Tectona grandis L.,0.7959904774223827,0.267153359759205,0.3340452621707477,0.461945215251635
0091,Brachystegia Benth.,0530,Pterocarpus soyauxii Taub.,0.8514790855544173,0.38877160503932806,0.14757486665108444,0.46270748051508925
0073,Balfourodendron riedelianum (Engl.) Engl.,0324,Guibourtia pellegriniana J.Léonard,0.7401050475820246,0.27718842224753326,0.19715961314014666,0.4629166253344913
0239,Dipteryx odorata (Aubl.) Forsyth f.,0613,Tabebuia rosea (Bert.) DC.,0.7703375004823075,0.29620412323508927,0.30741652748711856,0.462920972995189
0258,Entandrophragma cylindricum (Sprague) Sprague,0353,Intsia Thouars,0.8282020205484204,0.1920147510454096,0.36502681521580665,0.46317520533261375
0301,Gilbertiodendron dewevrei (De Wild.) J.Léonard,0399,Lovoa trichilioides Harms,0.695934519238866,0.17033855113561178,0.2327105138088832,0.46322400542998277
0009,Leptolobium Vogel,0073,Balfourodendron riedelianum (Engl.) Engl.,0.7409162284651184,0.1918203410273337,0.27718842224753326,0.46372780621758514
0030,Amburana cearensis (Allemão) A.C.Sm.,0326,Guibourtia ehie (A. Chev.) J. Léonard,0.7310090622793546,0.20353506212870529,0.267153359759205,0.46385570252014957
0115,Carapa guianensis Aubl.,0530,Pterocarpus soyauxii Taub.,0.9417291993088253,0.47781439040167756,0.14757486665108444,0.4639148089071477
0301,Gilbertiodendron dewevrei (De Wild.) J.Léonard,0325,Guibourtia tessmannii (Harms) J.Léonard,0.6645603340285924,0.17033855113561178,0.20053590665995039,0.464024427368642
0214,Daniellia thurifera Benn.,0353,Intsia Thouars,0.9077080432385812,0.44353669806721796,0.36502681521580665,0.46417134517136327
0003,Acacia mangium Willd.,0353,Intsia Thouars,0.8297633759674408,0.24987335040256672,0.36502681521580665,0.4647365607516341
0096,Brosimum guianense (Aubl.) Huber ex Ducke,0297,Fraxinus mandshurica Rupr.,0.9571063413129659,0.4923459427522542,0.18720922831157757,0.4647603985607117
0426,Microberlinia brazzavillensis A. Chev.,0678,Albizia ferruginea (Guill. & Perr.) Benth.,0.8030570598794932,0.24891986447473777,0.33801121938985357,0.4650458404896396
0085,Bobgunnia fistuloides (Harms) J.H. Kirkbr. & Wiersema,0678,Albizia ferruginea (Guill. & Perr.) Benth.,0.9048362093847726,0.4396589361336944,0.33801121938985357,0.4651772732510782
0007,Acer pseudoplatanus L.,0070,Bagassa guianensis Aubl.,0.8174019688716977,0.01598614417773803,0.35189488550655634,0.46550708336514135
0243,Dracontomelon dao (Blanco) Merr. & Rolfe,0257,Entandrophragma candollei Harms,0.8481745599018833,0.38265490650255146,0.09798805046374451,0.4655196533993318
0245,Dryobalanops aromatica C.F.Gaertn.,0354,Intsia bijuga (Colebr.) Kuntze,0.7934623194057151,0.1574311550408419,0.3278225854948488,0.4656397339108663
0552,Quercus alba L.,0679,Aningeria Aubrév. & Pellegr.,0.7585595483958867,0.054910389150189774,0.29282501993701454,0.46573452845887214
0114,Cantleya corniculata (Becc.) R.A.Howard,0115,Carapa guianensis Aubl.,0.9436412210300644,0.24998781279531032,0.47781439040167756,0.46582683062838687
0157,Ceriops tagal (Perr.) C.B. Robinson,0607,Swietenia macrophylla King,0.8393583725819271,0.3733888439031872,0.07039605530704054,0.4659695286787399
0245,Dryobalanops aromatica C.F.Gaertn.,0621,Tectona grandis L.,0.8000863273208476,0.1574311550408419,0.3340452621707477,0.4660410651500999
0380,Libidibia paraguariensis (D.Parodi) G.P.Lewis,0550,Quercus mongolica Fisch. ex Ledeb.,0.9324548243085209,0.466381748885464,0.0295908067557718,0.46607307542305687
0354,Intsia bijuga (Colebr.) Kuntze,0431,Millettia laurentii De Wild.,0.7941664821985572,0.3278225854948488,0.15046909860762905,0.46634389670370846
0293,Fraxinus americana L.,0678,Albizia ferruginea (Guill. & Perr.) Benth.,0.8046859709370837,0.06673216616943302,0.33801121938985357,0.46667475154723015
0009,Leptolobium Vogel,0256,Entandrophragma angolense (Welw.) Panshin,0.8196975958766535,0.1918203410273337,0.35292642353479126,0.4667711723418622
0009,Leptolobium Vogel,0606,Swietenia humilis Zucc.,0.6827232349519052,0.1918203410273337,0.2157970800606374,0.4669261548912679
0080,Betula papyrifera Marshall,0238,Dipterocarpus kerrii King,0.6192867958227584,0.15225687626821854,0.047350069644523325,0.4670299195545398
0399,Lovoa trichilioides Harms,0479,Peltogyne catingae Ducke,0.6998939300639694,0.2327105138088832,0.034412686077142644,0.4671834162550862
0313,Grevillea robusta A.Cunn. ex R.Br.,0425,Mezilaurus ita-uba (Meisn.) Taub. ex Mez,0.5887597532413882,0.12015375617853329,0.12157433758219263,0.4671854156591956
0085,Bobgunnia fistuloides (Harms) J.H. Kirkbr. & Wiersema,0095,Brosimum alicastrum Swartz,0.9068580133692463,0.4396589361336944,0.373588888328799,0.46719907723555193
0034,Anacardium L.,0479,Peltogyne catingae Ducke,0.7259080650841221,0.25845756017377447,0.034412686077142644,0.4674505049103476
0214,Daniellia thurifera Benn.,0325,Guibourtia tessmannii (Harms) J.Léonard,0.9110104954896001,0.44353669806721796,0.20053590665995039,0.46747379742238215
0236,Dipterocarpus C.F.Gaertn.,0366,Juglans regia L.,0.5350815637090036,0.06735710381385199,0.011555233791711243,0.46772445989515166
0297,Fraxinus mandshurica Rupr.,0430,Milicia excelsa (Welw.) C.C. Berg,0.748754897411702,0.18720922831157757,0.2809459055523187,0.4678089918593833
0245,Dryobalanops aromatica C.F.Gaertn.,0613,Tabebuia rosea (Bert.) DC.,0.7760787710668957,0.1574311550408419,0.30741652748711856,0.46866224357977715
0130,Castanea sativa Mill.,0243,Dracontomelon dao (Blanco) Merr. & Rolfe,0.8515108982786128,0.13730049844128367,0.38265490650255146,0.46885599177606135
0041,Aniba rosodora Ducke,0461,Ochroma pyramidale (Cav. ex Lam.) Urb.,0.5133026397136466,0.03206859773287161,0.04404888631411533,0.4692537533995313
0095,Brosimum alicastrum Swartz,0461,Ochroma pyramidale (Cav. ex Lam.) Urb.,0.8428427552615136,0.373588888328799,0.04404888631411533,0.46925386693271465
0070,Bagassa guianensis Aubl.,0367,Juglans nigra L.,0.8212340975435419,0.35189488550655634,0.030957996752025003,0.4693392120369856
0041,Aniba rosodora Ducke,0259,Entandrophragma utile (Dawe & Sprague) Sprague,0.7807231960788561,0.03206859773287161,0.31117134377790345,0.46955185230095264
0243,Dracontomelon dao (Blanco) Merr. & Rolfe,0679,Aningeria Aubrév. & Pellegr.,0.8522983640883905,0.38265490650255146,0.29282501993701454,0.4696434575858391
0325,Guibourtia tessmannii (Harms) J.Léonard,0613,Tabebuia rosea (Bert.) DC.,0.7771771396269045,0.20053590665995039,0.30741652748711856,0.4697606121397859
0085,Bobgunnia fistuloides (Harms) J.H. Kirkbr. & Wiersema,0243,Dracontomelon dao (Blanco) Merr. & Rolfe,0.9096324123654016,0.4396589361336944,0.38265490650255146,0.4699734762317072
0295,Fraxinus nigra Marshall,0679,Aningeria Aubrév. & Pellegr.,0.762975190723373,0.04872560265571527,0.29282501993701454,0.4701501707863585
0259,Entandrophragma utile (Dawe & Sprague) Sprague,0366,Juglans regia L.,0.7814578144185126,0.31117134377790345,0.011555233791711243,0.47028647064060913
0608,Swietenia mahagoni (L.) Jacq.,0678,Albizia ferruginea (Guill. & Perr.) Benth.,0.8084260981492555,0.156298942858346,0.33801121938985357,0.4704148787594019
0073,Balfourodendron riedelianum (Engl.) Engl.,0318,Leplaea cedrata (A.Chev.) E.J.M.Koenen & J.J.de Wilde,0.747682850955998,0.27718842224753326,0.03917415789724382,0.4704944287084647
0418,Mansonia altissima (A. Chev.) A. Chev.,0461,Ochroma pyramidale (Cav. ex Lam.) Urb.,0.5766171196804134,0.10609990889998436,0.04404888631411533,0.4705172107804291
0095,Brosimum alicastrum Swartz,0553,Quercus petraea (Matt.) Liebl.,0.84424294003158,0.373588888328799,0.1175281560814896,0.47065405170278096
0070,Bagassa guianensis Aubl.,0372,Khaya ivorensis A.Chev.,0.82290373331625,0.35189488550655634,0.1284079480176259,0.47100884780969365
0301,Gilbertiodendron dewevrei (De Wild.) J.Léonard,0430,Milicia excelsa (Welw.) C.C. Berg,0.7525856214777613,0.17033855113561178,0.2809459055523187,0.4716397159254426
0158,"Chlorocardium rodiei (R.H.Schomb.) Rohwer, H.G.Richt. & van der Werff",0181,Cotylelobium Pierre,0.5534825431148274,0.08176555061613976,0.02876268832314597,0.4717169924986876
0085,Bobgunnia fistuloides (Harms) J.H. Kirkbr. & Wiersema,0294,Fraxinus excelsior L.,0.9116496906115823,0.4396589361336944,0.057931930658733005,0.4719907544778879
0396,Lophira alata Banks ex C.F.Gaertn.,0621,Tectona grandis L.,0.8061162376569292,0.08393196411047188,0.3340452621707477,0.4720709754861815
0034,Anacardium L.,0326,Guibourtia ehie (A. Chev.) J. Léonard,0.7392692813978264,0.25845756017377447,0.267153359759205,0.4721159216386214
0030,Amburana cearensis (Allemão) A.C.Sm.,0297,Fraxinus mandshurica Rupr.,0.6759166261835095,0.20353506212870529,0.18720922831157757,0.47238156405480414
0479,Peltogyne catingae Ducke,0613,Tabebuia rosea (Bert.) DC.,0.7802844088579661,0.034412686077142644,0.30741652748711856,0.47286788137084756
0207,Dalbergia nigra (Vell.) Allemão ex Benth.,0297,Fraxinus mandshurica Rupr.,0.7926209763981495,0.31919241888109307,0.18720922831157757,0.4734285575170565
0236,Dipterocarpus C.F.Gaertn.,0313,Grevillea robusta A.Cunn. ex R.Br.,0.5937776039080896,0.06735710381385199,0.12015375617853329,0.47362384772955635
0258,Entandrophragma cylindricum (Sprague) Sprague,0297,Fraxinus mandshurica Rupr.,0.6658721920702295,0.1920147510454096,0.18720922831157757,0.4738574410248199
0425,Mezilaurus ita-uba (Meisn.) Taub. ex Mez,0678,Albizia ferruginea (Guill. & Perr.) Benth.,0.8121870396222777,0.12157433758219263,0.33801121938985357,0.4741758202324241
0085,Bobgunnia fistuloides (Harms) J.H. Kirkbr. & Wiersema,0147,Ceiba pentandra (L.) Gaertn.,0.9141090007489427,0.4396589361336944,0.09053989442752747,0.47445006461524836
0331,Heritiera utilis (Sprague) Sprague,0542,Pycnanthus angolensis (Welw.) Warb.,0.7446375411797768,0.2700129923785008,0.09358528548867441,0.47462454880127597
0034,Anacardium L.,0297,Fraxinus mandshurica Rupr.,0.733105832220999,0.25845756017377447,0.18720922831157757,0.47464827204722454
0007,Acer pseudoplatanus L.,0323,Guibourtia demeusei (Harms) J.Léonard,0.6985552351958937,0.01598614417773803,0.2237088813376544,0.47484635385823926
0096,Brosimum guianense (Aubl.) Huber ex Ducke,0296,Fraxinus ornus L.,0.9672868546511731,0.4923459427522542,0.15609996020530656,0.47494091189891896
0270,Erythrophleum suaveolens (Guill. & Perr.) Brenan,0530,Pterocarpus soyauxii Taub.,0.8455286169950966,0.37032055479729653,0.14757486665108444,0.4752080621978001
0372,Khaya ivorensis A.Chev.,0606,Swietenia humilis Zucc.,0.6911373739512653,0.1284079480176259,0.2157970800606374,0.47534029389062793
0035,Anacardium giganteum Hancock ex Engl.,0256,Entandrophragma angolense (Welw.) Panshin,0.8282675084779503,0.09952635975102023,0.35292642353479126,0.475341084943159
0256,Entandrophragma angolense (Welw.) Panshin,0354,Intsia bijuga (Colebr.) Kuntze,0.8283731693433415,0.35292642353479126,0.3278225854948488,0.47544674580855023
0033,Anacardium excelsum (Bertero & Balb. ex Kunth) Skeels,0085,Bobgunnia fistuloides (Harms) J.H. Kirkbr. & Wiersema,0.9151086418191356,0.1612983471755794,0.4396589361336944,0.47544970568544126
0006,Acer platanoides L.,0323,Guibourtia demeusei (Harms) J.Léonard,0.6992615576684604,0.0033010130066980182,0.2237088813376544,0.475552676330806
0035,Anacardium giganteum Hancock ex Engl.,0293,Fraxinus americana L.,0.5752359630008921,0.09952635975102023,0.06673216616943302,0.4757096032498719
0542,Pycnanthus angolensis (Welw.) Warb.,0550,Quercus mongolica Fisch. ex Ledeb.,0.5693854494706798,0.09358528548867441,0.0295908067557718,0.4758001639820054
0114,Cantleya corniculata (Becc.) R.A.Howard,0239,Dipteryx odorata (Aubl.) Forsyth f.,0.7720722938998463,0.24998781279531032,0.29620412323508927,0.47586817066475706
0030,Amburana cearensis (Allemão) A.C.Sm.,0480,Peltogyne mexicana Martínez,0.679896670332027,0.20353506212870529,0.1247695132163256,0.47636160820332174
0070,Bagassa guianensis Aubl.,0679,Aningeria Aubrév. & Pellegr.,0.8283438330597819,0.35189488550655634,0.29282501993701454,0.47644894755322553
0007,Acer pseudoplatanus L.,0096,Brosimum guianense (Aubl.) Huber ex Ducke,0.9689100680822011,0.01598614417773803,0.4923459427522542,0.47656412532994696
0030,Amburana cearensis (Allemão) A.C.Sm.,0426,Microberlinia brazzavillensis A. Chev.,0.7256165563432563,0.20353506212870529,0.24891986447473777,0.4766966918685185
0244,Dryobalanops C.F.Gaertn.,0324,Guibourtia pellegriniana J.Léonard,0.6740898420841736,0.07236117632383164,0.19715961314014666,0.4769302289440269
0130,Castanea sativa Mill.,0239,Dipteryx odorata (Aubl.) Forsyth f.,0.7736191303440791,0.13730049844128367,0.29620412323508927,0.4774150071089899
0236,Dipterocarpus C.F.Gaertn.,0625,Terminalia superba Engl.& Diels,0.799534168598149,0.06735710381385199,0.3215805164792984,0.47795365211885055
0295,Fraxinus nigra Marshall,0366,Juglans regia L.,0.5273052454382031,0.04872560265571527,0.011555233791711243,0.4785796427824879
0238,Dipterocarpus kerrii King,0625,Terminalia superba Engl.& Diels,0.800306936914775,0.047350069644523325,0.3215805164792984,0.47872642043547653
0372,Khaya ivorensis A.Chev.,0461,Ochroma pyramidale (Cav. ex Lam.) Urb.,0.6074605571696943,0.1284079480176259,0.04404888631411533,0.4790526091520684
0478,Peltogyne Vogel,0678,Albizia ferruginea (Guill. & Perr.) Benth.,0.8171302263478235,0.11335898594650924,0.33801121938985357,0.47911900695796994
0313,Grevillea robusta A.Cunn. ex R.Br.,0318,Leplaea cedrata (A.Chev.) E.J.M.Koenen & J.J.de Wilde,0.5993175848842939,0.12015375617853329,0.03917415789724382,0.4791638287057606
0085,Bobgunnia fistuloides (Harms) J.H. Kirkbr. & Wiersema,0541,Pterygota macrocarpa K. Schum.,0.9188885918981116,0.4396589361336944,0.045009082662750124,0.4792296557644172
0070,Bagassa guianensis Aubl.,0425,Mezilaurus ita-uba (Meisn.) Taub. ex Mez,0.8311267681788075,0.35189488550655634,0.12157433758219263,0.47923188267225114
0239,Dipteryx odorata (Aubl.) Forsyth f.,0679,Aningeria Aubrév. & Pellegr.,0.7754580256253656,0.29620412323508927,0.29282501993701454,0.4792539023902763
0041,Aniba rosodora Ducke,0425,Mezilaurus ita-uba (Meisn.) Taub. ex Mez,0.6008982183078002,0.03206859773287161,0.12157433758219263,0.4793238807256076
0238,Dipterocarpus kerrii King,0679,Aningeria Aubrév. & Pellegr.,0.7721751427916492,0.047350069644523325,0.29282501993701454,0.4793501228546347
0207,Dalbergia nigra (Vell.) Allemão ex Benth.,0353,Intsia Thouars,0.8444616033794039,0.31919241888109307,0.36502681521580665,0.47943478816359725
0007,Acer pseudoplatanus L.,0353,Intsia Thouars,0.8451500771367586,0.01598614417773803,0.36502681521580665,0.48012326192095195
0006,Acer platanoides L.,0239,Dipteryx odorata (Aubl.) Forsyth f.,0.7763698225284769,0.0033010130066980182,0.29620412323508927,0.4801656992933876
0207,Dalbergia nigra (Vell.) Allemão ex Benth.,0239,Dipteryx odorata (Aubl.) Forsyth f.,0.7996596371894636,0.31919241888109307,0.29620412323508927,0.4804672183083706
0239,Dipteryx odorata (Aubl.) Forsyth f.,0371,Khaya grandifoliola C.DC.,0.7768000463528156,0.29620412323508927,0.13346149799545334,0.48059592311772636
0207,Dalbergia nigra (Vell.) Allemão ex Benth.,0245,Dryobalanops aromatica C.F.Gaertn.,0.7998552563021784,0.31919241888109307,0.1574311550408419,0.4806628374210853
0095,Brosimum alicastrum Swartz,0256,Entandrophragma angolense (Welw.) Panshin,0.8545512253816507,0.373588888328799,0.35292642353479126,0.48096233705285174
0331,Heritiera utilis (Sprague) Sprague,0353,Intsia Thouars,0.8463141293141881,0.2700129923785008,0.36502681521580665,0.4812873140983815
0033,Anacardium excelsum (Bertero & Balb. ex Kunth) Skeels,0073,Balfourodendron riedelianum (Engl.) Engl.,0.758515304099387,0.1612983471755794,0.27718842224753326,0.4813268818518538
0331,Heritiera utilis (Sprague) Sprague,0606,Swietenia humilis Zucc.,0.7513802794062084,0.2700129923785008,0.2157970800606374,0.48136728702770765
0009,Leptolobium Vogel,0072,Baillonella toxisperma Pierre,0.8597654323088926,0.1918203410273337,0.377642267969207,0.48212316433968555
0372,Khaya ivorensis A.Chev.,0418,Mansonia altissima (A. Chev.) A. Chev.,0.610537166991289,0.1284079480176259,0.10609990889998436,0.4821292189736631
0045,Anopyxis klaineana (Pierre) Engl.,0130,Castanea sativa Mill.,0.8488348179224234,0.3666389738639127,0.13730049844128367,0.48219584405851074
0324,Guibourtia pellegriniana J.Léonard,0399,Lovoa trichilioides Harms,0.7150024421886851,0.19715961314014666,0.2327105138088832,0.48229192837980195
0259,Entandrophragma utile (Dawe & Sprague) Sprague,0331,Heritiera utilis (Sprague) Sprague,0.793502538731039,0.31117134377790345,0.2700129923785008,0.4823311949531356
0236,Dipterocarpus C.F.Gaertn.,0679,Aningeria Aubrév. & Pellegr.,0.7754146988288526,0.06735710381385199,0.29282501993701454,0.48258967889183807
0030,Amburana cearensis (Allemão) A.C.Sm.,0085,Bobgunnia fistuloides (Harms) J.H. Kirkbr. & Wiersema,0.9223798951705082,0.20353506212870529,0.4396589361336944,0.48272095903681383
0256,Entandrophragma angolense (Welw.) Panshin,0480,Peltogyne mexicana Martínez,0.8356932218121662,0.35292642353479126,0.1247695132163256,0.48276679827737495
0259,Entandrophragma utile (Dawe & Sprague) Sprague,0530,Pterocarpus soyauxii Taub.,0.7940421546116955,0.31117134377790345,0.14757486665108444,0.482870810833792
0214,Daniellia thurifera Benn.,0270,Erythrophleum suaveolens (Guill. & Perr.) Brenan,0.9264444351801794,0.44353669806721796,0.37032055479729653,0.4829077371129614
0007,Acer pseudoplatanus L.,0380,Libidibia paraguariensis (D.Parodi) G.P.Lewis,0.9496738358957116,0.01598614417773803,0.466381748885464,0.4832920870102476
0085,Bobgunnia fistuloides (Harms) J.H. Kirkbr. & Wiersema,0553,Quercus petraea (Matt.) Liebl.,0.922986197500153,0.4396589361336944,0.1175281560814896,0.4833272613664586
0035,Anacardium giganteum Hancock ex Engl.,0245,Dryobalanops aromatica C.F.Gaertn.,0.6408774292410686,0.09952635975102023,0.1574311550408419,0.4834462742002267
0326,Guibourtia ehie (A. Chev.) J. Léonard,0461,Ochroma pyramidale (Cav. ex Lam.) Urb.,0.7506554875266069,0.267153359759205,0.04404888631411533,0.4835021277674019
0195,Ctenolophon parvifolius Oliv.,0371,Khaya grandifoliola C.DC.,0.6281900802928475,0.1445569890808498,0.13346149799545334,0.4836330912119977
0006,Acer platanoides L.,0325,Guibourtia tessmannii (Harms) J.Léonard,0.6842755135946353,0.0033010130066980182,0.20053590665995039,0.483739606934685
0259,Entandrophragma utile (Dawe & Sprague) Sprague,0293,Fraxinus americana L.,0.7952119049606493,0.31117134377790345,0.06673216616943302,0.48404056118274585
0091,Brachystegia Benth.,0114,Cantleya corniculata (Becc.) R.A.Howard,0.8728147051109754,0.38877160503932806,0.24998781279531032,0.4840431000716473
0238,Dipterocarpus kerrii King,0313,Grevillea robusta A.Cunn. ex R.Br.,0.6042751740634834,0.047350069644523325,0.12015375617853329,0.4841214178849501
0325,Guibourtia tessmannii (Harms) J.Léonard,0375,Koompassia malaccensis Maing.,0.6847599940599585,0.20053590665995039,0.08877285430095372,0.4842240874000081
0085,Bobgunnia fistuloides (Harms) J.H. Kirkbr. & Wiersema,0430,Milicia excelsa (Welw.) C.C. Berg,0.924290644388167,0.4396589361336944,0.2809459055523187,0.4846317082544726
0045,Anopyxis klaineana (Pierre) Engl.,0269,Erythrophleum ivorense A. Chev,0.8514087502538668,0.3666389738639127,0.18362962432208574,0.48476977638995405
0296,Fraxinus ornus L.,0430,Milicia excelsa (Welw.) C.C. Berg,0.7657498751296935,0.15609996020530656,0.2809459055523187,0.4848039695773748
0326,Guibourtia ehie (A. Chev.) J. Léonard,0399,Lovoa trichilioides Harms,0.7519837494748927,0.267153359759205,0.2327105138088832,0.48483038971568765
0293,Fraxinus americana L.,0648,Triplochiton scleroxylon K. Schum.,0.551866925603015,0.06673216616943302,0.03451537060084674,0.485134759433582
0245,Dryobalanops aromatica C.F.Gaertn.,0479,Peltogyne catingae Ducke,0.6427801321101501,0.1574311550408419,0.034412686077142644,0.48534897706930813
0003,Acacia mangium Willd.,0147,Ceiba pentandra (L.) Gaertn.,0.7356295110927377,0.24987335040256672,0.09053989442752747,0.4857561606901709
0323,Guibourtia demeusei (Harms) J.Léonard,0372,Khaya ivorensis A.Chev.,0.7095151112746938,0.2237088813376544,0.1284079480176259,0.48580622993703937
0480,Peltogyne mexicana Martínez,0621,Tectona grandis L.,0.8198525406196483,0.1247695132163256,0.3340452621707477,0.4858072784489006
0073,Balfourodendron riedelianum (Engl.) Engl.,0294,Fraxinus excelsior L.,0.7629966899815057,0.27718842224753326,0.057931930658733005,0.48580826773397245
0302,Gilbertiodendron preussii (Harms) J.Léonard,0430,Milicia excelsa (Welw.) C.C. Berg,0.7667572178665474,0.21477324086718907,0.2809459055523187,0.4858113123142287
0258,Entandrophragma cylindricum (Sprague) Sprague,0613,Tabebuia rosea (Bert.) DC.,0.7933797646236426,0.1920147510454096,0.30741652748711856,0.485963237136524
0006,Acer platanoides L.,0243,Dracontomelon dao (Blanco) Merr. & Rolfe,0.8686391109208438,0.0033010130066980182,0.38265490650255146,0.4859842044182923
0181,Cotylelobium Pierre,0207,Dalbergia nigra (Vell.) Allemão ex Benth.,0.805410658342517,0.02876268832314597,0.31919241888109307,0.48621823946142395
0147,Ceiba pentandra (L.) Gaertn.,0259,Entandrophragma utile (Dawe & Sprague) Sprague,0.7976564968519753,0.09053989442752747,0.31117134377790345,0.4864851530740718
0157,Ceriops tagal (Perr.) C.B. Robinson,0431,Millettia laurentii De Wild.,0.8599383995512478,0.3733888439031872,0.15046909860762905,0.4865495556480606
0243,Dracontomelon dao (Blanco) Merr. & Rolfe,0607,Swietenia macrophylla King,0.8695485706416926,0.38265490650255146,0.07039605530704054,0.4868936641391411
0045,Anopyxis klaineana (Pierre) Engl.,0461,Ochroma pyramidale (Cav. ex Lam.) Urb.,0.8541574688318042,0.3666389738639127,0.04404888631411533,0.4875184949678915
0294,Fraxinus excelsior L.,0606,Swietenia humilis Zucc.,0.7035335231251958,0.057931930658733005,0.2157970800606374,0.48773644306455843
0244,Dryobalanops C.F.Gaertn.,0270,Erythrophleum suaveolens (Guill. & Perr.) Brenan,0.8583934009168277,0.07236117632383164,0.37032055479729653,0.48807284611953117
0431,Millettia laurentii De Wild.,0625,Terminalia superba Engl.& Diels,0.8098364738187521,0.15046909860762905,0.3215805164792984,0.4882559573394537
0297,Fraxinus mandshurica Rupr.,0399,Lovoa trichilioides Harms,0.721145714122259,0.18720922831157757,0.2327105138088832,0.48843520031337584
0034,Anacardium L.,0236,Dipterocarpus C.F.Gaertn.,0.7470086160524034,0.25845756017377447,0.06735710381385199,0.48855105587862896
0070,Bagassa guianensis Aubl.,0606,Swietenia humilis Zucc.,0.8406227043797394,0.35189488550655634,0.2157970800606374,0.48872781887318306
0214,Daniellia thurifera Benn.,0542,Pycnanthus angolensis (Welw.) Warb.,0.9328585059715172,0.44353669806721796,0.09358528548867441,0.48932180790429924
0003,Acacia mangium Willd.,0257,Entandrophragma candollei Harms,0.7393011138242482,0.24987335040256672,0.09798805046374451,0.4894277634216815
0096,Brosimum guianense (Aubl.) Huber ex Ducke,0130,Castanea sativa Mill.,0.9818881958857881,0.4923459427522542,0.13730049844128367,0.48954225313353394
0003,Acacia mangium Willd.,0608,Swietenia mahagoni (L.) Jacq.,0.7394516917750452,0.24987335040256672,0.156298942858346,0.48957834137247846
0301,Gilbertiodendron dewevrei (De Wild.) J.Léonard,0625,Terminalia superba Engl.& Diels,0.811275150824058,0.17033855113561178,0.3215805164792984,0.48969463434475957
0034,Anacardium L.,0147,Ceiba pentandra (L.) Gaertn.,0.7482560405644023,0.25845756017377447,0.09053989442752747,0.48979848039062784
0003,Acacia mangium Willd.,0195,Ctenolophon parvifolius Oliv.,0.7396865136211861,0.24987335040256672,0.1445569890808498,0.48981316321861934
0245,Dryobalanops aromatica C.F.Gaertn.,0353,Intsia Thouars,0.8556383670011005,0.1574311550408419,0.36502681521580665,0.49061155178529386
0085,Bobgunnia fistuloides (Harms) J.H. Kirkbr. & Wiersema,0158,"Chlorocardium rodiei (R.H.Schomb.) Rohwer, H.G.Richt. & van der Werff",0.9304378378991471,0.4396589361336944,0.08176555061613976,0.49077890176545275
0033,Anacardium excelsum (Bertero & Balb. ex Kunth) Skeels,0034,Anacardium L.,0.7494352594130687,0.1612983471755794,0.25845756017377447,0.4909776992392942
0085,Bobgunnia fistuloides (Harms) J.H. Kirkbr. & Wiersema,0331,Heritiera utilis (Sprague) Sprague,0.9314398122488103,0.4396589361336944,0.2700129923785008,0.49178087611511595
0006,Acer platanoides L.,0326,Guibourtia ehie (A. Chev.) J. Léonard,0.7590826438299293,0.0033010130066980182,0.267153359759205,0.4919292840707243
0259,Entandrophragma utile (Dawe & Sprague) Sprague,0297,Fraxinus mandshurica Rupr.,0.8031931748428845,0.31117134377790345,0.18720922831157757,0.4920218310649811
0371,Khaya grandifoliola C.DC.,0399,Lovoa trichilioides Harms,0.7247693697441437,0.13346149799545334,0.2327105138088832,0.49205885593526055
0380,Libidibia paraguariensis (D.Parodi) G.P.Lewis,0552,Quercus alba L.,0.9586661627585247,0.466381748885464,0.054910389150189774,0.49228441387306066
0147,Ceiba pentandra (L.) Gaertn.,0207,Dalbergia nigra (Vell.) Allemão ex Benth.,0.8118658251300325,0.09053989442752747,0.31919241888109307,0.4926734062489394
0181,Cotylelobium Pierre,0256,Entandrophragma angolense (Welw.) Panshin,0.8458669323609271,0.02876268832314597,0.35292642353479126,0.4929405088261359
0034,Anacardium L.,0238,Dipterocarpus kerrii King,0.7516018343250369,0.25845756017377447,0.047350069644523325,0.49314427415126244
0259,Entandrophragma utile (Dawe & Sprague) Sprague,0613,Tabebuia rosea (Bert.) DC.,0.8046473453441575,0.31117134377790345,0.30741652748711856,0.49347600156625404
0256,Entandrophragma angolense (Welw.) Panshin,0269,Erythrophleum ivorense A. Chev,0.8465187230513838,0.35292642353479126,0.18362962432208574,0.4935922995165925
0380,Libidibia paraguariensis (D.Parodi) G.P.Lewis,0608,Swietenia mahagoni (L.) Jacq.,0.9599831054186551,0.466381748885464,0.156298942858346,0.49360135653319104
0114,Cantleya corniculata (Becc.) R.A.Howard,0371,Khaya grandifoliola C.DC.,0.7437352996566375,0.24998781279531032,0.13346149799545334,0.4937474868613272
0033,Anacardium excelsum (Bertero & Balb. ex Kunth) Skeels,0331,Heritiera utilis (Sprague) Sprague,0.7638492168334571,0.1612983471755794,0.2700129923785008,0.4938362244549563
0085,Bobgunnia fistuloides (Harms) J.H. Kirkbr. & Wiersema,0301,Gilbertiodendron dewevrei (De Wild.) J.Léonard,0.9335132160440336,0.4396589361336944,0.17033855113561178,0.4938542799103392
0430,Milicia excelsa (Welw.) C.C. Berg,0479,Peltogyne catingae Ducke,0.7748704360284191,0.2809459055523187,0.034412686077142644,0.4939245304761004
0243,Dracontomelon dao (Blanco) Merr. & Rolfe,0553,Quercus petraea (Matt.) Liebl.,0.8765924550210181,0.38265490650255146,0.1175281560814896,0.49393754851846666
0130,Castanea sativa Mill.,0679,Aningeria Aubrév. & Pellegr.,0.7868244769586671,0.13730049844128367,0.29282501993701454,0.49399945702165254
0080,Betula papyrifera Marshall,0195,Ctenolophon parvifolius Oliv.,0.6464321760602545,0.15225687626821854,0.1445569890808498,0.49417529979203595
0034,Anacardium L.,0480,Peltogyne mexicana Martínez,0.752637134379107,0.25845756017377447,0.1247695132163256,0.4941795742053325
0553,Quercus petraea (Matt.) Liebl.,0621,Tectona grandis L.,0.828389484764993,0.1175281560814896,0.3340452621707477,0.49434422259424526
0035,Anacardium giganteum Hancock ex Engl.,0181,Cotylelobium Pierre,0.5940266725247694,0.09952635975102023,0.02876268832314597,0.4945003127737492
0157,Ceriops tagal (Perr.) C.B. Robinson,0396,Lophira alata Banks ex C.F.Gaertn.,0.8682749195600096,0.3733888439031872,0.08393196411047188,0.49488607565682236
0080,Betula papyrifera Marshall,0259,Entandrophragma utile (Dawe & Sprague) Sprague,0.8061917103276495,0.15225687626821854,0.31117134377790345,0.495020366549746
0095,Brosimum alicastrum Swartz,0550,Quercus mongolica Fisch. ex Ledeb.,0.8687945664257346,0.373588888328799,0.0295908067557718,0.4952056780969356
0072,Baillonella toxisperma Pierre,0430,Milicia excelsa (Welw.) C.C. Berg,0.8728520098005388,0.377642267969207,0.2809459055523187,0.49520974183133176
0114,Cantleya corniculata (Becc.) R.A.Howard,0552,Quercus alba L.,0.7453404857263622,0.24998781279531032,0.054910389150189774,0.4953526729310519
0259,Entandrophragma utile (Dawe & Sprague) Sprague,0478,Peltogyne Vogel,0.806874345999411,0.31117134377790345,0.11335898594650924,0.49570300222150754
0030,Amburana cearensis (Allemão) A.C.Sm.,0430,Milicia excelsa (Welw.) C.C. Berg,0.7768644864385321,0.20353506212870529,0.2809459055523187,0.49591858088621343
0070,Bagassa guianensis Aubl.,0129,Castanea crenata Siebold & Zucc.,0.8478418457579242,0.35189488550655634,0.034727594828010425,0.49594696025136786
0072,Baillonella toxisperma Pierre,0259,Entandrophragma utile (Dawe & Sprague) Sprague,0.873706342360905,0.377642267969207,0.31117134377790345,0.49606407439169803
0181,Cotylelobium Pierre,0258,Entandrophragma cylindricum (Sprague) Sprague,0.6883773988796847,0.02876268832314597,0.1920147510454096,0.49636264783427514
0326,Guibourtia ehie (A. Chev.) J. Léonard,0430,Milicia excelsa (Welw.) C.C. Berg,0.7774762700508171,0.267153359759205,0.2809459055523187,0.4965303644984984
0256,Entandrophragma angolense (Welw.) Panshin,0621,Tectona grandis L.,0.849537512970626,0.35292642353479126,0.3340452621707477,0.4966110894358347
0095,Brosimum alicastrum Swartz,0541,Pterygota macrocarpa K. Schum.,0.870286068575518,0.373588888328799,0.045009082662750124,0.49669718024671905
0270,Erythrophleum suaveolens (Guill. & Perr.) Brenan,0431,Millettia laurentii De Wild.,0.8671385561977807,0.37032055479729653,0.15046909860762905,0.49681800140048415
0244,Dryobalanops C.F.Gaertn.,0613,Tabebuia rosea (Bert.) DC.,0.8042836798165958,0.07236117632383164,0.30741652748711856,0.4968671523294772
0081,Betula pendula Roth,0331,Heritiera utilis (Sprague) Sprague,0.767307524195241,0.0030165117830820874,0.2700129923785008,0.49729453181674016
0003,Acacia mangium Willd.,0371,Khaya grandifoliola C.DC.,0.7471968134097366,0.24987335040256672,0.13346149799545334,0.4973234630071699
0244,Dryobalanops C.F.Gaertn.,0354,Intsia bijuga (Colebr.) Kuntze,0.825840715181148,0.07236117632383164,0.3278225854948488,0.4980181296862992
0181,Cotylelobium Pierre,0371,Khaya grandifoliola C.DC.,0.6314993878677554,0.02876268832314597,0.13346149799545334,0.498037889872302
0030,Amburana cearensis (Allemão) A.C.Sm.,0331,Heritiera utilis (Sprague) Sprague,0.7680523281959567,0.20353506212870529,0.2700129923785008,0.4980393358174559
0091,Brachystegia Benth.,0431,Millettia laurentii De Wild.,0.8870469801725827,0.38877160503932806,0.15046909860762905,0.4982753751332546
0244,Dryobalanops C.F.Gaertn.,0621,Tectona grandis L.,0.8323802002367021,0.07236117632383164,0.3340452621707477,0.4983349380659544
0239,Dipteryx odorata (Aubl.) Forsyth f.,0399,Lovoa trichilioides Harms,0.7947536058881233,0.29620412323508927,0.2327105138088832,0.498549482653034
0245,Dryobalanops aromatica C.F.Gaertn.,0326,Guibourtia ehie (A. Chev.) J. Léonard,0.7659867346462487,0.1574311550408419,0.267153359759205,0.49883337488704366
0256,Entandrophragma angolense (Welw.) Panshin,0613,Tabebuia rosea (Bert.) DC.,0.8522369308611033,0.35292642353479126,0.30741652748711856,0.49931050732631205
0030,Amburana cearensis (Allemão) A.C.Sm.,0606,Swietenia humilis Zucc.,0.7151733270232364,0.20353506212870529,0.2157970800606374,0.4993762469625991
0259,Entandrophragma utile (Dawe & Sprague) Sprague,0318,Leplaea cedrata (A.Chev.) E.J.M.Koenen & J.J.de Wilde,0.8107075956556558,0.31117134377790345,0.03917415789724382,0.4995362518777523
0072,Baillonella toxisperma Pierre,0530,Pterocarpus soyauxii Taub.,0.8772364297223773,0.377642267969207,0.14757486665108444,0.49959416175317023
0073,Balfourodendron riedelianum (Engl.) Engl.,0302,Gilbertiodendron preussii (Harms) J.Léonard,0.776783362501891,0.27718842224753326,0.21477324086718907,0.4995949402543577
0114,Cantleya corniculata (Becc.) R.A.Howard,0550,Quercus mongolica Fisch. ex Ledeb.,0.749705477151533,0.24998781279531032,0.0295908067557718,0.49971766435622267
0238,Dipterocarpus kerrii King,0366,Juglans regia L.,0.5470986539244872,0.047350069644523325,0.011555233791711243,0.4997485842799639
0072,Baillonella toxisperma Pierre,0461,Ochroma pyramidale (Cav. ex Lam.) Urb.,0.8775093981611637,0.377642267969207,0.04404888631411533,0.49986713019195667
0034,Anacardium L.,0293,Fraxinus americana L.,0.7584784871486727,0.25845756017377447,0.06673216616943302,0.5000209269748983
0324,Guibourtia pellegriniana J.Léonard,0480,Peltogyne mexicana Martínez,0.6972437662701104,0.19715961314014666,0.1247695132163256,0.5000841531299638
0294,Fraxinus excelsior L.,0326,Guibourtia ehie (A. Chev.) J. Léonard,0.7674257650683731,0.057931930658733005,0.267153359759205,0.5002724053091681
0129,Castanea crenata Siebold & Zucc.,0195,Ctenolophon parvifolius Oliv.,0.6449260796134259,0.034727594828010425,0.1445569890808498,0.500369090532576
0480,Peltogyne mexicana Martínez,0678,Albizia ferruginea (Guill. & Perr.) Benth.,0.838382101086586,0.1247695132163256,0.33801121938985357,0.5003708816967324
0072,Baillonella toxisperma Pierre,0114,Cantleya corniculata (Becc.) R.A.Howard,0.8780472999764881,0.377642267969207,0.24998781279531032,0.500405032007281
0323,Guibourtia demeusei (Harms) J.Léonard,0678,Albizia ferruginea (Guill. & Perr.) Benth.,0.8389308080327418,0.2237088813376544,0.33801121938985357,0.5009195886428882
0214,Daniellia thurifera Benn.,0479,Peltogyne catingae Ducke,0.9446546501050908,0.44353669806721796,0.034412686077142644,0.5011179520378728
0256,Entandrophragma angolense (Welw.) Panshin,0270,Erythrophleum suaveolens (Guill. & Perr.) Brenan,0.8715634369234158,0.35292642353479126,0.37032055479729653,0.5012428821261192
0070,Bagassa guianensis Aubl.,0269,Erythrophleum ivorense A. Chev,0.8533623871933588,0.35189488550655634,0.18362962432208574,0.5014675016868024
0418,Mansonia altissima (A. Chev.) A. Chev.,0625,Terminalia superba Engl.& Diels,0.8231942484348724,0.10609990889998436,0.3215805164792984,0.501613731955574
0207,Dalbergia nigra (Vell.) Allemão ex Benth.,0325,Guibourtia tessmannii (Harms) J.Léonard,0.8208475642572834,0.31919241888109307,0.20053590665995039,0.5016551453761904
0095,Brosimum alicastrum Swartz,0331,Heritiera utilis (Sprague) Sprague,0.8753968793833901,0.373588888328799,0.2700129923785008,0.5018079910545911
0085,Bobgunnia fistuloides (Harms) J.H. Kirkbr. & Wiersema,0256,Entandrophragma angolense (Welw.) Panshin,0.9417583966404097,0.4396589361336944,0.35292642353479126,0.5020994605067153
0035,Anacardium giganteum Hancock ex Engl.,0399,Lovoa trichilioides Harms,0.7348171216521355,0.09952635975102023,0.2327105138088832,0.5021066078432523
0257,Entandrophragma candollei Harms,0426,Microberlinia brazzavillensis A. Chev.,0.751376606790239,0.09798805046374451,0.24891986447473777,0.5024567423155012
0041,Aniba rosodora Ducke,0236,Dipterocarpus C.F.Gaertn.,0.5698355882950616,0.03206859773287161,0.06735710381385199,0.5024784844812097
0129,Castanea crenata Siebold & Zucc.,0297,Fraxinus mandshurica Rupr.,0.6901475611267434,0.034727594828010425,0.18720922831157757,0.5029383328151658
0009,Leptolobium Vogel,0080,Betula papyrifera Marshall,0.6947736791300282,0.1918203410273337,0.15225687626821854,0.5029533381026945
0033,Anacardium excelsum (Bertero & Balb. ex Kunth) Skeels,0625,Terminalia superba Engl.& Diels,0.8245560657637047,0.1612983471755794,0.3215805164792984,0.5029755492844062
0426,Microberlinia brazzavillensis A. Chev.,0479,Peltogyne catingae Ducke,0.7520667400682087,0.24891986447473777,0.034412686077142644,0.5031468755934709
0270,Erythrophleum suaveolens (Guill. & Perr.) Brenan,0606,Swietenia humilis Zucc.,0.8737570192958543,0.37032055479729653,0.2157970800606374,0.5034364644985577
0034,Anacardium L.,0041,Aniba rosodora Ducke,0.7622021420090813,0.25845756017377447,0.03206859773287161,0.5037445818353068
0007,Acer pseudoplatanus L.,0085,Bobgunnia fistuloides (Harms) J.H. Kirkbr. & Wiersema,0.9434929005898589,0.01598614417773803,0.4396589361336944,0.5038339644561645
0093,Brachystegia laurentii (De Wild.) Louis ex J.Léonard,0430,Milicia excelsa (Welw.) C.C. Berg,0.7892163536026443,0.285314769922707,0.2809459055523187,0.5039015836799373
0093,Brachystegia laurentii (De Wild.) Louis ex J.Léonard,0613,Tabebuia rosea (Bert.) DC.,0.8115006913873957,0.285314769922707,0.30741652748711856,0.5040841639002771
0030,Amburana cearensis (Allemão) A.C.Sm.,0372,Khaya ivorensis A.Chev.,0.7078130862454214,0.20353506212870529,0.1284079480176259,0.5042780241167161
0207,Dalbergia nigra (Vell.) Allemão ex Benth.,0396,Lophira alata Banks ex C.F.Gaertn.,0.8235135551557016,0.31919241888109307,0.08393196411047188,0.5043211362746085
0243,Dracontomelon dao (Blanco) Merr. & Rolfe,0608,Swietenia mahagoni (L.) Jacq.,0.8871283833671444,0.38265490650255146,0.156298942858346,0.5044734768645929
0195,Ctenolophon parvifolius Oliv.,0679,Aningeria Aubrév. & Pellegr.,0.797798141197544,0.1445569890808498,0.29282501993701454,0.5049731212605295
0302,Gilbertiodendron preussii (Harms) J.Léonard,0325,Guibourtia tessmannii (Harms) J.Léonard,0.7198285673358864,0.21477324086718907,0.20053590665995039,0.5050553264686973
0157,Ceriops tagal (Perr.) C.B. Robinson,0207,Dalbergia nigra (Vell.) Allemão ex Benth.,0.8785022507598917,0.3733888439031872,0.31919241888109307,0.5051134068567045
0181,Cotylelobium Pierre,0331,Heritiera utilis (Sprague) Sprague,0.7753770144294899,0.02876268832314597,0.2700129923785008,0.5053640220509892
0095,Brosimum alicastrum Swartz,0554,Quercus robur L.,0.8789840819520123,0.373588888328799,0.040088693572690404,0.5053951936232133
0085,Bobgunnia fistuloides (Harms) J.H. Kirkbr. & Wiersema,0323,Guibourtia demeusei (Harms) J.Léonard,0.945239340359781,0.4396589361336944,0.2237088813376544,0.5055804042260865
0130,Castanea sativa Mill.,0214,Daniellia thurifera Benn.,0.9492269853804907,0.13730049844128367,0.44353669806721796,0.5056902873132727
0295,Fraxinus nigra Marshall,0625,Terminalia superba Engl.& Diels,0.8273680184975247,0.04872560265571527,0.3215805164792984,0.5057875020182263
0006,Acer platanoides L.,0181,Cotylelobium Pierre,0.5347908124023507,0.0033010130066980182,0.02876268832314597,0.5060281240792047
0157,Ceriops tagal (Perr.) C.B. Robinson,0245,Dryobalanops aromatica C.F.Gaertn.,0.8799806564571195,0.3733888439031872,0.1574311550408419,0.5065918125539324
0045,Anopyxis klaineana (Pierre) Engl.,0257,Entandrophragma candollei Harms,0.8733652372250071,0.3666389738639127,0.09798805046374451,0.5067262633610945
0293,Fraxinus americana L.,0367,Juglans nigra L.,0.5735002134851008,0.06673216616943302,0.030957996752025003,0.5067680473156678
0323,Guibourtia demeusei (Harms) J.Léonard,0426,Microberlinia brazzavillensis A. Chev.,0.7559816232659793,0.2237088813376544,0.24891986447473777,0.5070617587912415
0035,Anacardium giganteum Hancock ex Engl.,0648,Triplochiton scleroxylon K. Schum.,0.6066136029154348,0.09952635975102023,0.03451537060084674,0.5070872431644146
0085,Bobgunnia fistuloides (Harms) J.H. Kirkbr. & Wiersema,0554,Quercus robur L.,0.9467879066274588,0.4396589361336944,0.040088693572690404,0.5071289704937645
0258,Entandrophragma cylindricum (Sprague) Sprague,0326,Guibourtia ehie (A. Chev.) J. Léonard,0.7744411672872598,0.1920147510454096,0.267153359759205,0.5072878075280547
0158,"Chlorocardium rodiei (R.H.Schomb.) Rohwer, H.G.Richt. & van der Werff",0269,Erythrophleum ivorense A. Chev,0.6911198651936081,0.08176555061613976,0.18362962432208574,0.5074902408715224
0034,Anacardium L.,0269,Erythrophleum ivorense A. Chev,0.7660863014447048,0.25845756017377447,0.18362962432208574,0.5076287412709304
0297,Fraxinus mandshurica Rupr.,0372,Khaya ivorensis A.Chev.,0.6950876647405548,0.18720922831157757,0.1284079480176259,0.5078784364289772
0323,Guibourtia demeusei (Harms) J.Léonard,0621,Tectona grandis L.,0.8420943684146116,0.2237088813376544,0.3340452621707477,0.5080491062438639
0034,Anacardium L.,0295,Fraxinus nigra Marshall,0.7667541741012721,0.25845756017377447,0.04872560265571527,0.5082966139274976
0034,Anacardium L.,0366,Juglans regia L.,0.7671823730819622,0.25845756017377447,0.011555233791711243,0.5087248129081878
0239,Dipteryx odorata (Aubl.) Forsyth f.,0553,Quercus petraea (Matt.) Liebl.,0.8049652782472299,0.29620412323508927,0.1175281560814896,0.5087611550121406
0295,Fraxinus nigra Marshall,0418,Mansonia altissima (A. Chev.) A. Chev.,0.6152079943675193,0.04872560265571527,0.10609990889998436,0.5091080854675349
0066,Aucoumea klaineana Pierre,0554,Quercus robur L.,0.726929154429335,0.21760219624631696,0.040088693572690404,0.5093269581830181
0195,Ctenolophon parvifolius Oliv.,0372,Khaya ivorensis A.Chev.,0.6539955823908007,0.1445569890808498,0.1284079480176259,0.5094385933099509
0297,Fraxinus mandshurica Rupr.,0366,Juglans regia L.,0.6968058253378003,0.18720922831157757,0.011555233791711243,0.5095965970262227
0214,Daniellia thurifera Benn.,0530,Pterocarpus soyauxii Taub.,0.953252167384439,0.44353669806721796,0.14757486665108444,0.509715469317221
0066,Aucoumea klaineana Pierre,0550,Quercus mongolica Fisch. ex Ledeb.,0.7275533526109971,0.21760219624631696,0.0295908067557718,0.5099511563646801
0080,Betula papyrifera Marshall,0331,Heritiera utilis (Sprague) Sprague,0.7800856284505922,0.15225687626821854,0.2700129923785008,0.5100726360720913
0257,Entandrophragma candollei Harms,0270,Erythrophleum suaveolens (Guill. & Perr.) Brenan,0.8804406311264592,0.09798805046374451,0.37032055479729653,0.5101200763291627
0302,Gilbertiodendron preussii (Harms) J.Léonard,0621,Tectona grandis L.,0.8443959259915559,0.21477324086718907,0.3340452621707477,0.5103506638208082
0096,Brosimum guianense (Aubl.) Huber ex Ducke,0553,Quercus petraea (Matt.) Liebl.,1.00271504776348,0.4923459427522542,0.1175281560814896,0.5103691050112259
0073,Balfourodendron riedelianum (Engl.) Engl.,0095,Brosimum alicastrum Swartz,0.8842303687677853,0.27718842224753326,0.373588888328799,0.5106414804389863
0353,Intsia Thouars,0625,Terminalia superba Engl.& Diels,0.875804004505448,0.36502681521580665,0.3215805164792984,0.5107771892896413
0354,Intsia bijuga (Colebr.) Kuntze,0372,Khaya ivorensis A.Chev.,0.8389067009877864,0.3278225854948488,0.1284079480176259,0.5110841154929376
0323,Guibourtia demeusei (Harms) J.Léonard,0606,Swietenia humilis Zucc.,0.7348523617278191,0.2237088813376544,0.2157970800606374,0.5111434803901647
0081,Betula pendula Roth,0259,Entandrophragma utile (Dawe & Sprague) Sprague,0.8226395699057021,0.0030165117830820874,0.31117134377790345,0.5114682261277986
0302,Gilbertiodendron preussii (Harms) J.Léonard,0606,Swietenia humilis Zucc.,0.7273276620018392,0.21477324086718907,0.2157970800606374,0.5115305819412018
0313,Grevillea robusta A.Cunn. ex R.Br.,0625,Terminalia superba Engl.& Diels,0.8331497396127302,0.12015375617853329,0.3215805164792984,0.5115692231334318
0066,Aucoumea klaineana Pierre,0541,Pterygota macrocarpa K. Schum.,0.7292115358339358,0.21760219624631696,0.045009082662750124,0.5116093395876189
0461,Ochroma pyramidale (Cav. ex Lam.) Urb.,0621,Tectona grandis L.,0.8457621033992668,0.04404888631411533,0.3340452621707477,0.5117168412285191
0041,Aniba rosodora Ducke,0295,Fraxinus nigra Marshall,0.5606573149373315,0.03206859773287161,0.04872560265571527,0.5119317122816163
0157,Ceriops tagal (Perr.) C.B. Robinson,0256,Entandrophragma angolense (Welw.) Panshin,0.8854014239089081,0.3733888439031872,0.35292642353479126,0.5120125800057209
0296,Fraxinus ornus L.,0399,Lovoa trichilioides Harms,0.7449608810572179,0.15609996020530656,0.2327105138088832,0.5122503672483347
0007,Acer pseudoplatanus L.,0325,Guibourtia tessmannii (Harms) J.Léonard,0.7129912308267206,0.01598614417773803,0.20053590665995039,0.5124553241667702
0239,Dipteryx odorata (Aubl.) Forsyth f.,0606,Swietenia humilis Zucc.,0.8087123307079315,0.29620412323508927,0.2157970800606374,0.5125082074728422
0258,Entandrophragma cylindricum (Sprague) Sprague,0331,Heritiera utilis (Sprague) Sprague,0.7825365636597925,0.1920147510454096,0.2700129923785008,0.5125235712812917
0035,Anacardium giganteum Hancock ex Engl.,0367,Juglans nigra L.,0.6120687700475221,0.09952635975102023,0.030957996752025003,0.5125424102965019
0041,Aniba rosodora Ducke,0613,Tabebuia rosea (Bert.) DC.,0.8199656804645276,0.03206859773287161,0.30741652748711856,0.512549152977409
0003,Acacia mangium Willd.,0236,Dipterocarpus C.F.Gaertn.,0.762503143913855,0.24987335040256672,0.06735710381385199,0.5126297935112882
0115,Carapa guianensis Aubl.,0245,Dryobalanops aromatica C.F.Gaertn.,0.9906101182904485,0.47781439040167756,0.1574311550408419,0.5127957278887709
0257,Entandrophragma candollei Harms,0331,Heritiera utilis (Sprague) Sprague,0.7829739951294542,0.09798805046374451,0.2700129923785008,0.5129610027509535
0158,"Chlorocardium rodiei (R.H.Schomb.) Rohwer, H.G.Richt. & van der Werff",0293,Fraxinus americana L.,0.5948856118216663,0.08176555061613976,0.06673216616943302,0.5131200612055266
0129,Castanea crenata Siebold & Zucc.,0679,Aningeria Aubrév. & Pellegr.,0.8060946058195865,0.034727594828010425,0.29282501993701454,0.513269585882572
0297,Fraxinus mandshurica Rupr.,0679,Aningeria Aubrév. & Pellegr.,0.8061788220414937,0.18720922831157757,0.29282501993701454,0.5133538021044792
0091,Brachystegia Benth.,0371,Khaya grandifoliola C.DC.,0.9023018828498921,0.38877160503932806,0.13346149799545334,0.513530277810564
0380,Libidibia paraguariensis (D.Parodi) G.P.Lewis,0607,Swietenia macrophylla King,0.9800150424012132,0.466381748885464,0.07039605530704054,0.5136332935157492
0256,Entandrophragma angolense (Welw.) Panshin,0552,Quercus alba L.,0.8666483225791131,0.35292642353479126,0.054910389150189774,0.5137218990443218
0045,Anopyxis klaineana (Pierre) Engl.,0354,Intsia bijuga (Colebr.) Kuntze,0.8803756563588733,0.3666389738639127,0.3278225854948488,0.5137366824949605
0461,Ochroma pyramidale (Cav. ex Lam.) Urb.,0679,Aningeria Aubrév. & Pellegr.,0.8066868129263595,0.04404888631411533,0.29282501993701454,0.513861792989345
0295,Fraxinus nigra Marshall,0542,Pycnanthus angolensis (Welw.) Warb.,0.6078528084501198,0.04872560265571527,0.09358528548867441,0.5142675229614454
0296,Fraxinus ornus L.,0372,Khaya ivorensis A.Chev.,0.6703795571507917,0.15609996020530656,0.1284079480176259,0.5142795969454851
0006,Acer platanoides L.,0371,Khaya grandifoliola C.DC.,0.6480884935620186,0.0033010130066980182,0.13346149799545334,0.5146269955665652
0009,Leptolobium Vogel,0372,Khaya ivorensis A.Chev.,0.7065941205954009,0.1918203410273337,0.1284079480176259,0.5147737795680672
0243,Dracontomelon dao (Blanco) Merr. & Rolfe,0461,Ochroma pyramidale (Cav. ex Lam.) Urb.,0.8976057907920836,0.38265490650255146,0.04404888631411533,0.5149508842895321
0366,Juglans regia L.,0678,Albizia ferruginea (Guill. & Perr.) Benth.,0.8529850880137451,0.011555233791711243,0.33801121938985357,0.5149738686238915
0085,Bobgunnia fistuloides (Harms) J.H. Kirkbr. & Wiersema,0550,Quercus mongolica Fisch. ex Ledeb.,0.9547124134826707,0.4396589361336944,0.0295908067557718,0.5150534773489763
0371,Khaya grandifoliola C.DC.,0606,Swietenia humilis Zucc.,0.730930472773782,0.13346149799545334,0.2157970800606374,0.5151333927131446
0045,Anopyxis klaineana (Pierre) Engl.,0541,Pterygota macrocarpa K. Schum.,0.8818134606892196,0.3666389738639127,0.045009082662750124,0.515174486825307
0480,Peltogyne mexicana Martínez,0606,Swietenia humilis Zucc.,0.7310420069462841,0.1247695132163256,0.2157970800606374,0.5152449268856467
0007,Acer pseudoplatanus L.,0095,Brosimum alicastrum Swartz,0.8889155746469264,0.01598614417773803,0.373588888328799,0.5153266863181274
0080,Betula papyrifera Marshall,0541,Pterygota macrocarpa K. Schum.,0.667643563364018,0.15225687626821854,0.045009082662750124,0.5153866870957995
0331,Heritiera utilis (Sprague) Sprague,0380,Libidibia paraguariensis (D.Parodi) G.P.Lewis,0.9818836247567007,0.2700129923785008,0.466381748885464,0.5155018758712366
0294,Fraxinus excelsior L.,0608,Swietenia mahagoni (L.) Jacq.,0.6718475298277357,0.057931930658733005,0.156298942858346,0.5155485869693897
0073,Balfourodendron riedelianum (Engl.) Engl.,0181,Cotylelobium Pierre,0.7927809746867963,0.27718842224753326,0.02876268832314597,0.515592552439263
0318,Leplaea cedrata (A.Chev.) E.J.M.Koenen & J.J.de Wilde,0678,Albizia ferruginea (Guill. & Perr.) Benth.,0.8543876439107216,0.03917415789724382,0.33801121938985357,0.5163764245208681
0256,Entandrophragma angolense (Welw.) Panshin,0431,Millettia laurentii De Wild.,0.8694093145776588,0.35292642353479126,0.15046909860762905,0.5164828910428676
0041,Aniba rosodora Ducke,0070,Bagassa guianensis Aubl.,0.868463836505831,0.03206859773287161,0.35189488550655634,0.5165689509992747
0006,Acer platanoides L.,0115,Carapa guianensis Aubl.,0.994775793847616,0.0033010130066980182,0.47781439040167756,0.5169614034459384
0096,Brosimum guianense (Aubl.) Huber ex Ducke,0294,Fraxinus excelsior L.,1.0093860804400858,0.4923459427522542,0.057931930658733005,0.5170401376878316
0041,Aniba rosodora Ducke,0297,Fraxinus mandshurica Rupr.,0.7042618892841207,0.03206859773287161,0.18720922831157757,0.5170526609725431
0326,Guibourtia ehie (A. Chev.) J. Léonard,0606,Swietenia humilis Zucc.,0.784241814043679,0.267153359759205,0.2157970800606374,0.517088454284474
0239,Dipteryx odorata (Aubl.) Forsyth f.,0259,Entandrophragma utile (Dawe & Sprague) Sprague,0.8283563421747929,0.29620412323508927,0.31117134377790345,0.5171849983968895
0003,Acacia mangium Willd.,0238,Dipterocarpus kerrii King,0.7671310824207551,0.24987335040256672,0.047350069644523325,0.5172577320181884
0353,Intsia Thouars,0418,Mansonia altissima (A. Chev.) A. Chev.,0.8824005976036808,0.36502681521580665,0.10609990889998436,0.5173737823878741
0554,Quercus robur L.,0621,Tectona grandis L.,0.8514260206781866,0.040088693572690404,0.3340452621707477,0.5173807585074389
0072,Baillonella toxisperma Pierre,0541,Pterygota macrocarpa K. Schum.,0.8951552470274564,0.377642267969207,0.045009082662750124,0.5175129790582493
0034,Anacardium L.,0325,Guibourtia tessmannii (Harms) J.Léonard,0.7761163043478967,0.25845756017377447,0.20053590665995039,0.5176587441741223
0366,Juglans regia L.,0541,Pterygota macrocarpa K. Schum.,0.5629834607116335,0.011555233791711243,0.045009082662750124,0.5179743780488834
0073,Balfourodendron riedelianum (Engl.) Engl.,0195,Ctenolophon parvifolius Oliv.,0.7954382470843764,0.27718842224753326,0.1445569890808498,0.5182498248368431
0006,Acer platanoides L.,0214,Daniellia thurifera Benn.,0.9618209153107669,0.0033010130066980182,0.44353669806721796,0.5182842172435489
0269,Erythrophleum ivorense A. Chev,0301,Gilbertiodendron dewevrei (De Wild.) J.Léonard,0.7019675713516528,0.18362962432208574,0.17033855113561178,0.518337947029567
0033,Anacardium excelsum (Bertero & Balb. ex Kunth) Skeels,0259,Entandrophragma utile (Dawe & Sprague) Sprague,0.8295398412287704,0.1612983471755794,0.31117134377790345,0.518368497450867
0095,Brosimum alicastrum Swartz,0257,Entandrophragma candollei Harms,0.8920305573084326,0.373588888328799,0.09798805046374451,0.5184416689796336
0256,Entandrophragma angolense (Welw.) Panshin,0550,Quercus mongolica Fisch. ex Ledeb.,0.8714363207589118,0.35292642353479126,0.0295908067557718,0.5185098972241204
0033,Anacardium excelsum (Bertero & Balb. ex Kunth) Skeels,0313,Grevillea robusta A.Cunn. ex R.Br.,0.6799647452957296,0.1612983471755794,0.12015375617853329,0.5186663981201503
0115,Carapa guianensis Aubl.,0541,Pterygota macrocarpa K. Schum.,0.9966682110979719,0.47781439040167756,0.045009082662750124,0.5188538206962943
0096,Brosimum guianense (Aubl.) Huber ex Ducke,0554,Quercus robur L.,1.0114093199579188,0.4923459427522542,0.040088693572690404,0.5190633772056646
0093,Brachystegia laurentii (De Wild.) Louis ex J.Léonard,0431,Millettia laurentii De Wild.,0.8045487488758792,0.285314769922707,0.15046909860762905,0.5192339789531722
0072,Baillonella toxisperma Pierre,0318,Leplaea cedrata (A.Chev.) E.J.M.Koenen & J.J.de Wilde,0.8971839649703859,0.377642267969207,0.03917415789724382,0.5195416970011788
0366,Juglans regia L.,0425,Mezilaurus ita-uba (Meisn.) Taub. ex Mez,0.6412153456639962,0.011555233791711243,0.12157433758219263,0.5196410080818036
0243,Dracontomelon dao (Blanco) Merr. & Rolfe,0554,Quercus robur L.,0.9025195316148193,0.38265490650255146,0.040088693572690404,0.5198646251122678
0256,Entandrophragma angolense (Welw.) Panshin,0257,Entandrophragma candollei Harms,0.8730346730578205,0.35292642353479126,0.09798805046374451,0.5201082495230291
0269,Erythrophleum ivorense A. Chev,0326,Guibourtia ehie (A. Chev.) J. Léonard,0.7873515282033416,0.18362962432208574,0.267153359759205,0.5201981684441366
0326,Guibourtia ehie (A. Chev.) J. Léonard,0542,Pycnanthus angolensis (Welw.) Warb.,0.7873518096349108,0.267153359759205,0.09358528548867441,0.5201984498757057
0325,Guibourtia tessmannii (Harms) J.Léonard,0478,Peltogyne Vogel,0.7207607960187113,0.20053590665995039,0.11335898594650924,0.520224889358761
0430,Milicia excelsa (Welw.) C.C. Berg,0431,Millettia laurentii De Wild.,0.8012027543135409,0.2809459055523187,0.15046909860762905,0.5202568487612222
0243,Dracontomelon dao (Blanco) Merr. & Rolfe,0431,Millettia laurentii De Wild.,0.9030767497977624,0.38265490650255146,0.15046909860762905,0.520421843295211
0034,Anacardium L.,0259,Entandrophragma utile (Dawe & Sprague) Sprague,0.8316661970038558,0.25845756017377447,0.31117134377790345,0.5204948532259523
0270,Erythrophleum suaveolens (Guill. & Perr.) Brenan,0372,Khaya ivorensis A.Chev.,0.8908423922725058,0.37032055479729653,0.1284079480176259,0.5205218374752093
0072,Baillonella toxisperma Pierre,0158,"Chlorocardium rodiei (R.H.Schomb.) Rohwer, H.G.Richt. & van der Werff",0.8983061932804403,0.377642267969207,0.08176555061613976,0.5206639253112333
0214,Daniellia thurifera Benn.,0375,Koompassia malaccensis Maing.,0.9643121992595591,0.44353669806721796,0.08877285430095372,0.5207755011923412
0214,Daniellia thurifera Benn.,0553,Quercus petraea (Matt.) Liebl.,0.9643460924317941,0.44353669806721796,0.1175281560814896,0.5208093943645762
0214,Daniellia thurifera Benn.,0426,Microberlinia brazzavillensis A. Chev.,0.9644415683722416,0.44353669806721796,0.24891986447473777,0.5209048703050236
0243,Dracontomelon dao (Blanco) Merr. & Rolfe,0270,Erythrophleum suaveolens (Guill. & Perr.) Brenan,0.9036874339414247,0.38265490650255146,0.37032055479729653,0.5210325274388732
0033,Anacardium excelsum (Bertero & Balb. ex Kunth) Skeels,0418,Mansonia altissima (A. Chev.) A. Chev.,0.6824900845438459,0.1612983471755794,0.10609990889998436,0.5211917373682664
0070,Bagassa guianensis Aubl.,0270,Erythrophleum suaveolens (Guill. & Perr.) Brenan,0.8915241042132487,0.35189488550655634,0.37032055479729653,0.5212035494159521
0009,Leptolobium Vogel,0479,Peltogyne catingae Ducke,0.7130507436765474,0.1918203410273337,0.034412686077142644,0.5212304026492137
0353,Intsia Thouars,0425,Mezilaurus ita-uba (Meisn.) Taub. ex Mez,0.8864224652885073,0.36502681521580665,0.12157433758219263,0.5213956500727006
0243,Dracontomelon dao (Blanco) Merr. & Rolfe,0354,Intsia bijuga (Colebr.) Kuntze,0.9040615079027527,0.38265490650255146,0.3278225854948488,0.5214066014002012
0158,"Chlorocardium rodiei (R.H.Schomb.) Rohwer, H.G.Richt. & van der Werff",0245,Dryobalanops aromatica C.F.Gaertn.,0.6789490510241767,0.08176555061613976,0.1574311550408419,0.5215178959833348
0114,Cantleya corniculata (Becc.) R.A.Howard,0554,Quercus robur L.,0.7715273189321374,0.24998781279531032,0.040088693572690404,0.5215395061368271
0245,Dryobalanops aromatica C.F.Gaertn.,0295,Fraxinus nigra Marshall,0.6789954806611583,0.1574311550408419,0.04872560265571527,0.5215643256203164
0259,Entandrophragma utile (Dawe & Sprague) Sprague,0679,Aningeria Aubrév. & Pellegr.,0.8327590261993587,0.31117134377790345,0.29282501993701454,0.5215876824214553
0181,Cotylelobium Pierre,0293,Fraxinus americana L.,0.5883587001778652,0.02876268832314597,0.06673216616943302,0.5216265340084322
0238,Dipterocarpus kerrii King,0542,Pycnanthus angolensis (Welw.) Warb.,0.6153140765252765,0.047350069644523325,0.09358528548867441,0.5217287910366021
0091,Brachystegia Benth.,0425,Mezilaurus ita-uba (Meisn.) Taub. ex Mez,0.910593552881729,0.38877160503932806,0.12157433758219263,0.521821947842401
0550,Quercus mongolica Fisch. ex Ledeb.,0621,Tectona grandis L.,0.8559710544345623,0.0295908067557718,0.3340452621707477,0.5219257922638146
0003,Acacia mangium Willd.,0033,Anacardium excelsum (Bertero & Balb. ex Kunth) Skeels,0.7718225224720402,0.24987335040256672,0.1612983471755794,0.5219491720694734
0096,Brosimum guianense (Aubl.) Huber ex Ducke,0550,Quercus mongolica Fisch. ex Ledeb.,1.0144252970193988,0.4923459427522542,0.0295908067557718,0.5220793542671446
0214,Daniellia thurifera Benn.,0613,Tabebuia rosea (Bert.) DC.,0.9657002015788576,0.44353669806721796,0.30741652748711856,0.5221635035116396
0115,Carapa guianensis Aubl.,0129,Castanea crenata Siebold & Zucc.,1.0004311818495455,0.47781439040167756,0.034727594828010425,0.5226167914478679
0072,Baillonella toxisperma Pierre,0372,Khaya ivorensis A.Chev.,0.9004849234804269,0.377642267969207,0.1284079480176259,0.5228426555112198
0430,Milicia excelsa (Welw.) C.C. Berg,0480,Peltogyne mexicana Martínez,0.8038210062067424,0.2809459055523187,0.1247695132163256,0.5228751006544237
0035,Anacardium giganteum Hancock ex Engl.,0621,Tectona grandis L.,0.8569439509216648,0.09952635975102023,0.3340452621707477,0.522898688750917
0243,Dracontomelon dao (Blanco) Merr. & Rolfe,0550,Quercus mongolica Fisch. ex Ledeb.,0.9056065196618572,0.38265490650255146,0.0295908067557718,0.5229516131593057
0256,Entandrophragma angolense (Welw.) Panshin,0293,Fraxinus americana L.,0.8759949405359988,0.35292642353479126,0.06673216616943302,0.5230685170012075
0243,Dracontomelon dao (Blanco) Merr. & Rolfe,0541,Pterygota macrocarpa K. Schum.,0.9058127742696268,0.38265490650255146,0.045009082662750124,0.5231578677670754
0003,Acacia mangium Willd.,0239,Dipteryx odorata (Aubl.) Forsyth f.,0.8194214061184063,0.24987335040256672,0.29620412323508927,0.523217282883317
0009,Leptolobium Vogel,0259,Entandrophragma utile (Dawe & Sprague) Sprague,0.8344720229672085,0.1918203410273337,0.31117134377790345,0.523300679189305
0236,Dipterocarpus C.F.Gaertn.,0542,Pycnanthus angolensis (Welw.) Warb.,0.6170818945577703,0.06735710381385199,0.09358528548867441,0.5234966090690959
0096,Brosimum guianense (Aubl.) Huber ex Ducke,0552,Quercus alba L.,1.0158714560671513,0.4923459427522542,0.054910389150189774,0.5235255133148972
0045,Anopyxis klaineana (Pierre) Engl.,0258,Entandrophragma cylindricum (Sprague) Sprague,0.8901706890610106,0.3666389738639127,0.1920147510454096,0.523531715197098
0195,Ctenolophon parvifolius Oliv.,0207,Dalbergia nigra (Vell.) Allemão ex Benth.,0.8429626532160734,0.1445569890808498,0.31919241888109307,0.5237702343349804
0085,Bobgunnia fistuloides (Harms) J.H. Kirkbr. & Wiersema,0130,Castanea sativa Mill.,0.963543276242131,0.4396589361336944,0.13730049844128367,0.5238843401084365
0007,Acer pseudoplatanus L.,0326,Guibourtia ehie (A. Chev.) J. Léonard,0.7913984576576483,0.01598614417773803,0.267153359759205,0.5242450978984432
0045,Anopyxis klaineana (Pierre) Engl.,0093,Brachystegia laurentii (De Wild.) Louis ex J.Léonard,0.8909216162870259,0.3666389738639127,0.285314769922707,0.5242826424231133
0045,Anopyxis klaineana (Pierre) Engl.,0431,Millettia laurentii De Wild.,0.8909776170089769,0.3666389738639127,0.15046909860762905,0.5243386431450643
0399,Lovoa trichilioides Harms,0607,Swietenia macrophylla King,0.7570965325259138,0.2327105138088832,0.07039605530704054,0.5243860187170306
0214,Daniellia thurifera Benn.,0554,Quercus robur L.,0.9680213152544143,0.44353669806721796,0.040088693572690404,0.5244846171871963
0045,Anopyxis klaineana (Pierre) Engl.,0553,Quercus petraea (Matt.) Liebl.,0.891134428697138,0.3666389738639127,0.1175281560814896,0.5244954548332252
0367,Juglans nigra L.,0553,Quercus petraea (Matt.) Liebl.,0.6422067963428658,0.030957996752025003,0.1175281560814896,0.5246786402613762
0426,Microberlinia brazzavillensis A. Chev.,0541,Pterygota macrocarpa K. Schum.,0.7736722089092892,0.24891986447473777,0.045009082662750124,0.5247523444345514
0236,Dipterocarpus C.F.Gaertn.,0418,Mansonia altissima (A. Chev.) A. Chev.,0.6309593538148859,0.06735710381385199,0.10609990889998436,0.5248594449149016
0195,Ctenolophon parvifolius Oliv.,0542,Pycnanthus angolensis (Welw.) Warb.,0.6695836284798014,0.1445569890808498,0.09358528548867441,0.5250266393989516
0045,Anopyxis klaineana (Pierre) Engl.,0326,Guibourtia ehie (A. Chev.) J. Léonard,0.8918000738524232,0.3666389738639127,0.267153359759205,0.5251610999885106
0214,Daniellia thurifera Benn.,0550,Quercus mongolica Fisch. ex Ledeb.,0.9687249767187357,0.44353669806721796,0.0295908067557718,0.5251882786515177
0033,Anacardium excelsum (Bertero & Balb. ex Kunth) Skeels,0129,Castanea crenata Siebold & Zucc.,0.6865732734844185,0.1612983471755794,0.034727594828010425,0.5252749263088392
0326,Guibourtia ehie (A. Chev.) J. Léonard,0678,Albizia ferruginea (Guill. & Perr.) Benth.,0.8635700083766014,0.267153359759205,0.33801121938985357,0.5255587889867478
0066,Aucoumea klaineana Pierre,0073,Balfourodendron riedelianum (Engl.) Engl.,0.8027713675212214,0.21760219624631696,0.27718842224753326,0.5255829452736881
0396,Lophira alata Banks ex C.F.Gaertn.,0678,Albizia ferruginea (Guill. & Perr.) Benth.,0.8638804988316925,0.08393196411047188,0.33801121938985357,0.5258692794418389
0009,Leptolobium Vogel,0070,Bagassa guianensis Aubl.,0.8778356846434853,0.1918203410273337,0.35189488550655634,0.5259407991369289
0041,Aniba rosodora Ducke,0296,Fraxinus ornus L.,0.6820512643214445,0.03206859773287161,0.15609996020530656,0.5259513041161379
0181,Cotylelobium Pierre,0606,Swietenia humilis Zucc.,0.742281210900195,0.02876268832314597,0.2157970800606374,0.5264841308395577
0353,Intsia Thouars,0678,Albizia ferruginea (Guill. & Perr.) Benth.,0.8916066103635325,0.36502681521580665,0.33801121938985357,0.5265797951477258
0256,Entandrophragma angolense (Welw.) Panshin,0296,Fraxinus ornus L.,0.8799223610231507,0.35292642353479126,0.15609996020530656,0.5269959374883595
0270,Erythrophleum suaveolens (Guill. & Perr.) Brenan,0297,Fraxinus mandshurica Rupr.,0.8975510359634722,0.37032055479729653,0.18720922831157757,0.5272304811661757
0295,Fraxinus nigra Marshall,0613,Tabebuia rosea (Bert.) DC.,0.8346718911911669,0.04872560265571527,0.30741652748711856,0.5272553637040484
0606,Swietenia humilis Zucc.,0613,Tabebuia rosea (Bert.) DC.,0.8347687762513256,0.2157970800606374,0.30741652748711856,0.527352248764207
0114,Cantleya corniculata (Becc.) R.A.Howard,0313,Grevillea robusta A.Cunn. ex R.Br.,0.7777440475035712,0.24998781279531032,0.12015375617853329,0.5277562347082608
0258,Entandrophragma cylindricum (Sprague) Sprague,0269,Erythrophleum ivorense A. Chev,0.7201116403766544,0.1920147510454096,0.18362962432208574,0.5280968893312448
0238,Dipterocarpus kerrii King,0245,Dryobalanops aromatica C.F.Gaertn.,0.6855975021281512,0.047350069644523325,0.1574311550408419,0.5281663470873093
0324,Guibourtia pellegriniana J.Léonard,0372,Khaya ivorensis A.Chev.,0.725464550997526,0.19715961314014666,0.1284079480176259,0.5283049378573794
0095,Brosimum alicastrum Swartz,0318,Leplaea cedrata (A.Chev.) E.J.M.Koenen & J.J.de Wilde,0.902289326332595,0.373588888328799,0.03917415789724382,0.528700438003796
0297,Fraxinus mandshurica Rupr.,0678,Albizia ferruginea (Guill. & Perr.) Benth.,0.8669503136235172,0.18720922831157757,0.33801121938985357,0.5289390942336636
0259,Entandrophragma utile (Dawe & Sprague) Sprague,0302,Gilbertiodendron preussii (Harms) J.Léonard,0.8405834863131056,0.31117134377790345,0.21477324086718907,0.5294121425352022
0147,Ceiba pentandra (L.) Gaertn.,0430,Milicia excelsa (Welw.) C.C. Berg,0.8106713414059334,0.09053989442752747,0.2809459055523187,0.5297254358536148
0007,Acer pseudoplatanus L.,0542,Pycnanthus angolensis (Welw.) Warb.,0.6235305024365501,0.01598614417773803,0.09358528548867441,0.5299452169478757
0313,Grevillea robusta A.Cunn. ex R.Br.,0541,Pterygota macrocarpa K. Schum.,0.6502314075508747,0.12015375617853329,0.045009082662750124,0.5300776513723414
0158,"Chlorocardium rodiei (R.H.Schomb.) Rohwer, H.G.Richt. & van der Werff",0326,Guibourtia ehie (A. Chev.) J. Léonard,0.7972950991998004,0.08176555061613976,0.267153359759205,0.5301417394405954
0003,Acacia mangium Willd.,0426,Microberlinia brazzavillensis A. Chev.,0.7802515211362188,0.24987335040256672,0.24891986447473777,0.530378170733652
0072,Baillonella toxisperma Pierre,0399,Lovoa trichilioides Harms,0.9080304411551401,0.377642267969207,0.2327105138088832,0.530388173185933
0045,Anopyxis klaineana (Pierre) Engl.,0302,Gilbertiodendron preussii (Harms) J.Léonard,0.8970926521747553,0.3666389738639127,0.21477324086718907,0.5304536783108427
0091,Brachystegia Benth.,0257,Entandrophragma candollei Harms,0.9192707040141872,0.38877160503932806,0.09798805046374451,0.5304990989748591
0009,Leptolobium Vogel,0318,Leplaea cedrata (A.Chev.) E.J.M.Koenen & J.J.de Wilde,0.7224679546563416,0.1918203410273337,0.03917415789724382,0.5306476136290079
0009,Leptolobium Vogel,0431,Millettia laurentii De Wild.,0.7226646779472705,0.1918203410273337,0.15046909860762905,0.5308443369199368
0045,Anopyxis klaineana (Pierre) Engl.,0270,Erythrophleum suaveolens (Guill. & Perr.) Brenan,0.9014715099980802,0.3666389738639127,0.37032055479729653,0.5311509552007837
0244,Dryobalanops C.F.Gaertn.,0331,Heritiera utilis (Sprague) Sprague,0.8012060742911025,0.07236117632383164,0.2700129923785008,0.5311930819126016
0259,Entandrophragma utile (Dawe & Sprague) Sprague,0425,Mezilaurus ita-uba (Meisn.) Taub. ex Mez,0.8426041050365384,0.31117134377790345,0.12157433758219263,0.5314327612586349
0034,Anacardium L.,0085,Bobgunnia fistuloides (Harms) J.H. Kirkbr. & Wiersema,0.9711782514886036,0.25845756017377447,0.4396589361336944,0.5315193153549091
0073,Balfourodendron riedelianum (Engl.) Engl.,0480,Peltogyne mexicana Martínez,0.8090229905142021,0.27718842224753326,0.1247695132163256,0.5318345682666689
0353,Intsia Thouars,0542,Pycnanthus angolensis (Welw.) Warb.,0.8971222060206868,0.36502681521580665,0.09358528548867441,0.5320953908048802
0034,Anacardium L.,0072,Baillonella toxisperma Pierre,0.9097825590530162,0.25845756017377447,0.377642267969207,0.5321402910838091
0041,Aniba rosodora Ducke,0678,Albizia ferruginea (Guill. & Perr.) Benth.,0.8703369672972832,0.03206859773287161,0.33801121938985357,0.5323257479074296
0095,Brosimum alicastrum Swartz,0552,Quercus alba L.,0.9059540746542747,0.373588888328799,0.054910389150189774,0.5323651863254757
0114,Cantleya corniculata (Becc.) R.A.Howard,0418,Mansonia altissima (A. Chev.) A. Chev.,0.7824080786257613,0.24998781279531032,0.10609990889998436,0.532420265830451
0093,Brachystegia laurentii (De Wild.) Louis ex J.Léonard,0243,Dracontomelon dao (Blanco) Merr. & Rolfe,0.9151956829551149,0.285314769922707,0.38265490650255146,0.5325407764525634
0003,Acacia mangium Willd.,0326,Guibourtia ehie (A. Chev.) J. Léonard,0.79988099961517,0.24987335040256672,0.267153359759205,0.532727639855965
0259,Entandrophragma utile (Dawe & Sprague) Sprague,0301,Gilbertiodendron dewevrei (De Wild.) J.Léonard,0.8439738646351587,0.31117134377790345,0.17033855113561178,0.5328025208572552
0430,Milicia excelsa (Welw.) C.C. Berg,0621,Tectona grandis L.,0.8668833575002458,0.2809459055523187,0.3340452621707477,0.5328380953294981
0238,Dipterocarpus kerrii King,0418,Mansonia altissima (A. Chev.) A. Chev.,0.6391203314934903,0.047350069644523325,0.10609990889998436,0.533020422593506
0081,Betula pendula Roth,0371,Khaya grandifoliola C.DC.,0.6667695984484863,0.0030165117830820874,0.13346149799545334,0.5333081004530329
0003,Acacia mangium Willd.,0431,Millettia laurentii De Wild.,0.7838147273828513,0.24987335040256672,0.15046909860762905,0.5339413769802845
0425,Mezilaurus ita-uba (Meisn.) Taub. ex Mez,0625,Terminalia superba Engl.& Diels,0.8556364735228379,0.12157433758219263,0.3215805164792984,0.5340559570435395
0214,Daniellia thurifera Benn.,0541,Pterygota macrocarpa K. Schum.,0.9775935469768942,0.44353669806721796,0.045009082662750124,0.5340568489096762
0070,Bagassa guianensis Aubl.,0130,Castanea sativa Mill.,0.8860940867325007,0.35189488550655634,0.13730049844128367,0.5341992012259443
0073,Balfourodendron riedelianum (Engl.) Engl.,0479,Peltogyne catingae Ducke,0.811507240598477,0.27718842224753326,0.034412686077142644,0.5343188183509437
0129,Castanea crenata Siebold & Zucc.,0236,Dipterocarpus C.F.Gaertn.,0.6020275007899686,0.034727594828010425,0.06735710381385199,0.5346703969761166
0114,Cantleya corniculata (Becc.) R.A.Howard,0157,Ceriops tagal (Perr.) C.B. Robinson,0.9082346290634485,0.24998781279531032,0.3733888439031872,0.5348457851602613
0323,Guibourtia demeusei (Harms) J.Léonard,0375,Koompassia malaccensis Maing.,0.7586432136482911,0.2237088813376544,0.08877285430095372,0.5349343323106367
0030,Amburana cearensis (Allemão) A.C.Sm.,0294,Fraxinus excelsior L.,0.7393476226761344,0.20353506212870529,0.057931930658733005,0.5358125605474291
0085,Bobgunnia fistuloides (Harms) J.H. Kirkbr. & Wiersema,0552,Quercus alba L.,0.9756465954752482,0.4396589361336944,0.054910389150189774,0.5359876593415538
0114,Cantleya corniculata (Becc.) R.A.Howard,0354,Intsia bijuga (Colebr.) Kuntze,0.8641900810603438,0.24998781279531032,0.3278225854948488,0.536367495565495
0366,Juglans regia L.,0613,Tabebuia rosea (Bert.) DC.,0.8441207486317452,0.011555233791711243,0.30741652748711856,0.5367042211446267
0095,Brosimum alicastrum Swartz,0258,Entandrophragma cylindricum (Sprague) Sprague,0.9103511280858638,0.373588888328799,0.1920147510454096,0.5367622397570648
0324,Guibourtia pellegriniana J.Léonard,0621,Tectona grandis L.,0.8714712558258421,0.19715961314014666,0.3340452621707477,0.5374259936550944
0072,Baillonella toxisperma Pierre,0608,Swietenia mahagoni (L.) Jacq.,0.9153152532320851,0.377642267969207,0.156298942858346,0.5376729852628781
0354,Intsia bijuga (Colebr.) Kuntze,0530,Pterocarpus soyauxii Taub.,0.8661477361169112,0.3278225854948488,0.14757486665108444,0.5383251506220624
0207,Dalbergia nigra (Vell.) Allemão ex Benth.,0294,Fraxinus excelsior L.,0.857525021348235,0.31919241888109307,0.057931930658733005,0.538332602467142
0269,Erythrophleum ivorense A. Chev,0324,Guibourtia pellegriniana J.Léonard,0.7355190099455504,0.18362962432208574,0.19715961314014666,0.5383593968054038
0072,Baillonella toxisperma Pierre,0625,Terminalia superba Engl.& Diels,0.9160712316879089,0.377642267969207,0.3215805164792984,0.5384289637187019
0324,Guibourtia pellegriniana J.Léonard,0678,Albizia ferruginea (Guill. & Perr.) Benth.,0.8765357803782506,0.19715961314014666,0.33801121938985357,0.5385245609883971
0035,Anacardium giganteum Hancock ex Engl.,0085,Bobgunnia fistuloides (Harms) J.H. Kirkbr. & Wiersema,0.9785114472396292,0.09952635975102023,0.4396589361336944,0.5388525111059348
0259,Entandrophragma utile (Dawe & Sprague) Sprague,0396,Lophira alata Banks ex C.F.Gaertn.,0.8500630376949845,0.31117134377790345,0.08393196411047188,0.538891693917081
0214,Daniellia thurifera Benn.,0245,Dryobalanops aromatica C.F.Gaertn.,0.9824668141944686,0.44353669806721796,0.1574311550408419,0.5389301161272506
0157,Ceriops tagal (Perr.) C.B. Robinson,0550,Quercus mongolica Fisch. ex Ledeb.,0.9123526809231486,0.3733888439031872,0.0295908067557718,0.5389638370199614
0245,Dryobalanops aromatica C.F.Gaertn.,0375,Koompassia malaccensis Maing.,0.6964241455167458,0.1574311550408419,0.08877285430095372,0.5389929904759039
0115,Carapa guianensis Aubl.,0244,Dryobalanops C.F.Gaertn.,1.0169095535967727,0.47781439040167756,0.07236117632383164,0.5390951631950951
0325,Guibourtia tessmannii (Harms) J.Léonard,0621,Tectona grandis L.,0.8733726056784306,0.20053590665995039,0.3340452621707477,0.5393273435076829
0158,"Chlorocardium rodiei (R.H.Schomb.) Rohwer, H.G.Richt. & van der Werff",0426,Microberlinia brazzavillensis A. Chev.,0.7882540372404385,0.08176555061613976,0.24891986447473777,0.5393341727657007
0270,Erythrophleum suaveolens (Guill. & Perr.) Brenan,0296,Fraxinus ornus L.,0.9097225582545763,0.37032055479729653,0.15609996020530656,0.5394020034572797
0293,Fraxinus americana L.,0354,Intsia bijuga (Colebr.) Kuntze,0.8676960978848857,0.06673216616943302,0.3278225854948488,0.5398735123900369
0270,Erythrophleum suaveolens (Guill. & Perr.) Brenan,0371,Khaya grandifoliola C.DC.,0.910279098574707,0.37032055479729653,0.13346149799545334,0.5399585437774105
0245,Dryobalanops aromatica C.F.Gaertn.,0296,Fraxinus ornus L.,0.6976679383736151,0.1574311550408419,0.15609996020530656,0.5402367833327731
0066,Aucoumea klaineana Pierre,0552,Quercus alba L.,0.7579257753036324,0.21760219624631696,0.054910389150189774,0.5403235790573154
0034,Anacardium L.,0375,Koompassia malaccensis Maing.,0.7989695081365392,0.25845756017377447,0.08877285430095372,0.5405119479627647
0041,Aniba rosodora Ducke,0353,Intsia Thouars,0.9056557527407008,0.03206859773287161,0.36502681521580665,0.540628937524894
0553,Quercus petraea (Matt.) Liebl.,0648,Triplochiton scleroxylon K. Schum.,0.6582941160861607,0.1175281560814896,0.03451537060084674,0.5407659600046711
0115,Carapa guianensis Aubl.,0461,Ochroma pyramidale (Cav. ex Lam.) Urb.,1.0190014665106752,0.47781439040167756,0.04404888631411533,0.5411870761089976
0354,Intsia bijuga (Colebr.) Kuntze,0425,Mezilaurus ita-uba (Meisn.) Taub. ex Mez,0.8690396537405871,0.3278225854948488,0.12157433758219263,0.5412170682457383
0066,Aucoumea klaineana Pierre,0115,Carapa guianensis Aubl.,1.0190416385841936,0.21760219624631696,0.47781439040167756,0.541227248182516
0479,Peltogyne catingae Ducke,0621,Tectona grandis L.,0.8754973994041935,0.034412686077142644,0.3340452621707477,0.5414521372334458
0541,Pterygota macrocarpa K. Schum.,0621,Tectona grandis L.,0.8756743078527235,0.045009082662750124,0.3340452621707477,0.5416290456819758
0095,Brosimum alicastrum Swartz,0431,Millettia laurentii De Wild.,0.9153063591210577,0.373588888328799,0.15046909860762905,0.5417174707922587
0070,Bagassa guianensis Aubl.,0114,Cantleya corniculata (Becc.) R.A.Howard,0.8936559553539392,0.35189488550655634,0.24998781279531032,0.5417610698473828
0296,Fraxinus ornus L.,0366,Juglans regia L.,0.697905268349105,0.15609996020530656,0.011555233791711243,0.5418053081437985
0353,Intsia Thouars,0431,Millettia laurentii De Wild.,0.9069940909253464,0.36502681521580665,0.15046909860762905,0.5419672757095397
0207,Dalbergia nigra (Vell.) Allemão ex Benth.,0479,Peltogyne catingae Ducke,0.861231069848202,0.31919241888109307,0.034412686077142644,0.5420386509671089
0045,Anopyxis klaineana (Pierre) Engl.,0550,Quercus mongolica Fisch. ex Ledeb.,0.9088413726767769,0.3666389738639127,0.0295908067557718,0.5422023988128641
0236,Dipterocarpus C.F.Gaertn.,0613,Tabebuia rosea (Bert.) DC.,0.8498438048618935,0.06735710381385199,0.30741652748711856,0.5424272773747749
0257,Entandrophragma candollei Harms,0354,Intsia bijuga (Colebr.) Kuntze,0.8702535407831566,0.09798805046374451,0.3278225854948488,0.5424309552883079
0034,Anacardium L.,0426,Microberlinia brazzavillensis A. Chev.,0.8011138807077521,0.25845756017377447,0.24891986447473777,0.5426563205339776
0243,Dracontomelon dao (Blanco) Merr. & Rolfe,0552,Quercus alba L.,0.9253407922739585,0.38265490650255146,0.054910389150189774,0.542685885771407
0147,Ceiba pentandra (L.) Gaertn.,0542,Pycnanthus angolensis (Welw.) Warb.,0.6363222484374499,0.09053989442752747,0.09358528548867441,0.5427369629487755
0256,Entandrophragma angolense (Welw.) Panshin,0554,Quercus robur L.,0.895664892796864,0.35292642353479126,0.040088693572690404,0.5427384692620727
0214,Daniellia thurifera Benn.,0552,Quercus alba L.,0.9864504817818436,0.44353669806721796,0.054910389150189774,0.5429137837146256
0033,Anacardium excelsum (Bertero & Balb. ex Kunth) Skeels,0542,Pycnanthus angolensis (Welw.) Warb.,0.7042477615884579,0.1612983471755794,0.09358528548867441,0.5429494144128786
0041,Aniba rosodora Ducke,0238,Dipterocarpus kerrii King,0.5903277715468191,0.03206859773287161,0.047350069644523325,0.5429777019022958
0115,Carapa guianensis Aubl.,0648,Triplochiton scleroxylon K. Schum.,1.0211649276530586,0.47781439040167756,0.03451537060084674,0.5433505372513809
0318,Leplaea cedrata (A.Chev.) E.J.M.Koenen & J.J.de Wilde,0425,Mezilaurus ita-uba (Meisn.) Taub. ex Mez,0.6649274767685668,0.03917415789724382,0.12157433758219263,0.5433531391863742
0157,Ceriops tagal (Perr.) C.B. Robinson,0553,Quercus petraea (Matt.) Liebl.,0.9169424477324342,0.3733888439031872,0.1175281560814896,0.543553603829247
0093,Brachystegia laurentii (De Wild.) Louis ex J.Léonard,0371,Khaya grandifoliola C.DC.,0.8292983284691748,0.285314769922707,0.13346149799545334,0.5439835585464678
0070,Bagassa guianensis Aubl.,0542,Pycnanthus angolensis (Welw.) Warb.,0.8962825012611381,0.35189488550655634,0.09358528548867441,0.5443876157545817
0236,Dipterocarpus C.F.Gaertn.,0245,Dryobalanops aromatica C.F.Gaertn.,0.7019250516286191,0.06735710381385199,0.1574311550408419,0.5444938965877771
0245,Dryobalanops aromatica C.F.Gaertn.,0294,Fraxinus excelsior L.,0.7019939860106617,0.1574311550408419,0.057931930658733005,0.5445628309698197
0129,Castanea crenata Siebold & Zucc.,0295,Fraxinus nigra Marshall,0.5932914973054199,0.034727594828010425,0.04872560265571527,0.5445658946497046
0207,Dalbergia nigra (Vell.) Allemão ex Benth.,0425,Mezilaurus ita-uba (Meisn.) Taub. ex Mez,0.8640314831783926,0.31919241888109307,0.12157433758219263,0.5448390642972996
0270,Erythrophleum suaveolens (Guill. & Perr.) Brenan,0294,Fraxinus excelsior L.,0.9151617581980385,0.37032055479729653,0.057931930658733005,0.5448412034007419
0115,Carapa guianensis Aubl.,0367,Juglans nigra L.,1.022953708795829,0.47781439040167756,0.030957996752025003,0.5451393183941513
0331,Heritiera utilis (Sprague) Sprague,0399,Lovoa trichilioides Harms,0.815262786477184,0.2700129923785008,0.2327105138088832,0.5452497940986831
0034,Anacardium L.,0372,Khaya ivorensis A.Chev.,0.803855946531915,0.25845756017377447,0.1284079480176259,0.5453983863581406
0207,Dalbergia nigra (Vell.) Allemão ex Benth.,0244,Dryobalanops C.F.Gaertn.,0.8646101579150023,0.31919241888109307,0.07236117632383164,0.5454177390339092
0034,Anacardium L.,0080,Betula papyrifera Marshall,0.8040320826189757,0.25845756017377447,0.15225687626821854,0.5455745224452013
0073,Balfourodendron riedelianum (Engl.) Engl.,0367,Juglans nigra L.,0.8230197254883267,0.27718842224753326,0.030957996752025003,0.5458313032407934
0080,Betula papyrifera Marshall,0297,Fraxinus mandshurica Rupr.,0.7331048635646309,0.15225687626821854,0.18720922831157757,0.5458956352530533
0045,Anopyxis klaineana (Pierre) Engl.,0607,Swietenia macrophylla King,0.9127014794346383,0.3666389738639127,0.07039605530704054,0.5460625055707256
0033,Anacardium excelsum (Bertero & Balb. ex Kunth) Skeels,0425,Mezilaurus ita-uba (Meisn.) Taub. ex Mez,0.7074775047173764,0.1612983471755794,0.12157433758219263,0.5461791575417969
0326,Guibourtia ehie (A. Chev.) J. Léonard,0625,Terminalia superba Engl.& Diels,0.8677992931298792,0.267153359759205,0.3215805164792984,0.5462187766505808
0239,Dipteryx odorata (Aubl.) Forsyth f.,0256,Entandrophragma angolense (Welw.) Panshin,0.8995465846733329,0.29620412323508927,0.35292642353479126,0.5466201611385417
0114,Cantleya corniculata (Becc.) R.A.Howard,0302,Gilbertiodendron preussii (Harms) J.Léonard,0.7971762263820374,0.24998781279531032,0.21477324086718907,0.5471884135867271
0245,Dryobalanops aromatica C.F.Gaertn.,0542,Pycnanthus angolensis (Welw.) Warb.,0.7046577627255024,0.1574311550408419,0.09358528548867441,0.5472266076846605
0157,Ceriops tagal (Perr.) C.B. Robinson,0244,Dryobalanops C.F.Gaertn.,0.9207976814696037,0.3733888439031872,0.07236117632383164,0.5474088375664166
0085,Bobgunnia fistuloides (Harms) J.H. Kirkbr. & Wiersema,0353,Intsia Thouars,0.9875448211025657,0.4396589361336944,0.36502681521580665,0.5478858849688713
0245,Dryobalanops aromatica C.F.Gaertn.,0625,Terminalia superba Engl.& Diels,0.8697441702249542,0.1574311550408419,0.3215805164792984,0.5481636537456558
0091,Brachystegia Benth.,0418,Mansonia altissima (A. Chev.) A. Chev.,0.9372597417374142,0.38877160503932806,0.10609990889998436,0.5484881366980862
0147,Ceiba pentandra (L.) Gaertn.,0258,Entandrophragma cylindricum (Sprague) Sprague,0.7406537115039402,0.09053989442752747,0.1920147510454096,0.5486389604585307
0245,Dryobalanops aromatica C.F.Gaertn.,0302,Gilbertiodendron preussii (Harms) J.Léonard,0.7636549507533015,0.1574311550408419,0.21477324086718907,0.5488817098861124
0129,Castanea crenata Siebold & Zucc.,0238,Dipterocarpus kerrii King,0.5962663147907966,0.034727594828010425,0.047350069644523325,0.5489162451462732
0147,Ceiba pentandra (L.) Gaertn.,0679,Aningeria Aubrév. & Pellegr.,0.8421315820501648,0.09053989442752747,0.29282501993701454,0.5493065621131503
0114,Cantleya corniculata (Becc.) R.A.Howard,0479,Peltogyne catingae Ducke,0.7993166500516379,0.24998781279531032,0.034412686077142644,0.5493288372563275
0030,Amburana cearensis (Allemão) A.C.Sm.,0259,Entandrophragma utile (Dawe & Sprague) Sprague,0.8605412266100195,0.20353506212870529,0.31117134377790345,0.5493698828321161
0157,Ceriops tagal (Perr.) C.B. Robinson,0554,Quercus robur L.,0.9227891916185268,0.3733888439031872,0.040088693572690404,0.5494003477153395
0091,Brachystegia Benth.,0318,Leplaea cedrata (A.Chev.) E.J.M.Koenen & J.J.de Wilde,0.938309638647622,0.38877160503932806,0.03917415789724382,0.5495380336082939
0009,Leptolobium Vogel,0245,Dryobalanops aromatica C.F.Gaertn.,0.7415015509953333,0.1918203410273337,0.1574311550408419,0.5496812099679996
0034,Anacardium L.,0245,Dryobalanops aromatica C.F.Gaertn.,0.8085184024080305,0.25845756017377447,0.1574311550408419,0.5500608422342561
0034,Anacardium L.,0195,Ctenolophon parvifolius Oliv.,0.8085680481202258,0.25845756017377447,0.1445569890808498,0.5501104879464513
0239,Dipteryx odorata (Aubl.) Forsyth f.,0554,Quercus robur L.,0.8463683162987373,0.29620412323508927,0.040088693572690404,0.550164193063648
0030,Amburana cearensis (Allemão) A.C.Sm.,0239,Dipteryx odorata (Aubl.) Forsyth f.,0.846370566079564,0.20353506212870529,0.29620412323508927,0.5501664428444747
0035,Anacardium giganteum Hancock ex Engl.,0270,Erythrophleum suaveolens (Guill. & Perr.) Brenan,0.9204915999378424,0.09952635975102023,0.37032055479729653,0.5501710451405458
0129,Castanea crenata Siebold & Zucc.,0147,Ceiba pentandra (L.) Gaertn.,0.6409349384574624,0.034727594828010425,0.09053989442752747,0.550395044029935
0541,Pterygota macrocarpa K. Schum.,0679,Aningeria Aubrév. & Pellegr.,0.8432925073235658,0.045009082662750124,0.29282501993701454,0.5504674873865512
0418,Mansonia altissima (A. Chev.) A. Chev.,0541,Pterygota macrocarpa K. Schum.,0.656806438534196,0.10609990889998436,0.045009082662750124,0.5507065296342116
0431,Millettia laurentii De Wild.,0621,Tectona grandis L.,0.8849180897087414,0.15046909860762905,0.3340452621707477,0.5508728275379937
0313,Grevillea robusta A.Cunn. ex R.Br.,0372,Khaya ivorensis A.Chev.,0.6793131922900569,0.12015375617853329,0.1284079480176259,0.550905244272431
0238,Dipterocarpus kerrii King,0613,Tabebuia rosea (Bert.) DC.,0.8585599036216526,0.047350069644523325,0.30741652748711856,0.551143376134534
0045,Anopyxis klaineana (Pierre) Engl.,0091,Brachystegia Benth.,0.9399785051094657,0.3666389738639127,0.38877160503932806,0.5512069000701376
0207,Dalbergia nigra (Vell.) Allemão ex Benth.,0238,Dipterocarpus kerrii King,0.8704007380729766,0.31919241888109307,0.047350069644523325,0.5512083191918835
0073,Balfourodendron riedelianum (Engl.) Engl.,0648,Triplochiton scleroxylon K. Schum.,0.8285112036837112,0.27718842224753326,0.03451537060084674,0.551322781436178
0181,Cotylelobium Pierre,0367,Juglans nigra L.,0.582298214773584,0.02876268832314597,0.030957996752025003,0.551340218021559
0257,Entandrophragma candollei Harms,0399,Lovoa trichilioides Harms,0.7840678681451638,0.09798805046374451,0.2327105138088832,0.5513573543362806
0207,Dalbergia nigra (Vell.) Allemão ex Benth.,0236,Dipterocarpus C.F.Gaertn.,0.87084401746346,0.31919241888109307,0.06735710381385199,0.5516515985823669
0033,Anacardium excelsum (Bertero & Balb. ex Kunth) Skeels,0613,Tabebuia rosea (Bert.) DC.,0.8591550764903826,0.1612983471755794,0.30741652748711856,0.551738549003264
0325,Guibourtia tessmannii (Harms) J.Léonard,0678,Albizia ferruginea (Guill. & Perr.) Benth.,0.8898239350172792,0.20053590665995039,0.33801121938985357,0.5518127156274256
0371,Khaya grandifoliola C.DC.,0431,Millettia laurentii De Wild.,0.7025303688360784,0.13346149799545334,0.15046909860762905,0.5520612702284494
0318,Leplaea cedrata (A.Chev.) E.J.M.Koenen & J.J.de Wilde,0679,Aningeria Aubrév. & Pellegr.,0.845079739410364,0.03917415789724382,0.29282501993701454,0.5522547194733494
0256,Entandrophragma angolense (Welw.) Panshin,0297,Fraxinus mandshurica Rupr.,0.905239054302106,0.35292642353479126,0.18720922831157757,0.5523126307673147
0045,Anopyxis klaineana (Pierre) Engl.,0554,Quercus robur L.,0.9191582876957937,0.3666389738639127,0.040088693572690404,0.5525193138318809
0091,Brachystegia Benth.,0313,Grevillea robusta A.Cunn. ex R.Br.,0.9413803606097677,0.38877160503932806,0.12015375617853329,0.5526087555704396
0239,Dipteryx odorata (Aubl.) Forsyth f.,0270,Erythrophleum suaveolens (Guill. & Perr.) Brenan,0.9231158271130839,0.29620412323508927,0.37032055479729653,0.5527952723157874
0072,Baillonella toxisperma Pierre,0678,Albizia ferruginea (Guill. & Perr.) Benth.,0.9304470181092962,0.377642267969207,0.33801121938985357,0.5528047501400892
0009,Leptolobium Vogel,0679,Aningeria Aubrév. & Pellegr.,0.8456970939335722,0.1918203410273337,0.29282501993701454,0.5528720739965576
0259,Entandrophragma utile (Dawe & Sprague) Sprague,0480,Peltogyne mexicana Martínez,0.8640712458892004,0.31117134377790345,0.1247695132163256,0.5528999021112969
0270,Erythrophleum suaveolens (Guill. & Perr.) Brenan,0331,Heritiera utilis (Sprague) Sprague,0.9232416945520036,0.37032055479729653,0.2700129923785008,0.552921139754707
0214,Daniellia thurifera Benn.,0461,Ochroma pyramidale (Cav. ex Lam.) Urb.,0.9964892231543725,0.44353669806721796,0.04404888631411533,0.5529525250871545
0331,Heritiera utilis (Sprague) Sprague,0371,Khaya grandifoliola C.DC.,0.8230527084233664,0.2700129923785008,0.13346149799545334,0.5530397160448657
0318,Leplaea cedrata (A.Chev.) E.J.M.Koenen & J.J.de Wilde,0625,Terminalia superba Engl.& Diels,0.8746537457298403,0.03917415789724382,0.3215805164792984,0.5530732292505419
0239,Dipteryx odorata (Aubl.) Forsyth f.,0550,Quercus mongolica Fisch. ex Ledeb.,0.8493951209361674,0.29620412323508927,0.0295908067557718,0.5531909977010782
0072,Baillonella toxisperma Pierre,0326,Guibourtia ehie (A. Chev.) J. Léonard,0.9309483802891334,0.377642267969207,0.267153359759205,0.5533061123199263
0070,Bagassa guianensis Aubl.,0093,Brachystegia laurentii (De Wild.) Louis ex J.Léonard,0.905359693599656,0.35189488550655634,0.285314769922707,0.5534648080930996
0195,Ctenolophon parvifolius Oliv.,0256,Entandrophragma angolense (Welw.) Panshin,0.9067213355544804,0.1445569890808498,0.35292642353479126,0.5537949120196892
0243,Dracontomelon dao (Blanco) Merr. & Rolfe,0302,Gilbertiodendron preussii (Harms) J.Léonard,0.9365715781227613,0.38265490650255146,0.21477324086718907,0.5539166716202097
0066,Aucoumea klaineana Pierre,0259,Entandrophragma utile (Dawe & Sprague) Sprague,0.8652639700756122,0.21760219624631696,0.31117134377790345,0.5540926262977087
0034,Anacardium L.,0323,Guibourtia demeusei (Harms) J.Léonard,0.8126895642651748,0.25845756017377447,0.2237088813376544,0.5542320040914004
0070,Bagassa guianensis Aubl.,0366,Juglans regia L.,0.9062228877988796,0.35189488550655634,0.011555233791711243,0.5543280022923233
0621,Tectona grandis L.,0625,Terminalia superba Engl.& Diels,0.8884083522867858,0.3340452621707477,0.3215805164792984,0.5543630901160381
0003,Acacia mangium Willd.,0295,Fraxinus nigra Marshall,0.8043218982797584,0.24987335040256672,0.04872560265571527,0.5544485478771917
0259,Entandrophragma utile (Dawe & Sprague) Sprague,0326,Guibourtia ehie (A. Chev.) J. Léonard,0.8657489254784789,0.31117134377790345,0.267153359759205,0.5545775817005755
0072,Baillonella toxisperma Pierre,0606,Swietenia humilis Zucc.,0.9323326798609003,0.377642267969207,0.2157970800606374,0.5546904118916933
0371,Khaya grandifoliola C.DC.,0461,Ochroma pyramidale (Cav. ex Lam.) Urb.,0.6882464788918848,0.13346149799545334,0.04404888631411533,0.5547849808964315
0239,Dipteryx odorata (Aubl.) Forsyth f.,0372,Khaya ivorensis A.Chev.,0.8511898492010622,0.29620412323508927,0.1284079480176259,0.554985725965973
0425,Mezilaurus ita-uba (Meisn.) Taub. ex Mez,0606,Swietenia humilis Zucc.,0.7709387801920455,0.12157433758219263,0.2157970800606374,0.5551417001314082
0045,Anopyxis klaineana (Pierre) Engl.,0426,Microberlinia brazzavillensis A. Chev.,0.9219397894641901,0.3666389738639127,0.24891986447473777,0.5553008156002774
0243,Dracontomelon dao (Blanco) Merr. & Rolfe,0375,Koompassia malaccensis Maing.,0.938022273817247,0.38265490650255146,0.08877285430095372,0.5553673673146955
0372,Khaya ivorensis A.Chev.,0679,Aningeria Aubrév. & Pellegr.,0.8482159753553822,0.1284079480176259,0.29282501993701454,0.5553909554183676
0399,Lovoa trichilioides Harms,0608,Swietenia mahagoni (L.) Jacq.,0.78814659311028,0.2327105138088832,0.156298942858346,0.5554360793013968
0239,Dipteryx odorata (Aubl.) Forsyth f.,0461,Ochroma pyramidale (Cav. ex Lam.) Urb.,0.8517288202633301,0.29620412323508927,0.04404888631411533,0.5555246970282408
0033,Anacardium excelsum (Bertero & Balb. ex Kunth) Skeels,0158,"Chlorocardium rodiei (R.H.Schomb.) Rohwer, H.G.Richt. & van der Werff",0.7169988987618285,0.1612983471755794,0.08176555061613976,0.5557005515862492
0259,Entandrophragma utile (Dawe & Sprague) Sprague,0296,Fraxinus ornus L.,0.8669113662526955,0.31117134377790345,0.15609996020530656,0.555740022474792
0158,"Chlorocardium rodiei (R.H.Schomb.) Rohwer, H.G.Richt. & van der Werff",0301,Gilbertiodendron dewevrei (De Wild.) J.Léonard,0.7263933934437187,0.08176555061613976,0.17033855113561178,0.5560548423081069
0461,Ochroma pyramidale (Cav. ex Lam.) Urb.,0608,Swietenia mahagoni (L.) Jacq.,0.7124949850682959,0.04404888631411533,0.156298942858346,0.5561960422099499
0070,Bagassa guianensis Aubl.,0326,Guibourtia ehie (A. Chev.) J. Léonard,0.9082400626225822,0.35189488550655634,0.267153359759205,0.5563451771160258
0244,Dryobalanops C.F.Gaertn.,0302,Gilbertiodendron preussii (Harms) J.Léonard,0.7711195943887099,0.07236117632383164,0.21477324086718907,0.5563463535215208
0372,Khaya ivorensis A.Chev.,0613,Tabebuia rosea (Bert.) DC.,0.8638807046929785,0.1284079480176259,0.30741652748711856,0.5564641772058599
0030,Amburana cearensis (Allemão) A.C.Sm.,0323,Guibourtia demeusei (Harms) J.Léonard,0.7802092846717208,0.20353506212870529,0.2237088813376544,0.5565004033340664
0115,Carapa guianensis Aubl.,0130,Castanea sativa Mill.,1.0344203946433168,0.47781439040167756,0.13730049844128367,0.5566060042416392
0147,Ceiba pentandra (L.) Gaertn.,0331,Heritiera utilis (Sprague) Sprague,0.8268817109462006,0.09053989442752747,0.2700129923785008,0.5568687185676997
0030,Amburana cearensis (Allemão) A.C.Sm.,0181,Cotylelobium Pierre,0.7605485217094171,0.20353506212870529,0.02876268832314597,0.5570134595807118
0114,Cantleya corniculata (Becc.) R.A.Howard,0270,Erythrophleum suaveolens (Guill. & Perr.) Brenan,0.9274251227386515,0.24998781279531032,0.37032055479729653,0.557104567941355
0243,Dracontomelon dao (Blanco) Merr. & Rolfe,0326,Guibourtia ehie (A. Chev.) J. Léonard,0.9398598906075684,0.38265490650255146,0.267153359759205,0.5572049841050168
0259,Entandrophragma utile (Dawe & Sprague) Sprague,0367,Juglans nigra L.,0.8684305310616318,0.31117134377790345,0.030957996752025003,0.5572591872837284
0003,Acacia mangium Willd.,0313,Grevillea robusta A.Cunn. ex R.Br.,0.8073449612333492,0.24987335040256672,0.12015375617853329,0.5574716108307824
0331,Heritiera utilis (Sprague) Sprague,0552,Quercus alba L.,0.8278293853011749,0.2700129923785008,0.054910389150189774,0.557816392922674
0045,Anopyxis klaineana (Pierre) Engl.,0318,Leplaea cedrata (A.Chev.) E.J.M.Koenen & J.J.de Wilde,0.9244701103403352,0.3666389738639127,0.03917415789724382,0.5578311364764226
0245,Dryobalanops aromatica C.F.Gaertn.,0478,Peltogyne Vogel,0.7154212501578285,0.1574311550408419,0.11335898594650924,0.5579900951169866
0070,Bagassa guianensis Aubl.,0607,Swietenia macrophylla King,0.9099860703694513,0.35189488550655634,0.07039605530704054,0.558091184862895
0006,Acer platanoides L.,0608,Swietenia mahagoni (L.) Jacq.,0.714692445982113,0.0033010130066980182,0.156298942858346,0.558393503123767
0296,Fraxinus ornus L.,0679,Aningeria Aubrév. & Pellegr.,0.8513424551856554,0.15609996020530656,0.29282501993701454,0.5585174352486408
0070,Bagassa guianensis Aubl.,0431,Millettia laurentii De Wild.,0.910450880648223,0.35189488550655634,0.15046909860762905,0.5585559951416667
0130,Castanea sativa Mill.,0236,Dipterocarpus C.F.Gaertn.,0.6962441451252461,0.13730049844128367,0.06735710381385199,0.5589436466839625
0070,Bagassa guianensis Aubl.,0354,Intsia bijuga (Colebr.) Kuntze,0.910841640876862,0.35189488550655634,0.3278225854948488,0.5589467553703057
0158,"Chlorocardium rodiei (R.H.Schomb.) Rohwer, H.G.Richt. & van der Werff",0606,Swietenia humilis Zucc.,0.7748256790384926,0.08176555061613976,0.2157970800606374,0.5590285989778553
0244,Dryobalanops C.F.Gaertn.,0296,Fraxinus ornus L.,0.7155024248873911,0.07236117632383164,0.15609996020530656,0.5594024646820845
0035,Anacardium giganteum Hancock ex Engl.,0606,Swietenia humilis Zucc.,0.7755312260626724,0.09952635975102023,0.2157970800606374,0.5597341460020351
0552,Quercus alba L.,0621,Tectona grandis L.,0.8938471327790815,0.054910389150189774,0.3340452621707477,0.5598018706083338
0041,Aniba rosodora Ducke,0625,Terminalia superba Engl.& Diels,0.8814978973472863,0.03206859773287161,0.3215805164792984,0.5599173808679879
0080,Betula papyrifera Marshall,0129,Castanea crenata Siebold & Zucc.,0.7122582459753894,0.15225687626821854,0.034727594828010425,0.5600013697071708
0091,Brachystegia Benth.,0293,Fraxinus americana L.,0.9488818294007204,0.38877160503932806,0.06673216616943302,0.5601102243613924
0258,Entandrophragma cylindricum (Sprague) Sprague,0371,Khaya grandifoliola C.DC.,0.7522274954179471,0.1920147510454096,0.13346149799545334,0.5602127443725375
0070,Bagassa guianensis Aubl.,0091,Brachystegia Benth.,0.9492244394684066,0.35189488550655634,0.38877160503932806,0.5604528344290786
0256,Entandrophragma angolense (Welw.) Panshin,0430,Milicia excelsa (Welw.) C.C. Berg,0.9134308024401245,0.35292642353479126,0.2809459055523187,0.5605043789053332
0073,Balfourodendron riedelianum (Engl.) Engl.,0396,Lophira alata Banks ex C.F.Gaertn.,0.8377364528458484,0.27718842224753326,0.08393196411047188,0.5605480305983152
0259,Entandrophragma utile (Dawe & Sprague) Sprague,0431,Millettia laurentii De Wild.,0.8717590572116054,0.31117134377790345,0.15046909860762905,0.560587713433702
0045,Anopyxis klaineana (Pierre) Engl.,0608,Swietenia mahagoni (L.) Jacq.,0.9272363341199739,0.3666389738639127,0.156298942858346,0.5605973602560612
0313,Grevillea robusta A.Cunn. ex R.Br.,0353,Intsia Thouars,0.925714289178104,0.12015375617853329,0.36502681521580665,0.5606874739622973
0195,Ctenolophon parvifolius Oliv.,0331,Heritiera utilis (Sprague) Sprague,0.8307512121683056,0.1445569890808498,0.2700129923785008,0.5607382197898048
0195,Ctenolophon parvifolius Oliv.,0245,Dryobalanops aromatica C.F.Gaertn.,0.7182658055301061,0.1445569890808498,0.1574311550408419,0.5608346504892642
0256,Entandrophragma angolense (Welw.) Panshin,0426,Microberlinia brazzavillensis A. Chev.,0.9137865778432666,0.35292642353479126,0.24891986447473777,0.5608601543084752
0238,Dipterocarpus kerrii King,0430,Milicia excelsa (Welw.) C.C. Berg,0.8418638493179684,0.047350069644523325,0.2809459055523187,0.5609179437656497
0035,Anacardium giganteum Hancock ex Engl.,0331,Heritiera utilis (Sprague) Sprague,0.8309668458409418,0.09952635975102023,0.2700129923785008,0.560953853462441
0034,Anacardium L.,0244,Dryobalanops C.F.Gaertn.,0.8195412803759756,0.25845756017377447,0.07236117632383164,0.5610837202022012
0181,Cotylelobium Pierre,0648,Triplochiton scleroxylon K. Schum.,0.5957658300262322,0.02876268832314597,0.03451537060084674,0.5612504594253854
0293,Fraxinus americana L.,0372,Khaya ivorensis A.Chev.,0.6898567368417833,0.06673216616943302,0.1284079480176259,0.5614487888241574
0157,Ceriops tagal (Perr.) C.B. Robinson,0530,Pterocarpus soyauxii Taub.,0.934925146612866,0.3733888439031872,0.14757486665108444,0.5615363027096787
0072,Baillonella toxisperma Pierre,0207,Dalbergia nigra (Vell.) Allemão ex Benth.,0.9391973631552799,0.377642267969207,0.31919241888109307,0.5615550951860728
0003,Acacia mangium Willd.,0418,Mansonia altissima (A. Chev.) A. Chev.,0.8117287449834454,0.24987335040256672,0.10609990889998436,0.5618553945808786
0072,Baillonella toxisperma Pierre,0613,Tabebuia rosea (Bert.) DC.,0.939506870440792,0.377642267969207,0.30741652748711856,0.561864602471585
0072,Baillonella toxisperma Pierre,0431,Millettia laurentii De Wild.,0.9396080856478211,0.377642267969207,0.15046909860762905,0.561965817678614
0297,Fraxinus mandshurica Rupr.,0313,Grevillea robusta A.Cunn. ex R.Br.,0.7491828004233484,0.18720922831157757,0.12015375617853329,0.5619735721117708
0093,Brachystegia laurentii (De Wild.) Louis ex J.Léonard,0372,Khaya ivorensis A.Chev.,0.8472920053111687,0.285314769922707,0.1284079480176259,0.5619772353884617
0045,Anopyxis klaineana (Pierre) Engl.,0375,Koompassia malaccensis Maing.,0.9286868115243134,0.3666389738639127,0.08877285430095372,0.5620478376604008
0070,Bagassa guianensis Aubl.,0257,Entandrophragma candollei Harms,0.9139732555606151,0.35189488550655634,0.09798805046374451,0.5620783700540588
0257,Entandrophragma candollei Harms,0430,Milicia excelsa (Welw.) C.C. Berg,0.8430729812620401,0.09798805046374451,0.2809459055523187,0.5621270757097214
0070,Bagassa guianensis Aubl.,0621,Tectona grandis L.,0.9140923694428029,0.35189488550655634,0.3340452621707477,0.5621974839362466
0297,Fraxinus mandshurica Rupr.,0542,Pycnanthus angolensis (Welw.) Warb.,0.7495286453332528,0.18720922831157757,0.09358528548867441,0.5623194170216752
0430,Milicia excelsa (Welw.) C.C. Berg,0678,Albizia ferruginea (Guill. & Perr.) Benth.,0.9006513440676165,0.2809459055523187,0.33801121938985357,0.5626401246777629
0244,Dryobalanops C.F.Gaertn.,0293,Fraxinus americana L.,0.6356494802583588,0.07236117632383164,0.06673216616943302,0.5632883039345271
0045,Anopyxis klaineana (Pierre) Engl.,0073,Balfourodendron riedelianum (Engl.) Engl.,0.9299759417924937,0.3666389738639127,0.27718842224753326,0.5633369679285809
0115,Carapa guianensis Aubl.,0550,Quercus mongolica Fisch. ex Ledeb.,1.0413643011435736,0.47781439040167756,0.0295908067557718,0.563549910741896
0041,Aniba rosodora Ducke,0541,Pterygota macrocarpa K. Schum.,0.6085643797115419,0.03206859773287161,0.045009082662750124,0.5635552970487917
0045,Anopyxis klaineana (Pierre) Engl.,0092,Brachystegia cynometroides Harms,0.9306433141382354,0.3666389738639127,0.1445998181282847,0.5640043402743227
0009,Leptolobium Vogel,0324,Guibourtia pellegriniana J.Léonard,0.7611671330745287,0.1918203410273337,0.19715961314014666,0.564007519934382
0257,Entandrophragma candollei Harms,0258,Entandrophragma cylindricum (Sprague) Sprague,0.756195564999235,0.09798805046374451,0.1920147510454096,0.5641808139538254
0034,Anacardium L.,0608,Swietenia mahagoni (L.) Jacq.,0.823264750635188,0.25845756017377447,0.156298942858346,0.5648071904614136
0236,Dipterocarpus C.F.Gaertn.,0430,Milicia excelsa (Welw.) C.C. Berg,0.845988800221009,0.06735710381385199,0.2809459055523187,0.5650428946686903
0072,Baillonella toxisperma Pierre,0396,Lophira alata Banks ex C.F.Gaertn.,0.9427218334763816,0.377642267969207,0.08393196411047188,0.5650795655071745
0045,Anopyxis klaineana (Pierre) Engl.,0301,Gilbertiodendron dewevrei (De Wild.) J.Léonard,0.9318325110828801,0.3666389738639127,0.17033855113561178,0.5651935372189674
0258,Entandrophragma cylindricum (Sprague) Sprague,0324,Guibourtia pellegriniana J.Léonard,0.7624950529656918,0.1920147510454096,0.19715961314014666,0.5653354398255451
0033,Anacardium excelsum (Bertero & Balb. ex Kunth) Skeels,0207,Dalbergia nigra (Vell.) Allemão ex Benth.,0.8845874337896676,0.1612983471755794,0.31919241888109307,0.5653950149085746
0073,Balfourodendron riedelianum (Engl.) Engl.,0625,Terminalia superba Engl.& Diels,0.8870687714799544,0.27718842224753326,0.3215805164792984,0.565488255000656
0258,Entandrophragma cylindricum (Sprague) Sprague,0480,Peltogyne mexicana Martínez,0.7578083030908178,0.1920147510454096,0.1247695132163256,0.5657935520454083
0080,Betula papyrifera Marshall,0678,Albizia ferruginea (Guill. & Perr.) Benth.,0.9038156868598268,0.15225687626821854,0.33801121938985357,0.5658044674699733
0114,Cantleya corniculata (Becc.) R.A.Howard,0207,Dalbergia nigra (Vell.) Allemão ex Benth.,0.8850395172303702,0.24998781279531032,0.31919241888109307,0.5658470983492772
0366,Juglans regia L.,0625,Terminalia superba Engl.& Diels,0.887455397294346,0.011555233791711243,0.3215805164792984,0.5658748808150476
0006,Acer platanoides L.,0244,Dryobalanops C.F.Gaertn.,0.6382402649976464,0.0033010130066980182,0.07236117632383164,0.5658790886738148
0295,Fraxinus nigra Marshall,0430,Milicia excelsa (Welw.) C.C. Berg,0.8468742528603386,0.04872560265571527,0.2809459055523187,0.5659283473080199
0070,Bagassa guianensis Aubl.,0085,Bobgunnia fistuloides (Harms) J.H. Kirkbr. & Wiersema,1.0063098034076243,0.35189488550655634,0.4396589361336944,0.5666508672739299
0035,Anacardium giganteum Hancock ex Engl.,0294,Fraxinus excelsior L.,0.6663992330413322,0.09952635975102023,0.057931930658733005,0.566872873290312
0244,Dryobalanops C.F.Gaertn.,0553,Quercus petraea (Matt.) Liebl.,0.6844444414454324,0.07236117632383164,0.1175281560814896,0.5669162853639428
0114,Cantleya corniculata (Becc.) R.A.Howard,0553,Quercus petraea (Matt.) Liebl.,0.8170850395411103,0.24998781279531032,0.1175281560814896,0.5670972267458
0007,Acer pseudoplatanus L.,0045,Anopyxis klaineana (Pierre) Engl.,0.9337494032371951,0.01598614417773803,0.3666389738639127,0.5671104293732825
0003,Acacia mangium Willd.,0072,Baillonella toxisperma Pierre,0.9448341311879409,0.24987335040256672,0.377642267969207,0.5671918632187338
0243,Dracontomelon dao (Blanco) Merr. & Rolfe,0426,Microberlinia brazzavillensis A. Chev.,0.9498891711566368,0.38265490650255146,0.24891986447473777,0.5672342646540853
0354,Intsia bijuga (Colebr.) Kuntze,0621,Tectona grandis L.,0.9013440754494627,0.3278225854948488,0.3340452621707477,0.567298813278715
0425,Mezilaurus ita-uba (Meisn.) Taub. ex Mez,0679,Aningeria Aubrév. & Pellegr.,0.8601679385297971,0.12157433758219263,0.29282501993701454,0.5673429185927825
0399,Lovoa trichilioides Harms,0621,Tectona grandis L.,0.901493485028169,0.2327105138088832,0.3340452621707477,0.5674482228574212
0354,Intsia bijuga (Colebr.) Kuntze,0418,Mansonia altissima (A. Chev.) A. Chev.,0.8954885784901006,0.3278225854948488,0.10609990889998436,0.5676659929952518
0239,Dipteryx odorata (Aubl.) Forsyth f.,0625,Terminalia superba Engl.& Diels,0.8892688665013972,0.29620412323508927,0.3215805164792984,0.5676883500220988
0095,Brosimum alicastrum Swartz,0269,Erythrophleum ivorense A. Chev,0.941321104974454,0.373588888328799,0.18362962432208574,0.567732216645655
0007,Acer pseudoplatanus L.,0033,Anacardium excelsum (Bertero & Balb. ex Kunth) Skeels,0.729198438760034,0.01598614417773803,0.1612983471755794,0.5679000915844545
0070,Bagassa guianensis Aubl.,0302,Gilbertiodendron preussii (Harms) J.Léonard,0.9199044084049974,0.35189488550655634,0.21477324086718907,0.5680095228984411
0130,Castanea sativa Mill.,0238,Dipterocarpus kerrii King,0.7054126737790981,0.13730049844128367,0.047350069644523325,0.5681121753378144
0147,Ceiba pentandra (L.) Gaertn.,0613,Tabebuia rosea (Bert.) DC.,0.8755518531852063,0.09053989442752747,0.30741652748711856,0.5681353256980878
0070,Bagassa guianensis Aubl.,0073,Balfourodendron riedelianum (Engl.) Engl.,0.9201050379968858,0.35189488550655634,0.27718842224753326,0.5682101524903295
0181,Cotylelobium Pierre,0399,Lovoa trichilioides Harms,0.8011846868428827,0.02876268832314597,0.2327105138088832,0.5684741730339995
0324,Guibourtia pellegriniana J.Léonard,0461,Ochroma pyramidale (Cav. ex Lam.) Urb.,0.7656996147152775,0.19715961314014666,0.04404888631411533,0.5685400015751308
0070,Bagassa guianensis Aubl.,0353,Intsia Thouars,0.9336627023574965,0.35189488550655634,0.36502681521580665,0.5686358871416899
0115,Carapa guianensis Aubl.,0553,Quercus petraea (Matt.) Liebl.,1.046642653450591,0.47781439040167756,0.1175281560814896,0.5688282630489134
0147,Ceiba pentandra (L.) Gaertn.,0256,Entandrophragma angolense (Welw.) Panshin,0.9217600229481159,0.09053989442752747,0.35292642353479126,0.5688335994133247
0245,Dryobalanops aromatica C.F.Gaertn.,0679,Aningeria Aubrév. & Pellegr.,0.8620682925421211,0.1574311550408419,0.29282501993701454,0.5692432726051067
0270,Erythrophleum suaveolens (Guill. & Perr.) Brenan,0607,Swietenia macrophylla King,0.939646837345699,0.37032055479729653,0.07039605530704054,0.5693262825484025
0326,Guibourtia ehie (A. Chev.) J. Léonard,0613,Tabebuia rosea (Bert.) DC.,0.8769736039215347,0.267153359759205,0.30741652748711856,0.5695570764344161
0129,Castanea crenata Siebold & Zucc.,0313,Grevillea robusta A.Cunn. ex R.Br.,0.6899761707536592,0.034727594828010425,0.12015375617853329,0.569822414575126
0293,Fraxinus americana L.,0353,Intsia Thouars,0.9348759680587098,0.06673216616943302,0.36502681521580665,0.569849152842903
0080,Betula papyrifera Marshall,0425,Mezilaurus ita-uba (Meisn.) Taub. ex Mez,0.7224194461183773,0.15225687626821854,0.12157433758219263,0.5701625698501587
0269,Erythrophleum ivorense A. Chev,0293,Fraxinus americana L.,0.7538017464243751,0.18362962432208574,0.06673216616943302,0.5701721221022894
0244,Dryobalanops C.F.Gaertn.,0648,Triplochiton scleroxylon K. Schum.,0.6425343688991318,0.07236117632383164,0.03451537060084674,0.5701731925753002
0354,Intsia bijuga (Colebr.) Kuntze,0607,Swietenia macrophylla King,0.8982126815970808,0.3278225854948488,0.07039605530704054,0.570390096102232
0115,Carapa guianensis Aubl.,0554,Quercus robur L.,1.0482318812230442,0.47781439040167756,0.040088693572690404,0.5704174908213666
0323,Guibourtia demeusei (Harms) J.Léonard,0625,Terminalia superba Engl.& Diels,0.8920342074729231,0.2237088813376544,0.3215805164792984,0.5704536909936246
0313,Grevillea robusta A.Cunn. ex R.Br.,0396,Lophira alata Banks ex C.F.Gaertn.,0.6906997754240729,0.12015375617853329,0.08393196411047188,0.5705460192455396
0035,Anacardium giganteum Hancock ex Engl.,0244,Dryobalanops C.F.Gaertn.,0.6701978503836821,0.09952635975102023,0.07236117632383164,0.5706714906326619
0214,Daniellia thurifera Benn.,0244,Dryobalanops C.F.Gaertn.,1.0143943694261002,0.44353669806721796,0.07236117632383164,0.5708576713588822
0295,Fraxinus nigra Marshall,0425,Mezilaurus ita-uba (Meisn.) Taub. ex Mez,0.692505960504837,0.04872560265571527,0.12157433758219263,0.5709316229226444
0147,Ceiba pentandra (L.) Gaertn.,0366,Juglans regia L.,0.6615246142522149,0.09053989442752747,0.011555233791711243,0.5709847198246873
0331,Heritiera utilis (Sprague) Sprague,0550,Quercus mongolica Fisch. ex Ledeb.,0.8411092004399586,0.2700129923785008,0.0295908067557718,0.5710962080614579
0479,Peltogyne catingae Ducke,0625,Terminalia superba Engl.& Diels,0.8926937548424484,0.034412686077142644,0.3215805164792984,0.57111323836315
0354,Intsia bijuga (Colebr.) Kuntze,0608,Swietenia mahagoni (L.) Jacq.,0.8990054161904528,0.3278225854948488,0.156298942858346,0.571182830695604
0093,Brachystegia laurentii (De Wild.) Louis ex J.Léonard,0245,Dryobalanops aromatica C.F.Gaertn.,0.8565526824596623,0.285314769922707,0.1574311550408419,0.5712379125369553
0009,Leptolobium Vogel,0244,Dryobalanops C.F.Gaertn.,0.7631142743061528,0.1918203410273337,0.07236117632383164,0.571293933278819
0239,Dipteryx odorata (Aubl.) Forsyth f.,0354,Intsia bijuga (Colebr.) Kuntze,0.8993865410858758,0.29620412323508927,0.3278225854948488,0.571563955591027
0045,Anopyxis klaineana (Pierre) Engl.,0480,Peltogyne mexicana Martínez,0.9383918875967978,0.3666389738639127,0.1247695132163256,0.5717529137328852
0093,Brachystegia laurentii (De Wild.) Louis ex J.Léonard,0114,Cantleya corniculata (Becc.) R.A.Howard,0.8572723564455356,0.285314769922707,0.24998781279531032,0.5719575865228286
0080,Betula papyrifera Marshall,0318,Leplaea cedrata (A.Chev.) E.J.M.Koenen & J.J.de Wilde,0.7244342540644992,0.15225687626821854,0.03917415789724382,0.5721773777962806
0066,Aucoumea klaineana Pierre,0114,Cantleya corniculata (Becc.) R.A.Howard,0.8222677103609813,0.21760219624631696,0.24998781279531032,0.572279897565671
0257,Entandrophragma candollei Harms,0606,Swietenia humilis Zucc.,0.7880962859218887,0.09798805046374451,0.2157970800606374,0.5722992058612514
0207,Dalbergia nigra (Vell.) Allemão ex Benth.,0530,Pterocarpus soyauxii Taub.,0.8915369712068455,0.31919241888109307,0.14757486665108444,0.5723445523257524
0207,Dalbergia nigra (Vell.) Allemão ex Benth.,0295,Fraxinus nigra Marshall,0.8922598871551979,0.31919241888109307,0.04872560265571527,0.5730674682741048
0270,Erythrophleum suaveolens (Guill. & Perr.) Brenan,0425,Mezilaurus ita-uba (Meisn.) Taub. ex Mez,0.9437913741181796,0.37032055479729653,0.12157433758219263,0.5734708193208831
0608,Swietenia mahagoni (L.) Jacq.,0679,Aningeria Aubrév. & Pellegr.,0.8662973932010408,0.156298942858346,0.29282501993701454,0.5734723732640263
0130,Castanea sativa Mill.,0295,Fraxinus nigra Marshall,0.7108036535367219,0.13730049844128367,0.04872560265571527,0.5735031550954383
0072,Baillonella toxisperma Pierre,0480,Peltogyne mexicana Martínez,0.9511919311624879,0.377642267969207,0.1247695132163256,0.5735496631932808
0207,Dalbergia nigra (Vell.) Allemão ex Benth.,0318,Leplaea cedrata (A.Chev.) E.J.M.Koenen & J.J.de Wilde,0.8929183845292049,0.31919241888109307,0.03917415789724382,0.5737259656481118
0072,Baillonella toxisperma Pierre,0426,Microberlinia brazzavillensis A. Chev.,0.9522099285730746,0.377642267969207,0.24891986447473777,0.5745676606038677
0236,Dipterocarpus C.F.Gaertn.,0425,Mezilaurus ita-uba (Meisn.) Taub. ex Mez,0.6962696606009342,0.06735710381385199,0.12157433758219263,0.5746953230187416
0006,Acer platanoides L.,0367,Juglans nigra L.,0.605709005991792,0.0033010130066980182,0.030957996752025003,0.574751009239767
0070,Bagassa guianensis Aubl.,0301,Gilbertiodendron dewevrei (De Wild.) J.Léonard,0.9267179026898376,0.35189488550655634,0.17033855113561178,0.5748230171832812
0129,Castanea crenata Siebold & Zucc.,0245,Dryobalanops aromatica C.F.Gaertn.,0.732368971261729,0.034727594828010425,0.1574311550408419,0.574937816220887
0244,Dryobalanops C.F.Gaertn.,0399,Lovoa trichilioides Harms,0.8079315183899596,0.07236117632383164,0.2327105138088832,0.5752210045810764
0257,Entandrophragma candollei Harms,0621,Tectona grandis L.,0.9094149737851487,0.09798805046374451,0.3340452621707477,0.575369711614401
0195,Ctenolophon parvifolius Oliv.,0606,Swietenia humilis Zucc.,0.7911685665353224,0.1445569890808498,0.2157970800606374,0.5753714864746851
0294,Fraxinus excelsior L.,0678,Albizia ferruginea (Guill. & Perr.) Benth.,0.9134074622672014,0.057931930658733005,0.33801121938985357,0.5753962428773478
0091,Brachystegia Benth.,0239,Dipteryx odorata (Aubl.) Forsyth f.,0.9643835358793755,0.38877160503932806,0.29620412323508927,0.5756119308400475
0091,Brachystegia Benth.,0396,Lophira alata Banks ex C.F.Gaertn.,0.9643925566478804,0.38877160503932806,0.08393196411047188,0.5756209516085523
0243,Dracontomelon dao (Blanco) Merr. & Rolfe,0318,Leplaea cedrata (A.Chev.) E.J.M.Koenen & J.J.de Wilde,0.9583349946792693,0.38265490650255146,0.03917415789724382,0.5756800881767179
0033,Anacardium excelsum (Bertero & Balb. ex Kunth) Skeels,0130,Castanea sativa Mill.,0.7370160532697598,0.1612983471755794,0.13730049844128367,0.5757177060941805
0354,Intsia bijuga (Colebr.) Kuntze,0396,Lophira alata Banks ex C.F.Gaertn.,0.9035483506252987,0.3278225854948488,0.08393196411047188,0.5757257651304499
0007,Acer pseudoplatanus L.,0621,Tectona grandis L.,0.9098844112023123,0.01598614417773803,0.3340452621707477,0.5758391490315646
0396,Lophira alata Banks ex C.F.Gaertn.,0418,Mansonia altissima (A. Chev.) A. Chev.,0.6819848814565657,0.08393196411047188,0.10609990889998436,0.5758849725565813
0070,Bagassa guianensis Aubl.,0426,Microberlinia brazzavillensis A. Chev.,0.9282963802672061,0.35189488550655634,0.24891986447473777,0.5764014947606497
0256,Entandrophragma angolense (Welw.) Panshin,0553,Quercus petraea (Matt.) Liebl.,0.9294226161017526,0.35292642353479126,0.1175281560814896,0.5764961925669614
0245,Dryobalanops aromatica C.F.Gaertn.,0678,Albizia ferruginea (Guill. & Perr.) Benth.,0.914681085835546,0.1574311550408419,0.33801121938985357,0.5766698664456924
0006,Acer platanoides L.,0648,Triplochiton scleroxylon K. Schum.,0.6118409523182107,0.0033010130066980182,0.03451537060084674,0.5773255817173639
0530,Pterocarpus soyauxii Taub.,0613,Tabebuia rosea (Bert.) DC.,0.8849663663090914,0.14757486665108444,0.30741652748711856,0.5775498388219729
0258,Entandrophragma cylindricum (Sprague) Sprague,0323,Guibourtia demeusei (Harms) J.Léonard,0.8014223686106374,0.1920147510454096,0.2237088813376544,0.577713487272983
0006,Acer platanoides L.,0009,Leptolobium Vogel,0.7696250785351246,0.0033010130066980182,0.1918203410273337,0.5778047375077909
0353,Intsia Thouars,0366,Juglans regia L.,0.9432059227055236,0.36502681521580665,0.011555233791711243,0.5781791074897169
0066,Aucoumea klaineana Pierre,0318,Leplaea cedrata (A.Chev.) E.J.M.Koenen & J.J.de Wilde,0.7957874728396692,0.21760219624631696,0.03917415789724382,0.5781852765933523
0130,Castanea sativa Mill.,0147,Ceiba pentandra (L.) Gaertn.,0.7155812288236177,0.13730049844128367,0.09053989442752747,0.5782807303823341
0259,Entandrophragma utile (Dawe & Sprague) Sprague,0353,Intsia Thouars,0.9433347136387367,0.31117134377790345,0.36502681521580665,0.57830789842293
0294,Fraxinus excelsior L.,0399,Lovoa trichilioides Harms,0.8110275187016546,0.057931930658733005,0.2327105138088832,0.5783170048927714
0157,Ceriops tagal (Perr.) C.B. Robinson,0354,Intsia bijuga (Colebr.) Kuntze,0.9517234219233766,0.3733888439031872,0.3278225854948488,0.5783345780201894
0326,Guibourtia ehie (A. Chev.) J. Léonard,0425,Mezilaurus ita-uba (Meisn.) Taub. ex Mez,0.8455112988849105,0.267153359759205,0.12157433758219263,0.5783579391257054
0092,Brachystegia cynometroides Harms,0243,Dracontomelon dao (Blanco) Merr. & Rolfe,0.9610561938889259,0.1445998181282847,0.38265490650255146,0.5784012873863744
0259,Entandrophragma utile (Dawe & Sprague) Sprague,0648,Triplochiton scleroxylon K. Schum.,0.8895954570261749,0.31117134377790345,0.03451537060084674,0.5784241132482715
0244,Dryobalanops C.F.Gaertn.,0461,Ochroma pyramidale (Cav. ex Lam.) Urb.,0.6508395240532183,0.07236117632383164,0.04404888631411533,0.5784783477293867
0256,Entandrophragma angolense (Welw.) Panshin,0375,Koompassia malaccensis Maing.,0.9314389286573334,0.35292642353479126,0.08877285430095372,0.5785125051225422
0297,Fraxinus mandshurica Rupr.,0418,Mansonia altissima (A. Chev.) A. Chev.,0.7660633999226031,0.18720922831157757,0.10609990889998436,0.5788541716110255
0147,Ceiba pentandra (L.) Gaertn.,0245,Dryobalanops aromatica C.F.Gaertn.,0.7362929948322127,0.09053989442752747,0.1574311550408419,0.5788618397913707
0293,Fraxinus americana L.,0313,Grevillea robusta A.Cunn. ex R.Br.,0.6992062154427905,0.06673216616943302,0.12015375617853329,0.5790524592642572
0236,Dipterocarpus C.F.Gaertn.,0372,Khaya ivorensis A.Chev.,0.7074998916220414,0.06735710381385199,0.1284079480176259,0.5790919436044155
0095,Brosimum alicastrum Swartz,0608,Swietenia mahagoni (L.) Jacq.,0.952710042696606,0.373588888328799,0.156298942858346,0.579121154367807
0115,Carapa guianensis Aubl.,0552,Quercus alba L.,1.0571030235562162,0.47781439040167756,0.054910389150189774,0.5792886331545386
0318,Leplaea cedrata (A.Chev.) E.J.M.Koenen & J.J.de Wilde,0354,Intsia bijuga (Colebr.) Kuntze,0.9073456975449272,0.03917415789724382,0.3278225854948488,0.5795231120500784
0621,Tectona grandis L.,0678,Albizia ferruginea (Guill. & Perr.) Benth.,0.9175943832967116,0.3340452621707477,0.33801121938985357,0.579583163906858
0295,Fraxinus nigra Marshall,0372,Khaya ivorensis A.Chev.,0.7080241150920491,0.04872560265571527,0.1284079480176259,0.5796161670744232
0129,Castanea crenata Siebold & Zucc.,0542,Pycnanthus angolensis (Welw.) Warb.,0.673430404386036,0.034727594828010425,0.09358528548867441,0.5798451188973616
0080,Betula papyrifera Marshall,0613,Tabebuia rosea (Bert.) DC.,0.8872916489025846,0.15225687626821854,0.30741652748711856,0.579875121415466
0302,Gilbertiodendron preussii (Harms) J.Léonard,0371,Khaya grandifoliola C.DC.,0.7946916553092984,0.21477324086718907,0.13346149799545334,0.5799184144421093
0418,Mansonia altissima (A. Chev.) A. Chev.,0606,Swietenia humilis Zucc.,0.7957688508312555,0.10609990889998436,0.2157970800606374,0.5799717707706181
0243,Dracontomelon dao (Blanco) Merr. & Rolfe,0325,Guibourtia tessmannii (Harms) J.Léonard,0.9626358077018695,0.38265490650255146,0.20053590665995039,0.579980901199318
0045,Anopyxis klaineana (Pierre) Engl.,0552,Quercus alba L.,0.9466522555016033,0.3666389738639127,0.054910389150189774,0.5800132816376906
0095,Brosimum alicastrum Swartz,0326,Guibourtia ehie (A. Chev.) J. Léonard,0.9536906653541126,0.373588888328799,0.267153359759205,0.5801017770253136
0034,Anacardium L.,0418,Mansonia altissima (A. Chev.) A. Chev.,0.8386601098866293,0.25845756017377447,0.10609990889998436,0.5802025497128549
0041,Aniba rosodora Ducke,0114,Cantleya corniculata (Becc.) R.A.Howard,0.8305864435155577,0.03206859773287161,0.24998781279531032,0.5805986307202473
0239,Dipteryx odorata (Aubl.) Forsyth f.,0552,Quercus alba L.,0.8768090706259126,0.29620412323508927,0.054910389150189774,0.5806049473908234
0115,Carapa guianensis Aubl.,0542,Pycnanthus angolensis (Welw.) Warb.,1.0584618468032834,0.47781439040167756,0.09358528548867441,0.5806474564016058
0270,Erythrophleum suaveolens (Guill. & Perr.) Brenan,0608,Swietenia mahagoni (L.) Jacq.,0.9509773757593931,0.37032055479729653,0.156298942858346,0.5806568209620966
0293,Fraxinus americana L.,0679,Aningeria Aubrév. & Pellegr.,0.8734934936273555,0.06673216616943302,0.29282501993701454,0.5806684736903409
0072,Baillonella toxisperma Pierre,0375,Koompassia malaccensis Maing.,0.9583710891947712,0.377642267969207,0.08877285430095372,0.5807288212255641
0070,Bagassa guianensis Aubl.,0479,Peltogyne catingae Ducke,0.9326382049064381,0.35189488550655634,0.034412686077142644,0.5807433193998818
0034,Anacardium L.,0607,Swietenia macrophylla King,0.8393320613914261,0.25845756017377447,0.07039605530704054,0.5808745012176517
0375,Koompassia malaccensis Maing.,0479,Peltogyne catingae Ducke,0.6696816952545188,0.08877285430095372,0.034412686077142644,0.5809088409535651
0003,Acacia mangium Willd.,0323,Guibourtia demeusei (Harms) J.Léonard,0.831042646334223,0.24987335040256672,0.2237088813376544,0.5811692959316562
0045,Anopyxis klaineana (Pierre) Engl.,0325,Guibourtia tessmannii (Harms) J.Léonard,0.9479446076522428,0.3666389738639127,0.20053590665995039,0.58130563378833
0479,Peltogyne catingae Ducke,0678,Albizia ferruginea (Guill. & Perr.) Benth.,0.9193252301546605,0.034412686077142644,0.33801121938985357,0.5813140107648069
0530,Pterocarpus soyauxii Taub.,0621,Tectona grandis L.,0.9154073301373342,0.14757486665108444,0.3340452621707477,0.5813620679665865
0243,Dracontomelon dao (Blanco) Merr. & Rolfe,0480,Peltogyne mexicana Martínez,0.9641504847068962,0.38265490650255146,0.1247695132163256,0.5814955782043447
0006,Acer platanoides L.,0033,Anacardium excelsum (Bertero & Balb. ex Kunth) Skeels,0.7428155355164645,0.0033010130066980182,0.1612983471755794,0.5815171883408852
0195,Ctenolophon parvifolius Oliv.,0399,Lovoa trichilioides Harms,0.8143133472775991,0.1445569890808498,0.2327105138088832,0.5816028334687159
0091,Brachystegia Benth.,0372,Khaya ivorensis A.Chev.,0.9704030050211538,0.38877160503932806,0.1284079480176259,0.5816313999818258
0270,Erythrophleum suaveolens (Guill. & Perr.) Brenan,0318,Leplaea cedrata (A.Chev.) E.J.M.Koenen & J.J.de Wilde,0.9520184287607014,0.37032055479729653,0.03917415789724382,0.5816978739634049
0034,Anacardium L.,0621,Tectona grandis L.,0.9158784741471249,0.25845756017377447,0.3340452621707477,0.5818332119763772
0530,Pterocarpus soyauxii Taub.,0678,Albizia ferruginea (Guill. & Perr.) Benth.,0.920067738094686,0.14757486665108444,0.33801121938985357,0.5820565187048324
0081,Betula pendula Roth,0181,Cotylelobium Pierre,0.6111089040831166,0.0030165117830820874,0.02876268832314597,0.5823462157599706
0003,Acacia mangium Willd.,0425,Mezilaurus ita-uba (Meisn.) Taub. ex Mez,0.8323922310305747,0.24987335040256672,0.12157433758219263,0.5825188806280079
0270,Erythrophleum suaveolens (Guill. & Perr.) Brenan,0396,Lophira alata Banks ex C.F.Gaertn.,0.9529306990209562,0.37032055479729653,0.08393196411047188,0.5826101442236596
0034,Anacardium L.,0313,Grevillea robusta A.Cunn. ex R.Br.,0.8412452508901218,0.25845756017377447,0.12015375617853329,0.5827876907163474
0030,Amburana cearensis (Allemão) A.C.Sm.,0479,Peltogyne catingae Ducke,0.7865607678619171,0.20353506212870529,0.034412686077142644,0.5830257057332118
0072,Baillonella toxisperma Pierre,0092,Brachystegia cynometroides Harms,0.9608410555747593,0.377642267969207,0.1445998181282847,0.5831987876055522
0325,Guibourtia tessmannii (Harms) J.Léonard,0542,Pycnanthus angolensis (Welw.) Warb.,0.7837399488069875,0.20053590665995039,0.09358528548867441,0.5832040421470371
0070,Bagassa guianensis Aubl.,0259,Entandrophragma utile (Dawe & Sprague) Sprague,0.935316447761394,0.35189488550655634,0.31117134377790345,0.5834215622548377
0033,Anacardium excelsum (Bertero & Balb. ex Kunth) Skeels,0372,Khaya ivorensis A.Chev.,0.7452428852337372,0.1612983471755794,0.1284079480176259,0.5839445380581578
0269,Erythrophleum ivorense A. Chev,0606,Swietenia humilis Zucc.,0.7997948588343129,0.18362962432208574,0.2157970800606374,0.5839977787736755
0259,Entandrophragma utile (Dawe & Sprague) Sprague,0323,Guibourtia demeusei (Harms) J.Léonard,0.8952722847084449,0.31117134377790345,0.2237088813376544,0.5841009409305414
0294,Fraxinus excelsior L.,0679,Aningeria Aubrév. & Pellegr.,0.8770692666637829,0.057931930658733005,0.29282501993701454,0.5842442467267683
0129,Castanea crenata Siebold & Zucc.,0259,Entandrophragma utile (Dawe & Sprague) Sprague,0.8955751074029177,0.034727594828010425,0.31117134377790345,0.5844037636250142
0295,Fraxinus nigra Marshall,0371,Khaya grandifoliola C.DC.,0.7180447290792668,0.04872560265571527,0.13346149799545334,0.5845832310838134
0009,Leptolobium Vogel,0269,Erythrophleum ivorense A. Chev,0.7764435956481885,0.1918203410273337,0.18362962432208574,0.5846232546208548
0294,Fraxinus excelsior L.,0354,Intsia bijuga (Colebr.) Kuntze,0.9128657843516937,0.057931930658733005,0.3278225854948488,0.585043198856845
0114,Cantleya corniculata (Becc.) R.A.Howard,0648,Triplochiton scleroxylon K. Schum.,0.8350875235022619,0.24998781279531032,0.03451537060084674,0.5850997107069515
0045,Anopyxis klaineana (Pierre) Engl.,0478,Peltogyne Vogel,0.9519639104999545,0.3666389738639127,0.11335898594650924,0.5853249366360418
0318,Leplaea cedrata (A.Chev.) E.J.M.Koenen & J.J.de Wilde,0353,Intsia Thouars,0.9504592297239134,0.03917415789724382,0.36502681521580665,0.5854324145081067
0035,Anacardium giganteum Hancock ex Engl.,0259,Entandrophragma utile (Dawe & Sprague) Sprague,0.8972412502747649,0.09952635975102023,0.31117134377790345,0.5860699064968614
0542,Pycnanthus angolensis (Welw.) Warb.,0679,Aningeria Aubrév. & Pellegr.,0.8789785982916218,0.09358528548867441,0.29282501993701454,0.5861535783546072
0080,Betula papyrifera Marshall,0147,Ceiba pentandra (L.) Gaertn.,0.7388249575405547,0.15225687626821854,0.09053989442752747,0.5865680812723362
0073,Balfourodendron riedelianum (Engl.) Engl.,0354,Intsia bijuga (Colebr.) Kuntze,0.9145251072089572,0.27718842224753326,0.3278225854948488,0.5867025217141084
0244,Dryobalanops C.F.Gaertn.,0625,Terminalia superba Engl.& Diels,0.9083596883648508,0.07236117632383164,0.3215805164792984,0.5867791718855524
0114,Cantleya corniculata (Becc.) R.A.Howard,0367,Juglans nigra L.,0.8368424252378868,0.24998781279531032,0.030957996752025003,0.5868546124425764
0399,Lovoa trichilioides Harms,0431,Millettia laurentii De Wild.,0.8199168495918496,0.2327105138088832,0.15046909860762905,0.5872063357829664
0080,Betula papyrifera Marshall,0296,Fraxinus ornus L.,0.7433955435164431,0.15225687626821854,0.15609996020530656,0.5872955833111365
0331,Heritiera utilis (Sprague) Sprague,0431,Millettia laurentii De Wild.,0.8574560493147335,0.2700129923785008,0.15046909860762905,0.5874430569362328
0461,Ochroma pyramidale (Cav. ex Lam.) Urb.,0607,Swietenia macrophylla King,0.6578693576079924,0.04404888631411533,0.07039605530704054,0.5874733023009518
0070,Bagassa guianensis Aubl.,0550,Quercus mongolica Fisch. ex Ledeb.,0.939407274331163,0.35189488550655634,0.0295908067557718,0.5875123888246067
0072,Baillonella toxisperma Pierre,0478,Peltogyne Vogel,0.9652625184451402,0.377642267969207,0.11335898594650924,0.5876202504759331
0093,Brachystegia laurentii (De Wild.) Louis ex J.Léonard,0095,Brosimum alicastrum Swartz,0.9613939665713361,0.285314769922707,0.373588888328799,0.5878050782425371
0243,Dracontomelon dao (Blanco) Merr. & Rolfe,0530,Pterocarpus soyauxii Taub.,0.9704754991923508,0.38265490650255146,0.14757486665108444,0.5878205926897992
0045,Anopyxis klaineana (Pierre) Engl.,0479,Peltogyne catingae Ducke,0.9544707795499758,0.3666389738639127,0.034412686077142644,0.5878318056860632
0003,Acacia mangium Willd.,0430,Milicia excelsa (Welw.) C.C. Berg,0.8687856107925602,0.24987335040256672,0.2809459055523187,0.5878397052402415
0157,Ceriops tagal (Perr.) C.B. Robinson,0552,Quercus alba L.,0.961622361292449,0.3733888439031872,0.054910389150189774,0.5882335173892619
0095,Brosimum alicastrum Swartz,0270,Erythrophleum suaveolens (Guill. & Perr.) Brenan,0.9618525526650862,0.373588888328799,0.37032055479729653,0.5882636643362872
0073,Balfourodendron riedelianum (Engl.) Engl.,0542,Pycnanthus angolensis (Welw.) Warb.,0.865535945536529,0.27718842224753326,0.09358528548867441,0.5883475232889958
0093,Brachystegia laurentii (De Wild.) Louis ex J.Léonard,0244,Dryobalanops C.F.Gaertn.,0.8737686803958489,0.285314769922707,0.07236117632383164,0.5884539104731419
0072,Baillonella toxisperma Pierre,0325,Guibourtia tessmannii (Harms) J.Léonard,0.9661594499272186,0.377642267969207,0.20053590665995039,0.5885171819580115
0041,Aniba rosodora Ducke,0091,Brachystegia Benth.,0.9773538843095392,0.03206859773287161,0.38877160503932806,0.5885822792702111
0114,Cantleya corniculata (Becc.) R.A.Howard,0366,Juglans regia L.,0.838747146557105,0.24998781279531032,0.011555233791711243,0.5887593337617947
0091,Brachystegia Benth.,0243,Dracontomelon dao (Blanco) Merr. & Rolfe,0.9777614862399229,0.38877160503932806,0.38265490650255146,0.5889898812005948
0072,Baillonella toxisperma Pierre,0091,Brachystegia Benth.,0.9778242755510256,0.377642267969207,0.38877160503932806,0.5890526705116975
0244,Dryobalanops C.F.Gaertn.,0367,Juglans nigra L.,0.6616285251167988,0.07236117632383164,0.030957996752025003,0.5892673487929672
0243,Dracontomelon dao (Blanco) Merr. & Rolfe,0478,Peltogyne Vogel,0.9720493650113176,0.38265490650255146,0.11335898594650924,0.589394458508766
0331,Heritiera utilis (Sprague) Sprague,0425,Mezilaurus ita-uba (Meisn.) Taub. ex Mez,0.8596475808811974,0.2700129923785008,0.12157433758219263,0.5896345885026966
0009,Leptolobium Vogel,0081,Betula pendula Roth,0.7814814213527884,0.1918203410273337,0.0030165117830820874,0.5896610803254547
0257,Entandrophragma candollei Harms,0372,Khaya ivorensis A.Chev.,0.7184226482253612,0.09798805046374451,0.1284079480176259,0.5900147002077353
0093,Brachystegia laurentii (De Wild.) Louis ex J.Léonard,0425,Mezilaurus ita-uba (Meisn.) Taub. ex Mez,0.8753539537108539,0.285314769922707,0.12157433758219263,0.5900391837881469
0081,Betula pendula Roth,0297,Fraxinus mandshurica Rupr.,0.7773732728922903,0.0030165117830820874,0.18720922831157757,0.5901640445807127
0007,Acer pseudoplatanus L.,0243,Dracontomelon dao (Blanco) Merr. & Rolfe,0.9729841920624152,0.01598614417773803,0.38265490650255146,0.5903292855598636
0238,Dipterocarpus kerrii King,0372,Khaya ivorensis A.Chev.,0.7188262061034666,0.047350069644523325,0.1284079480176259,0.5904182580858407
0095,Brosimum alicastrum Swartz,0530,Pterocarpus soyauxii Taub.,0.9640522558378264,0.373588888328799,0.14757486665108444,0.5904633675090274
0006,Acer platanoides L.,0259,Entandrophragma utile (Dawe & Sprague) Sprague,0.9017427485142513,0.0033010130066980182,0.31117134377790345,0.5905714047363478
0238,Dipterocarpus kerrii King,0371,Khaya grandifoliola C.DC.,0.7240460076949286,0.047350069644523325,0.13346149799545334,0.5905845096994752
0396,Lophira alata Banks ex C.F.Gaertn.,0625,Terminalia superba Engl.& Diels,0.9122180142894054,0.08393196411047188,0.3215805164792984,0.590637497810107
0034,Anacardium L.,0324,Guibourtia pellegriniana J.Léonard,0.8490969481788425,0.25845756017377447,0.19715961314014666,0.590639388005068
0070,Bagassa guianensis Aubl.,0553,Quercus petraea (Matt.) Liebl.,0.9426732809493708,0.35189488550655634,0.1175281560814896,0.5907783954428144
0371,Khaya grandifoliola C.DC.,0426,Microberlinia brazzavillensis A. Chev.,0.8397779890824604,0.13346149799545334,0.24891986447473777,0.5908581246077226
0045,Anopyxis klaineana (Pierre) Engl.,0530,Pterocarpus soyauxii Taub.,0.9578297679670756,0.3666389738639127,0.14757486665108444,0.5911907941031629
0399,Lovoa trichilioides Harms,0418,Mansonia altissima (A. Chev.) A. Chev.,0.8240385692247322,0.2327105138088832,0.10609990889998436,0.591328055415849
0041,Aniba rosodora Ducke,0130,Castanea sativa Mill.,0.7286683731409906,0.03206859773287161,0.13730049844128367,0.591367874699707
0239,Dipteryx odorata (Aubl.) Forsyth f.,0541,Pterygota macrocarpa K. Schum.,0.8875726644950764,0.29620412323508927,0.045009082662750124,0.5913685412599872
0331,Heritiera utilis (Sprague) Sprague,0554,Quercus robur L.,0.8614905029352928,0.2700129923785008,0.040088693572690404,0.591477510556792
0323,Guibourtia demeusei (Harms) J.Léonard,0399,Lovoa trichilioides Harms,0.8242485944335208,0.2237088813376544,0.2327105138088832,0.5915380806246376
0035,Anacardium giganteum Hancock ex Engl.,0354,Intsia bijuga (Colebr.) Kuntze,0.9194907692224401,0.09952635975102023,0.3278225854948488,0.5916681837275913
0244,Dryobalanops C.F.Gaertn.,0679,Aningeria Aubrév. & Pellegr.,0.8845578889078385,0.07236117632383164,0.29282501993701454,0.5917328689708239
0625,Terminalia superba Engl.& Diels,0679,Aningeria Aubrév. & Pellegr.,0.9133797616977117,0.3215805164792984,0.29282501993701454,0.5917992452184133
0093,Brachystegia laurentii (De Wild.) Louis ex J.Léonard,0157,Ceriops tagal (Perr.) C.B. Robinson,0.9655035085988541,0.285314769922707,0.3733888439031872,0.592114664695667
0236,Dipterocarpus C.F.Gaertn.,0256,Entandrophragma angolense (Welw.) Panshin,0.9451686206150178,0.06735710381385199,0.35292642353479126,0.5922421970802265
0072,Baillonella toxisperma Pierre,0302,Gilbertiodendron preussii (Harms) J.Léonard,0.9700098815272276,0.377642267969207,0.21477324086718907,0.5923676135580205
0114,Cantleya corniculata (Becc.) R.A.Howard,0318,Leplaea cedrata (A.Chev.) E.J.M.Koenen & J.J.de Wilde,0.842411077719595,0.24998781279531032,0.03917415789724382,0.5924232649242847
0238,Dipterocarpus kerrii King,0258,Entandrophragma cylindricum (Sprague) Sprague,0.7844455919816035,0.047350069644523325,0.1920147510454096,0.5924308409361938
0430,Milicia excelsa (Welw.) C.C. Berg,0606,Swietenia humilis Zucc.,0.8735342239905888,0.2809459055523187,0.2157970800606374,0.5925883184382701
0081,Betula pendula Roth,0625,Terminalia superba Engl.& Diels,0.9142515840785006,0.0030165117830820874,0.3215805164792984,0.5926710675992022
0130,Castanea sativa Mill.,0195,Ctenolophon parvifolius Oliv.,0.7372312971354381,0.13730049844128367,0.1445569890808498,0.5926743080545883
0238,Dipterocarpus kerrii King,0256,Entandrophragma angolense (Welw.) Panshin,0.9456198884226494,0.047350069644523325,0.35292642353479126,0.5926934648878581
0095,Brosimum alicastrum Swartz,0354,Intsia bijuga (Colebr.) Kuntze,0.9663468118364686,0.373588888328799,0.3278225854948488,0.5927579235076696
0245,Dryobalanops aromatica C.F.Gaertn.,0426,Microberlinia brazzavillensis A. Chev.,0.8417313880988575,0.1574311550408419,0.24891986447473777,0.5928115236241197
0323,Guibourtia demeusei (Harms) J.Léonard,0542,Pycnanthus angolensis (Welw.) Warb.,0.8166044293566531,0.2237088813376544,0.09358528548867441,0.5928955480189987
0114,Cantleya corniculata (Becc.) R.A.Howard,0301,Gilbertiodendron dewevrei (De Wild.) J.Léonard,0.842984729550493,0.24998781279531032,0.17033855113561178,0.5929969167551826
0033,Anacardium excelsum (Bertero & Balb. ex Kunth) Skeels,0430,Milicia excelsa (Welw.) C.C. Berg,0.8744080652045487,0.1612983471755794,0.2809459055523187,0.59346215965223
0072,Baillonella toxisperma Pierre,0479,Peltogyne catingae Ducke,0.9712154287607224,0.377642267969207,0.034412686077142644,0.5935731607915153
0313,Grevillea robusta A.Cunn. ex R.Br.,0354,Intsia bijuga (Colebr.) Kuntze,0.9215771610875237,0.12015375617853329,0.3278225854948488,0.593754575592675
0238,Dipterocarpus kerrii King,0331,Heritiera utilis (Sprague) Sprague,0.8639554040112567,0.047350069644523325,0.2700129923785008,0.5939424116327559
0256,Entandrophragma angolense (Welw.) Panshin,0371,Khaya grandifoliola C.DC.,0.9468916734734131,0.35292642353479126,0.13346149799545334,0.5939652499386219
0256,Entandrophragma angolense (Welw.) Panshin,0425,Mezilaurus ita-uba (Meisn.) Taub. ex Mez,0.9470767269614186,0.35292642353479126,0.12157433758219263,0.5941503034266273
0353,Intsia Thouars,0550,Quercus mongolica Fisch. ex Ledeb.,0.9593268024563175,0.36502681521580665,0.0295908067557718,0.5942999872405108
0195,Ctenolophon parvifolius Oliv.,0258,Entandrophragma cylindricum (Sprague) Sprague,0.7866465349726413,0.1445569890808498,0.1920147510454096,0.5946317839272317
0095,Brosimum alicastrum Swartz,0607,Swietenia macrophylla King,0.9682749400734628,0.373588888328799,0.07039605530704054,0.5946860517446638
0035,Anacardium giganteum Hancock ex Engl.,0258,Entandrophragma cylindricum (Sprague) Sprague,0.7867793324562036,0.09952635975102023,0.1920147510454096,0.594764581410794
0092,Brachystegia cynometroides Harms,0607,Swietenia macrophylla King,0.7394044013990211,0.1445998181282847,0.07039605530704054,0.5948045832707364
0072,Baillonella toxisperma Pierre,0270,Erythrophleum suaveolens (Guill. & Perr.) Brenan,0.9729076442752147,0.377642267969207,0.37032055479729653,0.5952653763060076
0257,Entandrophragma candollei Harms,0613,Tabebuia rosea (Bert.) DC.,0.9030133271090869,0.09798805046374451,0.30741652748711856,0.5955967996219683
0238,Dipterocarpus kerrii King,0425,Mezilaurus ita-uba (Meisn.) Taub. ex Mez,0.7173444698684333,0.047350069644523325,0.12157433758219263,0.5957701322862407
0243,Dracontomelon dao (Blanco) Merr. & Rolfe,0479,Peltogyne catingae Ducke,0.9784474609793594,0.38265490650255146,0.034412686077142644,0.5957925544768079
0294,Fraxinus excelsior L.,0648,Triplochiton scleroxylon K. Schum.,0.6540427083791196,0.057931930658733005,0.03451537060084674,0.5961107777203866
0195,Ctenolophon parvifolius Oliv.,0613,Tabebuia rosea (Bert.) DC.,0.9037686718925055,0.1445569890808498,0.30741652748711856,0.596352144405387
0426,Microberlinia brazzavillensis A. Chev.,0621,Tectona grandis L.,0.9304915614733993,0.24891986447473777,0.3340452621707477,0.5964462993026516
0207,Dalbergia nigra (Vell.) Allemão ex Benth.,0418,Mansonia altissima (A. Chev.) A. Chev.,0.9157620921394383,0.31919241888109307,0.10609990889998436,0.5965696732583452
0073,Balfourodendron riedelianum (Engl.) Engl.,0295,Fraxinus nigra Marshall,0.8744556641179406,0.27718842224753326,0.04872560265571527,0.5972672418704074
0236,Dipterocarpus C.F.Gaertn.,0258,Entandrophragma cylindricum (Sprague) Sprague,0.789737983743453,0.06735710381385199,0.1920147510454096,0.5977232326980435
0331,Heritiera utilis (Sprague) Sprague,0679,Aningeria Aubrév. & Pellegr.,0.8905708802916594,0.2700129923785008,0.29282501993701454,0.5977458603546448
0366,Juglans regia L.,0542,Pycnanthus angolensis (Welw.) Warb.,0.6913359297397021,0.011555233791711243,0.09358528548867441,0.5977506442510278
0243,Dracontomelon dao (Blanco) Merr. & Rolfe,0301,Gilbertiodendron dewevrei (De Wild.) J.Léonard,0.9806308866109519,0.38265490650255146,0.17033855113561178,0.5979759801084004
0033,Anacardium excelsum (Bertero & Balb. ex Kunth) Skeels,0256,Entandrophragma angolense (Welw.) Panshin,0.9510397446666017,0.1612983471755794,0.35292642353479126,0.5981133211318104
0270,Erythrophleum suaveolens (Guill. & Perr.) Brenan,0418,Mansonia altissima (A. Chev.) A. Chev.,0.9684848295996278,0.37032055479729653,0.10609990889998436,0.5981642748023313
0034,Anacardium L.,0331,Heritiera utilis (Sprague) Sprague,0.8682695385039534,0.25845756017377447,0.2700129923785008,0.5982565461254525
0130,Castanea sativa Mill.,0297,Fraxinus mandshurica Rupr.,0.7857860438083883,0.13730049844128367,0.18720922831157757,0.5985768154968107
0035,Anacardium giganteum Hancock ex Engl.,0091,Brachystegia Benth.,0.9873532836838876,0.09952635975102023,0.38877160503932806,0.5985816786445596
0130,Castanea sativa Mill.,0366,Juglans regia L.,0.7359060179793044,0.13730049844128367,0.011555233791711243,0.5986055195380208
0070,Bagassa guianensis Aubl.,0480,Peltogyne mexicana Martínez,0.9506988613213547,0.35189488550655634,0.1247695132163256,0.5988039758147984
0256,Entandrophragma angolense (Welw.) Panshin,0418,Mansonia altissima (A. Chev.) A. Chev.,0.951797438058696,0.35292642353479126,0.10609990889998436,0.5988710145239047
0081,Betula pendula Roth,0195,Ctenolophon parvifolius Oliv.,0.7435269976599017,0.0030165117830820874,0.1445569890808498,0.5989700085790519
0041,Aniba rosodora Ducke,0372,Khaya ivorensis A.Chev.,0.7275117677891605,0.03206859773287161,0.1284079480176259,0.5991038197715346
0425,Mezilaurus ita-uba (Meisn.) Taub. ex Mez,0426,Microberlinia brazzavillensis A. Chev.,0.8481658703452113,0.12157433758219263,0.24891986447473777,0.5992460058704735
0430,Milicia excelsa (Welw.) C.C. Berg,0648,Triplochiton scleroxylon K. Schum.,0.8802609303244788,0.2809459055523187,0.03451537060084674,0.5993150247721601
0256,Entandrophragma angolense (Welw.) Panshin,0295,Fraxinus nigra Marshall,0.9522762939121583,0.35292642353479126,0.04872560265571527,0.599349870377367
0081,Betula pendula Roth,0367,Juglans nigra L.,0.63045051235766,0.0030165117830820874,0.030957996752025003,0.599492515605635
0073,Balfourodendron riedelianum (Engl.) Engl.,0678,Albizia ferruginea (Guill. & Perr.) Benth.,0.9375477485342723,0.27718842224753326,0.33801121938985357,0.5995365291444187
0072,Baillonella toxisperma Pierre,0257,Entandrophragma candollei Harms,0.9772767257104285,0.377642267969207,0.09798805046374451,0.5996344577412214
0070,Bagassa guianensis Aubl.,0552,Quercus alba L.,0.9515548994724417,0.35189488550655634,0.054910389150189774,0.5996600139658853
0430,Milicia excelsa (Welw.) C.C. Berg,0541,Pterygota macrocarpa K. Schum.,0.8807225268086452,0.2809459055523187,0.045009082662750124,0.5997766212563265
0129,Castanea crenata Siebold & Zucc.,0296,Fraxinus ornus L.,0.7561401132671592,0.034727594828010425,0.15609996020530656,0.6000401530618527
0072,Baillonella toxisperma Pierre,0269,Erythrophleum ivorense A. Chev,0.9776949104788695,0.377642267969207,0.18362962432208574,0.6000526425096624
0236,Dipterocarpus C.F.Gaertn.,0371,Khaya grandifoliola C.DC.,0.7335334247875345,0.06735710381385199,0.13346149799545334,0.6000719267920811
0157,Ceriops tagal (Perr.) C.B. Robinson,0270,Erythrophleum suaveolens (Guill. & Perr.) Brenan,0.9736353048599684,0.3733888439031872,0.37032055479729653,0.6002464609567812
0007,Acer pseudoplatanus L.,0324,Guibourtia pellegriniana J.Léonard,0.7976271003471047,0.01598614417773803,0.19715961314014666,0.6004674872069581
0080,Betula papyrifera Marshall,0625,Terminalia superba Engl.& Diels,0.9222022809830976,0.15225687626821854,0.3215805164792984,0.6006217645037992
0009,Leptolobium Vogel,0325,Guibourtia tessmannii (Harms) J.Léonard,0.8012130303239626,0.1918203410273337,0.20053590665995039,0.6006771236640123
0296,Fraxinus ornus L.,0353,Intsia Thouars,0.9657291226547855,0.15609996020530656,0.36502681521580665,0.6007023074389788
0030,Amburana cearensis (Allemão) A.C.Sm.,0147,Ceiba pentandra (L.) Gaertn.,0.8042932871657057,0.20353506212870529,0.09053989442752747,0.6007582250370004
0296,Fraxinus ornus L.,0354,Intsia bijuga (Colebr.) Kuntze,0.9286081819550531,0.15609996020530656,0.3278225854948488,0.6007855964602044
0353,Intsia Thouars,0552,Quercus alba L.,0.9663630111764624,0.36502681521580665,0.054910389150189774,0.6013361959606558
0070,Bagassa guianensis Aubl.,0325,Guibourtia tessmannii (Harms) J.Léonard,0.9532608446563702,0.35189488550655634,0.20053590665995039,0.6013659591498138
0353,Intsia Thouars,0554,Quercus robur L.,0.9664759678710639,0.36502681521580665,0.040088693572690404,0.6014491526552572
0009,Leptolobium Vogel,0066,Aucoumea klaineana Pierre,0.8192718631927061,0.1918203410273337,0.21760219624631696,0.6016696669463891
0195,Ctenolophon parvifolius Oliv.,0430,Milicia excelsa (Welw.) C.C. Berg,0.8828234099602867,0.1445569890808498,0.2809459055523187,0.6018775044079681
0258,Entandrophragma cylindricum (Sprague) Sprague,0430,Milicia excelsa (Welw.) C.C. Berg,0.8829060978802235,0.1920147510454096,0.2809459055523187,0.6019601923279048
0353,Intsia Thouars,0530,Pterocarpus soyauxii Taub.,0.9670885262006454,0.36502681521580665,0.14757486665108444,0.6020617109848387
0257,Entandrophragma candollei Harms,0371,Khaya grandifoliola C.DC.,0.7355831373337784,0.09798805046374451,0.13346149799545334,0.6021216393383251
0418,Mansonia altissima (A. Chev.) A. Chev.,0613,Tabebuia rosea (Bert.) DC.,0.9095483862694922,0.10609990889998436,0.30741652748711856,0.6021318587823736
0007,Acer pseudoplatanus L.,0066,Aucoumea klaineana Pierre,0.8199337021056495,0.01598614417773803,0.21760219624631696,0.6023315058593326
0366,Juglans regia L.,0372,Khaya ivorensis A.Chev.,0.7308552203721246,0.011555233791711243,0.1284079480176259,0.6024472723544987
0326,Guibourtia ehie (A. Chev.) J. Léonard,0550,Quercus mongolica Fisch. ex Ledeb.,0.8697378831172724,0.267153359759205,0.0295908067557718,0.6025845233580673
0003,Acacia mangium Willd.,0621,Tectona grandis L.,0.9366795537851442,0.24987335040256672,0.3340452621707477,0.6026342916143965
0296,Fraxinus ornus L.,0313,Grevillea robusta A.Cunn. ex R.Br.,0.75886097781517,0.15609996020530656,0.12015375617853329,0.6027610176098634
0091,Brachystegia Benth.,0679,Aningeria Aubrév. & Pellegr.,0.9916260227913962,0.38877160503932806,0.29282501993701454,0.6028544177520682
0070,Bagassa guianensis Aubl.,0554,Quercus robur L.,0.9550066714352474,0.35189488550655634,0.040088693572690404,0.6031117859286911
0244,Dryobalanops C.F.Gaertn.,0678,Albizia ferruginea (Guill. & Perr.) Benth.,0.9414212153840771,0.07236117632383164,0.33801121938985357,0.6034099959942235
0244,Dryobalanops C.F.Gaertn.,0426,Microberlinia brazzavillensis A. Chev.,0.8525362503271873,0.07236117632383164,0.24891986447473777,0.6036163858524495
0003,Acacia mangium Willd.,0245,Dryobalanops aromatica C.F.Gaertn.,0.853728004284938,0.24987335040256672,0.1574311550408419,0.6038546538823713
0033,Anacardium excelsum (Bertero & Balb. ex Kunth) Skeels,0258,Entandrophragma cylindricum (Sprague) Sprague,0.7960688732467004,0.1612983471755794,0.1920147510454096,0.6040541222012907
0239,Dipteryx odorata (Aubl.) Forsyth f.,0326,Guibourtia ehie (A. Chev.) J. Léonard,0.9003279455969391,0.29620412323508927,0.267153359759205,0.6041238223618498
0147,Ceiba pentandra (L.) Gaertn.,0313,Grevillea robusta A.Cunn. ex R.Br.,0.7243188487842306,0.09053989442752747,0.12015375617853329,0.6041650926056973
0092,Brachystegia cynometroides Harms,0608,Swietenia mahagoni (L.) Jacq.,0.7605588393837553,0.1445998181282847,0.156298942858346,0.6042598965254093
0081,Betula pendula Roth,0613,Tabebuia rosea (Bert.) DC.,0.9116838745636218,0.0030165117830820874,0.30741652748711856,0.6042673470765032
0114,Cantleya corniculata (Becc.) R.A.Howard,0195,Ctenolophon parvifolius Oliv.,0.8542936108814405,0.24998781279531032,0.1445569890808498,0.6043057980861302
0081,Betula pendula Roth,0678,Albizia ferruginea (Guill. & Perr.) Benth.,0.9423407558336574,0.0030165117830820874,0.33801121938985357,0.6043295364438038
0045,Anopyxis klaineana (Pierre) Engl.,0353,Intsia Thouars,0.9710718756071685,0.3666389738639127,0.36502681521580665,0.6044329017432557
0070,Bagassa guianensis Aubl.,0478,Peltogyne Vogel,0.9563915604871804,0.35189488550655634,0.11335898594650924,0.6044966749806241
0092,Brachystegia cynometroides Harms,0158,"Chlorocardium rodiei (R.H.Schomb.) Rohwer, H.G.Richt. & van der Werff",0.7492938798899859,0.1445998181282847,0.08176555061613976,0.6046940617617012
0236,Dipterocarpus C.F.Gaertn.,0331,Heritiera utilis (Sprague) Sprague,0.8748315346778334,0.06735710381385199,0.2700129923785008,0.6048185422993326
0331,Heritiera utilis (Sprague) Sprague,0418,Mansonia altissima (A. Chev.) A. Chev.,0.8749405964174239,0.2700129923785008,0.10609990889998436,0.6049276040389231
0091,Brachystegia Benth.,0366,Juglans regia L.,0.9937469514310933,0.38877160503932806,0.011555233791711243,0.6049753463917652
0461,Ochroma pyramidale (Cav. ex Lam.) Urb.,0553,Quercus petraea (Matt.) Liebl.,0.7226054366485551,0.04404888631411533,0.1175281560814896,0.6050772805670656
0270,Erythrophleum suaveolens (Guill. & Perr.) Brenan,0313,Grevillea robusta A.Cunn. ex R.Br.,0.9756133489861901,0.37032055479729653,0.12015375617853329,0.6052927941888936
0091,Brachystegia Benth.,0331,Heritiera utilis (Sprague) Sprague,0.9947614793326122,0.38877160503932806,0.2700129923785008,0.6059898742932841
0070,Bagassa guianensis Aubl.,0323,Guibourtia demeusei (Harms) J.Léonard,0.9583722338967724,0.35189488550655634,0.2237088813376544,0.606477348390216
0114,Cantleya corniculata (Becc.) R.A.Howard,0426,Microberlinia brazzavillensis A. Chev.,0.856603374773315,0.24998781279531032,0.24891986447473777,0.6066155619780047
0313,Grevillea robusta A.Cunn. ex R.Br.,0606,Swietenia humilis Zucc.,0.8225409438017527,0.12015375617853329,0.2157970800606374,0.6067438637411153
0081,Betula pendula Roth,0648,Triplochiton scleroxylon K. Schum.,0.641312895637599,0.0030165117830820874,0.03451537060084674,0.6067975250367522
0003,Acacia mangium Willd.,0324,Guibourtia pellegriniana J.Léonard,0.8567010167260622,0.24987335040256672,0.19715961314014666,0.6068276663234955
0129,Castanea crenata Siebold & Zucc.,0366,Juglans regia L.,0.6417719285280147,0.034727594828010425,0.011555233791711243,0.6070443337000042
0325,Guibourtia tessmannii (Harms) J.Léonard,0480,Peltogyne mexicana Martínez,0.8076065619117191,0.20053590665995039,0.1247695132163256,0.6070706552517687
0367,Juglans nigra L.,0430,Milicia excelsa (Welw.) C.C. Berg,0.8887179878023558,0.030957996752025003,0.2809459055523187,0.6077720822500371
0009,Leptolobium Vogel,0430,Milicia excelsa (Welw.) C.C. Berg,0.8887255594977271,0.1918203410273337,0.2809459055523187,0.6077796539454084
0243,Dracontomelon dao (Blanco) Merr. & Rolfe,0324,Guibourtia pellegriniana J.Léonard,0.9905645236383922,0.38265490650255146,0.19715961314014666,0.6079096171358407
0072,Baillonella toxisperma Pierre,0256,Entandrophragma angolense (Welw.) Panshin,0.985643220634348,0.377642267969207,0.35292642353479126,0.6080009526651409
0080,Betula papyrifera Marshall,0353,Intsia Thouars,0.9731595783418329,0.15225687626821854,0.36502681521580665,0.6081327631260263
0073,Balfourodendron riedelianum (Engl.) Engl.,0243,Dracontomelon dao (Blanco) Merr. & Rolfe,0.990825907619933,0.27718842224753326,0.38265490650255146,0.6081710011173815
0157,Ceriops tagal (Perr.) C.B. Robinson,0269,Erythrophleum ivorense A. Chev,0.9816019949378376,0.3733888439031872,0.18362962432208574,0.6082131510346505
0353,Intsia Thouars,0371,Khaya grandifoliola C.DC.,0.9732647276424289,0.36502681521580665,0.13346149799545334,0.6082379124266222
0326,Guibourtia ehie (A. Chev.) J. Léonard,0552,Quercus alba L.,0.8754110781122459,0.267153359759205,0.054910389150189774,0.6082577183530409
0147,Ceiba pentandra (L.) Gaertn.,0372,Khaya ivorensis A.Chev.,0.7366882293236414,0.09053989442752747,0.1284079480176259,0.6082802813060155
0431,Millettia laurentii De Wild.,0613,Tabebuia rosea (Bert.) DC.,0.9157214651745891,0.15046909860762905,0.30741652748711856,0.6083049376874705
0030,Amburana cearensis (Allemão) A.C.Sm.,0607,Swietenia macrophylla King,0.8118501835649592,0.20353506212870529,0.07039605530704054,0.6083151214362539
0073,Balfourodendron riedelianum (Engl.) Engl.,0129,Castanea crenata Siebold & Zucc.,0.8855527210056808,0.27718842224753326,0.034727594828010425,0.6083642987581476
0256,Entandrophragma angolense (Welw.) Panshin,0313,Grevillea robusta A.Cunn. ex R.Br.,0.9612955478496681,0.35292642353479126,0.12015375617853329,0.6083691243148768
0129,Castanea crenata Siebold & Zucc.,0418,Mansonia altissima (A. Chev.) A. Chev.,0.7144858538156895,0.034727594828010425,0.10609990889998436,0.6083859449157052
0073,Balfourodendron riedelianum (Engl.) Engl.,0257,Entandrophragma candollei Harms,0.8857178358394919,0.27718842224753326,0.09798805046374451,0.6085294135919587
0181,Cotylelobium Pierre,0461,Ochroma pyramidale (Cav. ex Lam.) Urb.,0.6525808341573721,0.02876268832314597,0.04404888631411533,0.6085319478432568
0072,Baillonella toxisperma Pierre,0354,Intsia bijuga (Colebr.) Kuntze,0.98632911208914,0.377642267969207,0.3278225854948488,0.6086868441199329
0331,Heritiera utilis (Sprague) Sprague,0354,Intsia bijuga (Colebr.) Kuntze,0.9365541961086952,0.2700129923785008,0.3278225854948488,0.6087316106138464
0072,Baillonella toxisperma Pierre,0607,Swietenia macrophylla King,0.9865470783681791,0.377642267969207,0.07039605530704054,0.608904810398972
0293,Fraxinus americana L.,0326,Guibourtia ehie (A. Chev.) J. Léonard,0.8760878973676745,0.06673216616943302,0.267153359759205,0.6089345376084694
0006,Acer platanoides L.,0195,Ctenolophon parvifolius Oliv.,0.7535944939548562,0.0033010130066980182,0.1445569890808498,0.6090375048740064
0239,Dipteryx odorata (Aubl.) Forsyth f.,0431,Millettia laurentii De Wild.,0.9052649130891466,0.29620412323508927,0.15046909860762905,0.6090607898540573
0431,Millettia laurentii De Wild.,0606,Swietenia humilis Zucc.,0.825100596956341,0.15046909860762905,0.2157970800606374,0.6093035168957036
0244,Dryobalanops C.F.Gaertn.,0479,Peltogyne catingae Ducke,0.6817456119509868,0.07236117632383164,0.034412686077142644,0.6093844356271552
0081,Betula pendula Roth,0091,Brachystegia Benth.,0.9984759953506168,0.0030165117830820874,0.38877160503932806,0.6097043903112888
0114,Cantleya corniculata (Becc.) R.A.Howard,0480,Peltogyne mexicana Martínez,0.8597316125933967,0.24998781279531032,0.1247695132163256,0.6097437997980863
0030,Amburana cearensis (Allemão) A.C.Sm.,0324,Guibourtia pellegriniana J.Léonard,0.8132823573671997,0.20353506212870529,0.19715961314014666,0.6097472952384944
0269,Erythrophleum ivorense A. Chev,0331,Heritiera utilis (Sprague) Sprague,0.8797607551996238,0.18362962432208574,0.2700129923785008,0.609747762821123
0095,Brosimum alicastrum Swartz,0426,Microberlinia brazzavillensis A. Chev.,0.9833366924894102,0.373588888328799,0.24891986447473777,0.6097478041606113
0318,Leplaea cedrata (A.Chev.) E.J.M.Koenen & J.J.de Wilde,0366,Juglans regia L.,0.6493029398561168,0.03917415789724382,0.011555233791711243,0.610128781958873
0243,Dracontomelon dao (Blanco) Merr. & Rolfe,0396,Lophira alata Banks ex C.F.Gaertn.,0.9928361087894406,0.38265490650255146,0.08393196411047188,0.6101812022868891
0130,Castanea sativa Mill.,0542,Pycnanthus angolensis (Welw.) Warb.,0.7475762841184233,0.13730049844128367,0.09358528548867441,0.6102757856771396
0033,Anacardium excelsum (Bertero & Balb. ex Kunth) Skeels,0608,Swietenia mahagoni (L.) Jacq.,0.771740266827909,0.1612983471755794,0.156298942858346,0.6104419196523296
0072,Baillonella toxisperma Pierre,0093,Brachystegia laurentii (De Wild.) Louis ex J.Léonard,0.9880980208500827,0.377642267969207,0.285314769922707,0.6104557528808756
0072,Baillonella toxisperma Pierre,0353,Intsia Thouars,0.9884005061847245,0.377642267969207,0.36502681521580665,0.6107582382155174
0371,Khaya grandifoliola C.DC.,0541,Pterygota macrocarpa K. Schum.,0.7442562390406986,0.13346149799545334,0.045009082662750124,0.6107947410452452
0207,Dalbergia nigra (Vell.) Allemão ex Benth.,0313,Grevillea robusta A.Cunn. ex R.Br.,0.9302479759375524,0.31919241888109307,0.12015375617853329,0.6110555570564593
0297,Fraxinus mandshurica Rupr.,0354,Intsia bijuga (Colebr.) Kuntze,0.9391421374116133,0.18720922831157757,0.3278225854948488,0.6113195519167646
0093,Brachystegia laurentii (De Wild.) Louis ex J.Léonard,0239,Dipteryx odorata (Aubl.) Forsyth f.,0.9075358132802323,0.285314769922707,0.29620412323508927,0.611331690045143
0009,Leptolobium Vogel,0181,Cotylelobium Pierre,0.8034539190552967,0.1918203410273337,0.02876268832314597,0.611633578027963
0092,Brachystegia cynometroides Harms,0114,Cantleya corniculata (Becc.) R.A.Howard,0.8618227066945342,0.1445998181282847,0.24998781279531032,0.6118348938992239
0095,Brosimum alicastrum Swartz,0480,Peltogyne mexicana Martínez,0.985483907283559,0.373588888328799,0.1247695132163256,0.61189501895476
0045,Anopyxis klaineana (Pierre) Engl.,0396,Lophira alata Banks ex C.F.Gaertn.,0.9786623563919463,0.3666389738639127,0.08393196411047188,0.6120233825280337
0147,Ceiba pentandra (L.) Gaertn.,0158,"Chlorocardium rodiei (R.H.Schomb.) Rohwer, H.G.Richt. & van der Werff",0.703038984760731,0.09053989442752747,0.08176555061613976,0.6124990903332035
0325,Guibourtia tessmannii (Harms) J.Léonard,0606,Swietenia humilis Zucc.,0.8282989369828275,0.20053590665995039,0.2157970800606374,0.6125018569221902
0006,Acer platanoides L.,0553,Quercus petraea (Matt.) Liebl.,0.7301815155242589,0.0033010130066980182,0.1175281560814896,0.6126533594427693
0041,Aniba rosodora Ducke,0147,Ceiba pentandra (L.) Gaertn.,0.7034361455456745,0.03206859773287161,0.09053989442752747,0.612896251118147
0158,"Chlorocardium rodiei (R.H.Schomb.) Rohwer, H.G.Richt. & van der Werff",0259,Entandrophragma utile (Dawe & Sprague) Sprague,0.9243106506292162,0.08176555061613976,0.31117134377790345,0.6131393068513128
0296,Fraxinus ornus L.,0418,Mansonia altissima (A. Chev.) A. Chev.,0.7695208510891478,0.15609996020530656,0.10609990889998436,0.6134208908838412
0479,Peltogyne catingae Ducke,0606,Swietenia humilis Zucc.,0.8293432537306829,0.034412686077142644,0.2157970800606374,0.6135461736700455
0073,Balfourodendron riedelianum (Engl.) Engl.,0239,Dipteryx odorata (Aubl.) Forsyth f.,0.909787547409374,0.27718842224753326,0.29620412323508927,0.6135834241742847
0073,Balfourodendron riedelianum (Engl.) Engl.,0270,Erythrophleum suaveolens (Guill. & Perr.) Brenan,0.9842679335086323,0.27718842224753326,0.37032055479729653,0.6139473787113358
0081,Betula pendula Roth,0353,Intsia Thouars,0.9790141255602828,0.0030165117830820874,0.36502681521580665,0.6139873103444762
0070,Bagassa guianensis Aubl.,0092,Brachystegia cynometroides Harms,0.9660015176632515,0.35189488550655634,0.1445998181282847,0.6141066321566951
0302,Gilbertiodendron preussii (Harms) J.Léonard,0431,Millettia laurentii De Wild.,0.8288981761897013,0.21477324086718907,0.15046909860762905,0.6141249353225122
0295,Fraxinus nigra Marshall,0331,Heritiera utilis (Sprague) Sprague,0.8843149230758509,0.04872560265571527,0.2700129923785008,0.6143019306973501
0073,Balfourodendron riedelianum (Engl.) Engl.,0236,Dipterocarpus C.F.Gaertn.,0.8916085462861176,0.27718842224753326,0.06735710381385199,0.6144201240385844
0072,Baillonella toxisperma Pierre,0301,Gilbertiodendron dewevrei (De Wild.) J.Léonard,0.9921548337575137,0.377642267969207,0.17033855113561178,0.6145125657883066
0461,Ochroma pyramidale (Cav. ex Lam.) Urb.,0552,Quercus alba L.,0.669502615452042,0.04404888631411533,0.054910389150189774,0.6145922263018523
0367,Juglans nigra L.,0461,Ochroma pyramidale (Cav. ex Lam.) Urb.,0.6588050341066622,0.030957996752025003,0.04404888631411533,0.614756147792547
0006,Acer platanoides L.,0081,Betula pendula Roth,0.6181811181749828,0.0033010130066980182,0.0030165117830820874,0.6148801051682847
0294,Fraxinus excelsior L.,0301,Gilbertiodendron dewevrei (De Wild.) J.Léonard,0.7852614567688279,0.057931930658733005,0.17033855113561178,0.614922905633216
0030,Amburana cearensis (Allemão) A.C.Sm.,0072,Baillonella toxisperma Pierre,0.9927547908203115,0.20353506212870529,0.377642267969207,0.6151125228511045
0313,Grevillea robusta A.Cunn. ex R.Br.,0542,Pycnanthus angolensis (Welw.) Warb.,0.7352890455877912,0.12015375617853329,0.09358528548867441,0.6151352894092579
0095,Brosimum alicastrum Swartz,0353,Intsia Thouars,0.988896761496918,0.373588888328799,0.36502681521580665,0.615307873168119
0006,Acer platanoides L.,0034,Anacardium L.,0.8739556650609683,0.0033010130066980182,0.25845756017377447,0.6154981048871939
0244,Dryobalanops C.F.Gaertn.,0550,Quercus mongolica Fisch. ex Ledeb.,0.6878782104373435,0.07236117632383164,0.0295908067557718,0.6155170341135119
0035,Anacardium giganteum Hancock ex Engl.,0114,Cantleya corniculata (Becc.) R.A.Howard,0.8656648392859285,0.09952635975102023,0.24998781279531032,0.6156770264906182
0129,Castanea crenata Siebold & Zucc.,0425,Mezilaurus ita-uba (Meisn.) Taub. ex Mez,0.737348287719531,0.034727594828010425,0.12157433758219263,0.6157739501373384
0070,Bagassa guianensis Aubl.,0324,Guibourtia pellegriniana J.Léonard,0.9676887919180219,0.35189488550655634,0.19715961314014666,0.6157939064114656
0353,Intsia Thouars,0553,Quercus petraea (Matt.) Liebl.,0.9814360342696022,0.36502681521580665,0.1175281560814896,0.6164092190537955
0207,Dalbergia nigra (Vell.) Allemão ex Benth.,0621,Tectona grandis L.,0.9508061093587341,0.31919241888109307,0.3340452621707477,0.6167608471879864
0080,Betula papyrifera Marshall,0091,Brachystegia Benth.,1.005734985239774,0.15225687626821854,0.38877160503932806,0.6169633802004458
0095,Brosimum alicastrum Swartz,0479,Peltogyne catingae Ducke,0.9905704635089911,0.373588888328799,0.034412686077142644,0.6169815751801921
0157,Ceriops tagal (Perr.) C.B. Robinson,0430,Milicia excelsa (Welw.) C.C. Berg,0.9904561835367998,0.3733888439031872,0.2809459055523187,0.6170673396336126
0256,Entandrophragma angolense (Welw.) Panshin,0318,Leplaea cedrata (A.Chev.) E.J.M.Koenen & J.J.de Wilde,0.9703419860256881,0.35292642353479126,0.03917415789724382,0.6174155624908968
0461,Ochroma pyramidale (Cav. ex Lam.) Urb.,0648,Triplochiton scleroxylon K. Schum.,0.6616687645305783,0.04404888631411533,0.03451537060084674,0.617619878216463
0678,Albizia ferruginea (Guill. & Perr.) Benth.,0679,Aningeria Aubrév. & Pellegr.,0.9558004519878481,0.33801121938985357,0.29282501993701454,0.6177892325979946
0030,Amburana cearensis (Allemão) A.C.Sm.,0257,Entandrophragma candollei Harms,0.8214848030640046,0.20353506212870529,0.09798805046374451,0.6179497409352993
0072,Baillonella toxisperma Pierre,0258,Entandrophragma cylindricum (Sprague) Sprague,0.9958027181165165,0.377642267969207,0.1920147510454096,0.6181604501473095
0541,Pterygota macrocarpa K. Schum.,0678,Albizia ferruginea (Guill. & Perr.) Benth.,0.9561988828874912,0.045009082662750124,0.33801121938985357,0.6181876634976377
0371,Khaya grandifoliola C.DC.,0375,Koompassia malaccensis Maing.,0.7517504336131922,0.13346149799545334,0.08877285430095372,0.6182889356177388
0426,Microberlinia brazzavillensis A. Chev.,0606,Swietenia humilis Zucc.,0.867409843280357,0.24891986447473777,0.2157970800606374,0.6184899788056192
0372,Khaya ivorensis A.Chev.,0542,Pycnanthus angolensis (Welw.) Warb.,0.7469290297371031,0.1284079480176259,0.09358528548867441,0.6185210817194772
0006,Acer platanoides L.,0607,Swietenia macrophylla King,0.6890395321319362,0.0033010130066980182,0.07039605530704054,0.6186434768248957
0324,Guibourtia pellegriniana J.Léonard,0542,Pycnanthus angolensis (Welw.) Warb.,0.8159366572347503,0.19715961314014666,0.09358528548867441,0.6187770440946037
0091,Brachystegia Benth.,0297,Fraxinus mandshurica Rupr.,1.0075549370852426,0.38877160503932806,0.18720922831157757,0.6187833320459145
0034,Anacardium L.,0081,Betula pendula Roth,0.8773463267434803,0.25845756017377447,0.0030165117830820874,0.6188887665697058
0130,Castanea sativa Mill.,0425,Mezilaurus ita-uba (Meisn.) Taub. ex Mez,0.7563061860934018,0.13730049844128367,0.12157433758219263,0.6190056876521182
0158,"Chlorocardium rodiei (R.H.Schomb.) Rohwer, H.G.Richt. & van der Werff",0331,Heritiera utilis (Sprague) Sprague,0.8891437483357376,0.08176555061613976,0.2700129923785008,0.6191307559572368
0006,Acer platanoides L.,0070,Bagassa guianensis Aubl.,0.971183629366756,0.0033010130066980182,0.35189488550655634,0.6192887438601996
0030,Amburana cearensis (Allemão) A.C.Sm.,0245,Dryobalanops aromatica C.F.Gaertn.,0.8229005250185857,0.20353506212870529,0.1574311550408419,0.6193654628898804
0325,Guibourtia tessmannii (Harms) J.Léonard,0530,Pterocarpus soyauxii Taub.,0.8199361969471582,0.20053590665995039,0.14757486665108444,0.6194002902872079
0073,Balfourodendron riedelianum (Engl.) Engl.,0431,Millettia laurentii De Wild.,0.8966992711569634,0.27718842224753326,0.15046909860762905,0.6195108489094301
0070,Bagassa guianensis Aubl.,0375,Koompassia malaccensis Maing.,0.9715086116445649,0.35189488550655634,0.08877285430095372,0.6196137261380086
0034,Anacardium L.,0431,Millettia laurentii De Wild.,0.8781115093853614,0.25845756017377447,0.15046909860762905,0.6196539492115869
0095,Brosimum alicastrum Swartz,0302,Gilbertiodendron preussii (Harms) J.Léonard,0.9932985523915905,0.373588888328799,0.21477324086718907,0.6197096640627915
0003,Acacia mangium Willd.,0073,Balfourodendron riedelianum (Engl.) Engl.,0.8972793822399661,0.24987335040256672,0.27718842224753326,0.6200909599924328
0003,Acacia mangium Willd.,0041,Aniba rosodora Ducke,0.8699997452035215,0.24987335040256672,0.03206859773287161,0.6201263948009548
0478,Peltogyne Vogel,0608,Swietenia mahagoni (L.) Jacq.,0.776471030505568,0.11335898594650924,0.156298942858346,0.620172087647222
0239,Dipteryx odorata (Aubl.) Forsyth f.,0269,Erythrophleum ivorense A. Chev,0.9164277668879177,0.29620412323508927,0.18362962432208574,0.6202236436528284
0114,Cantleya corniculata (Becc.) R.A.Howard,0478,Peltogyne Vogel,0.870217101199923,0.24998781279531032,0.11335898594650924,0.6202292884046127
0157,Ceriops tagal (Perr.) C.B. Robinson,0480,Peltogyne mexicana Martínez,0.9936616209194294,0.3733888439031872,0.1247695132163256,0.6202727770162422
0073,Balfourodendron riedelianum (Engl.) Engl.,0238,Dipterocarpus kerrii King,0.89765201453528,0.27718842224753326,0.047350069644523325,0.6204635922877467
0295,Fraxinus nigra Marshall,0399,Lovoa trichilioides Harms,0.8533879690598571,0.04872560265571527,0.2327105138088832,0.620677455250974
0092,Brachystegia cynometroides Harms,0294,Fraxinus excelsior L.,0.7653377108556332,0.1445998181282847,0.057931930658733005,0.6207378927273485
0238,Dipterocarpus kerrii King,0399,Lovoa trichilioides Harms,0.8534683068385058,0.047350069644523325,0.2327105138088832,0.6207577930296226
0034,Anacardium L.,0679,Aningeria Aubrév. & Pellegr.,0.9136589501306623,0.25845756017377447,0.29282501993701454,0.6208339301936479
0313,Grevillea robusta A.Cunn. ex R.Br.,0613,Tabebuia rosea (Bert.) DC.,0.9285392643771146,0.12015375617853329,0.30741652748711856,0.6211227368899961
0430,Milicia excelsa (Welw.) C.C. Berg,0542,Pycnanthus angolensis (Welw.) Warb.,0.9020929416175967,0.2809459055523187,0.09358528548867441,0.621147036065278
0239,Dipteryx odorata (Aubl.) Forsyth f.,0318,Leplaea cedrata (A.Chev.) E.J.M.Koenen & J.J.de Wilde,0.9176198131284843,0.29620412323508927,0.03917415789724382,0.621415689893395
0114,Cantleya corniculata (Becc.) R.A.Howard,0375,Koompassia malaccensis Maing.,0.8719293894509728,0.24998781279531032,0.08877285430095372,0.6219415766556624
0093,Brachystegia laurentii (De Wild.) Louis ex J.Léonard,0293,Fraxinus americana L.,0.9074777247850746,0.285314769922707,0.06673216616943302,0.6221629548623676
0073,Balfourodendron riedelianum (Engl.) Engl.,0244,Dryobalanops C.F.Gaertn.,0.899519086260667,0.27718842224753326,0.07236117632383164,0.6223306640131337
0095,Brosimum alicastrum Swartz,0396,Lophira alata Banks ex C.F.Gaertn.,0.9963826771241246,0.373588888328799,0.08393196411047188,0.6227937887953257
0009,Leptolobium Vogel,0396,Lophira alata Banks ex C.F.Gaertn.,0.8148625622339745,0.1918203410273337,0.08393196411047188,0.6230422212066408
0375,Koompassia malaccensis Maing.,0621,Tectona grandis L.,0.9571279495729116,0.08877285430095372,0.3340452621707477,0.6230826874021639
0041,Aniba rosodora Ducke,0318,Leplaea cedrata (A.Chev.) E.J.M.Koenen & J.J.de Wilde,0.6626002978631547,0.03206859773287161,0.03917415789724382,0.6234261399659109
0318,Leplaea cedrata (A.Chev.) E.J.M.Koenen & J.J.de Wilde,0372,Khaya ivorensis A.Chev.,0.7518881987572987,0.03917415789724382,0.1284079480176259,0.6234802507396728
0293,Fraxinus americana L.,0425,Mezilaurus ita-uba (Meisn.) Taub. ex Mez,0.7452207841728713,0.06673216616943302,0.12157433758219263,0.6236464465906787
0245,Dryobalanops aromatica C.F.Gaertn.,0553,Quercus petraea (Matt.) Liebl.,0.781097391798334,0.1574311550408419,0.1175281560814896,0.6236662367574921
0006,Acer platanoides L.,0613,Tabebuia rosea (Bert.) DC.,0.9310974986585497,0.0033010130066980182,0.30741652748711856,0.6236809711714312
0353,Intsia Thouars,0679,Aningeria Aubrév. & Pellegr.,0.9888917228659933,0.36502681521580665,0.29282501993701454,0.6238649076501865
0318,Leplaea cedrata (A.Chev.) E.J.M.Koenen & J.J.de Wilde,0331,Heritiera utilis (Sprague) Sprague,0.8940412660139403,0.03917415789724382,0.2700129923785008,0.6240282736354394
0158,"Chlorocardium rodiei (R.H.Schomb.) Rohwer, H.G.Richt. & van der Werff",0236,Dipterocarpus C.F.Gaertn.,0.7058398495396312,0.08176555061613976,0.06735710381385199,0.6240742989234914
0323,Guibourtia demeusei (Harms) J.Léonard,0613,Tabebuia rosea (Bert.) DC.,0.9316448857750834,0.2237088813376544,0.30741652748711856,0.6242283582879649
0353,Intsia Thouars,0396,Lophira alata Banks ex C.F.Gaertn.,0.9893380212369935,0.36502681521580665,0.08393196411047188,0.6243112060211868
0158,"Chlorocardium rodiei (R.H.Schomb.) Rohwer, H.G.Richt. & van der Werff",0244,Dryobalanops C.F.Gaertn.,0.7061575540262987,0.08176555061613976,0.07236117632383164,0.6243920034101589
0095,Brosimum alicastrum Swartz,0325,Guibourtia tessmannii (Harms) J.Léonard,0.9979996344219311,0.373588888328799,0.20053590665995039,0.6244107460931321
0070,Bagassa guianensis Aubl.,0313,Grevillea robusta A.Cunn. ex R.Br.,0.9765792378120104,0.35189488550655634,0.12015375617853329,0.624684352305454
0326,Guibourtia ehie (A. Chev.) J. Léonard,0554,Quercus robur L.,0.8919294699493807,0.267153359759205,0.040088693572690404,0.6247761101901756
0331,Heritiera utilis (Sprague) Sprague,0396,Lophira alata Banks ex C.F.Gaertn.,0.8948388796558318,0.2700129923785008,0.08393196411047188,0.6248258872773309
0613,Tabebuia rosea (Bert.) DC.,0679,Aningeria Aubrév. & Pellegr.,0.9322515390422683,0.30741652748711856,0.29282501993701454,0.6248350115551498
0425,Mezilaurus ita-uba (Meisn.) Taub. ex Mez,0542,Pycnanthus angolensis (Welw.) Warb.,0.7464106227964571,0.12157433758219263,0.09358528548867441,0.6248362852142645
0114,Cantleya corniculata (Becc.) R.A.Howard,0606,Swietenia humilis Zucc.,0.8748995332160117,0.24998781279531032,0.2157970800606374,0.6249117204207013
0070,Bagassa guianensis Aubl.,0418,Mansonia altissima (A. Chev.) A. Chev.,0.9768190276101778,0.35189488550655634,0.10609990889998436,0.6249241421036215
0236,Dipterocarpus C.F.Gaertn.,0399,Lovoa trichilioides Harms,0.8576381750411561,0.06735710381385199,0.2327105138088832,0.624927661232273
0080,Betula papyrifera Marshall,0114,Cantleya corniculata (Becc.) R.A.Howard,0.8749404051337246,0.15225687626821854,0.24998781279531032,0.6249525923384143
0073,Balfourodendron riedelianum (Engl.) Engl.,0541,Pterygota macrocarpa K. Schum.,0.9023312055882677,0.27718842224753326,0.045009082662750124,0.6251427833407345
0195,Ctenolophon parvifolius Oliv.,0270,Erythrophleum suaveolens (Guill. & Perr.) Brenan,0.9954959156838159,0.1445569890808498,0.37032055479729653,0.6251753608865194
0030,Amburana cearensis (Allemão) A.C.Sm.,0608,Swietenia mahagoni (L.) Jacq.,0.828741825997348,0.20353506212870529,0.156298942858346,0.6252067638686427
0418,Mansonia altissima (A. Chev.) A. Chev.,0431,Millettia laurentii De Wild.,0.7760904324179013,0.10609990889998436,0.15046909860762905,0.6256213338102723
0007,Acer pseudoplatanus L.,0239,Dipteryx odorata (Aubl.) Forsyth f.,0.9218820408314191,0.01598614417773803,0.29620412323508927,0.6256779175963298
0270,Erythrophleum suaveolens (Guill. & Perr.) Brenan,0679,Aningeria Aubrév. & Pellegr.,0.9961781993394234,0.37032055479729653,0.29282501993701454,0.6258576445421269
0066,Aucoumea klaineana Pierre,0678,Albizia ferruginea (Guill. & Perr.) Benth.,0.9639123575702877,0.21760219624631696,0.33801121938985357,0.6259011381804341
0418,Mansonia altissima (A. Chev.) A. Chev.,0426,Microberlinia brazzavillensis A. Chev.,0.8748812943596513,0.10609990889998436,0.24891986447473777,0.6259614298849135
0239,Dipteryx odorata (Aubl.) Forsyth f.,0353,Intsia Thouars,0.991013584201696,0.29620412323508927,0.36502681521580665,0.6259867689858893
0331,Heritiera utilis (Sprague) Sprague,0621,Tectona grandis L.,0.960472875504873,0.2700129923785008,0.3340452621707477,0.6264276133341253
0325,Guibourtia tessmannii (Harms) J.Léonard,0372,Khaya ivorensis A.Chev.,0.8271169729689962,0.20053590665995039,0.1284079480176259,0.6265810663090459
0158,"Chlorocardium rodiei (R.H.Schomb.) Rohwer, H.G.Richt. & van der Werff",0679,Aningeria Aubrév. & Pellegr.,0.9195943290430175,0.08176555061613976,0.29282501993701454,0.6267693091060029
0114,Cantleya corniculata (Becc.) R.A.Howard,0431,Millettia laurentii De Wild.,0.8770135022213559,0.24998781279531032,0.15046909860762905,0.6270256894260455
0367,Juglans nigra L.,0678,Albizia ferruginea (Guill. & Perr.) Benth.,0.9650571395348518,0.030957996752025003,0.33801121938985357,0.6270459201449983
0245,Dryobalanops aromatica C.F.Gaertn.,0259,Entandrophragma utile (Dawe & Sprague) Sprague,0.938420667828229,0.1574311550408419,0.31117134377790345,0.6272493240503255
0072,Baillonella toxisperma Pierre,0324,Guibourtia pellegriniana J.Léonard,1.0049596531679772,0.377642267969207,0.19715961314014666,0.6273173851987701
0009,Leptolobium Vogel,0195,Ctenolophon parvifolius Oliv.,0.8191654529942417,0.1918203410273337,0.1445569890808498,0.627345111966908
0331,Heritiera utilis (Sprague) Sprague,0553,Quercus petraea (Matt.) Liebl.,0.8974817613105426,0.2700129923785008,0.1175281560814896,0.6274687689320417
0030,Amburana cearensis (Allemão) A.C.Sm.,0431,Millettia laurentii De Wild.,0.831203284263815,0.20353506212870529,0.15046909860762905,0.6276682221351096
0269,Erythrophleum ivorense A. Chev,0325,Guibourtia tessmannii (Harms) J.Léonard,0.8282196806489571,0.18362962432208574,0.20053590665995039,0.6276837739890068
0243,Dracontomelon dao (Blanco) Merr. & Rolfe,0353,Intsia Thouars,1.0103761464546095,0.38265490650255146,0.36502681521580665,0.627721239952058
0093,Brachystegia laurentii (De Wild.) Louis ex J.Léonard,0418,Mansonia altissima (A. Chev.) A. Chev.,0.9131728341054157,0.285314769922707,0.10609990889998436,0.6278580641827087
0072,Baillonella toxisperma Pierre,0323,Guibourtia demeusei (Harms) J.Léonard,1.0058296746127244,0.377642267969207,0.2237088813376544,0.6281874066435174
0033,Anacardium excelsum (Bertero & Balb. ex Kunth) Skeels,0245,Dryobalanops aromatica C.F.Gaertn.,0.7896967364433112,0.1612983471755794,0.1574311550408419,0.6283983892677318
0093,Brachystegia laurentii (De Wild.) Louis ex J.Léonard,0318,Leplaea cedrata (A.Chev.) E.J.M.Koenen & J.J.de Wilde,0.9137568025293661,0.285314769922707,0.03917415789724382,0.6284420326066591
0244,Dryobalanops C.F.Gaertn.,0552,Quercus alba L.,0.7008649975780118,0.07236117632383164,0.054910389150189774,0.6285038212541801
0080,Betula papyrifera Marshall,0542,Pycnanthus angolensis (Welw.) Warb.,0.7808876098365907,0.15225687626821854,0.09358528548867441,0.6286307335683721
0158,"Chlorocardium rodiei (R.H.Schomb.) Rohwer, H.G.Richt. & van der Werff",0375,Koompassia malaccensis Maing.,0.7175224806436256,0.08176555061613976,0.08877285430095372,0.6287496263426718
0239,Dipteryx odorata (Aubl.) Forsyth f.,0302,Gilbertiodendron preussii (Harms) J.Léonard,0.9249559728947304,0.29620412323508927,0.21477324086718907,0.6287518496596411
0244,Dryobalanops C.F.Gaertn.,0554,Quercus robur L.,0.701173196471224,0.07236117632383164,0.040088693572690404,0.6288120201473923
0269,Erythrophleum ivorense A. Chev,0323,Guibourtia demeusei (Harms) J.Léonard,0.8525775865756486,0.18362962432208574,0.2237088813376544,0.6288687052379942
0245,Dryobalanops aromatica C.F.Gaertn.,0256,Entandrophragma angolense (Welw.) Panshin,0.9818008348722196,0.1574311550408419,0.35292642353479126,0.6288744113374283
0158,"Chlorocardium rodiei (R.H.Schomb.) Rohwer, H.G.Richt. & van der Werff",0478,Peltogyne Vogel,0.742258495597375,0.08176555061613976,0.11335898594650924,0.6288995096508657
0080,Betula papyrifera Marshall,0372,Khaya ivorensis A.Chev.,0.7811935374649994,0.15225687626821854,0.1284079480176259,0.6289366611967808
0396,Lophira alata Banks ex C.F.Gaertn.,0679,Aningeria Aubrév. & Pellegr.,0.9217749216406561,0.08393196411047188,0.29282501993701454,0.6289499017036415
0003,Acacia mangium Willd.,0318,Leplaea cedrata (A.Chev.) E.J.M.Koenen & J.J.de Wilde,0.878929451150094,0.24987335040256672,0.03917415789724382,0.6290561007475273
0041,Aniba rosodora Ducke,0256,Entandrophragma angolense (Welw.) Panshin,0.9821032893388718,0.03206859773287161,0.35292642353479126,0.6291768658040806
0091,Brachystegia Benth.,0095,Brosimum alicastrum Swartz,1.0185558948138542,0.38877160503932806,0.373588888328799,0.6297842897745262
0158,"Chlorocardium rodiei (R.H.Schomb.) Rohwer, H.G.Richt. & van der Werff",0238,Dipterocarpus kerrii King,0.7115684653929819,0.08176555061613976,0.047350069644523325,0.6298029147768421
0003,Acacia mangium Willd.,0479,Peltogyne catingae Ducke,0.8797368987153356,0.24987335040256672,0.034412686077142644,0.6298635483127688
0070,Bagassa guianensis Aubl.,0541,Pterygota macrocarpa K. Schum.,0.9818674462310395,0.35189488550655634,0.045009082662750124,0.6299725607244832
0073,Balfourodendron riedelianum (Engl.) Engl.,0550,Quercus mongolica Fisch. ex Ledeb.,0.9073807168085464,0.27718842224753326,0.0295908067557718,0.6301922945610131
0181,Cotylelobium Pierre,0270,Erythrophleum suaveolens (Guill. & Perr.) Brenan,1.0006312376859567,0.02876268832314597,0.37032055479729653,0.6303106828886602
0270,Erythrophleum suaveolens (Guill. & Perr.) Brenan,0621,Tectona grandis L.,1.000712785497352,0.37032055479729653,0.3340452621707477,0.6303922307000556
0006,Acer platanoides L.,0678,Albizia ferruginea (Guill. & Perr.) Benth.,0.9686283007957288,0.0033010130066980182,0.33801121938985357,0.6306170814058752
0181,Cotylelobium Pierre,0294,Fraxinus excelsior L.,0.6885628307922138,0.02876268832314597,0.057931930658733005,0.6306309001334808
0045,Anopyxis klaineana (Pierre) Engl.,0324,Guibourtia pellegriniana J.Léonard,0.9973370190554186,0.3666389738639127,0.19715961314014666,0.6306980451915059
0147,Ceiba pentandra (L.) Gaertn.,0399,Lovoa trichilioides Harms,0.8634248462335972,0.09053989442752747,0.2327105138088832,0.630714332424714
0371,Khaya grandifoliola C.DC.,0607,Swietenia macrophylla King,0.764262756756307,0.13346149799545334,0.07039605530704054,0.6308012587608536
0007,Acer pseudoplatanus L.,0313,Grevillea robusta A.Cunn. ex R.Br.,0.7509914370712778,0.01598614417773803,0.12015375617853329,0.6308376808927445
0073,Balfourodendron riedelianum (Engl.) Engl.,0293,Fraxinus americana L.,0.9080312678611959,0.27718842224753326,0.06673216616943302,0.6308428456136627
0326,Guibourtia ehie (A. Chev.) J. Léonard,0431,Millettia laurentii De Wild.,0.8980826841021414,0.267153359759205,0.15046909860762905,0.6309293243429364
0092,Brachystegia cynometroides Harms,0245,Dryobalanops aromatica C.F.Gaertn.,0.7884872473063684,0.1445998181282847,0.1574311550408419,0.6310560922655265
0158,"Chlorocardium rodiei (R.H.Schomb.) Rohwer, H.G.Richt. & van der Werff",0294,Fraxinus excelsior L.,0.7129560597166977,0.08176555061613976,0.057931930658733005,0.631190509100558
0297,Fraxinus mandshurica Rupr.,0353,Intsia Thouars,0.9962370483886196,0.18720922831157757,0.36502681521580665,0.6312102331728129
0066,Aucoumea klaineana Pierre,0430,Milicia excelsa (Welw.) C.C. Berg,0.9125352558291531,0.21760219624631696,0.2809459055523187,0.6315893502768344
0009,Leptolobium Vogel,0367,Juglans nigra L.,0.8235769240361425,0.1918203410273337,0.030957996752025003,0.6317565830088088
0256,Entandrophragma angolense (Welw.) Panshin,0530,Pterocarpus soyauxii Taub.,0.9846971666477724,0.35292642353479126,0.14757486665108444,0.6317707431129811
0070,Bagassa guianensis Aubl.,0461,Ochroma pyramidale (Cav. ex Lam.) Urb.,0.9839090295482055,0.35189488550655634,0.04404888631411533,0.6320141440416491
0157,Ceriops tagal (Perr.) C.B. Robinson,0426,Microberlinia brazzavillensis A. Chev.,1.0057770664021328,0.3733888439031872,0.24891986447473777,0.6323882224989457
0147,Ceiba pentandra (L.) Gaertn.,0425,Mezilaurus ita-uba (Meisn.) Taub. ex Mez,0.7540997251637458,0.09053989442752747,0.12157433758219263,0.6325253875815532
0313,Grevillea robusta A.Cunn. ex R.Br.,0331,Heritiera utilis (Sprague) Sprague,0.9025510814120836,0.12015375617853329,0.2700129923785008,0.6325380890335828
0331,Heritiera utilis (Sprague) Sprague,0613,Tabebuia rosea (Bert.) DC.,0.9401059598950391,0.2700129923785008,0.30741652748711856,0.6326894324079205
0258,Entandrophragma cylindricum (Sprague) Sprague,0375,Koompassia malaccensis Maing.,0.824946695790887,0.1920147510454096,0.08877285430095372,0.6329319447454773
0399,Lovoa trichilioides Harms,0425,Mezilaurus ita-uba (Meisn.) Taub. ex Mez,0.865728032932223,0.2327105138088832,0.12157433758219263,0.6330175191233398
0296,Fraxinus ornus L.,0425,Mezilaurus ita-uba (Meisn.) Taub. ex Mez,0.7892087493852147,0.15609996020530656,0.12157433758219263,0.6331087891799081
0323,Guibourtia demeusei (Harms) J.Léonard,0430,Milicia excelsa (Welw.) C.C. Berg,0.9140741558865256,0.2237088813376544,0.2809459055523187,0.6331282503342069
0009,Leptolobium Vogel,0258,Entandrophragma cylindricum (Sprague) Sprague,0.8252698924335773,0.1918203410273337,0.1920147510454096,0.6332551413881677
0296,Fraxinus ornus L.,0542,Pycnanthus angolensis (Welw.) Warb.,0.7896183644852257,0.15609996020530656,0.09358528548867441,0.6335184042799191
0461,Ochroma pyramidale (Cav. ex Lam.) Urb.,0678,Albizia ferruginea (Guill. & Perr.) Benth.,0.9718396145486068,0.04404888631411533,0.33801121938985357,0.6338283951587532
0035,Anacardium giganteum Hancock ex Engl.,0542,Pycnanthus angolensis (Welw.) Warb.,0.7333799380378115,0.09952635975102023,0.09358528548867441,0.6338535782867913
0129,Castanea crenata Siebold & Zucc.,0430,Milicia excelsa (Welw.) C.C. Berg,0.9148174622097824,0.034727594828010425,0.2809459055523187,0.6338715566574638
0095,Brosimum alicastrum Swartz,0301,Gilbertiodendron dewevrei (De Wild.) J.Léonard,1.0075287710805214,0.373588888328799,0.17033855113561178,0.6339398827517224
0158,"Chlorocardium rodiei (R.H.Schomb.) Rohwer, H.G.Richt. & van der Werff",0323,Guibourtia demeusei (Harms) J.Léonard,0.8580417562960391,0.08176555061613976,0.2237088813376544,0.6343328749583846
0371,Khaya grandifoliola C.DC.,0608,Swietenia mahagoni (L.) Jacq.,0.7908193801979407,0.13346149799545334,0.156298942858346,0.6345204373395947
0157,Ceriops tagal (Perr.) C.B. Robinson,0353,Intsia Thouars,1.0082170815101847,0.3733888439031872,0.36502681521580665,0.6348282376069976
0396,Lophira alata Banks ex C.F.Gaertn.,0430,Milicia excelsa (Welw.) C.C. Berg,0.9159115603006859,0.08393196411047188,0.2809459055523187,0.6349656547483672
0158,"Chlorocardium rodiei (R.H.Schomb.) Rohwer, H.G.Richt. & van der Werff",0372,Khaya ivorensis A.Chev.,0.7635853201701492,0.08176555061613976,0.1284079480176259,0.6351773721525233
0302,Gilbertiodendron preussii (Harms) J.Léonard,0425,Mezilaurus ita-uba (Meisn.) Taub. ex Mez,0.8501485327670001,0.21477324086718907,0.12157433758219263,0.635375291899811
0041,Aniba rosodora Ducke,0129,Castanea crenata Siebold & Zucc.,0.6701039451040018,0.03206859773287161,0.034727594828010425,0.6353763502759914
0158,"Chlorocardium rodiei (R.H.Schomb.) Rohwer, H.G.Richt. & van der Werff",0480,Peltogyne mexicana Martínez,0.7601763768044475,0.08176555061613976,0.1247695132163256,0.6354068635881219
0030,Amburana cearensis (Allemão) A.C.Sm.,0244,Dryobalanops C.F.Gaertn.,0.8390326438902487,0.20353506212870529,0.07236117632383164,0.6354975817615434
0293,Fraxinus americana L.,0331,Heritiera utilis (Sprague) Sprague,0.905615709259393,0.06673216616943302,0.2700129923785008,0.6356027168808922
0372,Khaya ivorensis A.Chev.,0431,Millettia laurentii De Wild.,0.7861228364909665,0.1284079480176259,0.15046909860762905,0.6356537378833375
0041,Aniba rosodora Ducke,0270,Erythrophleum suaveolens (Guill. & Perr.) Brenan,1.0061919318916868,0.03206859773287161,0.37032055479729653,0.6358713770943902
0294,Fraxinus excelsior L.,0607,Swietenia macrophylla King,0.7063427798283853,0.057931930658733005,0.07039605530704054,0.6359467245213448
0003,Acacia mangium Willd.,0366,Juglans regia L.,0.8859452123007424,0.24987335040256672,0.011555233791711243,0.6360718618981757
0091,Brachystegia Benth.,0541,Pterygota macrocarpa K. Schum.,1.025110798483671,0.38877160503932806,0.045009082662750124,0.6363391934443429
0648,Triplochiton scleroxylon K. Schum.,0678,Albizia ferruginea (Guill. & Perr.) Benth.,0.9746968383393593,0.03451537060084674,0.33801121938985357,0.6366856189495057
0093,Brachystegia laurentii (De Wild.) Louis ex J.Léonard,0257,Entandrophragma candollei Harms,0.922135335452141,0.285314769922707,0.09798805046374451,0.636820565529434
0003,Acacia mangium Willd.,0244,Dryobalanops C.F.Gaertn.,0.8867150368694602,0.24987335040256672,0.07236117632383164,0.6368416864668934
0081,Betula pendula Roth,0270,Erythrophleum suaveolens (Guill. & Perr.) Brenan,1.0072320041867218,0.0030165117830820874,0.37032055479729653,0.6369114493894252
0080,Betula papyrifera Marshall,0130,Castanea sativa Mill.,0.7891850312900658,0.15225687626821854,0.13730049844128367,0.6369281550218473
0195,Ctenolophon parvifolius Oliv.,0257,Entandrophragma candollei Harms,0.7819068966874979,0.1445569890808498,0.09798805046374451,0.6373499076066481
0399,Lovoa trichilioides Harms,0679,Aningeria Aubrév. & Pellegr.,0.930438775577086,0.2327105138088832,0.29282501993701454,0.6376137556400714
0461,Ochroma pyramidale (Cav. ex Lam.) Urb.,0550,Quercus mongolica Fisch. ex Ledeb.,0.6817329050495157,0.04404888631411533,0.0295908067557718,0.6376840187354004
0073,Balfourodendron riedelianum (Engl.) Engl.,0399,Lovoa trichilioides Harms,0.9149701395593062,0.27718842224753326,0.2327105138088832,0.6377817173117729
0256,Entandrophragma angolense (Welw.) Panshin,0396,Lophira alata Banks ex C.F.Gaertn.,0.9907571842273362,0.35292642353479126,0.08393196411047188,0.6378307606925449
0297,Fraxinus mandshurica Rupr.,0425,Mezilaurus ita-uba (Meisn.) Taub. ex Mez,0.8251828045729734,0.18720922831157757,0.12157433758219263,0.6379735762613958
0294,Fraxinus excelsior L.,0302,Gilbertiodendron preussii (Harms) J.Léonard,0.8534461873357431,0.057931930658733005,0.21477324086718907,0.638672946468554
0353,Intsia Thouars,0541,Pterygota macrocarpa K. Schum.,1.0038274103329545,0.36502681521580665,0.045009082662750124,0.6388005951171478
0331,Heritiera utilis (Sprague) Sprague,0479,Peltogyne catingae Ducke,0.9089009813352147,0.2700129923785008,0.034412686077142644,0.6388879889567138
0129,Castanea crenata Siebold & Zucc.,0625,Terminalia superba Engl.& Diels,0.9606319243129582,0.034727594828010425,0.3215805164792984,0.6390514078336598
0318,Leplaea cedrata (A.Chev.) E.J.M.Koenen & J.J.de Wilde,0399,Lovoa trichilioides Harms,0.8718308686917248,0.03917415789724382,0.2327105138088832,0.6391203548828416
0006,Acer platanoides L.,0296,Fraxinus ornus L.,0.7954942151826883,0.0033010130066980182,0.15609996020530656,0.6393942549773817
0318,Leplaea cedrata (A.Chev.) E.J.M.Koenen & J.J.de Wilde,0430,Milicia excelsa (Welw.) C.C. Berg,0.9204360761577334,0.03917415789724382,0.2809459055523187,0.6394901706054147
0157,Ceriops tagal (Perr.) C.B. Robinson,0479,Peltogyne catingae Ducke,1.0129724251828376,0.3733888439031872,0.034412686077142644,0.6395835812796504
0093,Brachystegia laurentii (De Wild.) Louis ex J.Léonard,0396,Lophira alata Banks ex C.F.Gaertn.,0.9249618383901889,0.285314769922707,0.08393196411047188,0.6396470684674819
0375,Koompassia malaccensis Maing.,0606,Swietenia humilis Zucc.,0.8556087973049828,0.08877285430095372,0.2157970800606374,0.6398117172443455
0181,Cotylelobium Pierre,0257,Entandrophragma candollei Harms,0.7378155187519724,0.02876268832314597,0.09798805046374451,0.6398274682882279
0091,Brachystegia Benth.,0129,Castanea crenata Siebold & Zucc.,1.0286355994722127,0.38877160503932806,0.034727594828010425,0.6398639944328847
0294,Fraxinus excelsior L.,0367,Juglans nigra L.,0.6978344434997857,0.057931930658733005,0.030957996752025003,0.6399025128410527
0461,Ochroma pyramidale (Cav. ex Lam.) Urb.,0554,Quercus robur L.,0.6841528084587207,0.04404888631411533,0.040088693572690404,0.6401039221446054
0371,Khaya grandifoliola C.DC.,0542,Pycnanthus angolensis (Welw.) Warb.,0.7739036903321392,0.13346149799545334,0.09358528548867441,0.6404421923366859
0093,Brachystegia laurentii (De Wild.) Louis ex J.Léonard,0331,Heritiera utilis (Sprague) Sprague,0.9262397632990014,0.285314769922707,0.2700129923785008,0.6409249933762944
0326,Guibourtia ehie (A. Chev.) J. Léonard,0371,Khaya grandifoliola C.DC.,0.9082920283621698,0.267153359759205,0.13346149799545334,0.6411386686029648
0295,Fraxinus nigra Marshall,0606,Swietenia humilis Zucc.,0.8569783350120159,0.04872560265571527,0.2157970800606374,0.6411812549513786
0313,Grevillea robusta A.Cunn. ex R.Br.,0399,Lovoa trichilioides Harms,0.8739675460222572,0.12015375617853329,0.2327105138088832,0.641257032213374
0035,Anacardium giganteum Hancock ex Engl.,0679,Aningeria Aubrév. & Pellegr.,0.9344630254903568,0.09952635975102023,0.29282501993701454,0.6416380055533422
0114,Cantleya corniculata (Becc.) R.A.Howard,0625,Terminalia superba Engl.& Diels,0.9636290251535391,0.24998781279531032,0.3215805164792984,0.6420485086742407
0239,Dipteryx odorata (Aubl.) Forsyth f.,0331,Heritiera utilis (Sprague) Sprague,0.9384517785979013,0.29620412323508927,0.2700129923785008,0.642247655362812
0070,Bagassa guianensis Aubl.,0530,Pterocarpus soyauxii Taub.,0.9941852787618958,0.35189488550655634,0.14757486665108444,0.6422903932553394
0239,Dipteryx odorata (Aubl.) Forsyth f.,0375,Koompassia malaccensis Maing.,0.9386317745746919,0.29620412323508927,0.08877285430095372,0.6424276513396027
0259,Entandrophragma utile (Dawe & Sprague) Sprague,0479,Peltogyne catingae Ducke,0.9536620571686006,0.31117134377790345,0.034412686077142644,0.6424907133906972
0034,Anacardium L.,0073,Balfourodendron riedelianum (Engl.) Engl.,0.9197010415665823,0.25845756017377447,0.27718842224753326,0.642512619319049
0007,Acer pseudoplatanus L.,0372,Khaya ivorensis A.Chev.,0.7709667489693605,0.01598614417773803,0.1284079480176259,0.6425588009517346
0301,Gilbertiodendron dewevrei (De Wild.) J.Léonard,0607,Swietenia macrophylla King,0.8128998692012841,0.17033855113561178,0.07039605530704054,0.6425613180656723
0091,Brachystegia Benth.,0296,Fraxinus ornus L.,1.0313902445409748,0.38877160503932806,0.15609996020530656,0.6426186395016468
0009,Leptolobium Vogel,0331,Heritiera utilis (Sprague) Sprague,0.9128350549485938,0.1918203410273337,0.2700129923785008,0.6428220625700931
0129,Castanea crenata Siebold & Zucc.,0371,Khaya grandifoliola C.DC.,0.7764528694427522,0.034727594828010425,0.13346149799545334,0.6429913714472988
0081,Betula pendula Roth,0296,Fraxinus ornus L.,0.7993315353257924,0.0030165117830820874,0.15609996020530656,0.6432315751204858
0073,Balfourodendron riedelianum (Engl.) Engl.,0207,Dalbergia nigra (Vell.) Allemão ex Benth.,0.9624246369910748,0.27718842224753326,0.31919241888109307,0.6432322181099818
0114,Cantleya corniculata (Becc.) R.A.Howard,0396,Lophira alata Banks ex C.F.Gaertn.,0.8933083904033696,0.24998781279531032,0.08393196411047188,0.6433205776080593
0147,Ceiba pentandra (L.) Gaertn.,0270,Erythrophleum suaveolens (Guill. & Perr.) Brenan,1.0137056985998192,0.09053989442752747,0.37032055479729653,0.6433851438025227
0325,Guibourtia tessmannii (Harms) J.Léonard,0399,Lovoa trichilioides Harms,0.876170528932082,0.20053590665995039,0.2327105138088832,0.6434600151231988
0318,Leplaea cedrata (A.Chev.) E.J.M.Koenen & J.J.de Wilde,0606,Swietenia humilis Zucc.,0.859269349182423,0.03917415789724382,0.2157970800606374,0.6434722691217857
0606,Swietenia humilis Zucc.,0679,Aningeria Aubrév. & Pellegr.,0.9369618079260724,0.2157970800606374,0.29282501993701454,0.6441367879890578
0114,Cantleya corniculata (Becc.) R.A.Howard,0245,Dryobalanops aromatica C.F.Gaertn.,0.8941633021184561,0.24998781279531032,0.1574311550408419,0.6441754893231457
0114,Cantleya corniculata (Becc.) R.A.Howard,0259,Entandrophragma utile (Dawe & Sprague) Sprague,0.9558434380281158,0.24998781279531032,0.31117134377790345,0.6446720942502123
0041,Aniba rosodora Ducke,0354,Intsia bijuga (Colebr.) Kuntze,0.9725023947567614,0.03206859773287161,0.3278225854948488,0.6446798092619126
0030,Amburana cearensis (Allemão) A.C.Sm.,0114,Cantleya corniculata (Becc.) R.A.Howard,0.8946769828909527,0.20353506212870529,0.24998781279531032,0.6446891700956423
0195,Ctenolophon parvifolius Oliv.,0244,Dryobalanops C.F.Gaertn.,0.7893629906126872,0.1445569890808498,0.07236117632383164,0.6448060015318374
0326,Guibourtia ehie (A. Chev.) J. Léonard,0553,Quercus petraea (Matt.) Liebl.,0.9119644056600182,0.267153359759205,0.1175281560814896,0.6448110459008132
0425,Mezilaurus ita-uba (Meisn.) Taub. ex Mez,0431,Millettia laurentii De Wild.,0.7953483256921925,0.12157433758219263,0.15046909860762905,0.6448792270845635
0542,Pycnanthus angolensis (Welw.) Warb.,0608,Swietenia mahagoni (L.) Jacq.,0.8011990530883313,0.09358528548867441,0.156298942858346,0.6449001102299853
0157,Ceriops tagal (Perr.) C.B. Robinson,0302,Gilbertiodendron preussii (Harms) J.Léonard,1.0183023340183859,0.3733888439031872,0.21477324086718907,0.6449134901151987
0239,Dipteryx odorata (Aubl.) Forsyth f.,0257,Entandrophragma candollei Harms,0.9414047787634641,0.29620412323508927,0.09798805046374451,0.6452006555283748
0009,Leptolobium Vogel,0648,Triplochiton scleroxylon K. Schum.,0.8372307441608093,0.1918203410273337,0.03451537060084674,0.6454104031334756
0041,Aniba rosodora Ducke,0606,Swietenia humilis Zucc.,0.8615974444041331,0.03206859773287161,0.2157970800606374,0.6458003643434957
0244,Dryobalanops C.F.Gaertn.,0294,Fraxinus excelsior L.,0.7181623237177182,0.07236117632383164,0.057931930658733005,0.6458011473938865
0080,Betula papyrifera Marshall,0293,Fraxinus americana L.,0.7980998404144988,0.15225687626821854,0.06673216616943302,0.6458429641462802
0245,Dryobalanops aromatica C.F.Gaertn.,0301,Gilbertiodendron dewevrei (De Wild.) J.Léonard,0.8162889682856314,0.1574311550408419,0.17033855113561178,0.6459504171500196
0073,Balfourodendron riedelianum (Engl.) Engl.,0553,Quercus petraea (Matt.) Liebl.,0.9231469187986467,0.27718842224753326,0.1175281560814896,0.6459584965511135
0006,Acer platanoides L.,0425,Mezilaurus ita-uba (Meisn.) Taub. ex Mez,0.7675613961348554,0.0033010130066980182,0.12157433758219263,0.6459870585526628
0030,Amburana cearensis (Allemão) A.C.Sm.,0033,Anacardium excelsum (Bertero & Balb. ex Kunth) Skeels,0.8496855742641165,0.20353506212870529,0.1612983471755794,0.6461505121354112
0073,Balfourodendron riedelianum (Engl.) Engl.,0530,Pterocarpus soyauxii Taub.,0.923405716205959,0.27718842224753326,0.14757486665108444,0.6462172939584258
0236,Dipterocarpus C.F.Gaertn.,0606,Swietenia humilis Zucc.,0.8620160037319411,0.06735710381385199,0.2157970800606374,0.6462189236713037
0239,Dipteryx odorata (Aubl.) Forsyth f.,0480,Peltogyne mexicana Martínez,0.9425060301118746,0.29620412323508927,0.1247695132163256,0.6463019068767853
0479,Peltogyne catingae Ducke,0608,Swietenia mahagoni (L.) Jacq.,0.8028302588781492,0.034412686077142644,0.156298942858346,0.6465313160198032
0239,Dipteryx odorata (Aubl.) Forsyth f.,0426,Microberlinia brazzavillensis A. Chev.,0.9428246731741927,0.29620412323508927,0.24891986447473777,0.6466205499391035
0256,Entandrophragma angolense (Welw.) Panshin,0679,Aningeria Aubrév. & Pellegr.,0.9996755105703783,0.35292642353479126,0.29282501993701454,0.646749087035587
0006,Acer platanoides L.,0324,Guibourtia pellegriniana J.Léonard,0.8440332870651341,0.0033010130066980182,0.19715961314014666,0.6468736739249875
0129,Castanea crenata Siebold & Zucc.,0678,Albizia ferruginea (Guill. & Perr.) Benth.,0.9848941210490518,0.034727594828010425,0.33801121938985357,0.6468829016591983
0007,Acer pseudoplatanus L.,0041,Aniba rosodora Ducke,0.6791315517446991,0.01598614417773803,0.03206859773287161,0.6470629540118275
0293,Fraxinus americana L.,0418,Mansonia altissima (A. Chev.) A. Chev.,0.7531630422394662,0.06673216616943302,0.10609990889998436,0.6470631333394818
0323,Guibourtia demeusei (Harms) J.Léonard,0552,Quercus alba L.,0.8708972801963524,0.2237088813376544,0.054910389150189774,0.6471883988586979
0073,Balfourodendron riedelianum (Engl.) Engl.,0297,Fraxinus mandshurica Rupr.,0.9245959837112979,0.27718842224753326,0.18720922831157757,0.6474075614637647
0181,Cotylelobium Pierre,0608,Swietenia mahagoni (L.) Jacq.,0.8041969844072383,0.02876268832314597,0.156298942858346,0.6478980415488923
0269,Erythrophleum ivorense A. Chev,0372,Khaya ivorensis A.Chev.,0.8315762838086802,0.18362962432208574,0.1284079480176259,0.6479466594865945
0045,Anopyxis klaineana (Pierre) Engl.,0323,Guibourtia demeusei (Harms) J.Léonard,1.0147282959454167,0.3666389738639127,0.2237088813376544,0.648089322081504
0081,Betula pendula Roth,0295,Fraxinus nigra Marshall,0.6970485653763732,0.0030165117830820874,0.04872560265571527,0.6483229627206579
0295,Fraxinus nigra Marshall,0553,Quercus petraea (Matt.) Liebl.,0.7658961426993327,0.04872560265571527,0.1175281560814896,0.6483679866178431
0372,Khaya ivorensis A.Chev.,0425,Mezilaurus ita-uba (Meisn.) Taub. ex Mez,0.7769553105286868,0.1284079480176259,0.12157433758219263,0.6485473625110609
0081,Betula pendula Roth,0256,Entandrophragma angolense (Welw.) Panshin,1.0014757978484257,0.0030165117830820874,0.35292642353479126,0.6485493743136344
0006,Acer platanoides L.,0297,Fraxinus mandshurica Rupr.,0.8358523291778791,0.0033010130066980182,0.18720922831157757,0.6486431008663015
0081,Betula pendula Roth,0236,Dipterocarpus C.F.Gaertn.,0.7160159337542562,0.0030165117830820874,0.06735710381385199,0.6486588299404042
0258,Entandrophragma cylindricum (Sprague) Sprague,0295,Fraxinus nigra Marshall,0.8408759805950374,0.1920147510454096,0.04872560265571527,0.6488612295496279
0147,Ceiba pentandra (L.) Gaertn.,0418,Mansonia altissima (A. Chev.) A. Chev.,0.754967102431147,0.09053989442752747,0.10609990889998436,0.6488671935311626
0430,Milicia excelsa (Welw.) C.C. Berg,0553,Quercus petraea (Matt.) Liebl.,0.9300791478476507,0.2809459055523187,0.1175281560814896,0.649133242295332
0006,Acer platanoides L.,0550,Quercus mongolica Fisch. ex Ledeb.,0.6787392105331912,0.0033010130066980182,0.0295908067557718,0.6491484037774194
0302,Gilbertiodendron preussii (Harms) J.Léonard,0607,Swietenia macrophylla King,0.8642752720030908,0.21477324086718907,0.07039605530704054,0.6495020311359018
0130,Castanea sativa Mill.,0296,Fraxinus ornus L.,0.8057359450882369,0.13730049844128367,0.15609996020530656,0.6496359848829303
0296,Fraxinus ornus L.,0331,Heritiera utilis (Sprague) Sprague,0.9197422777646208,0.15609996020530656,0.2700129923785008,0.6497292853861201
0092,Brachystegia cynometroides Harms,0239,Dipteryx odorata (Aubl.) Forsyth f.,0.9460883557785869,0.1445998181282847,0.29620412323508927,0.6498842325434976
0243,Dracontomelon dao (Blanco) Merr. & Rolfe,0323,Guibourtia demeusei (Harms) J.Léonard,1.0330155394280465,0.38265490650255146,0.2237088813376544,0.650360632925495
0034,Anacardium L.,0066,Aucoumea klaineana Pierre,0.9092288904089514,0.25845756017377447,0.21760219624631696,0.650771330235177
0244,Dryobalanops C.F.Gaertn.,0301,Gilbertiodendron dewevrei (De Wild.) J.Léonard,0.8211180220261959,0.07236117632383164,0.17033855113561178,0.6507794708905841
0007,Acer pseudoplatanus L.,0091,Brachystegia Benth.,1.039974356332938,0.01598614417773803,0.38877160503932806,0.6512027512936099
0114,Cantleya corniculata (Becc.) R.A.Howard,0399,Lovoa trichilioides Harms,0.9012077953653632,0.24998781279531032,0.2327105138088832,0.6512199825700529
0066,Aucoumea klaineana Pierre,0372,Khaya ivorensis A.Chev.,0.8690082690755938,0.21760219624631696,0.1284079480176259,0.6514060728292769
0195,Ctenolophon parvifolius Oliv.,0553,Quercus petraea (Matt.) Liebl.,0.7960542962013915,0.1445569890808498,0.1175281560814896,0.6514973071205417
0073,Balfourodendron riedelianum (Engl.) Engl.,0554,Quercus robur L.,0.9289590183602964,0.27718842224753326,0.040088693572690404,0.6517705961127631
0034,Anacardium L.,0257,Entandrophragma candollei Harms,0.9102987222791812,0.25845756017377447,0.09798805046374451,0.6518411621054068
0313,Grevillea robusta A.Cunn. ex R.Br.,0426,Microberlinia brazzavillensis A. Chev.,0.9010637619820427,0.12015375617853329,0.24891986447473777,0.652143897507305
0157,Ceriops tagal (Perr.) C.B. Robinson,0325,Guibourtia tessmannii (Harms) J.Léonard,1.0256114250907946,0.3733888439031872,0.20053590665995039,0.6522225811876075
0130,Castanea sativa Mill.,0313,Grevillea robusta A.Cunn. ex R.Br.,0.7896807169679025,0.13730049844128367,0.12015375617853329,0.6523802185266189
0007,Acer pseudoplatanus L.,0418,Mansonia altissima (A. Chev.) A. Chev.,0.7588573674003554,0.01598614417773803,0.10609990889998436,0.652757458500371
0301,Gilbertiodendron dewevrei (De Wild.) J.Léonard,0608,Swietenia mahagoni (L.) Jacq.,0.8232108235710524,0.17033855113561178,0.156298942858346,0.6528722724354405
0003,Acacia mangium Willd.,0679,Aningeria Aubrév. & Pellegr.,0.9457336825150101,0.24987335040256672,0.29282501993701454,0.6529086625779956
0073,Balfourodendron riedelianum (Engl.) Engl.,0426,Microberlinia brazzavillensis A. Chev.,0.9301758594380727,0.27718842224753326,0.24891986447473777,0.6529874371905394
0259,Entandrophragma utile (Dawe & Sprague) Sprague,0461,Ochroma pyramidale (Cav. ex Lam.) Urb.,0.9643046966519759,0.31117134377790345,0.04404888631411533,0.6531333528740725
0003,Acacia mangium Willd.,0114,Cantleya corniculata (Becc.) R.A.Howard,0.9031612706676011,0.24987335040256672,0.24998781279531032,0.6531734578722908
0259,Entandrophragma utile (Dawe & Sprague) Sprague,0541,Pterygota macrocarpa K. Schum.,0.9645529016523795,0.31117134377790345,0.045009082662750124,0.653381557874476
0035,Anacardium giganteum Hancock ex Engl.,0093,Brachystegia laurentii (De Wild.) Louis ex J.Léonard,0.9387567228138118,0.09952635975102023,0.285314769922707,0.6534419528911048
0129,Castanea crenata Siebold & Zucc.,0270,Erythrophleum suaveolens (Guill. & Perr.) Brenan,1.0241078278051625,0.034727594828010425,0.37032055479729653,0.653787273007866
0323,Guibourtia demeusei (Harms) J.Léonard,0550,Quercus mongolica Fisch. ex Ledeb.,0.8775520556723388,0.2237088813376544,0.0295908067557718,0.6538431743346844
0313,Grevillea robusta A.Cunn. ex R.Br.,0431,Millettia laurentii De Wild.,0.8047215227012202,0.12015375617853329,0.15046909860762905,0.6542524240935912
0396,Lophira alata Banks ex C.F.Gaertn.,0425,Mezilaurus ita-uba (Meisn.) Taub. ex Mez,0.7758652132662971,0.08393196411047188,0.12157433758219263,0.6542908756841045
0372,Khaya ivorensis A.Chev.,0426,Microberlinia brazzavillensis A. Chev.,0.9036894418764944,0.1284079480176259,0.24891986447473777,0.6547695774017566
0270,Erythrophleum suaveolens (Guill. & Perr.) Brenan,0366,Juglans regia L.,1.0251168120372784,0.37032055479729653,0.011555233791711243,0.6547962572399819
0066,Aucoumea klaineana Pierre,0396,Lophira alata Banks ex C.F.Gaertn.,0.8726132238342968,0.21760219624631696,0.08393196411047188,0.6550110275879799
0114,Cantleya corniculata (Becc.) R.A.Howard,0679,Aningeria Aubrév. & Pellegr.,0.9479032936420033,0.24998781279531032,0.29282501993701454,0.6550782737049887
0367,Juglans nigra L.,0554,Quercus robur L.,0.6955743510705304,0.030957996752025003,0.040088693572690404,0.65548565749784
0006,Acer platanoides L.,0236,Dipterocarpus C.F.Gaertn.,0.7228879530588685,0.0033010130066980182,0.06735710381385199,0.6555308492450166
0147,Ceiba pentandra (L.) Gaertn.,0606,Swietenia humilis Zucc.,0.8713618458174844,0.09053989442752747,0.2157970800606374,0.6555647657568471
0035,Anacardium giganteum Hancock ex Engl.,0353,Intsia Thouars,1.0206185119149382,0.09952635975102023,0.36502681521580665,0.6555916966991315
0033,Anacardium excelsum (Bertero & Balb. ex Kunth) Skeels,0371,Khaya grandifoliola C.DC.,0.8169462961961176,0.1612983471755794,0.13346149799545334,0.6556479490205382
0297,Fraxinus mandshurica Rupr.,0553,Quercus petraea (Matt.) Liebl.,0.8428714816962393,0.18720922831157757,0.1175281560814896,0.6556622533846617
0257,Entandrophragma candollei Harms,0269,Erythrophleum ivorense A. Chev,0.8398123343200619,0.09798805046374451,0.18362962432208574,0.6561827099979761
0258,Entandrophragma cylindricum (Sprague) Sprague,0426,Microberlinia brazzavillensis A. Chev.,0.9054269514977076,0.1920147510454096,0.24891986447473777,0.6565070870229698
0080,Betula papyrifera Marshall,0270,Erythrophleum suaveolens (Guill. & Perr.) Brenan,1.0274795324173482,0.15225687626821854,0.37032055479729653,0.6571589776200517
0092,Brachystegia cynometroides Harms,0095,Brosimum alicastrum Swartz,1.0310052499734068,0.1445998181282847,0.373588888328799,0.6574163616446078
0238,Dipterocarpus kerrii King,0270,Erythrophleum suaveolens (Guill. & Perr.) Brenan,1.0278317789680567,0.047350069644523325,0.37032055479729653,0.6575112241707601
0073,Balfourodendron riedelianum (Engl.) Engl.,0296,Fraxinus ornus L.,0.9347713069342789,0.27718842224753326,0.15609996020530656,0.6575828846867456
0238,Dipterocarpus kerrii King,0606,Swietenia humilis Zucc.,0.8734193933621843,0.047350069644523325,0.2157970800606374,0.657622313301547
0294,Fraxinus excelsior L.,0372,Khaya ivorensis A.Chev.,0.7863352396128924,0.057931930658733005,0.1284079480176259,0.6579272915952665
0238,Dipterocarpus kerrii King,0553,Quercus petraea (Matt.) Liebl.,0.7756737423156165,0.047350069644523325,0.1175281560814896,0.6581455862341269
0375,Koompassia malaccensis Maing.,0530,Pterocarpus soyauxii Taub.,0.805873343893128,0.08877285430095372,0.14757486665108444,0.6582984772420436
0325,Guibourtia tessmannii (Harms) J.Léonard,0552,Quercus alba L.,0.858949720001178,0.20053590665995039,0.054910389150189774,0.6584138133412276
0430,Milicia excelsa (Welw.) C.C. Berg,0608,Swietenia mahagoni (L.) Jacq.,0.9393721458237301,0.2809459055523187,0.156298942858346,0.6584262402714114
0323,Guibourtia demeusei (Harms) J.Léonard,0425,Mezilaurus ita-uba (Meisn.) Taub. ex Mez,0.8823290298387936,0.2237088813376544,0.12157433758219263,0.6586201485011391
0041,Aniba rosodora Ducke,0542,Pycnanthus angolensis (Welw.) Warb.,0.7522188189618243,0.03206859773287161,0.09358528548867441,0.6586335334731499
0608,Swietenia mahagoni (L.) Jacq.,0613,Tabebuia rosea (Bert.) DC.,0.9662011491306068,0.156298942858346,0.30741652748711856,0.6587846216434883
0009,Leptolobium Vogel,0293,Fraxinus americana L.,0.8506867540647263,0.1918203410273337,0.06673216616943302,0.6588664130373926
0238,Dipterocarpus kerrii King,0244,Dryobalanops C.F.Gaertn.,0.7314073454093621,0.047350069644523325,0.07236117632383164,0.6590461690855305
0256,Entandrophragma angolense (Welw.) Panshin,0366,Juglans regia L.,1.0120028706636268,0.35292642353479126,0.011555233791711243,0.6590764471288355
0325,Guibourtia tessmannii (Harms) J.Léonard,0550,Quercus mongolica Fisch. ex Ledeb.,0.8596568298310818,0.20053590665995039,0.0295908067557718,0.6591209231711315
0354,Intsia bijuga (Colebr.) Kuntze,0366,Juglans regia L.,0.9870578926398692,0.3278225854948488,0.011555233791711243,0.6592353071450204
0006,Acer platanoides L.,0552,Quercus alba L.,0.7144435368348121,0.0033010130066980182,0.054910389150189774,0.6595331476846223
0006,Acer platanoides L.,0091,Brachystegia Benth.,1.0484294287047093,0.0033010130066980182,0.38877160503932806,0.6596578236653813
0396,Lophira alata Banks ex C.F.Gaertn.,0606,Swietenia humilis Zucc.,0.8754867326683566,0.08393196411047188,0.2157970800606374,0.6596896526077193
0425,Mezilaurus ita-uba (Meisn.) Taub. ex Mez,0613,Tabebuia rosea (Bert.) DC.,0.9677248631150457,0.12157433758219263,0.30741652748711856,0.6603083356279271
0034,Anacardium L.,0648,Triplochiton scleroxylon K. Schum.,0.9191571366478493,0.25845756017377447,0.03451537060084674,0.6606995764740748
0093,Brachystegia laurentii (De Wild.) Louis ex J.Léonard,0313,Grevillea robusta A.Cunn. ex R.Br.,0.9461324103090747,0.285314769922707,0.12015375617853329,0.6608176403863677
0009,Leptolobium Vogel,0296,Fraxinus ornus L.,0.8529339272645178,0.1918203410273337,0.15609996020530656,0.6611135862371841
0158,"Chlorocardium rodiei (R.H.Schomb.) Rohwer, H.G.Richt. & van der Werff",0324,Guibourtia pellegriniana J.Léonard,0.8583053723300321,0.08176555061613976,0.19715961314014666,0.6611457591898855
0034,Anacardium L.,0541,Pterygota macrocarpa K. Schum.,0.9196565809515295,0.25845756017377447,0.045009082662750124,0.6611990207777549
0257,Entandrophragma candollei Harms,0608,Swietenia mahagoni (L.) Jacq.,0.8175266176475956,0.09798805046374451,0.156298942858346,0.6612276747892496
0542,Pycnanthus angolensis (Welw.) Warb.,0607,Swietenia macrophylla King,0.755098091695815,0.09358528548867441,0.07039605530704054,0.6615128062071406
0007,Acer pseudoplatanus L.,0607,Swietenia macrophylla King,0.7321003150917272,0.01598614417773803,0.07039605530704054,0.6617042597846867
0093,Brachystegia laurentii (De Wild.) Louis ex J.Léonard,0296,Fraxinus ornus L.,0.9475114840673238,0.285314769922707,0.15609996020530656,0.6621967141446168
0034,Anacardium L.,0367,Juglans nigra L.,0.9208190116329602,0.25845756017377447,0.030957996752025003,0.6623614514591858
0302,Gilbertiodendron preussii (Harms) J.Léonard,0608,Swietenia mahagoni (L.) Jacq.,0.877271318492296,0.21477324086718907,0.156298942858346,0.6624980776251069
0541,Pterygota macrocarpa K. Schum.,0613,Tabebuia rosea (Bert.) DC.,0.9699540048398391,0.045009082662750124,0.30741652748711856,0.6625374773527205
0095,Brosimum alicastrum Swartz,0478,Peltogyne Vogel,1.0361478430152478,0.373588888328799,0.11335898594650924,0.6625589546864488
0114,Cantleya corniculata (Becc.) R.A.Howard,0129,Castanea crenata Siebold & Zucc.,0.9125623688911242,0.24998781279531032,0.034727594828010425,0.6625745560958138
0130,Castanea sativa Mill.,0418,Mansonia altissima (A. Chev.) A. Chev.,0.8001543264736759,0.13730049844128367,0.10609990889998436,0.6628538280323922
0431,Millettia laurentii De Wild.,0679,Aningeria Aubrév. & Pellegr.,0.955704221441174,0.15046909860762905,0.29282501993701454,0.6628792015041594
0257,Entandrophragma candollei Harms,0679,Aningeria Aubrév. & Pellegr.,0.9557252090245053,0.09798805046374451,0.29282501993701454,0.6629001890874908
0006,Acer platanoides L.,0295,Fraxinus nigra Marshall,0.7116870273764787,0.0033010130066980182,0.04872560265571527,0.6629614247207635
0323,Guibourtia demeusei (Harms) J.Léonard,0431,Millettia laurentii De Wild.,0.8867571137757226,0.2237088813376544,0.15046909860762905,0.6630482324380682
0239,Dipteryx odorata (Aubl.) Forsyth f.,0301,Gilbertiodendron dewevrei (De Wild.) J.Léonard,0.959291042807688,0.29620412323508927,0.17033855113561178,0.6630869195725987
0236,Dipterocarpus C.F.Gaertn.,0553,Quercus petraea (Matt.) Liebl.,0.7806160282566424,0.06735710381385199,0.1175281560814896,0.6630878721751529
0066,Aucoumea klaineana Pierre,0625,Terminalia superba Engl.& Diels,0.9847235167987359,0.21760219624631696,0.3215805164792984,0.6631430003194375
0367,Juglans nigra L.,0625,Terminalia superba Engl.& Diels,0.9848469810303829,0.030957996752025003,0.3215805164792984,0.6632664645510845
0239,Dipteryx odorata (Aubl.) Forsyth f.,0325,Guibourtia tessmannii (Harms) J.Léonard,0.9599947366327277,0.29620412323508927,0.20053590665995039,0.6637906133976385
0007,Acer pseudoplatanus L.,0244,Dryobalanops C.F.Gaertn.,0.7361857649534819,0.01598614417773803,0.07236117632383164,0.6638245886296502
0158,"Chlorocardium rodiei (R.H.Schomb.) Rohwer, H.G.Richt. & van der Werff",0295,Fraxinus nigra Marshall,0.7457071541331092,0.08176555061613976,0.04872560265571527,0.6639416035169694
0294,Fraxinus excelsior L.,0478,Peltogyne Vogel,0.7773182562346057,0.057931930658733005,0.11335898594650924,0.6639592702880964
0244,Dryobalanops C.F.Gaertn.,0295,Fraxinus nigra Marshall,0.7363975622090679,0.07236117632383164,0.04872560265571527,0.6640363858852363
0070,Bagassa guianensis Aubl.,0318,Leplaea cedrata (A.Chev.) E.J.M.Koenen & J.J.de Wilde,1.0160769209408502,0.35189488550655634,0.03917415789724382,0.6641820354342939
0245,Dryobalanops aromatica C.F.Gaertn.,0425,Mezilaurus ita-uba (Meisn.) Taub. ex Mez,0.8220198614341971,0.1574311550408419,0.12157433758219263,0.6645887063933552
0245,Dryobalanops aromatica C.F.Gaertn.,0366,Juglans regia L.,0.8223936490939524,0.1574311550408419,0.011555233791711243,0.6649624940531105
0033,Anacardium excelsum (Bertero & Balb. ex Kunth) Skeels,0399,Lovoa trichilioides Harms,0.897815046604895,0.1612983471755794,0.2327105138088832,0.6651045327960118
0007,Acer pseudoplatanus L.,0259,Entandrophragma utile (Dawe & Sprague) Sprague,0.9763603202003845,0.01598614417773803,0.31117134377790345,0.6651889764224811
0006,Acer platanoides L.,0554,Quercus robur L.,0.705403161443708,0.0033010130066980182,0.040088693572690404,0.6653144678710176
0625,Terminalia superba Engl.& Diels,0648,Triplochiton scleroxylon K. Schum.,0.9869782978233482,0.3215805164792984,0.03451537060084674,0.6653977813440498
0293,Fraxinus americana L.,0542,Pycnanthus angolensis (Welw.) Warb.,0.7592952880497633,0.06673216616943302,0.09358528548867441,0.6657100025610889
0033,Anacardium excelsum (Bertero & Balb. ex Kunth) Skeels,0606,Swietenia humilis Zucc.,0.8816577663128888,0.1612983471755794,0.2157970800606374,0.6658606862522515
0239,Dipteryx odorata (Aubl.) Forsyth f.,0478,Peltogyne Vogel,0.9622130632952577,0.29620412323508927,0.11335898594650924,0.6660089400601684
0003,Acacia mangium Willd.,0080,Betula papyrifera Marshall,0.9162965492288708,0.24987335040256672,0.15225687626821854,0.6664231988263041
0302,Gilbertiodendron preussii (Harms) J.Léonard,0418,Mansonia altissima (A. Chev.) A. Chev.,0.8812924448698785,0.21477324086718907,0.10609990889998436,0.6665192040026894
0034,Anacardium L.,0461,Ochroma pyramidale (Cav. ex Lam.) Urb.,0.9250398584409278,0.25845756017377447,0.04404888631411533,0.6665822982671534
0091,Brachystegia Benth.,0157,Ceriops tagal (Perr.) C.B. Robinson,1.0558712887434145,0.38877160503932806,0.3733888439031872,0.6670996837040865
0034,Anacardium L.,0114,Cantleya corniculata (Becc.) R.A.Howard,0.9259711538329606,0.25845756017377447,0.24998781279531032,0.667513593659186
0092,Brachystegia cynometroides Harms,0371,Khaya grandifoliola C.DC.,0.812274223423487,0.1445998181282847,0.13346149799545334,0.6676744052952023
0080,Betula papyrifera Marshall,0256,Entandrophragma angolense (Welw.) Panshin,1.0207616245396613,0.15225687626821854,0.35292642353479126,0.66783520100487
0270,Erythrophleum suaveolens (Guill. & Perr.) Brenan,0295,Fraxinus nigra Marshall,1.0381760871245962,0.37032055479729653,0.04872560265571527,0.6678555323272997
0095,Brosimum alicastrum Swartz,0323,Guibourtia demeusei (Harms) J.Léonard,1.0415423456445225,0.373588888328799,0.2237088813376544,0.6679534573157235
0297,Fraxinus mandshurica Rupr.,0331,Heritiera utilis (Sprague) Sprague,0.937990185266037,0.18720922831157757,0.2700129923785008,0.6679771928875362
0092,Brachystegia cynometroides Harms,0244,Dryobalanops C.F.Gaertn.,0.8129710146306239,0.1445998181282847,0.07236117632383164,0.6683711965023392
0259,Entandrophragma utile (Dawe & Sprague) Sprague,0553,Quercus petraea (Matt.) Liebl.,0.9796307068433345,0.31117134377790345,0.1175281560814896,0.6684593630654311
0478,Peltogyne Vogel,0607,Swietenia macrophylla King,0.7818514987342666,0.11335898594650924,0.07039605530704054,0.6684925127877573
0399,Lovoa trichilioides Harms,0530,Pterocarpus soyauxii Taub.,0.9012467520898476,0.2327105138088832,0.14757486665108444,0.6685362382809644
0425,Mezilaurus ita-uba (Meisn.) Taub. ex Mez,0430,Milicia excelsa (Welw.) C.C. Berg,0.9495331663831755,0.12157433758219263,0.2809459055523187,0.6685872608308568
0095,Brosimum alicastrum Swartz,0375,Koompassia malaccensis Maing.,1.0422919002314253,0.373588888328799,0.08877285430095372,0.6687030119026263
0418,Mansonia altissima (A. Chev.) A. Chev.,0530,Pterocarpus soyauxii Taub.,0.8163652659223468,0.10609990889998436,0.14757486665108444,0.6687903992712624
0129,Castanea crenata Siebold & Zucc.,0353,Intsia Thouars,1.0339508420749814,0.034727594828010425,0.36502681521580665,0.6689240268591747
0158,"Chlorocardium rodiei (R.H.Schomb.) Rohwer, H.G.Richt. & van der Werff",0195,Ctenolophon parvifolius Oliv.,0.813673401751459,0.08176555061613976,0.1445569890808498,0.6691164126706092
0093,Brachystegia laurentii (De Wild.) Louis ex J.Léonard,0530,Pterocarpus soyauxii Taub.,0.9545453623330433,0.285314769922707,0.14757486665108444,0.6692305924103363
0297,Fraxinus mandshurica Rupr.,0326,Guibourtia ehie (A. Chev.) J. Léonard,0.9367181046534132,0.18720922831157757,0.267153359759205,0.6695647448942081
0331,Heritiera utilis (Sprague) Sprague,0530,Pterocarpus soyauxii Taub.,0.9397132823504393,0.2700129923785008,0.14757486665108444,0.6697002899719384
0418,Mansonia altissima (A. Chev.) A. Chev.,0542,Pycnanthus angolensis (Welw.) Warb.,0.7758266540996687,0.10609990889998436,0.09358528548867441,0.6697267451996843
0181,Cotylelobium Pierre,0425,Mezilaurus ita-uba (Meisn.) Taub. ex Mez,0.7913081373891035,0.02876268832314597,0.12157433758219263,0.669733799806911
0007,Acer pseudoplatanus L.,0366,Juglans regia L.,0.6857762132304147,0.01598614417773803,0.011555233791711243,0.6697900690526767
0236,Dipterocarpus C.F.Gaertn.,0270,Erythrophleum suaveolens (Guill. & Perr.) Brenan,1.040209074030641,0.06735710381385199,0.37032055479729653,0.6698885192333444
0157,Ceriops tagal (Perr.) C.B. Robinson,0301,Gilbertiodendron dewevrei (De Wild.) J.Léonard,1.0432873054176488,0.3733888439031872,0.17033855113561178,0.6698984615144616
0294,Fraxinus excelsior L.,0324,Guibourtia pellegriniana J.Léonard,0.8670749508551951,0.057931930658733005,0.19715961314014666,0.6699153377150485
0426,Microberlinia brazzavillensis A. Chev.,0679,Aningeria Aubrév. & Pellegr.,0.9627405665576723,0.24891986447473777,0.29282501993701454,0.6699155466206577
0035,Anacardium giganteum Hancock ex Engl.,0269,Erythrophleum ivorense A. Chev,0.8539233609307796,0.09952635975102023,0.18362962432208574,0.6702937366086938
0033,Anacardium excelsum (Bertero & Balb. ex Kunth) Skeels,0244,Dryobalanops C.F.Gaertn.,0.8316809822257032,0.1612983471755794,0.07236117632383164,0.6703826350501239
0257,Entandrophragma candollei Harms,0353,Intsia Thouars,1.035559733819854,0.09798805046374451,0.36502681521580665,0.6705329186040472
0270,Erythrophleum suaveolens (Guill. & Perr.) Brenan,0541,Pterygota macrocarpa K. Schum.,1.040992037467178,0.37032055479729653,0.045009082662750124,0.6706714826698814
0003,Acacia mangium Willd.,0396,Lophira alata Banks ex C.F.Gaertn.,0.9206956258702239,0.24987335040256672,0.08393196411047188,0.6708222754676572
0396,Lophira alata Banks ex C.F.Gaertn.,0399,Lovoa trichilioides Harms,0.9036514453220004,0.08393196411047188,0.2327105138088832,0.6709409315131172
0033,Anacardium excelsum (Bertero & Balb. ex Kunth) Skeels,0553,Quercus petraea (Matt.) Liebl.,0.8326114222713289,0.1612983471755794,0.1175281560814896,0.6713130750957494
0034,Anacardium L.,0425,Mezilaurus ita-uba (Meisn.) Taub. ex Mez,0.9298185640169764,0.25845756017377447,0.12157433758219263,0.6713610038432019
0207,Dalbergia nigra (Vell.) Allemão ex Benth.,0367,Juglans nigra L.,0.9905891093561684,0.31919241888109307,0.030957996752025003,0.6713966904750753
0033,Anacardium excelsum (Bertero & Balb. ex Kunth) Skeels,0461,Ochroma pyramidale (Cav. ex Lam.) Urb.,0.8327217475231786,0.1612983471755794,0.04404888631411533,0.6714234003475992
0081,Betula pendula Roth,0114,Cantleya corniculata (Becc.) R.A.Howard,0.9216023105784346,0.0030165117830820874,0.24998781279531032,0.6716144977831242
0147,Ceiba pentandra (L.) Gaertn.,0553,Quercus petraea (Matt.) Liebl.,0.7892661857108125,0.09053989442752747,0.1175281560814896,0.6717380296293229
0129,Castanea crenata Siebold & Zucc.,0293,Fraxinus americana L.,0.7385383459762525,0.034727594828010425,0.06673216616943302,0.6718061798068194
0607,Swietenia macrophylla King,0613,Tabebuia rosea (Bert.) DC.,0.9793002719808117,0.07039605530704054,0.30741652748711856,0.6718837444936931
0091,Brachystegia Benth.,0461,Ochroma pyramidale (Cav. ex Lam.) Urb.,1.0608183488477552,0.38877160503932806,0.04404888631411533,0.6720467438084271
0324,Guibourtia pellegriniana J.Léonard,0552,Quercus alba L.,0.8692330567288187,0.19715961314014666,0.054910389150189774,0.672073443588672
0091,Brachystegia Benth.,0130,Castanea sativa Mill.,1.0609769436204217,0.38877160503932806,0.13730049844128367,0.6722053385810937
0259,Entandrophragma utile (Dawe & Sprague) Sprague,0542,Pycnanthus angolensis (Welw.) Warb.,0.9834152648816442,0.31117134377790345,0.09358528548867441,0.6722439211037408
0091,Brachystegia Benth.,0550,Quercus mongolica Fisch. ex Ledeb.,1.061025552378732,0.38877160503932806,0.0295908067557718,0.6722539473394039
0114,Cantleya corniculata (Becc.) R.A.Howard,0158,"Chlorocardium rodiei (R.H.Schomb.) Rohwer, H.G.Richt. & van der Werff",0.9223307125658037,0.24998781279531032,0.08176555061613976,0.6723428997704933
0367,Juglans nigra L.,0613,Tabebuia rosea (Bert.) DC.,0.9799463983335341,0.030957996752025003,0.30741652748711856,0.6725298708464156
0302,Gilbertiodendron preussii (Harms) J.Léonard,0313,Grevillea robusta A.Cunn. ex R.Br.,0.8873388435170009,0.21477324086718907,0.12015375617853329,0.6725656026498118
0258,Entandrophragma cylindricum (Sprague) Sprague,0313,Grevillea robusta A.Cunn. ex R.Br.,0.8646554637028031,0.1920147510454096,0.12015375617853329,0.6726407126573934
0030,Amburana cearensis (Allemão) A.C.Sm.,0238,Dipterocarpus kerrii King,0.8763100191710154,0.20353506212870529,0.047350069644523325,0.67277495704231
0207,Dalbergia nigra (Vell.) Allemão ex Benth.,0679,Aningeria Aubrév. & Pellegr.,0.9919825549804879,0.31919241888109307,0.29282501993701454,0.6727901360993949
0035,Anacardium giganteum Hancock ex Engl.,0129,Castanea crenata Siebold & Zucc.,0.7723870467584542,0.09952635975102023,0.034727594828010425,0.672860687007434
0366,Juglans regia L.,0606,Swietenia humilis Zucc.,0.8887715499600571,0.011555233791711243,0.2157970800606374,0.6729744698994198
0006,Acer platanoides L.,0625,Terminalia superba Engl.& Diels,0.9946054346806726,0.0033010130066980182,0.3215805164792984,0.6730249182013742
0480,Peltogyne mexicana Martínez,0679,Aningeria Aubrév. & Pellegr.,0.9659679350723465,0.1247695132163256,0.29282501993701454,0.6731429151353319
0461,Ochroma pyramidale (Cav. ex Lam.) Urb.,0613,Tabebuia rosea (Bert.) DC.,0.9806658228708972,0.04404888631411533,0.30741652748711856,0.6732492953837786
0033,Anacardium excelsum (Bertero & Balb. ex Kunth) Skeels,0270,Erythrophleum suaveolens (Guill. & Perr.) Brenan,1.0435757769670593,0.1612983471755794,0.37032055479729653,0.6732552221697627
0554,Quercus robur L.,0648,Triplochiton scleroxylon K. Schum.,0.7133941321916815,0.040088693572690404,0.03451537060084674,0.6733054386189911
0239,Dipteryx odorata (Aubl.) Forsyth f.,0530,Pterocarpus soyauxii Taub.,0.969524934608833,0.29620412323508927,0.14757486665108444,0.6733208113737438
0430,Milicia excelsa (Welw.) C.C. Berg,0554,Quercus robur L.,0.9543916561846342,0.2809459055523187,0.040088693572690404,0.6734457506323155
0130,Castanea sativa Mill.,0353,Intsia Thouars,1.0386606016367228,0.13730049844128367,0.36502681521580665,0.6736337864209161
0195,Ctenolophon parvifolius Oliv.,0607,Swietenia macrophylla King,0.8182115980498897,0.1445569890808498,0.07039605530704054,0.67365460896904
0293,Fraxinus americana L.,0302,Gilbertiodendron preussii (Harms) J.Léonard,0.8884694035863033,0.06673216616943302,0.21477324086718907,0.6736961627191143
0041,Aniba rosodora Ducke,0426,Microberlinia brazzavillensis A. Chev.,0.9228053507168685,0.03206859773287161,0.24891986447473777,0.6738854862421307
0007,Acer pseudoplatanus L.,0678,Albizia ferruginea (Guill. & Perr.) Benth.,1.0121463065342702,0.01598614417773803,0.33801121938985357,0.6741350871444166
0367,Juglans nigra L.,0552,Quercus alba L.,0.7294605468053738,0.030957996752025003,0.054910389150189774,0.674550157655184
0430,Milicia excelsa (Welw.) C.C. Berg,0552,Quercus alba L.,0.9556123698241468,0.2809459055523187,0.054910389150189774,0.6746664642718281
0269,Erythrophleum ivorense A. Chev,0297,Fraxinus mandshurica Rupr.,0.8619028233150183,0.18362962432208574,0.18720922831157757,0.6746935950034407
0239,Dipteryx odorata (Aubl.) Forsyth f.,0396,Lophira alata Banks ex C.F.Gaertn.,0.9709077573150082,0.29620412323508927,0.08393196411047188,0.674703634079919
0297,Fraxinus mandshurica Rupr.,0550,Quercus mongolica Fisch. ex Ledeb.,0.8619356493980559,0.18720922831157757,0.0295908067557718,0.6747264210864783
0297,Fraxinus mandshurica Rupr.,0371,Khaya grandifoliola C.DC.,0.8620608836439069,0.18720922831157757,0.13346149799545334,0.6748516553323293
0130,Castanea sativa Mill.,0430,Milicia excelsa (Welw.) C.C. Berg,0.9558226180686444,0.13730049844128367,0.2809459055523187,0.6748767125163257
0236,Dipterocarpus C.F.Gaertn.,0244,Dryobalanops C.F.Gaertn.,0.7476152623919263,0.06735710381385199,0.07236117632383164,0.6752540860680947
0613,Tabebuia rosea (Bert.) DC.,0648,Triplochiton scleroxylon K. Schum.,0.9827983602870319,0.30741652748711856,0.03451537060084674,0.6753818327999134
0080,Betula papyrifera Marshall,0354,Intsia bijuga (Colebr.) Kuntze,1.0036690521430427,0.15225687626821854,0.3278225854948488,0.6758464666481939
0195,Ctenolophon parvifolius Oliv.,0318,Leplaea cedrata (A.Chev.) E.J.M.Koenen & J.J.de Wilde,0.8205094371119923,0.1445569890808498,0.03917415789724382,0.6759524480311425
0607,Swietenia macrophylla King,0679,Aningeria Aubrév. & Pellegr.,0.9688125145355602,0.07039605530704054,0.29282501993701454,0.6759874945985456
0073,Balfourodendron riedelianum (Engl.) Engl.,0130,Castanea sativa Mill.,0.9532650107264629,0.27718842224753326,0.13730049844128367,0.6760765884789296
0239,Dipteryx odorata (Aubl.) Forsyth f.,0479,Peltogyne catingae Ducke,0.9723744944380943,0.29620412323508927,0.034412686077142644,0.676170371203005
0371,Khaya grandifoliola C.DC.,0478,Peltogyne Vogel,0.8096971919513039,0.13346149799545334,0.11335898594650924,0.6762356939558505
0181,Cotylelobium Pierre,0353,Intsia Thouars,1.0413276121845507,0.02876268832314597,0.36502681521580665,0.676300796968744
0259,Entandrophragma utile (Dawe & Sprague) Sprague,0550,Quercus mongolica Fisch. ex Ledeb.,0.9875772277642888,0.31117134377790345,0.0295908067557718,0.6764058839863853
0081,Betula pendula Roth,0238,Dipterocarpus kerrii King,0.7239164492429716,0.0030165117830820874,0.047350069644523325,0.6765663795984482
0035,Anacardium giganteum Hancock ex Engl.,0425,Mezilaurus ita-uba (Meisn.) Taub. ex Mez,0.798285199027033,0.09952635975102023,0.12157433758219263,0.6767108614448404
0181,Cotylelobium Pierre,0541,Pterygota macrocarpa K. Schum.,0.7217936915240932,0.02876268832314597,0.045009082662750124,0.6767846088613431
0371,Khaya grandifoliola C.DC.,0480,Peltogyne mexicana Martínez,0.8104788064474135,0.13346149799545334,0.1247695132163256,0.6770173084519602
0302,Gilbertiodendron preussii (Harms) J.Léonard,0318,Leplaea cedrata (A.Chev.) E.J.M.Koenen & J.J.de Wilde,0.8923857582857757,0.21477324086718907,0.03917415789724382,0.6776125174185866
0035,Anacardium giganteum Hancock ex Engl.,0326,Guibourtia ehie (A. Chev.) J. Léonard,0.9448861048704501,0.09952635975102023,0.267153359759205,0.6777327451112451
0245,Dryobalanops aromatica C.F.Gaertn.,0313,Grevillea robusta A.Cunn. ex R.Br.,0.8351689514285932,0.1574311550408419,0.12015375617853329,0.6777377963877512
0157,Ceriops tagal (Perr.) C.B. Robinson,0478,Peltogyne Vogel,1.0511388755763518,0.3733888439031872,0.11335898594650924,0.6777500316731646
0114,Cantleya corniculata (Becc.) R.A.Howard,0530,Pterocarpus soyauxii Taub.,0.9277987818169102,0.24998781279531032,0.14757486665108444,0.6778109690215999
0066,Aucoumea klaineana Pierre,0613,Tabebuia rosea (Bert.) DC.,0.9852674095860653,0.21760219624631696,0.30741652748711856,0.6778508820989467
0095,Brosimum alicastrum Swartz,0324,Guibourtia pellegriniana J.Léonard,1.051538758734888,0.373588888328799,0.19715961314014666,0.6779498704060889
0297,Fraxinus mandshurica Rupr.,0607,Swietenia macrophylla King,0.8651928878455258,0.18720922831157757,0.07039605530704054,0.6779836595339482
0258,Entandrophragma cylindricum (Sprague) Sprague,0431,Millettia laurentii De Wild.,0.8701109210538094,0.1920147510454096,0.15046909860762905,0.6780961700083998
0269,Erythrophleum ivorense A. Chev,0621,Tectona grandis L.,1.0121734574022545,0.18362962432208574,0.3340452621707477,0.6781281952315068
0091,Brachystegia Benth.,0553,Quercus petraea (Matt.) Liebl.,1.0670320453703572,0.38877160503932806,0.1175281560814896,0.6782604403310292
0244,Dryobalanops C.F.Gaertn.,0259,Entandrophragma utile (Dawe & Sprague) Sprague,0.9895826833002732,0.07236117632383164,0.31117134377790345,0.6784113395223698
0007,Acer pseudoplatanus L.,0613,Tabebuia rosea (Bert.) DC.,0.9860617760924528,0.01598614417773803,0.30741652748711856,0.6786452486053343
0073,Balfourodendron riedelianum (Engl.) Engl.,0147,Ceiba pentandra (L.) Gaertn.,0.9558940913286926,0.27718842224753326,0.09053989442752747,0.6787056690811594
0041,Aniba rosodora Ducke,0331,Heritiera utilis (Sprague) Sprague,0.9489270710813459,0.03206859773287161,0.2700129923785008,0.6789140787028451
0114,Cantleya corniculata (Becc.) R.A.Howard,0613,Tabebuia rosea (Bert.) DC.,0.9864358468379122,0.24998781279531032,0.30741652748711856,0.6790193193507936
0181,Cotylelobium Pierre,0354,Intsia bijuga (Colebr.) Kuntze,1.0070334066007107,0.02876268832314597,0.3278225854948488,0.679210821105862
0270,Erythrophleum suaveolens (Guill. & Perr.) Brenan,0553,Quercus petraea (Matt.) Liebl.,1.0497978096957352,0.37032055479729653,0.1175281560814896,0.6794772548984387
0073,Balfourodendron riedelianum (Engl.) Engl.,0552,Quercus alba L.,0.9566784365614017,0.27718842224753326,0.054910389150189774,0.6794900143138685
0081,Betula pendula Roth,0354,Intsia bijuga (Colebr.) Kuntze,1.0073278854400214,0.0030165117830820874,0.3278225854948488,0.6795052999451726
0375,Koompassia malaccensis Maing.,0431,Millettia laurentii De Wild.,0.8301939859343543,0.08877285430095372,0.15046909860762905,0.6797248873267253
0541,Pterygota macrocarpa K. Schum.,0625,Terminalia superba Engl.& Diels,1.0013967137497108,0.045009082662750124,0.3215805164792984,0.6798161972704124
0207,Dalbergia nigra (Vell.) Allemão ex Benth.,0542,Pycnanthus angolensis (Welw.) Warb.,0.9990281110288963,0.31919241888109307,0.09358528548867441,0.6798356921478033
0313,Grevillea robusta A.Cunn. ex R.Br.,0530,Pterocarpus soyauxii Taub.,0.8274155763242279,0.12015375617853329,0.14757486665108444,0.6798407096731435
0114,Cantleya corniculata (Becc.) R.A.Howard,0130,Castanea sativa Mill.,0.9299451408104027,0.24998781279531032,0.13730049844128367,0.6799573280150923
0030,Amburana cearensis (Allemão) A.C.Sm.,0236,Dipterocarpus C.F.Gaertn.,0.8838179860599128,0.20353506212870529,0.06735710381385199,0.6802829239312075
0270,Erythrophleum suaveolens (Guill. & Perr.) Brenan,0550,Quercus mongolica Fisch. ex Ledeb.,1.0508708237316067,0.37032055479729653,0.0295908067557718,0.6805502689343101
0244,Dryobalanops C.F.Gaertn.,0608,Swietenia mahagoni (L.) Jacq.,0.8369152492685936,0.07236117632383164,0.156298942858346,0.6806163064102476
0323,Guibourtia demeusei (Harms) J.Léonard,0554,Quercus robur L.,0.9043693869924527,0.2237088813376544,0.040088693572690404,0.6806605056547983
0091,Brachystegia Benth.,0554,Quercus robur L.,1.069459263917002,0.38877160503932806,0.040088693572690404,0.6806876588776739
0207,Dalbergia nigra (Vell.) Allemão ex Benth.,0553,Quercus petraea (Matt.) Liebl.,0.9999258024802389,0.31919241888109307,0.1175281560814896,0.6807333835991458
0147,Ceiba pentandra (L.) Gaertn.,0244,Dryobalanops C.F.Gaertn.,0.7714033911752305,0.09053989442752747,0.07236117632383164,0.680863496747703
0003,Acacia mangium Willd.,0081,Betula pendula Roth,0.9307568091787872,0.24987335040256672,0.0030165117830820874,0.6808834587762205
0244,Dryobalanops C.F.Gaertn.,0372,Khaya ivorensis A.Chev.,0.8095669501570039,0.07236117632383164,0.1284079480176259,0.681159002139378
0080,Betula papyrifera Marshall,0245,Dryobalanops aromatica C.F.Gaertn.,0.8385930310395939,0.15225687626821854,0.1574311550408419,0.681161875998752
0030,Amburana cearensis (Allemão) A.C.Sm.,0195,Ctenolophon parvifolius Oliv.,0.8847226624571428,0.20353506212870529,0.1445569890808498,0.6811876003284375
0297,Fraxinus mandshurica Rupr.,0608,Swietenia mahagoni (L.) Jacq.,0.868552187404411,0.18720922831157757,0.156298942858346,0.6813429590928334
0366,Juglans regia L.,0396,Lophira alata Banks ex C.F.Gaertn.,0.7654965704227948,0.011555233791711243,0.08393196411047188,0.681564606312323
0007,Acer pseudoplatanus L.,0270,Erythrophleum suaveolens (Guill. & Perr.) Brenan,1.0519297842589785,0.01598614417773803,0.37032055479729653,0.681609229461682
0258,Entandrophragma cylindricum (Sprague) Sprague,0418,Mansonia altissima (A. Chev.) A. Chev.,0.8738365593593915,0.1920147510454096,0.10609990889998436,0.681821808313982
0239,Dipteryx odorata (Aubl.) Forsyth f.,0258,Entandrophragma cylindricum (Sprague) Sprague,0.9781583571961953,0.29620412323508927,0.1920147510454096,0.681954233961106
0296,Fraxinus ornus L.,0326,Guibourtia ehie (A. Chev.) J. Léonard,0.9491884144693901,0.15609996020530656,0.267153359759205,0.682035054710185
0130,Castanea sativa Mill.,0293,Fraxinus americana L.,0.8194110236070377,0.13730049844128367,0.06673216616943302,0.682110525165754
0093,Brachystegia laurentii (De Wild.) Louis ex J.Léonard,0297,Fraxinus mandshurica Rupr.,0.9676135544645086,0.285314769922707,0.18720922831157757,0.6822987845418016
0293,Fraxinus americana L.,0371,Khaya grandifoliola C.DC.,0.8158247840992401,0.06673216616943302,0.13346149799545334,0.6823632861037867
0430,Milicia excelsa (Welw.) C.C. Berg,0550,Quercus mongolica Fisch. ex Ledeb.,0.9634748983790686,0.2809459055523187,0.0295908067557718,0.68252899282675
0080,Betula papyrifera Marshall,0608,Swietenia mahagoni (L.) Jacq.,0.8389808796967535,0.15225687626821854,0.156298942858346,0.6826819368384075
0325,Guibourtia tessmannii (Harms) J.Léonard,0554,Quercus robur L.,0.8833355617578854,0.20053590665995039,0.040088693572690404,0.682799655097935
0331,Heritiera utilis (Sprague) Sprague,0366,Juglans regia L.,0.9528445981346789,0.2700129923785008,0.011555233791711243,0.6828316057561781
0081,Betula pendula Roth,0425,Mezilaurus ita-uba (Meisn.) Taub. ex Mez,0.8044203180183844,0.0030165117830820874,0.12157433758219263,0.6828459804361918
0091,Brachystegia Benth.,0195,Ctenolophon parvifolius Oliv.,1.0717838646378295,0.38877160503932806,0.1445569890808498,0.6830122595985014
0354,Intsia bijuga (Colebr.) Kuntze,0679,Aningeria Aubrév. & Pellegr.,1.0112126881566672,0.3278225854948488,0.29282501993701454,0.6833901026618184
0371,Khaya grandifoliola C.DC.,0530,Pterocarpus soyauxii Taub.,0.8312304522623586,0.13346149799545334,0.14757486665108444,0.6836555856112742
0073,Balfourodendron riedelianum (Engl.) Engl.,0245,Dryobalanops aromatica C.F.Gaertn.,0.961080582065055,0.27718842224753326,0.1574311550408419,0.6838921598175217
0073,Balfourodendron riedelianum (Engl.) Engl.,0375,Koompassia malaccensis Maing.,0.9612303474878062,0.27718842224753326,0.08877285430095372,0.684041925240273
0195,Ctenolophon parvifolius Oliv.,0608,Swietenia mahagoni (L.) Jacq.,0.8405512196819162,0.1445569890808498,0.156298942858346,0.6842522768235701
0258,Entandrophragma cylindricum (Sprague) Sprague,0679,Aningeria Aubrév. & Pellegr.,0.9770875122222283,0.1920147510454096,0.29282501993701454,0.6842624922852139
0302,Gilbertiodendron preussii (Harms) J.Léonard,0679,Aningeria Aubrév. & Pellegr.,0.9772152593253212,0.21477324086718907,0.29282501993701454,0.6843902393883066
0259,Entandrophragma utile (Dawe & Sprague) Sprague,0554,Quercus robur L.,0.9956230727667283,0.31117134377790345,0.040088693572690404,0.6844517289888249
0542,Pycnanthus angolensis (Welw.) Warb.,0678,Albizia ferruginea (Guill. & Perr.) Benth.,1.0226325722965317,0.09358528548867441,0.33801121938985357,0.6846213529066781
0147,Ceiba pentandra (L.) Gaertn.,0371,Khaya grandifoliola C.DC.,0.8180926104479511,0.09053989442752747,0.13346149799545334,0.6846311124524977
0195,Ctenolophon parvifolius Oliv.,0354,Intsia bijuga (Colebr.) Kuntze,1.0124845480591067,0.1445569890808498,0.3278225854948488,0.6846619625642579
0157,Ceriops tagal (Perr.) C.B. Robinson,0375,Koompassia malaccensis Maing.,1.0580752314080613,0.3733888439031872,0.08877285430095372,0.6846863875048741
0293,Fraxinus americana L.,0608,Swietenia mahagoni (L.) Jacq.,0.8410350552798718,0.06673216616943302,0.156298942858346,0.6847361124215258
0157,Ceriops tagal (Perr.) C.B. Robinson,0324,Guibourtia pellegriniana J.Léonard,1.058667390033281,0.3733888439031872,0.19715961314014666,0.6852785461300939
0550,Quercus mongolica Fisch. ex Ledeb.,0648,Triplochiton scleroxylon K. Schum.,0.7198121719599127,0.0295908067557718,0.03451537060084674,0.6852968013590659
0091,Brachystegia Benth.,0552,Quercus alba L.,1.0741351969073598,0.38877160503932806,0.054910389150189774,0.6853635918680318
0041,Aniba rosodora Ducke,0245,Dryobalanops aromatica C.F.Gaertn.,0.8429285693466215,0.03206859773287161,0.1574311550408419,0.6854974143057796
0270,Erythrophleum suaveolens (Guill. & Perr.) Brenan,0554,Quercus robur L.,1.0558794572869554,0.37032055479729653,0.040088693572690404,0.6855589024896589
0030,Amburana cearensis (Allemão) A.C.Sm.,0621,Tectona grandis L.,1.01980426924404,0.20353506212870529,0.3340452621707477,0.6857590070732924
0430,Milicia excelsa (Welw.) C.C. Berg,0607,Swietenia macrophylla King,0.9668172641752584,0.2809459055523187,0.07039605530704054,0.6858713586229397
0070,Bagassa guianensis Aubl.,0396,Lophira alata Banks ex C.F.Gaertn.,1.0377910790473552,0.35189488550655634,0.08393196411047188,0.6858961935407989
0129,Castanea crenata Siebold & Zucc.,0613,Tabebuia rosea (Bert.) DC.,0.9935844207229767,0.034727594828010425,0.30741652748711856,0.6861678932358581
0081,Betula pendula Roth,0207,Dalbergia nigra (Vell.) Allemão ex Benth.,1.0053694536010136,0.0030165117830820874,0.31919241888109307,0.6861770347199205
0269,Erythrophleum ivorense A. Chev,0296,Fraxinus ornus L.,0.8699618446509318,0.18362962432208574,0.15609996020530656,0.6863322203288461
0091,Brachystegia Benth.,0648,Triplochiton scleroxylon K. Schum.,1.0754897852500904,0.38877160503932806,0.03451537060084674,0.6867181802107624
0552,Quercus alba L.,0648,Triplochiton scleroxylon K. Schum.,0.7417918398566505,0.054910389150189774,0.03451537060084674,0.6868814507064608
0293,Fraxinus americana L.,0606,Swietenia humilis Zucc.,0.9027833379299182,0.06673216616943302,0.2157970800606374,0.6869862578692808
0066,Aucoumea klaineana Pierre,0091,Brachystegia Benth.,1.0760902302005055,0.21760219624631696,0.38877160503932806,0.6873186251611775
0258,Entandrophragma cylindricum (Sprague) Sprague,0479,Peltogyne catingae Ducke,0.879575377388552,0.1920147510454096,0.034412686077142644,0.6875606263431424
0081,Betula pendula Roth,0461,Ochroma pyramidale (Cav. ex Lam.) Urb.,0.7316238957502099,0.0030165117830820874,0.04404888631411533,0.6875750094360946
0080,Betula papyrifera Marshall,0158,"Chlorocardium rodiei (R.H.Schomb.) Rohwer, H.G.Richt. & van der Werff",0.8398762025218591,0.15225687626821854,0.08176555061613976,0.6876193262536405
0033,Anacardium excelsum (Bertero & Balb. ex Kunth) Skeels,0114,Cantleya corniculata (Becc.) R.A.Howard,0.9376891321780397,0.1612983471755794,0.24998781279531032,0.6877013193827294
0296,Fraxinus ornus L.,0606,Swietenia humilis Zucc.,0.9038605906482287,0.15609996020530656,0.2157970800606374,0.6880635105875913
0130,Castanea sativa Mill.,0678,Albizia ferruginea (Guill. & Perr.) Benth.,1.026248527554761,0.13730049844128367,0.33801121938985357,0.6882373081649075
0006,Acer platanoides L.,0541,Pterygota macrocarpa K. Schum.,0.7337352184279529,0.0033010130066980182,0.045009082662750124,0.6887261357652027
0331,Heritiera utilis (Sprague) Sprague,0426,Microberlinia brazzavillensis A. Chev.,0.9589919223761795,0.2700129923785008,0.24891986447473777,0.6889789299976787
0479,Peltogyne catingae Ducke,0679,Aningeria Aubrév. & Pellegr.,0.9818095214896145,0.034412686077142644,0.29282501993701454,0.6889845015525999
0297,Fraxinus mandshurica Rupr.,0554,Quercus robur L.,0.8762085880232756,0.18720922831157757,0.040088693572690404,0.688999359711698
0372,Khaya ivorensis A.Chev.,0396,Lophira alata Banks ex C.F.Gaertn.,0.8176135119793407,0.1284079480176259,0.08393196411047188,0.6892055639617148
0092,Brachystegia cynometroides Harms,0157,Ceriops tagal (Perr.) C.B. Robinson,1.062856365820175,0.1445998181282847,0.3733888439031872,0.6894675219169879
0326,Guibourtia ehie (A. Chev.) J. Léonard,0396,Lophira alata Banks ex C.F.Gaertn.,0.9569967282850544,0.267153359759205,0.08393196411047188,0.6898433685258494
0129,Castanea crenata Siebold & Zucc.,0244,Dryobalanops C.F.Gaertn.,0.762441158314678,0.034727594828010425,0.07236117632383164,0.6900799819908463
0353,Intsia Thouars,0648,Triplochiton scleroxylon K. Schum.,1.055252339970104,0.36502681521580665,0.03451537060084674,0.6902255247542972
0081,Betula pendula Roth,0608,Swietenia mahagoni (L.) Jacq.,0.846740329611358,0.0030165117830820874,0.156298942858346,0.690441386753012
0244,Dryobalanops C.F.Gaertn.,0269,Erythrophleum ivorense A. Chev,0.874109780170389,0.07236117632383164,0.18362962432208574,0.6904801558483032
0009,Leptolobium Vogel,0461,Ochroma pyramidale (Cav. ex Lam.) Urb.,0.8825525355855516,0.1918203410273337,0.04404888631411533,0.6907321945582179
0270,Erythrophleum suaveolens (Guill. & Perr.) Brenan,0552,Quercus alba L.,1.0612263390829477,0.37032055479729653,0.054910389150189774,0.6909057842856512
0245,Dryobalanops aromatica C.F.Gaertn.,0554,Quercus robur L.,0.8484764389373525,0.1574311550408419,0.040088693572690404,0.6910452838965105
0366,Juglans regia L.,0426,Microberlinia brazzavillensis A. Chev.,0.9400059507527682,0.011555233791711243,0.24891986447473777,0.6910860862780304
0269,Erythrophleum ivorense A. Chev,0431,Millettia laurentii De Wild.,0.8748124225714458,0.18362962432208574,0.15046909860762905,0.69118279824936
0129,Castanea crenata Siebold & Zucc.,0256,Entandrophragma angolense (Welw.) Panshin,1.0442258959343829,0.034727594828010425,0.35292642353479126,0.6912994723995916
0092,Brachystegia cynometroides Harms,0679,Aningeria Aubrév. & Pellegr.,0.9842469147970471,0.1445998181282847,0.29282501993701454,0.6914218948600326
0033,Anacardium excelsum (Bertero & Balb. ex Kunth) Skeels,0257,Entandrophragma candollei Harms,0.8527203682338365,0.1612983471755794,0.09798805046374451,0.6914220210582571
0325,Guibourtia tessmannii (Harms) J.Léonard,0679,Aningeria Aubrév. & Pellegr.,0.9844828752115549,0.20053590665995039,0.29282501993701454,0.6916578552745403
0009,Leptolobium Vogel,0530,Pterocarpus soyauxii Taub.,0.8835195500791934,0.1918203410273337,0.14757486665108444,0.6916992090518597
0541,Pterygota macrocarpa K. Schum.,0648,Triplochiton scleroxylon K. Schum.,0.7370951167961723,0.045009082662750124,0.03451537060084674,0.6920860341334222
0080,Betula papyrifera Marshall,0396,Lophira alata Banks ex C.F.Gaertn.,0.8445382697599169,0.15225687626821854,0.08393196411047188,0.6922813934916983
0478,Peltogyne Vogel,0679,Aningeria Aubrév. & Pellegr.,0.9853871753149556,0.11335898594650924,0.29282501993701454,0.6925621553779411
0269,Erythrophleum ivorense A. Chev,0607,Swietenia macrophylla King,0.8762299811028231,0.18362962432208574,0.07039605530704054,0.6926003567807374
0130,Castanea sativa Mill.,0245,Dryobalanops aromatica C.F.Gaertn.,0.8501879222886377,0.13730049844128367,0.1574311550408419,0.6927567672477958
0367,Juglans nigra L.,0541,Pterygota macrocarpa K. Schum.,0.7380252768245068,0.030957996752025003,0.045009082662750124,0.6930161941617566
0256,Entandrophragma angolense (Welw.) Panshin,0541,Pterygota macrocarpa K. Schum.,1.0459860879714047,0.35292642353479126,0.045009082662750124,0.6930596644366134
0066,Aucoumea klaineana Pierre,0158,"Chlorocardium rodiei (R.H.Schomb.) Rohwer, H.G.Richt. & van der Werff",0.9106936882034717,0.21760219624631696,0.08176555061613976,0.6930914919571548
0324,Guibourtia pellegriniana J.Léonard,0530,Pterocarpus soyauxii Taub.,0.8903904812785344,0.19715961314014666,0.14757486665108444,0.6932308681383877
0033,Anacardium excelsum (Bertero & Balb. ex Kunth) Skeels,0550,Quercus mongolica Fisch. ex Ledeb.,0.8545293068518357,0.1612983471755794,0.0295908067557718,0.6932309596762563
0034,Anacardium L.,0371,Khaya grandifoliola C.DC.,0.9517897948215324,0.25845756017377447,0.13346149799545334,0.693332234647758
0081,Betula pendula Roth,0372,Khaya ivorensis A.Chev.,0.8219352851172095,0.0030165117830820874,0.1284079480176259,0.6935273370995836
0318,Leplaea cedrata (A.Chev.) E.J.M.Koenen & J.J.de Wilde,0613,Tabebuia rosea (Bert.) DC.,1.0009487168218392,0.03917415789724382,0.30741652748711856,0.6935321893347206
0239,Dipteryx odorata (Aubl.) Forsyth f.,0608,Swietenia mahagoni (L.) Jacq.,0.9898681812779412,0.29620412323508927,0.156298942858346,0.6936640580428519
0041,Aniba rosodora Ducke,0207,Dalbergia nigra (Vell.) Allemão ex Benth.,1.0128740967613075,0.03206859773287161,0.31919241888109307,0.6936816778802144
0318,Leplaea cedrata (A.Chev.) E.J.M.Koenen & J.J.de Wilde,0326,Guibourtia ehie (A. Chev.) J. Léonard,0.9612384686008628,0.03917415789724382,0.267153359759205,0.6940851088416577
0030,Amburana cearensis (Allemão) A.C.Sm.,0371,Khaya grandifoliola C.DC.,0.8976377558307098,0.20353506212870529,0.13346149799545334,0.6941026937020045
0130,Castanea sativa Mill.,0259,Entandrophragma utile (Dawe & Sprague) Sprague,1.0053426360393503,0.13730049844128367,0.31117134377790345,0.6941712922614468
0114,Cantleya corniculata (Becc.) R.A.Howard,0541,Pterygota macrocarpa K. Schum.,0.9442754324244657,0.24998781279531032,0.045009082662750124,0.6942876196291553
0130,Castanea sativa Mill.,0270,Erythrophleum suaveolens (Guill. & Perr.) Brenan,1.0647617734632697,0.13730049844128367,0.37032055479729653,0.6944412186659732
0244,Dryobalanops C.F.Gaertn.,0478,Peltogyne Vogel,0.8078556902835465,0.07236117632383164,0.11335898594650924,0.6944967043370373
0613,Tabebuia rosea (Bert.) DC.,0621,Tectona grandis L.,1.028750756734901,0.30741652748711856,0.3340452621707477,0.6947054945641533
0207,Dalbergia nigra (Vell.) Allemão ex Benth.,0366,Juglans regia L.,1.0139063680748477,0.31919241888109307,0.011555233791711243,0.6947139491937546
0324,Guibourtia pellegriniana J.Léonard,0431,Millettia laurentii De Wild.,0.8920739501067968,0.19715961314014666,0.15046909860762905,0.6949143369666502
0091,Brachystegia Benth.,0542,Pycnanthus angolensis (Welw.) Warb.,1.0842302292639967,0.38877160503932806,0.09358528548867441,0.6954586242246686
0007,Acer pseudoplatanus L.,0553,Quercus petraea (Matt.) Liebl.,0.8131295088639139,0.01598614417773803,0.1175281560814896,0.6956013527824243
0091,Brachystegia Benth.,0367,Juglans nigra L.,1.0845003845570447,0.38877160503932806,0.030957996752025003,0.6957287795177166
0326,Guibourtia ehie (A. Chev.) J. Léonard,0418,Mansonia altissima (A. Chev.) A. Chev.,0.9629137555161277,0.267153359759205,0.10609990889998436,0.6957603957569227
0114,Cantleya corniculata (Becc.) R.A.Howard,0236,Dipterocarpus C.F.Gaertn.,0.9458295010933406,0.24998781279531032,0.06735710381385199,0.6958416882980303
0033,Anacardium excelsum (Bertero & Balb. ex Kunth) Skeels,0554,Quercus robur L.,0.8572070413556869,0.1612983471755794,0.040088693572690404,0.6959086941801076
0114,Cantleya corniculata (Becc.) R.A.Howard,0257,Entandrophragma candollei Harms,0.9463860217780957,0.24998781279531032,0.09798805046374451,0.6963982089827854
0009,Leptolobium Vogel,0297,Fraxinus mandshurica Rupr.,0.8883094881089404,0.1918203410273337,0.18720922831157757,0.6964891470816067
0257,Entandrophragma candollei Harms,0313,Grevillea robusta A.Cunn. ex R.Br.,0.8167417609504053,0.09798805046374451,0.12015375617853329,0.696588004771872
0257,Entandrophragma candollei Harms,0607,Swietenia macrophylla King,0.7946786512924674,0.09798805046374451,0.07039605530704054,0.6966906008287229
0461,Ochroma pyramidale (Cav. ex Lam.) Urb.,0541,Pterygota macrocarpa K. Schum.,0.7418847793631966,0.04404888631411533,0.045009082662750124,0.6968756967004465
0114,Cantleya corniculata (Becc.) R.A.Howard,0181,Cotylelobium Pierre,0.9470490648486011,0.24998781279531032,0.02876268832314597,0.6970612520532907
0033,Anacardium excelsum (Bertero & Balb. ex Kunth) Skeels,0541,Pterygota macrocarpa K. Schum.,0.8584413590729968,0.1612983471755794,0.045009082662750124,0.6971430118974173
0129,Castanea crenata Siebold & Zucc.,0207,Dalbergia nigra (Vell.) Allemão ex Benth.,1.0164516729406696,0.034727594828010425,0.31919241888109307,0.6972592540595766
0114,Cantleya corniculata (Becc.) R.A.Howard,0269,Erythrophleum ivorense A. Chev,0.9472636488612551,0.24998781279531032,0.18362962432208574,0.6972758360659448
0006,Acer platanoides L.,0130,Castanea sativa Mill.,0.8346491911589453,0.0033010130066980182,0.13730049844128367,0.6973486927176616
0006,Acer platanoides L.,0238,Dipterocarpus kerrii King,0.7452165713264113,0.0033010130066980182,0.047350069644523325,0.6978665016818879
0302,Gilbertiodendron preussii (Harms) J.Léonard,0396,Lophira alata Banks ex C.F.Gaertn.,0.912663798535156,0.21477324086718907,0.08393196411047188,0.6978905576679669
0041,Aniba rosodora Ducke,0093,Brachystegia laurentii (De Wild.) Louis ex J.Léonard,0.9839421423617476,0.03206859773287161,0.285314769922707,0.6986273724390406
0269,Erythrophleum ivorense A. Chev,0294,Fraxinus excelsior L.,0.8824191477176047,0.18362962432208574,0.057931930658733005,0.6987895233955189
0003,Acacia mangium Willd.,0530,Pterocarpus soyauxii Taub.,0.9486889392941646,0.24987335040256672,0.14757486665108444,0.6988155888915979
0114,Cantleya corniculata (Becc.) R.A.Howard,0295,Fraxinus nigra Marshall,0.948940687818122,0.24998781279531032,0.04872560265571527,0.6989528750228117
0301,Gilbertiodendron dewevrei (De Wild.) J.Léonard,0679,Aningeria Aubrév. & Pellegr.,0.9918826466609586,0.17033855113561178,0.29282501993701454,0.6990576267239441
0294,Fraxinus excelsior L.,0323,Guibourtia demeusei (Harms) J.Léonard,0.9229419429752146,0.057931930658733005,0.2237088813376544,0.6992330616375602
0431,Millettia laurentii De Wild.,0478,Peltogyne Vogel,0.8502009247035401,0.15046909860762905,0.11335898594650924,0.6997318260959111
0081,Betula pendula Roth,0245,Dryobalanops aromatica C.F.Gaertn.,0.8572198044621506,0.0030165117830820874,0.1574311550408419,0.6997886494213087
0375,Koompassia malaccensis Maing.,0679,Aningeria Aubrév. & Pellegr.,0.9926823915833949,0.08877285430095372,0.29282501993701454,0.6998573716463803
0041,Aniba rosodora Ducke,0399,Lovoa trichilioides Harms,0.9327323285418061,0.03206859773287161,0.2327105138088832,0.7000218147329229
0301,Gilbertiodendron dewevrei (De Wild.) J.Léonard,0425,Mezilaurus ita-uba (Meisn.) Taub. ex Mez,0.8703786009929043,0.17033855113561178,0.12157433758219263,0.7000400498572925
0091,Brachystegia Benth.,0181,Cotylelobium Pierre,1.0888199982267732,0.38877160503932806,0.02876268832314597,0.7000483931874452
0006,Acer platanoides L.,0270,Erythrophleum suaveolens (Guill. & Perr.) Brenan,1.0704947425867863,0.0033010130066980182,0.37032055479729653,0.7001741877894898
0239,Dipteryx odorata (Aubl.) Forsyth f.,0607,Swietenia macrophylla King,0.9967079224450832,0.29620412323508927,0.07039605530704054,0.700503799209994
0367,Juglans nigra L.,0550,Quercus mongolica Fisch. ex Ledeb.,0.7317315022487507,0.030957996752025003,0.0295908067557718,0.7007735054967257
0080,Betula papyrifera Marshall,0294,Fraxinus excelsior L.,0.853036276966906,0.15225687626821854,0.057931930658733005,0.7007794006986874
0195,Ctenolophon parvifolius Oliv.,0550,Quercus mongolica Fisch. ex Ledeb.,0.845374560408316,0.1445569890808498,0.0295908067557718,0.7008175713274662
0461,Ochroma pyramidale (Cav. ex Lam.) Urb.,0625,Terminalia superba Engl.& Diels,1.022405376244956,0.04404888631411533,0.3215805164792984,0.7008248597656577
0114,Cantleya corniculata (Becc.) R.A.Howard,0238,Dipterocarpus kerrii King,0.9510306876056298,0.24998781279531032,0.047350069644523325,0.7010428748103195
0081,Betula pendula Roth,0399,Lovoa trichilioides Harms,0.9338529906237493,0.0030165117830820874,0.2327105138088832,0.7011424768148661
0158,"Chlorocardium rodiei (R.H.Schomb.) Rohwer, H.G.Richt. & van der Werff",0325,Guibourtia tessmannii (Harms) J.Léonard,0.901753564843685,0.08176555061613976,0.20053590665995039,0.7012176581837346
0331,Heritiera utilis (Sprague) Sprague,0480,Peltogyne mexicana Martínez,0.9713594312327263,0.2700129923785008,0.1247695132163256,0.7013464388542254
0530,Pterocarpus soyauxii Taub.,0554,Quercus robur L.,0.8489907664656973,0.14757486665108444,0.040088693572690404,0.7014158998146128
0007,Acer pseudoplatanus L.,0625,Terminalia superba Engl.& Diels,1.0231921933290247,0.01598614417773803,0.3215805164792984,0.7016116768497263
0066,Aucoumea klaineana Pierre,0353,Intsia Thouars,1.0670452855226533,0.21760219624631696,0.36502681521580665,0.7020184703068466
0326,Guibourtia ehie (A. Chev.) J. Léonard,0530,Pterocarpus soyauxii Taub.,0.9692703377688432,0.267153359759205,0.14757486665108444,0.7021169780096381
0007,Acer pseudoplatanus L.,0552,Quercus alba L.,0.7571089748246143,0.01598614417773803,0.054910389150189774,0.7021985856744245
0195,Ctenolophon parvifolius Oliv.,0554,Quercus robur L.,0.8471118267696762,0.1445569890808498,0.040088693572690404,0.7025548376888264
0301,Gilbertiodendron dewevrei (De Wild.) J.Léonard,0431,Millettia laurentii De Wild.,0.8733065363683192,0.17033855113561178,0.15046909860762905,0.7029679852327074
0130,Castanea sativa Mill.,0181,Cotylelobium Pierre,0.8403838862974241,0.13730049844128367,0.02876268832314597,0.7030833878561404
0530,Pterocarpus soyauxii Taub.,0550,Quercus mongolica Fisch. ex Ledeb.,0.8508779899816445,0.14757486665108444,0.0295908067557718,0.7033031233305601
0302,Gilbertiodendron preussii (Harms) J.Léonard,0331,Heritiera utilis (Sprague) Sprague,0.9734224720039446,0.21477324086718907,0.2700129923785008,0.7034094796254438
0207,Dalbergia nigra (Vell.) Allemão ex Benth.,0552,Quercus alba L.,1.0226440900031049,0.31919241888109307,0.054910389150189774,0.7034516711220118
0207,Dalbergia nigra (Vell.) Allemão ex Benth.,0554,Quercus robur L.,1.0226793745586105,0.31919241888109307,0.040088693572690404,0.7034869556775174
0244,Dryobalanops C.F.Gaertn.,0480,Peltogyne mexicana Martínez,0.8282826031862973,0.07236117632383164,0.1247695132163256,0.7035130899699717
0296,Fraxinus ornus L.,0608,Swietenia mahagoni (L.) Jacq.,0.8598252014326323,0.15609996020530656,0.156298942858346,0.7035262585742863
0270,Erythrophleum suaveolens (Guill. & Perr.) Brenan,0542,Pycnanthus angolensis (Welw.) Warb.,1.0739968068773982,0.37032055479729653,0.09358528548867441,0.7036762520801016
0331,Heritiera utilis (Sprague) Sprague,0375,Koompassia malaccensis Maing.,0.9741764058578898,0.2700129923785008,0.08877285430095372,0.704163413479389
0030,Amburana cearensis (Allemão) A.C.Sm.,0325,Guibourtia tessmannii (Harms) J.Léonard,0.9077080999909966,0.20353506212870529,0.20053590665995039,0.7041730378622912
0009,Leptolobium Vogel,0257,Entandrophragma candollei Harms,0.8962020848065966,0.1918203410273337,0.09798805046374451,0.7043817437792629
0245,Dryobalanops aromatica C.F.Gaertn.,0552,Quercus alba L.,0.8618751445622317,0.1574311550408419,0.054910389150189774,0.7044439895213898
0353,Intsia Thouars,0367,Juglans nigra L.,1.0698845534923969,0.36502681521580665,0.030957996752025003,0.7048577382765902
0302,Gilbertiodendron preussii (Harms) J.Léonard,0372,Khaya ivorensis A.Chev.,0.9196321007261279,0.21477324086718907,0.1284079480176259,0.7048588598589388
0158,"Chlorocardium rodiei (R.H.Schomb.) Rohwer, H.G.Richt. & van der Werff",0621,Tectona grandis L.,1.0389117113932553,0.08176555061613976,0.3340452621707477,0.7048664492225076
0553,Quercus petraea (Matt.) Liebl.,0625,Terminalia superba Engl.& Diels,1.0267421847709364,0.1175281560814896,0.3215805164792984,0.705161668291638
0239,Dipteryx odorata (Aubl.) Forsyth f.,0324,Guibourtia pellegriniana J.Léonard,1.0014045746304379,0.29620412323508927,0.19715961314014666,0.7052004513953486
0081,Betula pendula Roth,0606,Swietenia humilis Zucc.,0.9210887622059925,0.0030165117830820874,0.2157970800606374,0.7052916821453551
0195,Ctenolophon parvifolius Oliv.,0353,Intsia Thouars,1.0703402208977817,0.1445569890808498,0.36502681521580665,0.705313405681975
0324,Guibourtia pellegriniana J.Léonard,0554,Quercus robur L.,0.9025270909666698,0.19715961314014666,0.040088693572690404,0.7053674778265232
0157,Ceriops tagal (Perr.) C.B. Robinson,0323,Guibourtia demeusei (Harms) J.Léonard,1.0788394365360892,0.3733888439031872,0.2237088813376544,0.705450592632902
0035,Anacardium giganteum Hancock ex Engl.,0130,Castanea sativa Mill.,0.8429528867935501,0.09952635975102023,0.13730049844128367,0.7056523883522664
0157,Ceriops tagal (Perr.) C.B. Robinson,0326,Guibourtia ehie (A. Chev.) J. Léonard,1.0790505022133152,0.3733888439031872,0.267153359759205,0.7056616583101281
0114,Cantleya corniculata (Becc.) R.A.Howard,0430,Milicia excelsa (Welw.) C.C. Berg,0.9870717585745157,0.24998781279531032,0.2809459055523187,0.706125853022197
0431,Millettia laurentii De Wild.,0480,Peltogyne mexicana Martínez,0.8566809103108922,0.15046909860762905,0.1247695132163256,0.7062118117032632
0366,Juglans regia L.,0431,Millettia laurentii De Wild.,0.8567482307326365,0.011555233791711243,0.15046909860762905,0.7062791321250075
0147,Ceiba pentandra (L.) Gaertn.,0608,Swietenia mahagoni (L.) Jacq.,0.862624990304824,0.09053989442752747,0.156298942858346,0.706326047446478
0041,Aniba rosodora Ducke,0396,Lophira alata Banks ex C.F.Gaertn.,0.790459767355427,0.03206859773287161,0.08393196411047188,0.7065278032449551
0034,Anacardium L.,0129,Castanea crenata Siebold & Zucc.,0.9649983551333594,0.25845756017377447,0.034727594828010425,0.706540794959585
0080,Betula papyrifera Marshall,0606,Swietenia humilis Zucc.,0.9226827954319461,0.15225687626821854,0.2157970800606374,0.7068857153713087
0258,Entandrophragma cylindricum (Sprague) Sprague,0318,Leplaea cedrata (A.Chev.) E.J.M.Koenen & J.J.de Wilde,0.898969272818938,0.1920147510454096,0.03917415789724382,0.7069545217735285
0326,Guibourtia ehie (A. Chev.) J. Léonard,0679,Aningeria Aubrév. & Pellegr.,0.9998407840199325,0.267153359759205,0.29282501993701454,0.707015764082918
0009,Leptolobium Vogel,0541,Pterygota macrocarpa K. Schum.,0.8989857054140162,0.1918203410273337,0.045009082662750124,0.7071653643866825
0550,Quercus mongolica Fisch. ex Ledeb.,0625,Terminalia superba Engl.& Diels,1.0291292012321072,0.0295908067557718,0.3215805164792984,0.7075486847528087
0245,Dryobalanops aromatica C.F.Gaertn.,0418,Mansonia altissima (A. Chev.) A. Chev.,0.8650304079487794,0.1574311550408419,0.10609990889998436,0.7075992529079375
0366,Juglans regia L.,0399,Lovoa trichilioides Harms,0.940784253079656,0.011555233791711243,0.2327105138088832,0.7080737392707728
0354,Intsia bijuga (Colebr.) Kuntze,0541,Pterygota macrocarpa K. Schum.,1.035902785373626,0.3278225854948488,0.045009082662750124,0.7080801998787772
0270,Erythrophleum suaveolens (Guill. & Perr.) Brenan,0461,Ochroma pyramidale (Cav. ex Lam.) Urb.,1.0784328483029586,0.37032055479729653,0.04404888631411533,0.7081122935056621
0553,Quercus petraea (Matt.) Liebl.,0678,Albizia ferruginea (Guill. & Perr.) Benth.,1.0463235406312603,0.1175281560814896,0.33801121938985357,0.7083123212414068
0030,Amburana cearensis (Allemão) A.C.Sm.,0679,Aningeria Aubrév. & Pellegr.,1.0012802293454928,0.20353506212870529,0.29282501993701454,0.7084552094084782
0114,Cantleya corniculata (Becc.) R.A.Howard,0147,Ceiba pentandra (L.) Gaertn.,0.9585705973355251,0.24998781279531032,0.09053989442752747,0.7085827845402147
0007,Acer pseudoplatanus L.,0034,Anacardium L.,0.9673225899764382,0.01598614417773803,0.25845756017377447,0.7088650298026637
0245,Dryobalanops aromatica C.F.Gaertn.,0550,Quercus mongolica Fisch. ex Ledeb.,0.8663564039403122,0.1574311550408419,0.0295908067557718,0.7089252488994703
0425,Mezilaurus ita-uba (Meisn.) Taub. ex Mez,0530,Pterocarpus soyauxii Taub.,0.8565903955656553,0.12157433758219263,0.14757486665108444,0.7090155289145709
0070,Bagassa guianensis Aubl.,0371,Khaya grandifoliola C.DC.,1.0610050737479633,0.35189488550655634,0.13346149799545334,0.7091101882414069
0092,Brachystegia cynometroides Harms,0431,Millettia laurentii De Wild.,0.859869051202714,0.1445998181282847,0.15046909860762905,0.7093999525950849
0550,Quercus mongolica Fisch. ex Ledeb.,0678,Albizia ferruginea (Guill. & Perr.) Benth.,1.0475282747721604,0.0295908067557718,0.33801121938985357,0.7095170553823068
0324,Guibourtia pellegriniana J.Léonard,0550,Quercus mongolica Fisch. ex Ledeb.,0.9067110811591642,0.19715961314014666,0.0295908067557718,0.7095514680190176
0270,Erythrophleum suaveolens (Guill. & Perr.) Brenan,0367,Juglans nigra L.,1.0800142863381859,0.37032055479729653,0.030957996752025003,0.7096937315408893
0245,Dryobalanops aromatica C.F.Gaertn.,0323,Guibourtia demeusei (Harms) J.Léonard,0.9335299525865928,0.1574311550408419,0.2237088813376544,0.7098210712489383
0181,Cotylelobium Pierre,0430,Milicia excelsa (Welw.) C.C. Berg,0.990777429480574,0.02876268832314597,0.2809459055523187,0.7098315239282553
0080,Betula papyrifera Marshall,0207,Dalbergia nigra (Vell.) Allemão ex Benth.,1.0290564581525468,0.15225687626821854,0.31919241888109307,0.7098640392714537
0270,Erythrophleum suaveolens (Guill. & Perr.) Brenan,0648,Triplochiton scleroxylon K. Schum.,1.0802036815378324,0.37032055479729653,0.03451537060084674,0.7098831267405359
0313,Grevillea robusta A.Cunn. ex R.Br.,0326,Guibourtia ehie (A. Chev.) J. Léonard,0.9772625620621818,0.12015375617853329,0.267153359759205,0.7101092023029767
0257,Entandrophragma candollei Harms,0418,Mansonia altissima (A. Chev.) A. Chev.,0.8164445945970575,0.09798805046374451,0.10609990889998436,0.7103446856970732
0371,Khaya grandifoliola C.DC.,0613,Tabebuia rosea (Bert.) DC.,1.0180403649130623,0.13346149799545334,0.30741652748711856,0.7106238374259437
0238,Dipterocarpus kerrii King,0608,Swietenia mahagoni (L.) Jacq.,0.8670098866654867,0.047350069644523325,0.156298942858346,0.7107109438071407
0269,Erythrophleum ivorense A. Chev,0608,Swietenia mahagoni (L.) Jacq.,0.8943991209877779,0.18362962432208574,0.156298942858346,0.7107694966656921
0093,Brachystegia laurentii (De Wild.) Louis ex J.Léonard,0679,Aningeria Aubrév. & Pellegr.,1.0036686639421641,0.285314769922707,0.29282501993701454,0.7108436440051495
0530,Pterocarpus soyauxii Taub.,0606,Swietenia humilis Zucc.,0.9266771331914184,0.14757486665108444,0.2157970800606374,0.7108800531307811
0297,Fraxinus mandshurica Rupr.,0606,Swietenia humilis Zucc.,0.9267356376879663,0.18720922831157757,0.2157970800606374,0.7109385576273289
0294,Fraxinus excelsior L.,0331,Heritiera utilis (Sprague) Sprague,0.9811573499281518,0.057931930658733005,0.2700129923785008,0.711144357549651
0030,Amburana cearensis (Allemão) A.C.Sm.,0073,Balfourodendron riedelianum (Engl.) Engl.,0.9884861715810793,0.20353506212870529,0.27718842224753326,0.7112977493335461
0066,Aucoumea klaineana Pierre,0270,Erythrophleum suaveolens (Guill. & Perr.) Brenan,1.0816270891615694,0.21760219624631696,0.37032055479729653,0.7113065343642728
0081,Betula pendula Roth,0426,Microberlinia brazzavillensis A. Chev.,0.9604784779623854,0.0030165117830820874,0.24891986447473777,0.7115586134876476
0092,Brachystegia cynometroides Harms,0331,Heritiera utilis (Sprague) Sprague,0.9817810831760133,0.1445998181282847,0.2700129923785008,0.7117680907975126
0269,Erythrophleum ivorense A. Chev,0679,Aningeria Aubrév. & Pellegr.,1.004824751778242,0.18362962432208574,0.29282501993701454,0.7119997318412274
0245,Dryobalanops aromatica C.F.Gaertn.,0371,Khaya grandifoliola C.DC.,0.8698225156942999,0.1574311550408419,0.13346149799545334,0.712391360653458
0003,Acacia mangium Willd.,0325,Guibourtia tessmannii (Harms) J.Léonard,0.9623130869717618,0.24987335040256672,0.20053590665995039,0.712439736569195
0293,Fraxinus americana L.,0426,Microberlinia brazzavillensis A. Chev.,0.9614937455778281,0.06673216616943302,0.24891986447473777,0.7125738811030903
0426,Microberlinia brazzavillensis A. Chev.,0608,Swietenia mahagoni (L.) Jacq.,0.9618579668853757,0.24891986447473777,0.156298942858346,0.7129381024106379
0195,Ctenolophon parvifolius Oliv.,0461,Ochroma pyramidale (Cav. ex Lam.) Urb.,0.8584448841942934,0.1445569890808498,0.04404888631411533,0.7138878951134436
0331,Heritiera utilis (Sprague) Sprague,0478,Peltogyne Vogel,0.9839657633307058,0.2700129923785008,0.11335898594650924,0.7139527709522051
0530,Pterocarpus soyauxii Taub.,0553,Quercus petraea (Matt.) Liebl.,0.8615893378662229,0.14757486665108444,0.1175281560814896,0.7140144712151385
0009,Leptolobium Vogel,0608,Swietenia mahagoni (L.) Jacq.,0.9058583766532773,0.1918203410273337,0.156298942858346,0.7140380356259436
0554,Quercus robur L.,0678,Albizia ferruginea (Guill. & Perr.) Benth.,1.0521428537009194,0.040088693572690404,0.33801121938985357,0.7141316343110659
0114,Cantleya corniculata (Becc.) R.A.Howard,0293,Fraxinus americana L.,0.964496667412014,0.24998781279531032,0.06673216616943302,0.7145088546167037
0554,Quercus robur L.,0625,Terminalia superba Engl.& Diels,1.036203398816031,0.040088693572690404,0.3215805164792984,0.7146228823367327
0009,Leptolobium Vogel,0035,Anacardium giganteum Hancock ex Engl.,0.9064991613497584,0.1918203410273337,0.09952635975102023,0.7146788203224247
0269,Erythrophleum ivorense A. Chev,0530,Pterocarpus soyauxii Taub.,0.8983191609784742,0.18362962432208574,0.14757486665108444,0.7146895366563885
0195,Ctenolophon parvifolius Oliv.,0326,Guibourtia ehie (A. Chev.) J. Léonard,0.9821164317862724,0.1445569890808498,0.267153359759205,0.7149630720270674
0530,Pterocarpus soyauxii Taub.,0552,Quercus alba L.,0.8626934301278963,0.14757486665108444,0.054910389150189774,0.7151185634768119
0318,Leplaea cedrata (A.Chev.) E.J.M.Koenen & J.J.de Wilde,0323,Guibourtia demeusei (Harms) J.Léonard,0.9388292735852144,0.03917415789724382,0.2237088813376544,0.71512039224756
0293,Fraxinus americana L.,0366,Juglans regia L.,0.7827124711007031,0.06673216616943302,0.011555233791711243,0.7159803049312701
0257,Entandrophragma candollei Harms,0297,Fraxinus mandshurica Rupr.,0.9032288318298065,0.09798805046374451,0.18720922831157757,0.7160196035182289
0130,Castanea sativa Mill.,0613,Tabebuia rosea (Bert.) DC.,1.0236437962245506,0.13730049844128367,0.30741652748711856,0.716227268737432
0480,Peltogyne mexicana Martínez,0608,Swietenia mahagoni (L.) Jacq.,0.8727308681962372,0.1247695132163256,0.156298942858346,0.7164319253378912
0244,Dryobalanops C.F.Gaertn.,0375,Koompassia malaccensis Maing.,0.8052604168339068,0.07236117632383164,0.08877285430095372,0.7164875625329531
0245,Dryobalanops aromatica C.F.Gaertn.,0324,Guibourtia pellegriniana J.Léonard,0.9137610384102476,0.1574311550408419,0.19715961314014666,0.716601425270101
0259,Entandrophragma utile (Dawe & Sprague) Sprague,0552,Quercus alba L.,1.0277828962696007,0.31117134377790345,0.054910389150189774,0.7166115524916973
0269,Erythrophleum ivorense A. Chev,0371,Khaya grandifoliola C.DC.,0.9003636241850195,0.18362962432208574,0.13346149799545334,0.7167339998629337
0080,Betula papyrifera Marshall,0426,Microberlinia brazzavillensis A. Chev.,0.965674447212669,0.15225687626821854,0.24891986447473777,0.7167545827379312
0258,Entandrophragma cylindricum (Sprague) Sprague,0396,Lophira alata Banks ex C.F.Gaertn.,0.9090184137065704,0.1920147510454096,0.08393196411047188,0.7170036626611609
0236,Dipterocarpus C.F.Gaertn.,0608,Swietenia mahagoni (L.) Jacq.,0.8733369534868916,0.06735710381385199,0.156298942858346,0.7170380106285456
0030,Amburana cearensis (Allemão) A.C.Sm.,0425,Mezilaurus ita-uba (Meisn.) Taub. ex Mez,0.9207213398687667,0.20353506212870529,0.12157433758219263,0.7171862777400614
0073,Balfourodendron riedelianum (Engl.) Engl.,0269,Erythrophleum ivorense A. Chev,0.9944997131250194,0.27718842224753326,0.18362962432208574,0.7173112908774861
0296,Fraxinus ornus L.,0607,Swietenia macrophylla King,0.8734229995615512,0.15609996020530656,0.07039605530704054,0.7173230393562446
0041,Aniba rosodora Ducke,0293,Fraxinus americana L.,0.7841841435522382,0.03206859773287161,0.06673216616943302,0.7174519773828052
0430,Milicia excelsa (Welw.) C.C. Berg,0679,Aningeria Aubrév. & Pellegr.,1.01028818533067,0.2809459055523187,0.29282501993701454,0.7174631653936554
0129,Castanea crenata Siebold & Zucc.,0354,Intsia bijuga (Colebr.) Kuntze,1.045524976541937,0.034727594828010425,0.3278225854948488,0.7177023910470882
0080,Betula papyrifera Marshall,0399,Lovoa trichilioides Harms,0.9505058070917413,0.15225687626821854,0.2327105138088832,0.7177952932828581
0325,Guibourtia tessmannii (Harms) J.Léonard,0553,Quercus petraea (Matt.) Liebl.,0.9185430757271297,0.20053590665995039,0.1175281560814896,0.7180071690671793
0035,Anacardium giganteum Hancock ex Engl.,0372,Khaya ivorensis A.Chev.,0.8465863790110312,0.09952635975102023,0.1284079480176259,0.7181784309934053
0041,Aniba rosodora Ducke,0431,Millettia laurentii De Wild.,0.8687107308329338,0.03206859773287161,0.15046909860762905,0.7182416322253048
0041,Aniba rosodora Ducke,0302,Gilbertiodendron preussii (Harms) J.Léonard,0.9332452808208108,0.03206859773287161,0.21477324086718907,0.7184720399536217
0366,Juglans regia L.,0530,Pterocarpus soyauxii Taub.,0.8661817034037266,0.011555233791711243,0.14757486665108444,0.7186068367526421
0129,Castanea crenata Siebold & Zucc.,0326,Guibourtia ehie (A. Chev.) J. Léonard,0.9858109572525144,0.034727594828010425,0.267153359759205,0.7186575974933094
0033,Anacardium excelsum (Bertero & Balb. ex Kunth) Skeels,0552,Quercus alba L.,0.8800058365159213,0.1612983471755794,0.054910389150189774,0.718707489340342
0035,Anacardium giganteum Hancock ex Engl.,0426,Microberlinia brazzavillensis A. Chev.,0.9677158303042838,0.09952635975102023,0.24891986447473777,0.718795965829546
0081,Betula pendula Roth,0147,Ceiba pentandra (L.) Gaertn.,0.8094151851279395,0.0030165117830820874,0.09053989442752747,0.7188752907004121
0542,Pycnanthus angolensis (Welw.) Warb.,0625,Terminalia superba Engl.& Diels,1.0407851566477135,0.09358528548867441,0.3215805164792984,0.7192046401684151
0129,Castanea crenata Siebold & Zucc.,0294,Fraxinus excelsior L.,0.7771583430165718,0.034727594828010425,0.057931930658733005,0.7192264123578388
0080,Betula papyrifera Marshall,0244,Dryobalanops C.F.Gaertn.,0.8716696838561531,0.15225687626821854,0.07236117632383164,0.7194128075879345
0323,Guibourtia demeusei (Harms) J.Léonard,0371,Khaya grandifoliola C.DC.,0.943181441812527,0.2237088813376544,0.13346149799545334,0.7194725604748726
0323,Guibourtia demeusei (Harms) J.Léonard,0679,Aningeria Aubrév. & Pellegr.,1.0125502831245563,0.2237088813376544,0.29282501993701454,0.7197252631875417
0093,Brachystegia laurentii (De Wild.) Louis ex J.Léonard,0366,Juglans regia L.,1.0052377201104317,0.285314769922707,0.011555233791711243,0.7199229501877247
0034,Anacardium L.,0318,Leplaea cedrata (A.Chev.) E.J.M.Koenen & J.J.de Wilde,0.9787917515174489,0.25845756017377447,0.03917415789724382,0.7203341913436745
0354,Intsia bijuga (Colebr.) Kuntze,0367,Juglans nigra L.,1.0483253868976863,0.3278225854948488,0.030957996752025003,0.7205028014028375
0041,Aniba rosodora Ducke,0530,Pterocarpus soyauxii Taub.,0.8682795500323321,0.03206859773287161,0.14757486665108444,0.7207046833812477
0297,Fraxinus mandshurica Rupr.,0552,Quercus alba L.,0.9080749962476353,0.18720922831157757,0.054910389150189774,0.7208657679360577
0552,Quercus alba L.,0678,Albizia ferruginea (Guill. & Perr.) Benth.,1.0590165630827966,0.054910389150189774,0.33801121938985357,0.721005343692943
0426,Microberlinia brazzavillensis A. Chev.,0607,Swietenia macrophylla King,0.9700489961974248,0.24891986447473777,0.07039605530704054,0.721129131722687
0158,"Chlorocardium rodiei (R.H.Schomb.) Rohwer, H.G.Richt. & van der Werff",0479,Peltogyne catingae Ducke,0.802930735997105,0.08176555061613976,0.034412686077142644,0.7211651853809652
0331,Heritiera utilis (Sprague) Sprague,0541,Pterygota macrocarpa K. Schum.,0.9914175875635614,0.2700129923785008,0.045009082662750124,0.7214045951850605
0073,Balfourodendron riedelianum (Engl.) Engl.,0613,Tabebuia rosea (Bert.) DC.,1.0288882515929243,0.27718842224753326,0.30741652748711856,0.7214717241058057
0431,Millettia laurentii De Wild.,0608,Swietenia mahagoni (L.) Jacq.,0.878052044158695,0.15046909860762905,0.156298942858346,0.721753101300349
0244,Dryobalanops C.F.Gaertn.,0607,Swietenia macrophylla King,0.7942193451016017,0.07236117632383164,0.07039605530704054,0.7218581687777701
0418,Mansonia altissima (A. Chev.) A. Chev.,0608,Swietenia mahagoni (L.) Jacq.,0.8782072444349319,0.10609990889998436,0.156298942858346,0.7219083015765859
0030,Amburana cearensis (Allemão) A.C.Sm.,0295,Fraxinus nigra Marshall,0.9262671210912721,0.20353506212870529,0.04872560265571527,0.7227320589625668
0258,Entandrophragma cylindricum (Sprague) Sprague,0325,Guibourtia tessmannii (Harms) J.Léonard,0.923494059134693,0.1920147510454096,0.20053590665995039,0.7229581524747426
0239,Dipteryx odorata (Aubl.) Forsyth f.,0323,Guibourtia demeusei (Harms) J.Léonard,1.0193496300441285,0.29620412323508927,0.2237088813376544,0.7231455068090392
0257,Entandrophragma candollei Harms,0326,Guibourtia ehie (A. Chev.) J. Léonard,0.9903019882127089,0.09798805046374451,0.267153359759205,0.7231486284535038
0425,Mezilaurus ita-uba (Meisn.) Taub. ex Mez,0461,Ochroma pyramidale (Cav. ex Lam.) Urb.,0.8454418898803902,0.12157433758219263,0.04404888631411533,0.7238675522981975
0295,Fraxinus nigra Marshall,0608,Swietenia mahagoni (L.) Jacq.,0.880176085230255,0.04872560265571527,0.156298942858346,0.723877142371909
0081,Betula pendula Roth,0130,Castanea sativa Mill.,0.8614846489367255,0.0030165117830820874,0.13730049844128367,0.7241841504954418
0550,Quercus mongolica Fisch. ex Ledeb.,0608,Swietenia mahagoni (L.) Jacq.,0.8806095626031427,0.0295908067557718,0.156298942858346,0.7243106197447967
0009,Leptolobium Vogel,0607,Swietenia macrophylla King,0.9163295045869009,0.1918203410273337,0.07039605530704054,0.7245091635595672
0081,Betula pendula Roth,0093,Brachystegia laurentii (De Wild.) Louis ex J.Léonard,1.0099316706981867,0.0030165117830820874,0.285314769922707,0.7246169007754797
0034,Anacardium L.,0530,Pterocarpus soyauxii Taub.,0.9833444058635163,0.25845756017377447,0.14757486665108444,0.7248868456897419
0372,Khaya ivorensis A.Chev.,0430,Milicia excelsa (Welw.) C.C. Berg,1.0061814251119239,0.1284079480176259,0.2809459055523187,0.7252355195596052
0130,Castanea sativa Mill.,0625,Terminalia superba Engl.& Diels,1.047215213738017,0.13730049844128367,0.3215805164792984,0.7256346972587187
0257,Entandrophragma candollei Harms,0296,Fraxinus ornus L.,0.881762841612831,0.09798805046374451,0.15609996020530656,0.7256628814075244
0301,Gilbertiodendron dewevrei (De Wild.) J.Léonard,0331,Heritiera utilis (Sprague) Sprague,0.995939678355583,0.17033855113561178,0.2700129923785008,0.7259266859770821
0323,Guibourtia demeusei (Harms) J.Léonard,0553,Quercus petraea (Matt.) Liebl.,0.9497791707518493,0.2237088813376544,0.1175281560814896,0.7260702894141948
0091,Brachystegia Benth.,0147,Ceiba pentandra (L.) Gaertn.,1.114912183244914,0.38877160503932806,0.09053989442752747,0.726140578205586
0245,Dryobalanops aromatica C.F.Gaertn.,0325,Guibourtia tessmannii (Harms) J.Léonard,0.9269919334461714,0.1574311550408419,0.20053590665995039,0.726456026786221
0033,Anacardium excelsum (Bertero & Balb. ex Kunth) Skeels,0353,Intsia Thouars,1.0915572651891967,0.1612983471755794,0.36502681521580665,0.72653044997339
0130,Castanea sativa Mill.,0294,Fraxinus excelsior L.,0.8638944418598271,0.13730049844128367,0.057931930658733005,0.7265939434185434
0195,Ctenolophon parvifolius Oliv.,0552,Quercus alba L.,0.8715614640954248,0.1445569890808498,0.054910389150189774,0.727004475014575
0552,Quercus alba L.,0608,Swietenia mahagoni (L.) Jacq.,0.8833225573437976,0.054910389150189774,0.156298942858346,0.7270236144854516
0425,Mezilaurus ita-uba (Meisn.) Taub. ex Mez,0480,Peltogyne mexicana Martínez,0.8521001077598482,0.12157433758219263,0.1247695132163256,0.7273305945435227
0372,Khaya ivorensis A.Chev.,0553,Quercus petraea (Matt.) Liebl.,0.8557667867255898,0.1284079480176259,0.1175281560814896,0.7273588387079639
0093,Brachystegia laurentii (De Wild.) Louis ex J.Léonard,0181,Cotylelobium Pierre,1.0131154418978137,0.285314769922707,0.02876268832314597,0.7278006719751067
0147,Ceiba pentandra (L.) Gaertn.,0257,Entandrophragma candollei Harms,0.825793973008029,0.09053989442752747,0.09798805046374451,0.7278059225442846
0244,Dryobalanops C.F.Gaertn.,0425,Mezilaurus ita-uba (Meisn.) Taub. ex Mez,0.8498765906426998,0.07236117632383164,0.12157433758219263,0.7283022530605072
0130,Castanea sativa Mill.,0256,Entandrophragma angolense (Welw.) Panshin,1.0812322435349262,0.13730049844128367,0.35292642353479126,0.7283058200001349
0207,Dalbergia nigra (Vell.) Allemão ex Benth.,0550,Quercus mongolica Fisch. ex Ledeb.,1.0479371166819926,0.31919241888109307,0.0295908067557718,0.7287446978008996
0035,Anacardium giganteum Hancock ex Engl.,0553,Quercus petraea (Matt.) Liebl.,0.8464081504356158,0.09952635975102023,0.1175281560814896,0.7288799943541262
0302,Gilbertiodendron preussii (Harms) J.Léonard,0530,Pterocarpus soyauxii Taub.,0.9440344294256507,0.21477324086718907,0.14757486665108444,0.7292611885584617
0294,Fraxinus excelsior L.,0325,Guibourtia tessmannii (Harms) J.Léonard,0.9302541999323007,0.057931930658733005,0.20053590665995039,0.7297182932723504
0007,Acer pseudoplatanus L.,0550,Quercus mongolica Fisch. ex Ledeb.,0.7597087915140078,0.01598614417773803,0.0295908067557718,0.7301179847582361
0158,"Chlorocardium rodiei (R.H.Schomb.) Rohwer, H.G.Richt. & van der Werff",0366,Juglans regia L.,0.8120346326350724,0.08176555061613976,0.011555233791711243,0.7302690820189326
0296,Fraxinus ornus L.,0553,Quercus petraea (Matt.) Liebl.,0.886445601264398,0.15609996020530656,0.1175281560814896,0.7303456410590914
0325,Guibourtia tessmannii (Harms) J.Léonard,0431,Millettia laurentii De Wild.,0.9310448115051007,0.20053590665995039,0.15046909860762905,0.7305089048451503
0007,Acer pseudoplatanus L.,0371,Khaya grandifoliola C.DC.,0.863976455976772,0.01598614417773803,0.13346149799545334,0.7305149579813186
0302,Gilbertiodendron preussii (Harms) J.Léonard,0366,Juglans regia L.,0.9453393533208936,0.21477324086718907,0.011555233791711243,0.7305661124537045
0130,Castanea sativa Mill.,0244,Dryobalanops C.F.Gaertn.,0.8679729207305771,0.13730049844128367,0.07236117632383164,0.7306724222892934
0041,Aniba rosodora Ducke,0158,"Chlorocardium rodiei (R.H.Schomb.) Rohwer, H.G.Richt. & van der Werff",0.8124489831299462,0.03206859773287161,0.08176555061613976,0.7306834325138064
0367,Juglans nigra L.,0372,Khaya ivorensis A.Chev.,0.8591882527747019,0.030957996752025003,0.1284079480176259,0.730780304757076
0080,Betula papyrifera Marshall,0093,Brachystegia laurentii (De Wild.) Louis ex J.Léonard,1.0161489567843174,0.15225687626821854,0.285314769922707,0.7308341868616104
0009,Leptolobium Vogel,0129,Castanea crenata Siebold & Zucc.,0.9227738717177794,0.1918203410273337,0.034727594828010425,0.7309535306904457
0207,Dalbergia nigra (Vell.) Allemão ex Benth.,0541,Pterygota macrocarpa K. Schum.,1.0502370390239917,0.31919241888109307,0.045009082662750124,0.7310446201428986
0324,Guibourtia pellegriniana J.Léonard,0553,Quercus petraea (Matt.) Liebl.,0.9283866689821538,0.19715961314014666,0.1175281560814896,0.7312270558420072
0147,Ceiba pentandra (L.) Gaertn.,0550,Quercus mongolica Fisch. ex Ledeb.,0.8220026474715213,0.09053989442752747,0.0295908067557718,0.7314627530439939
0372,Khaya ivorensis A.Chev.,0554,Quercus robur L.,0.8600211438239791,0.1284079480176259,0.040088693572690404,0.7316131958063532
0033,Anacardium excelsum (Bertero & Balb. ex Kunth) Skeels,0091,Brachystegia Benth.,1.1205268224638827,0.1612983471755794,0.38877160503932806,0.7317552174245546
0034,Anacardium L.,0130,Castanea sativa Mill.,0.9903221048076623,0.25845756017377447,0.13730049844128367,0.7318645446338878
0003,Acacia mangium Willd.,0006,Acer platanoides L.,0.9818981715992459,0.24987335040256672,0.0033010130066980182,0.7320248211966791
0301,Gilbertiodendron dewevrei (De Wild.) J.Léonard,0371,Khaya grandifoliola C.DC.,0.9025649461141707,0.17033855113561178,0.13346149799545334,0.7322263949785589
0313,Grevillea robusta A.Cunn. ex R.Br.,0325,Guibourtia tessmannii (Harms) J.Léonard,0.9331160440239148,0.12015375617853329,0.20053590665995039,0.7325801373639644
0293,Fraxinus americana L.,0553,Quercus petraea (Matt.) Liebl.,0.8501678929119147,0.06673216616943302,0.1175281560814896,0.7326397368304252
0066,Aucoumea klaineana Pierre,0530,Pterocarpus soyauxii Taub.,0.9503949254125482,0.21760219624631696,0.14757486665108444,0.7327927291662313
0325,Guibourtia tessmannii (Harms) J.Léonard,0418,Mansonia altissima (A. Chev.) A. Chev.,0.9334302946464588,0.20053590665995039,0.10609990889998436,0.7328943879865084
0130,Castanea sativa Mill.,0461,Ochroma pyramidale (Cav. ex Lam.) Urb.,0.8702297772152915,0.13730049844128367,0.04404888631411533,0.7329292787740078
0080,Betula papyrifera Marshall,0550,Quercus mongolica Fisch. ex Ledeb.,0.8852023476560579,0.15225687626821854,0.0295908067557718,0.7329454713878394
0297,Fraxinus mandshurica Rupr.,0461,Ochroma pyramidale (Cav. ex Lam.) Urb.,0.920258780176788,0.18720922831157757,0.04404888631411533,0.7330495518652104
0431,Millettia laurentii De Wild.,0607,Swietenia macrophylla King,0.8838054454093143,0.15046909860762905,0.07039605530704054,0.7333363468016852
0195,Ctenolophon parvifolius Oliv.,0541,Pterygota macrocarpa K. Schum.,0.8784040907333427,0.1445569890808498,0.045009082662750124,0.7338471016524929
0041,Aniba rosodora Ducke,0326,Guibourtia ehie (A. Chev.) J. Léonard,1.0010765167849909,0.03206859773287161,0.267153359759205,0.7339231570257858
0006,Acer platanoides L.,0354,Intsia bijuga (Colebr.) Kuntze,1.06231994801573,0.0033010130066980182,0.3278225854948488,0.7344973625208812
0073,Balfourodendron riedelianum (Engl.) Engl.,0430,Milicia excelsa (Welw.) C.C. Berg,1.0156266317924083,0.27718842224753326,0.2809459055523187,0.7346807262400896
0181,Cotylelobium Pierre,0607,Swietenia macrophylla King,0.8052102248048371,0.02876268832314597,0.07039605530704054,0.7348141694977965
0158,"Chlorocardium rodiei (R.H.Schomb.) Rohwer, H.G.Richt. & van der Werff",0313,Grevillea robusta A.Cunn. ex R.Br.,0.8551344589370237,0.08176555061613976,0.12015375617853329,0.7349807027584904
0331,Heritiera utilis (Sprague) Sprague,0430,Milicia excelsa (Welw.) C.C. Berg,1.0160702875735774,0.2700129923785008,0.2809459055523187,0.7351243820212587
0297,Fraxinus mandshurica Rupr.,0426,Microberlinia brazzavillensis A. Chev.,0.9840706909749207,0.18720922831157757,0.24891986447473777,0.7351508265001829
0066,Aucoumea klaineana Pierre,0431,Millettia laurentii De Wild.,0.9530212866535868,0.21760219624631696,0.15046909860762905,0.7354190904072698
0093,Brachystegia laurentii (De Wild.) Louis ex J.Léonard,0195,Ctenolophon parvifolius Oliv.,1.0208100451869893,0.285314769922707,0.1445569890808498,0.7354952752642823
0323,Guibourtia demeusei (Harms) J.Léonard,0396,Lophira alata Banks ex C.F.Gaertn.,0.9594772785265855,0.2237088813376544,0.08393196411047188,0.7357683971889311
0323,Guibourtia demeusei (Harms) J.Léonard,0418,Mansonia altissima (A. Chev.) A. Chev.,0.959505808847435,0.2237088813376544,0.10609990889998436,0.7357969275097805
0114,Cantleya corniculata (Becc.) R.A.Howard,0296,Fraxinus ornus L.,0.9861645607758656,0.24998781279531032,0.15609996020530656,0.7361767479805552
0066,Aucoumea klaineana Pierre,0326,Guibourtia ehie (A. Chev.) J. Léonard,1.0035395790810624,0.21760219624631696,0.267153359759205,0.7363862193218573
0080,Betula papyrifera Marshall,0553,Quercus petraea (Matt.) Liebl.,0.8888512027749152,0.15225687626821854,0.1175281560814896,0.7365943265066968
0296,Fraxinus ornus L.,0426,Microberlinia brazzavillensis A. Chev.,0.9856246380762237,0.15609996020530656,0.24891986447473777,0.7367047736014859
0007,Acer pseudoplatanus L.,0009,Leptolobium Vogel,0.9285764534007092,0.01598614417773803,0.1918203410273337,0.7367561123733755
0147,Ceiba pentandra (L.) Gaertn.,0554,Quercus robur L.,0.8275474835208376,0.09053989442752747,0.040088693572690404,0.7370075890933101
0313,Grevillea robusta A.Cunn. ex R.Br.,0608,Swietenia mahagoni (L.) Jacq.,0.8934617151518484,0.12015375617853329,0.156298942858346,0.7371627722935024
0366,Juglans regia L.,0553,Quercus petraea (Matt.) Liebl.,0.854836878463145,0.011555233791711243,0.1175281560814896,0.7373087223816555
0554,Quercus robur L.,0608,Swietenia mahagoni (L.) Jacq.,0.8938625643240501,0.040088693572690404,0.156298942858346,0.7375636214657041
0158,"Chlorocardium rodiei (R.H.Schomb.) Rohwer, H.G.Richt. & van der Werff",0431,Millettia laurentii De Wild.,0.8881742187335324,0.08176555061613976,0.15046909860762905,0.7377051201259034
0009,Leptolobium Vogel,0295,Fraxinus nigra Marshall,0.9297590007621626,0.1918203410273337,0.04872560265571527,0.7379386597348289
0236,Dipterocarpus C.F.Gaertn.,0461,Ochroma pyramidale (Cav. ex Lam.) Urb.,0.805516042787681,0.06735710381385199,0.04404888631411533,0.738158938973829
0236,Dipterocarpus C.F.Gaertn.,0257,Entandrophragma candollei Harms,0.83615331661182,0.06735710381385199,0.09798805046374451,0.7381652661480755
0257,Entandrophragma candollei Harms,0324,Guibourtia pellegriniana J.Léonard,0.9353606310680217,0.09798805046374451,0.19715961314014666,0.7382010179278751
0081,Betula pendula Roth,0129,Castanea crenata Siebold & Zucc.,0.7730281675244429,0.0030165117830820874,0.034727594828010425,0.7383005726964325
0007,Acer pseudoplatanus L.,0354,Intsia bijuga (Colebr.) Kuntze,1.0661243412857593,0.01598614417773803,0.3278225854948488,0.7383017557909105
0296,Fraxinus ornus L.,0550,Quercus mongolica Fisch. ex Ledeb.,0.8946480765461188,0.15609996020530656,0.0295908067557718,0.7385481163408122
0552,Quercus alba L.,0625,Terminalia superba Engl.& Diels,1.060260484692556,0.054910389150189774,0.3215805164792984,0.7386799682132577
0318,Leplaea cedrata (A.Chev.) E.J.M.Koenen & J.J.de Wilde,0608,Swietenia mahagoni (L.) Jacq.,0.8951440938574973,0.03917415789724382,0.156298942858346,0.7388451509991513
0006,Acer platanoides L.,0147,Ceiba pentandra (L.) Gaertn.,0.8296257779199123,0.0033010130066980182,0.09053989442752747,0.7390858834923848
0091,Brachystegia Benth.,0238,Dipterocarpus kerrii King,1.1279213775452273,0.38877160503932806,0.047350069644523325,0.7391497725058992
0425,Mezilaurus ita-uba (Meisn.) Taub. ex Mez,0553,Quercus petraea (Matt.) Liebl.,0.8609493440063564,0.12157433758219263,0.1175281560814896,0.7393750064241638
0238,Dipterocarpus kerrii King,0257,Entandrophragma candollei Harms,0.8376765622341503,0.047350069644523325,0.09798805046374451,0.7396885117704058
0081,Betula pendula Roth,0430,Milicia excelsa (Welw.) C.C. Berg,1.0207456448768721,0.0030165117830820874,0.2809459055523187,0.7397997393245535
0007,Acer pseudoplatanus L.,0554,Quercus robur L.,0.7802837204262293,0.01598614417773803,0.040088693572690404,0.7401950268535389
0030,Amburana cearensis (Allemão) A.C.Sm.,0318,Leplaea cedrata (A.Chev.) E.J.M.Koenen & J.J.de Wilde,0.943868309419581,0.20353506212870529,0.03917415789724382,0.7403332472908757
0542,Pycnanthus angolensis (Welw.) Warb.,0613,Tabebuia rosea (Bert.) DC.,1.0477949720177095,0.09358528548867441,0.30741652748711856,0.740378444530591
0367,Juglans nigra L.,0399,Lovoa trichilioides Harms,0.9731574370892255,0.030957996752025003,0.2327105138088832,0.7404469232803423
0030,Amburana cearensis (Allemão) A.C.Sm.,0313,Grevillea robusta A.Cunn. ex R.Br.,0.944174940780302,0.20353506212870529,0.12015375617853329,0.7406398786515966
0294,Fraxinus excelsior L.,0542,Pycnanthus angolensis (Welw.) Warb.,0.8342781816368152,0.057931930658733005,0.09358528548867441,0.7406928961481408
0081,Betula pendula Roth,0541,Pterygota macrocarpa K. Schum.,0.7857213318064586,0.0030165117830820874,0.045009082662750124,0.7407122491437085
0130,Castanea sativa Mill.,0371,Khaya grandifoliola C.DC.,0.8780572914237076,0.13730049844128367,0.13346149799545334,0.7407567929824239
0158,"Chlorocardium rodiei (R.H.Schomb.) Rohwer, H.G.Richt. & van der Werff",0608,Swietenia mahagoni (L.) Jacq.,0.8971000711412312,0.08176555061613976,0.156298942858346,0.7408011282828852
0181,Cotylelobium Pierre,0431,Millettia laurentii De Wild.,0.8913585396884772,0.02876268832314597,0.15046909860762905,0.7408894410808482
0324,Guibourtia pellegriniana J.Léonard,0679,Aningeria Aubrév. & Pellegr.,1.0339873070988683,0.19715961314014666,0.29282501993701454,0.7411622871618537
0354,Intsia bijuga (Colebr.) Kuntze,0461,Ochroma pyramidale (Cav. ex Lam.) Urb.,1.0691022677423678,0.3278225854948488,0.04404888631411533,0.7412796822475191
0550,Quercus mongolica Fisch. ex Ledeb.,0613,Tabebuia rosea (Bert.) DC.,1.048971553066039,0.0295908067557718,0.30741652748711856,0.7415550255789205
0033,Anacardium excelsum (Bertero & Balb. ex Kunth) Skeels,0318,Leplaea cedrata (A.Chev.) E.J.M.Koenen & J.J.de Wilde,0.9029158743876318,0.1612983471755794,0.03917415789724382,0.7416175272120524
0081,Betula pendula Roth,0326,Guibourtia ehie (A. Chev.) J. Léonard,1.0088255690683587,0.0030165117830820874,0.267153359759205,0.7416722093091537
0066,Aucoumea klaineana Pierre,0257,Entandrophragma candollei Harms,0.959439824070495,0.21760219624631696,0.09798805046374451,0.7418376278241781
0207,Dalbergia nigra (Vell.) Allemão ex Benth.,0648,Triplochiton scleroxylon K. Schum.,1.0612297450918184,0.31919241888109307,0.03451537060084674,0.7420373262107254
0147,Ceiba pentandra (L.) Gaertn.,0354,Intsia bijuga (Colebr.) Kuntze,1.0709134810239438,0.09053989442752747,0.3278225854948488,0.743090895529095
0323,Guibourtia demeusei (Harms) J.Léonard,0530,Pterocarpus soyauxii Taub.,0.9668057495578355,0.2237088813376544,0.14757486665108444,0.7430968682201811
0129,Castanea crenata Siebold & Zucc.,0426,Microberlinia brazzavillensis A. Chev.,0.9923379308500779,0.034727594828010425,0.24891986447473777,0.7434180663753401
0030,Amburana cearensis (Allemão) A.C.Sm.,0418,Mansonia altissima (A. Chev.) A. Chev.,0.947027294689154,0.20353506212870529,0.10609990889998436,0.7434922325604487
0080,Betula papyrifera Marshall,0554,Quercus robur L.,0.8959894674143328,0.15225687626821854,0.040088693572690404,0.7437325911461143
0129,Castanea crenata Siebold & Zucc.,0331,Heritiera utilis (Sprague) Sprague,1.0137960943907518,0.034727594828010425,0.2700129923785008,0.743783102012251
0296,Fraxinus ornus L.,0461,Ochroma pyramidale (Cav. ex Lam.) Urb.,0.9001867439149899,0.15609996020530656,0.04404888631411533,0.7440867837096833
0257,Entandrophragma candollei Harms,0295,Fraxinus nigra Marshall,0.8421844037632006,0.09798805046374451,0.04872560265571527,0.7441963532994561
0354,Intsia bijuga (Colebr.) Kuntze,0553,Quercus petraea (Matt.) Liebl.,1.0720987229067407,0.3278225854948488,0.1175281560814896,0.7442761374118919
0396,Lophira alata Banks ex C.F.Gaertn.,0613,Tabebuia rosea (Bert.) DC.,1.0517370049091124,0.08393196411047188,0.30741652748711856,0.7443204774219938
0372,Khaya ivorensis A.Chev.,0550,Quercus mongolica Fisch. ex Ledeb.,0.8728091862801165,0.1284079480176259,0.0295908067557718,0.7444012382624906
0293,Fraxinus americana L.,0301,Gilbertiodendron dewevrei (De Wild.) J.Léonard,0.9148570961373363,0.06673216616943302,0.17033855113561178,0.7445185450017245
0295,Fraxinus nigra Marshall,0354,Intsia bijuga (Colebr.) Kuntze,1.0724777109596886,0.04872560265571527,0.3278225854948488,0.7446551254648398
0554,Quercus robur L.,0613,Tabebuia rosea (Bert.) DC.,1.0521288856463538,0.040088693572690404,0.30741652748711856,0.7447123581592352
0066,Aucoumea klaineana Pierre,0207,Dalbergia nigra (Vell.) Allemão ex Benth.,1.0639364445219688,0.21760219624631696,0.31919241888109307,0.7447440256408757
0035,Anacardium giganteum Hancock ex Engl.,0302,Gilbertiodendron preussii (Harms) J.Léonard,0.9603568605967492,0.09952635975102023,0.21477324086718907,0.7455836197295601
0236,Dipterocarpus C.F.Gaertn.,0550,Quercus mongolica Fisch. ex Ledeb.,0.8129965929317374,0.06735710381385199,0.0295908067557718,0.7456394891178855
0553,Quercus petraea (Matt.) Liebl.,0613,Tabebuia rosea (Bert.) DC.,1.053226489230462,0.1175281560814896,0.30741652748711856,0.7458099617433434
0195,Ctenolophon parvifolius Oliv.,0396,Lophira alata Banks ex C.F.Gaertn.,0.890480315715198,0.1445569890808498,0.08393196411047188,0.7459233266343482
0033,Anacardium excelsum (Bertero & Balb. ex Kunth) Skeels,0607,Swietenia macrophylla King,0.9072367117110265,0.1612983471755794,0.07039605530704054,0.7459383645354472
0297,Fraxinus mandshurica Rupr.,0541,Pterygota macrocarpa K. Schum.,0.9332344840613002,0.18720922831157757,0.045009082662750124,0.7460252557497226
0296,Fraxinus ornus L.,0371,Khaya grandifoliola C.DC.,0.9023133405084498,0.15609996020530656,0.13346149799545334,0.7462133803031432
0296,Fraxinus ornus L.,0554,Quercus robur L.,0.9025408556117507,0.15609996020530656,0.040088693572690404,0.7464408954064441
0479,Peltogyne catingae Ducke,0607,Swietenia macrophylla King,0.8169032732062184,0.034412686077142644,0.07039605530704054,0.7465072178991778
0294,Fraxinus excelsior L.,0426,Microberlinia brazzavillensis A. Chev.,0.9956374862218118,0.057931930658733005,0.24891986447473777,0.746717621747074
0354,Intsia bijuga (Colebr.) Kuntze,0542,Pycnanthus angolensis (Welw.) Warb.,1.074727571693436,0.3278225854948488,0.09358528548867441,0.7469049861985871
0092,Brachystegia cynometroides Harms,0425,Mezilaurus ita-uba (Meisn.) Taub. ex Mez,0.8915293066395387,0.1445998181282847,0.12157433758219263,0.746929488511254
0256,Entandrophragma angolense (Welw.) Panshin,0648,Triplochiton scleroxylon K. Schum.,1.100079787192501,0.35292642353479126,0.03451537060084674,0.7471533636577097
0007,Acer pseudoplatanus L.,0207,Dalbergia nigra (Vell.) Allemão ex Benth.,1.0665728573329742,0.01598614417773803,0.31919241888109307,0.7473804384518812
0129,Castanea crenata Siebold & Zucc.,0399,Lovoa trichilioides Harms,0.9802983739494688,0.034727594828010425,0.2327105138088832,0.7475878601405856
0418,Mansonia altissima (A. Chev.) A. Chev.,0480,Peltogyne mexicana Martínez,0.8724907591001263,0.10609990889998436,0.1247695132163256,0.7477212458838007
0041,Aniba rosodora Ducke,0430,Milicia excelsa (Welw.) C.C. Berg,1.0287235425725318,0.03206859773287161,0.2809459055523187,0.7477776370202132
0130,Castanea sativa Mill.,0541,Pterygota macrocarpa K. Schum.,0.8851255374217188,0.13730049844128367,0.045009082662750124,0.7478250389804352
0425,Mezilaurus ita-uba (Meisn.) Taub. ex Mez,0541,Pterygota macrocarpa K. Schum.,0.8696813135971617,0.12157433758219263,0.045009082662750124,0.7481069760149691
0091,Brachystegia Benth.,0295,Fraxinus nigra Marshall,1.137273286252933,0.38877160503932806,0.04872560265571527,0.7485016812136048
0080,Betula papyrifera Marshall,0302,Gilbertiodendron preussii (Harms) J.Léonard,0.9633601377257169,0.15225687626821854,0.21477324086718907,0.7485868968585279
0035,Anacardium giganteum Hancock ex Engl.,0080,Betula papyrifera Marshall,0.9013793250374076,0.09952635975102023,0.15225687626821854,0.749122448769189
0354,Intsia bijuga (Colebr.) Kuntze,0648,Triplochiton scleroxylon K. Schum.,1.0773376287389054,0.3278225854948488,0.03451537060084674,0.7495150432440566
0257,Entandrophragma candollei Harms,0302,Gilbertiodendron preussii (Harms) J.Léonard,0.964354303060637,0.09798805046374451,0.21477324086718907,0.7495810621934479
0091,Brachystegia Benth.,0236,Dipterocarpus C.F.Gaertn.,1.1383988241043759,0.38877160503932806,0.06735710381385199,0.7496272190650478
0354,Intsia bijuga (Colebr.) Kuntze,0554,Quercus robur L.,1.0777641624385248,0.3278225854948488,0.040088693572690404,0.749941576943676
0236,Dipterocarpus C.F.Gaertn.,0554,Quercus robur L.,0.817574494472598,0.06735710381385199,0.040088693572690404,0.750217390658746
0041,Aniba rosodora Ducke,0323,Guibourtia demeusei (Harms) J.Léonard,0.9740700532478193,0.03206859773287161,0.2237088813376544,0.7503611719101648
0003,Acacia mangium Willd.,0129,Castanea crenata Siebold & Zucc.,1.0002373315703108,0.24987335040256672,0.034727594828010425,0.750363981167744
0301,Gilbertiodendron dewevrei (De Wild.) J.Léonard,0418,Mansonia altissima (A. Chev.) A. Chev.,0.9212366148052382,0.17033855113561178,0.10609990889998436,0.7508980636696264
0293,Fraxinus americana L.,0480,Peltogyne mexicana Martínez,0.8757618330140754,0.06673216616943302,0.1247695132163256,0.7509923197977498
0245,Dryobalanops aromatica C.F.Gaertn.,0258,Entandrophragma cylindricum (Sprague) Sprague,0.9431835088100811,0.1574311550408419,0.1920147510454096,0.7511687577646715
0033,Anacardium excelsum (Bertero & Balb. ex Kunth) Skeels,0354,Intsia bijuga (Colebr.) Kuntze,1.0790493044519351,0.1612983471755794,0.3278225854948488,0.7512267189570864
0006,Acer platanoides L.,0606,Swietenia humilis Zucc.,0.9670244707250399,0.0033010130066980182,0.2157970800606374,0.7512273906644026
0093,Brachystegia laurentii (De Wild.) Louis ex J.Léonard,0541,Pterygota macrocarpa K. Schum.,1.0365573015325027,0.285314769922707,0.045009082662750124,0.7512425316097957
0147,Ceiba pentandra (L.) Gaertn.,0552,Quercus alba L.,0.8418261572529712,0.09053989442752747,0.054910389150189774,0.7512862628254438
0372,Khaya ivorensis A.Chev.,0648,Triplochiton scleroxylon K. Schum.,0.8800371625865913,0.1284079480176259,0.03451537060084674,0.7516292145689654
0092,Brachystegia cynometroides Harms,0530,Pterocarpus soyauxii Taub.,0.8992093230430597,0.1445998181282847,0.14757486665108444,0.7516344563919752
0035,Anacardium giganteum Hancock ex Engl.,0366,Juglans regia L.,0.8512469383318966,0.09952635975102023,0.011555233791711243,0.7517205785808764
0480,Peltogyne mexicana Martínez,0607,Swietenia macrophylla King,0.8766524661913941,0.1247695132163256,0.07039605530704054,0.7518829529750686
0080,Betula papyrifera Marshall,0530,Pterocarpus soyauxii Taub.,0.9042444828472725,0.15225687626821854,0.14757486665108444,0.7519876065790541
0041,Aniba rosodora Ducke,0325,Guibourtia tessmannii (Harms) J.Léonard,0.9526260517779375,0.03206859773287161,0.20053590665995039,0.7520901451179871
0326,Guibourtia ehie (A. Chev.) J. Léonard,0648,Triplochiton scleroxylon K. Schum.,1.0196042455582641,0.267153359759205,0.03451537060084674,0.752450885799059
0301,Gilbertiodendron dewevrei (De Wild.) J.Léonard,0313,Grevillea robusta A.Cunn. ex R.Br.,0.9230554100895105,0.17033855113561178,0.12015375617853329,0.7527168589538987
0553,Quercus petraea (Matt.) Liebl.,0608,Swietenia mahagoni (L.) Jacq.,0.9092232941935467,0.1175281560814896,0.156298942858346,0.7529243513352007
0207,Dalbergia nigra (Vell.) Allemão ex Benth.,0461,Ochroma pyramidale (Cav. ex Lam.) Urb.,1.0721241547623732,0.31919241888109307,0.04404888631411533,0.7529317358812802
0326,Guibourtia ehie (A. Chev.) J. Léonard,0367,Juglans nigra L.,1.0201270582722262,0.267153359759205,0.030957996752025003,0.7529736985130211
0066,Aucoumea klaineana Pierre,0256,Entandrophragma angolense (Welw.) Panshin,1.1065289323324072,0.21760219624631696,0.35292642353479126,0.7536025087976159
0006,Acer platanoides L.,0318,Leplaea cedrata (A.Chev.) E.J.M.Koenen & J.J.de Wilde,0.7928603512011994,0.0033010130066980182,0.03917415789724382,0.7536861933039556
0130,Castanea sativa Mill.,0354,Intsia bijuga (Colebr.) Kuntze,1.0816891401933546,0.13730049844128367,0.3278225854948488,0.7538665546985058
0003,Acacia mangium Willd.,0541,Pterygota macrocarpa K. Schum.,1.0038997696072842,0.24987335040256672,0.045009082662750124,0.7540264192047175
0073,Balfourodendron riedelianum (Engl.) Engl.,0158,"Chlorocardium rodiei (R.H.Schomb.) Rohwer, H.G.Richt. & van der Werff",1.031662862518784,0.27718842224753326,0.08176555061613976,0.7544744402712508
0354,Intsia bijuga (Colebr.) Kuntze,0552,Quercus alba L.,1.0827984857916173,0.3278225854948488,0.054910389150189774,0.7549759002967685
0372,Khaya ivorensis A.Chev.,0479,Peltogyne catingae Ducke,0.8835760537197541,0.1284079480176259,0.034412686077142644,0.7551681057021282
0318,Leplaea cedrata (A.Chev.) E.J.M.Koenen & J.J.de Wilde,0367,Juglans nigra L.,0.7943937912538527,0.03917415789724382,0.030957996752025003,0.7552196333566088
0313,Grevillea robusta A.Cunn. ex R.Br.,0553,Quercus petraea (Matt.) Liebl.,0.8754957655425413,0.12015375617853329,0.1175281560814896,0.755342009364008
0325,Guibourtia tessmannii (Harms) J.Léonard,0425,Mezilaurus ita-uba (Meisn.) Taub. ex Mez,0.9559599434647612,0.20053590665995039,0.12157433758219263,0.7554240368048109
0041,Aniba rosodora Ducke,0553,Quercus petraea (Matt.) Liebl.,0.872979192600167,0.03206859773287161,0.1175281560814896,0.7554510365186774
0147,Ceiba pentandra (L.) Gaertn.,0353,Intsia Thouars,1.1206519803993267,0.09053989442752747,0.36502681521580665,0.75562516518352
0425,Mezilaurus ita-uba (Meisn.) Taub. ex Mez,0554,Quercus robur L.,0.877327038596883,0.12157433758219263,0.040088693572690404,0.7557527010146904
0181,Cotylelobium Pierre,0318,Leplaea cedrata (A.Chev.) E.J.M.Koenen & J.J.de Wilde,0.7949585224267031,0.02876268832314597,0.03917415789724382,0.7557843645294593
0425,Mezilaurus ita-uba (Meisn.) Taub. ex Mez,0478,Peltogyne Vogel,0.8775282147963478,0.12157433758219263,0.11335898594650924,0.7559538772141552
0324,Guibourtia pellegriniana J.Léonard,0371,Khaya grandifoliola C.DC.,0.9531579171376476,0.19715961314014666,0.13346149799545334,0.755998303997501
0006,Acer platanoides L.,0426,Microberlinia brazzavillensis A. Chev.,1.0050027119352527,0.0033010130066980182,0.24891986447473777,0.7560828474605149
0257,Entandrophragma candollei Harms,0425,Mezilaurus ita-uba (Meisn.) Taub. ex Mez,0.8777895431750401,0.09798805046374451,0.12157433758219263,0.7562152055928475
0301,Gilbertiodendron dewevrei (De Wild.) J.Léonard,0318,Leplaea cedrata (A.Chev.) E.J.M.Koenen & J.J.de Wilde,0.9268073387810574,0.17033855113561178,0.03917415789724382,0.7564687876454456
0081,Betula pendula Roth,0542,Pycnanthus angolensis (Welw.) Warb.,0.8501662753714182,0.0030165117830820874,0.09358528548867441,0.7565809898827438
0080,Betula papyrifera Marshall,0431,Millettia laurentii De Wild.,0.9089346770574633,0.15225687626821854,0.15046909860762905,0.7566778007892447
0354,Intsia bijuga (Colebr.) Kuntze,0550,Quercus mongolica Fisch. ex Ledeb.,1.0845277951979,0.3278225854948488,0.0295908067557718,0.7567052097030512
0297,Fraxinus mandshurica Rupr.,0302,Gilbertiodendron preussii (Harms) J.Léonard,0.9715178697856793,0.18720922831157757,0.21477324086718907,0.7567446289184903
0066,Aucoumea klaineana Pierre,0354,Intsia bijuga (Colebr.) Kuntze,1.0846991196441926,0.21760219624631696,0.3278225854948488,0.7568765341493439
0080,Betula papyrifera Marshall,0326,Guibourtia ehie (A. Chev.) J. Léonard,1.0246277271284596,0.15225687626821854,0.267153359759205,0.7574743673692546
0372,Khaya ivorensis A.Chev.,0552,Quercus alba L.,0.8859060218111717,0.1284079480176259,0.054910389150189774,0.7574980737935458
0130,Castanea sativa Mill.,0207,Dalbergia nigra (Vell.) Allemão ex Benth.,1.0768765102492381,0.13730049844128367,0.31919241888109307,0.7576840913681451
0425,Mezilaurus ita-uba (Meisn.) Taub. ex Mez,0550,Quercus mongolica Fisch. ex Ledeb.,0.879518646239333,0.12157433758219263,0.0295908067557718,0.7579443086571404
0375,Koompassia malaccensis Maing.,0425,Mezilaurus ita-uba (Meisn.) Taub. ex Mez,0.8795401316702018,0.08877285430095372,0.12157433758219263,0.7579657940880092
0257,Entandrophragma candollei Harms,0293,Fraxinus americana L.,0.8559825860912438,0.09798805046374451,0.06673216616943302,0.7579945356274993
0295,Fraxinus nigra Marshall,0461,Ochroma pyramidale (Cav. ex Lam.) Urb.,0.806741410622169,0.04872560265571527,0.04404888631411533,0.7580158079664537
0257,Entandrophragma candollei Harms,0325,Guibourtia tessmannii (Harms) J.Léonard,0.9587147017917086,0.09798805046374451,0.20053590665995039,0.7581787951317582
0030,Amburana cearensis (Allemão) A.C.Sm.,0396,Lophira alata Banks ex C.F.Gaertn.,0.9617578722007318,0.20353506212870529,0.08393196411047188,0.7582228100720265
0195,Ctenolophon parvifolius Oliv.,0431,Millettia laurentii De Wild.,0.9086967688764789,0.1445569890808498,0.15046909860762905,0.7582276702688499
0129,Castanea crenata Siebold & Zucc.,0181,Cotylelobium Pierre,0.7930980509824034,0.034727594828010425,0.02876268832314597,0.7583704561543929
0130,Castanea sativa Mill.,0326,Guibourtia ehie (A. Chev.) J. Léonard,1.0256963150772087,0.13730049844128367,0.267153359759205,0.7585429553180036
0092,Brachystegia cynometroides Harms,0293,Fraxinus americana L.,0.9032027402949531,0.1445998181282847,0.06673216616943302,0.7586029221666684
0009,Leptolobium Vogel,0236,Dipterocarpus C.F.Gaertn.,0.9505610830087223,0.1918203410273337,0.06735710381385199,0.7587407419813886
0181,Cotylelobium Pierre,0542,Pycnanthus angolensis (Welw.) Warb.,0.8525666248782415,0.02876268832314597,0.09358528548867441,0.7589813393895671
0092,Brachystegia cynometroides Harms,0257,Entandrophragma candollei Harms,0.9036942731288319,0.1445998181282847,0.09798805046374451,0.7590944550005472
0295,Fraxinus nigra Marshall,0353,Intsia Thouars,1.1242843324129583,0.04872560265571527,0.36502681521580665,0.7592575171971516
0003,Acacia mangium Willd.,0066,Aucoumea klaineana Pierre,1.0091463650390593,0.24987335040256672,0.21760219624631696,0.7592730146364925
0245,Dryobalanops aromatica C.F.Gaertn.,0606,Swietenia humilis Zucc.,0.9751386061446027,0.1574311550408419,0.2157970800606374,0.7593415260839653
0296,Fraxinus ornus L.,0541,Pterygota macrocarpa K. Schum.,0.9154766600052346,0.15609996020530656,0.045009082662750124,0.7593766997999281
0552,Quercus alba L.,0613,Tabebuia rosea (Bert.) DC.,1.0668892386510913,0.054910389150189774,0.30741652748711856,0.7594727111639727
0294,Fraxinus excelsior L.,0480,Peltogyne mexicana Martínez,0.8843018288182417,0.057931930658733005,0.1247695132163256,0.7595323156019161
0080,Betula papyrifera Marshall,0257,Entandrophragma candollei Harms,0.9118325419538127,0.15225687626821854,0.09798805046374451,0.7595756656855941
0093,Brachystegia laurentii (De Wild.) Louis ex J.Léonard,0129,Castanea crenata Siebold & Zucc.,1.045533123781515,0.285314769922707,0.034727594828010425,0.7602183538588081
0295,Fraxinus nigra Marshall,0550,Quercus mongolica Fisch. ex Ledeb.,0.8090009591485966,0.04872560265571527,0.0295908067557718,0.7602753564928814
0367,Juglans nigra L.,0396,Lophira alata Banks ex C.F.Gaertn.,0.8444960748842161,0.030957996752025003,0.08393196411047188,0.7605641107737442
0258,Entandrophragma cylindricum (Sprague) Sprague,0425,Mezilaurus ita-uba (Meisn.) Taub. ex Mez,0.9525929463935778,0.1920147510454096,0.12157433758219263,0.7605781953481683
0238,Dipterocarpus kerrii King,0354,Intsia bijuga (Colebr.) Kuntze,1.0884111629588837,0.047350069644523325,0.3278225854948488,0.760588577464035
0295,Fraxinus nigra Marshall,0554,Quercus robur L.,0.8093690148855976,0.04872560265571527,0.040088693572690404,0.7606434122298824
0297,Fraxinus mandshurica Rupr.,0318,Leplaea cedrata (A.Chev.) E.J.M.Koenen & J.J.de Wilde,0.9479509138087527,0.18720922831157757,0.03917415789724382,0.7607416854971751
0041,Aniba rosodora Ducke,0294,Fraxinus excelsior L.,0.8188612586201583,0.03206859773287161,0.057931930658733005,0.7609293279614253
0256,Entandrophragma angolense (Welw.) Panshin,0367,Juglans nigra L.,1.1138926821205242,0.35292642353479126,0.030957996752025003,0.7609662585857329
0147,Ceiba pentandra (L.) Gaertn.,0607,Swietenia macrophylla King,0.8515144377469803,0.09053989442752747,0.07039605530704054,0.7609745433194528
0258,Entandrophragma cylindricum (Sprague) Sprague,0366,Juglans regia L.,0.9532541700378465,0.1920147510454096,0.011555233791711243,0.761239418992437
0007,Acer pseudoplatanus L.,0296,Fraxinus ornus L.,0.917374643121643,0.01598614417773803,0.15609996020530656,0.7612746829163364
0009,Leptolobium Vogel,0033,Anacardium excelsum (Bertero & Balb. ex Kunth) Skeels,0.9531368338257071,0.1918203410273337,0.1612983471755794,0.7613164927983734
0326,Guibourtia ehie (A. Chev.) J. Léonard,0366,Juglans regia L.,1.0289280156985754,0.267153359759205,0.011555233791711243,0.7617746559393703
0236,Dipterocarpus C.F.Gaertn.,0354,Intsia bijuga (Colebr.) Kuntze,1.0896200483569416,0.06735710381385199,0.3278225854948488,0.7617974628620928
0236,Dipterocarpus C.F.Gaertn.,0353,Intsia Thouars,1.127028374822292,0.06735710381385199,0.36502681521580665,0.7620015596064853
0034,Anacardium L.,0542,Pycnanthus angolensis (Welw.) Warb.,1.0207547417138312,0.25845756017377447,0.09358528548867441,0.7622971815400568
0007,Acer pseudoplatanus L.,0297,Fraxinus mandshurica Rupr.,0.9499828381732148,0.01598614417773803,0.18720922831157757,0.7627736098616372
0366,Juglans regia L.,0430,Milicia excelsa (Welw.) C.C. Berg,1.0437885289339985,0.011555233791711243,0.2809459055523187,0.7628426233816799
0007,Acer pseudoplatanus L.,0181,Cotylelobium Pierre,0.7916744134899887,0.01598614417773803,0.02876268832314597,0.7629117251668427
0080,Betula papyrifera Marshall,0430,Milicia excelsa (Welw.) C.C. Berg,1.043948638931472,0.15225687626821854,0.2809459055523187,0.7630027333791534
0331,Heritiera utilis (Sprague) Sprague,0648,Triplochiton scleroxylon K. Schum.,1.033371879985041,0.2700129923785008,0.03451537060084674,0.7633588876065402
0238,Dipterocarpus kerrii King,0353,Intsia Thouars,1.1286331615000749,0.047350069644523325,0.36502681521580665,0.7636063462842682
0041,Aniba rosodora Ducke,0258,Entandrophragma cylindricum (Sprague) Sprague,0.9558403280072825,0.03206859773287161,0.1920147510454096,0.7638255769618729
0006,Acer platanoides L.,0129,Castanea crenata Siebold & Zucc.,0.7986144648483334,0.0033010130066980182,0.034727594828010425,0.763886870020323
0325,Guibourtia tessmannii (Harms) J.Léonard,0366,Juglans regia L.,0.9646228388648286,0.20053590665995039,0.011555233791711243,0.7640869322048782
0238,Dipterocarpus kerrii King,0550,Quercus mongolica Fisch. ex Ledeb.,0.8116823779925539,0.047350069644523325,0.0295908067557718,0.7643323083480306
0396,Lophira alata Banks ex C.F.Gaertn.,0608,Swietenia mahagoni (L.) Jacq.,0.9208117136237548,0.08393196411047188,0.156298942858346,0.7645127707654088
0003,Acacia mangium Willd.,0648,Triplochiton scleroxylon K. Schum.,1.0144885188223414,0.24987335040256672,0.03451537060084674,0.7646151684197746
0147,Ceiba pentandra (L.) Gaertn.,0461,Ochroma pyramidale (Cav. ex Lam.) Urb.,0.8552823214101287,0.09053989442752747,0.04404888631411533,0.7647424269826013
0007,Acer pseudoplatanus L.,0426,Microberlinia brazzavillensis A. Chev.,1.0137778745846369,0.01598614417773803,0.24891986447473777,0.7648580101098991
0294,Fraxinus excelsior L.,0313,Grevillea robusta A.Cunn. ex R.Br.,0.8851574468807688,0.057931930658733005,0.12015375617853329,0.7650036907022355
0313,Grevillea robusta A.Cunn. ex R.Br.,0550,Quercus mongolica Fisch. ex Ledeb.,0.8852699880514007,0.12015375617853329,0.0295908067557718,0.7651162318728674
0238,Dipterocarpus kerrii King,0461,Ochroma pyramidale (Cav. ex Lam.) Urb.,0.8128828450832355,0.047350069644523325,0.04404888631411533,0.7655327754387121
0372,Khaya ivorensis A.Chev.,0480,Peltogyne mexicana Martínez,0.8939728606212187,0.1284079480176259,0.1247695132163256,0.7655649126035928
0372,Khaya ivorensis A.Chev.,0375,Koompassia malaccensis Maing.,0.8943791372550913,0.1284079480176259,0.08877285430095372,0.7659711892374654
0313,Grevillea robusta A.Cunn. ex R.Br.,0480,Peltogyne mexicana Martínez,0.8908789855131681,0.12015375617853329,0.1247695132163256,0.7661094722968426
0030,Amburana cearensis (Allemão) A.C.Sm.,0530,Pterocarpus soyauxii Taub.,0.9698777468410384,0.20353506212870529,0.14757486665108444,0.7663426847123331
0418,Mansonia altissima (A. Chev.) A. Chev.,0607,Swietenia macrophylla King,0.8727244000011134,0.10609990889998436,0.07039605530704054,0.7666244911011291
0371,Khaya grandifoliola C.DC.,0553,Quercus petraea (Matt.) Liebl.,0.900222968032838,0.13346149799545334,0.1175281560814896,0.7667614700373846
0081,Betula pendula Roth,0318,Leplaea cedrata (A.Chev.) E.J.M.Koenen & J.J.de Wilde,0.8059574909717548,0.0030165117830820874,0.03917415789724382,0.7667833330745111
0297,Fraxinus mandshurica Rupr.,0431,Millettia laurentii De Wild.,0.9540115868471329,0.18720922831157757,0.15046909860762905,0.7668023585355553
0130,Castanea sativa Mill.,0331,Heritiera utilis (Sprague) Sprague,1.0373323499650677,0.13730049844128367,0.2700129923785008,0.7673193575865669
0318,Leplaea cedrata (A.Chev.) E.J.M.Koenen & J.J.de Wilde,0648,Triplochiton scleroxylon K. Schum.,0.8065308140367552,0.03917415789724382,0.03451537060084674,0.7673566561395113
0035,Anacardium giganteum Hancock ex Engl.,0608,Swietenia mahagoni (L.) Jacq.,0.924145121324591,0.09952635975102023,0.156298942858346,0.767846178466245
0003,Acacia mangium Willd.,0367,Juglans nigra L.,1.0180224343609523,0.24987335040256672,0.030957996752025003,0.7681490839583855
0081,Betula pendula Roth,0302,Gilbertiodendron preussii (Harms) J.Léonard,0.9829969226709059,0.0030165117830820874,0.21477324086718907,0.7682236818037168
0238,Dipterocarpus kerrii King,0554,Quercus robur L.,0.8157780806647106,0.047350069644523325,0.040088693572690404,0.7684280110201872
0318,Leplaea cedrata (A.Chev.) E.J.M.Koenen & J.J.de Wilde,0480,Peltogyne mexicana Martínez,0.8933080793548932,0.03917415789724382,0.1247695132163256,0.7685385661385676
0092,Brachystegia cynometroides Harms,0313,Grevillea robusta A.Cunn. ex R.Br.,0.9136066530470706,0.1445998181282847,0.12015375617853329,0.7690068349187859
0426,Microberlinia brazzavillensis A. Chev.,0648,Triplochiton scleroxylon K. Schum.,1.018326161885699,0.24891986447473777,0.03451537060084674,0.7694062974109611
0293,Fraxinus americana L.,0607,Swietenia macrophylla King,0.8400047814010274,0.06673216616943302,0.07039605530704054,0.7696087260939869
0009,Leptolobium Vogel,0238,Dipterocarpus kerrii King,0.961792980770247,0.1918203410273337,0.047350069644523325,0.7699726397429133
0324,Guibourtia pellegriniana J.Léonard,0396,Lophira alata Banks ex C.F.Gaertn.,0.967430906665607,0.19715961314014666,0.08393196411047188,0.7702712935254604
0195,Ctenolophon parvifolius Oliv.,0426,Microberlinia brazzavillensis A. Chev.,1.0192593692151783,0.1445569890808498,0.24891986447473777,0.7703395047404406
0426,Microberlinia brazzavillensis A. Chev.,0461,Ochroma pyramidale (Cav. ex Lam.) Urb.,1.0194271873273548,0.24891986447473777,0.04404888631411533,0.770507322852617
0294,Fraxinus excelsior L.,0366,Juglans regia L.,0.8284474916877815,0.057931930658733005,0.011555233791711243,0.7705155610290485
0066,Aucoumea klaineana Pierre,0331,Heritiera utilis (Sprague) Sprague,1.0407759037727708,0.21760219624631696,0.2700129923785008,0.77076291139427
0114,Cantleya corniculata (Becc.) R.A.Howard,0297,Fraxinus mandshurica Rupr.,1.0209076417001222,0.24998781279531032,0.18720922831157757,0.7709198289048118
0313,Grevillea robusta A.Cunn. ex R.Br.,0323,Guibourtia demeusei (Harms) J.Léonard,0.9946348118767308,0.12015375617853329,0.2237088813376544,0.7709259305390763
0296,Fraxinus ornus L.,0302,Gilbertiodendron preussii (Harms) J.Léonard,0.9857899043765022,0.15609996020530656,0.21477324086718907,0.7710166635093131
0006,Acer platanoides L.,0207,Dalbergia nigra (Vell.) Allemão ex Benth.,1.0902129256784086,0.0033010130066980182,0.31919241888109307,0.7710205067973155
0294,Fraxinus excelsior L.,0425,Mezilaurus ita-uba (Meisn.) Taub. ex Mez,0.8926120543915077,0.057931930658733005,0.12157433758219263,0.7710377168093151
0158,"Chlorocardium rodiei (R.H.Schomb.) Rohwer, H.G.Richt. & van der Werff",0418,Mansonia altissima (A. Chev.) A. Chev.,0.8771774114271584,0.08176555061613976,0.10609990889998436,0.7710775025271741
0003,Acacia mangium Willd.,0461,Ochroma pyramidale (Cav. ex Lam.) Urb.,1.021154679951884,0.24987335040256672,0.04404888631411533,0.7712813295493173
0269,Erythrophleum ivorense A. Chev,0396,Lophira alata Banks ex C.F.Gaertn.,0.9549740157732287,0.18362962432208574,0.08393196411047188,0.771344391451143
0296,Fraxinus ornus L.,0552,Quercus alba L.,0.9275510475814787,0.15609996020530656,0.054910389150189774,0.7714510873761721
0092,Brachystegia cynometroides Harms,0418,Mansonia altissima (A. Chev.) A. Chev.,0.9161318906513345,0.1445998181282847,0.10609990889998436,0.7715320725230498
0007,Acer pseudoplatanus L.,0093,Brachystegia laurentii (De Wild.) Louis ex J.Léonard,1.0569268170807575,0.01598614417773803,0.285314769922707,0.7716120471580505
0007,Acer pseudoplatanus L.,0430,Milicia excelsa (Welw.) C.C. Berg,1.0525624906245166,0.01598614417773803,0.2809459055523187,0.7716165850721979
0244,Dryobalanops C.F.Gaertn.,0313,Grevillea robusta A.Cunn. ex R.Br.,0.8918707398450014,0.07236117632383164,0.12015375617853329,0.7717169836664681
0313,Grevillea robusta A.Cunn. ex R.Br.,0554,Quercus robur L.,0.8919462796903841,0.12015375617853329,0.040088693572690404,0.7717925235118508
0006,Acer platanoides L.,0245,Dryobalanops aromatica C.F.Gaertn.,0.9295456330150068,0.0033010130066980182,0.1574311550408419,0.7721144779741649
0257,Entandrophragma candollei Harms,0323,Guibourtia demeusei (Harms) J.Léonard,0.9959469893107641,0.09798805046374451,0.2237088813376544,0.7722381079731097
0092,Brachystegia cynometroides Harms,0372,Khaya ivorensis A.Chev.,0.9171296707060951,0.1445998181282847,0.1284079480176259,0.7725298525778104
0325,Guibourtia tessmannii (Harms) J.Léonard,0371,Khaya grandifoliola C.DC.,0.973429813627829,0.20053590665995039,0.13346149799545334,0.7728939069678786
0553,Quercus petraea (Matt.) Liebl.,0607,Swietenia macrophylla King,0.8908152496303179,0.1175281560814896,0.07039605530704054,0.7732870935488283
0041,Aniba rosodora Ducke,0301,Gilbertiodendron dewevrei (De Wild.) J.Léonard,0.9440934733732864,0.03206859773287161,0.17033855113561178,0.7737549222376746
0294,Fraxinus excelsior L.,0553,Quercus petraea (Matt.) Liebl.,0.8916518009919969,0.057931930658733005,0.1175281560814896,0.7741236449105073
0009,Leptolobium Vogel,0130,Castanea sativa Mill.,0.9664147299875941,0.1918203410273337,0.13730049844128367,0.7745943889602604
0331,Heritiera utilis (Sprague) Sprague,0367,Juglans nigra L.,1.0449768103478043,0.2700129923785008,0.030957996752025003,0.7749638179693035
0066,Aucoumea klaineana Pierre,0426,Microberlinia brazzavillensis A. Chev.,1.0240713837637714,0.21760219624631696,0.24891986447473777,0.7751515192890336
0367,Juglans nigra L.,0606,Swietenia humilis Zucc.,0.9910216739870434,0.030957996752025003,0.2157970800606374,0.7752245939264061
0092,Brachystegia cynometroides Harms,0318,Leplaea cedrata (A.Chev.) E.J.M.Koenen & J.J.de Wilde,0.9205335442566493,0.1445998181282847,0.03917415789724382,0.7759337261283646
0009,Leptolobium Vogel,0294,Fraxinus excelsior L.,0.9677766275245367,0.1918203410273337,0.057931930658733005,0.775956286497203
0269,Erythrophleum ivorense A. Chev,0318,Leplaea cedrata (A.Chev.) E.J.M.Koenen & J.J.de Wilde,0.9596337719156416,0.18362962432208574,0.03917415789724382,0.7760041475935558
0007,Acer pseudoplatanus L.,0195,Ctenolophon parvifolius Oliv.,0.9209078181752637,0.01598614417773803,0.1445569890808498,0.7763508290944139
0034,Anacardium L.,0396,Lophira alata Banks ex C.F.Gaertn.,1.0349587718126187,0.25845756017377447,0.08393196411047188,0.7765012116388443
0297,Fraxinus mandshurica Rupr.,0480,Peltogyne mexicana Martínez,0.9641028556786078,0.18720922831157757,0.1247695132163256,0.7768936273670302
0541,Pterygota macrocarpa K. Schum.,0542,Pycnanthus angolensis (Welw.) Warb.,0.8706265634706979,0.045009082662750124,0.09358528548867441,0.7770412779820235
0066,Aucoumea klaineana Pierre,0399,Lovoa trichilioides Harms,1.00987288316851,0.21760219624631696,0.2327105138088832,0.7771623693596268
0129,Castanea crenata Siebold & Zucc.,0606,Swietenia humilis Zucc.,0.9930059841633929,0.034727594828010425,0.2157970800606374,0.7772089041027556
0181,Cotylelobium Pierre,0245,Dryobalanops aromatica C.F.Gaertn.,0.9346443595309788,0.02876268832314597,0.1574311550408419,0.7772132044901369
0035,Anacardium giganteum Hancock ex Engl.,0073,Balfourodendron riedelianum (Engl.) Engl.,1.0544505187409274,0.09952635975102023,0.27718842224753326,0.7772620964933942
0293,Fraxinus americana L.,0431,Millettia laurentii De Wild.,0.9278315351065998,0.06673216616943302,0.15046909860762905,0.7773624364989707
0003,Acacia mangium Willd.,0007,Acer pseudoplatanus L.,1.0273739103175645,0.24987335040256672,0.01598614417773803,0.7775005599149978
0245,Dryobalanops aromatica C.F.Gaertn.,0331,Heritiera utilis (Sprague) Sprague,1.047815155281046,0.1574311550408419,0.2700129923785008,0.7778021629025451
0236,Dipterocarpus C.F.Gaertn.,0541,Pterygota macrocarpa K. Schum.,0.84553747071759,0.06735710381385199,0.045009082662750124,0.778180366903738
0313,Grevillea robusta A.Cunn. ex R.Br.,0607,Swietenia macrophylla King,0.8983825407043169,0.12015375617853329,0.07039605530704054,0.7782287845257836
0034,Anacardium L.,0550,Quercus mongolica Fisch. ex Ledeb.,1.0366997346553746,0.25845756017377447,0.0295908067557718,0.7782421744816002
0238,Dipterocarpus kerrii King,0607,Swietenia macrophylla King,0.84878157200215,0.047350069644523325,0.07039605530704054,0.7783855166951095
0425,Mezilaurus ita-uba (Meisn.) Taub. ex Mez,0552,Quercus alba L.,0.9000964230326783,0.12157433758219263,0.054910389150189774,0.7785220854504857
0269,Erythrophleum ivorense A. Chev,0425,Mezilaurus ita-uba (Meisn.) Taub. ex Mez,0.9623704154571084,0.18362962432208574,0.12157433758219263,0.7787407911350227
0081,Betula pendula Roth,0293,Fraxinus americana L.,0.8455241911369559,0.0030165117830820874,0.06673216616943302,0.7787920249675229
0081,Betula pendula Roth,0530,Pterocarpus soyauxii Taub.,0.9267079946953886,0.0030165117830820874,0.14757486665108444,0.7791331280443041
0080,Betula papyrifera Marshall,0258,Entandrophragma cylindricum (Sprague) Sprague,0.9717629502668925,0.15225687626821854,0.1920147510454096,0.779748199221483
0418,Mansonia altissima (A. Chev.) A. Chev.,0553,Quercus petraea (Matt.) Liebl.,0.8973415494878689,0.10609990889998436,0.1175281560814896,0.7798133934063793
0006,Acer platanoides L.,0093,Brachystegia laurentii (De Wild.) Louis ex J.Léonard,1.065218825033738,0.0033010130066980182,0.285314769922707,0.779904055111031
0081,Betula pendula Roth,0325,Guibourtia tessmannii (Harms) J.Léonard,0.9804468572449252,0.0030165117830820874,0.20053590665995039,0.7799109505849748
0326,Guibourtia ehie (A. Chev.) J. Léonard,0541,Pterygota macrocarpa K. Schum.,1.047372657055857,0.267153359759205,0.045009082662750124,0.780219297296652
0257,Entandrophragma candollei Harms,0366,Juglans regia L.,0.8783342109296304,0.09798805046374451,0.011555233791711243,0.7803461604658859
0130,Castanea sativa Mill.,0530,Pterocarpus soyauxii Taub.,0.9282426847154419,0.13730049844128367,0.14757486665108444,0.7806678180643575
0035,Anacardium giganteum Hancock ex Engl.,0325,Guibourtia tessmannii (Harms) J.Léonard,0.9812299979072727,0.09952635975102023,0.20053590665995039,0.7806940912473224
0318,Leplaea cedrata (A.Chev.) E.J.M.Koenen & J.J.de Wilde,0325,Guibourtia tessmannii (Harms) J.Léonard,0.9812848689204944,0.03917415789724382,0.20053590665995039,0.780748962260544
0147,Ceiba pentandra (L.) Gaertn.,0269,Erythrophleum ivorense A. Chev,0.9647438997404864,0.09053989442752747,0.18362962432208574,0.7811142754184006
0296,Fraxinus ornus L.,0431,Millettia laurentii De Wild.,0.9373100193881834,0.15609996020530656,0.15046909860762905,0.7812100591828768
0367,Juglans nigra L.,0426,Microberlinia brazzavillensis A. Chev.,1.0303666835228438,0.030957996752025003,0.24891986447473777,0.781446819048106
0552,Quercus alba L.,0607,Swietenia macrophylla King,0.8518926215454179,0.054910389150189774,0.07039605530704054,0.7814965662383774
0080,Betula papyrifera Marshall,0325,Guibourtia tessmannii (Harms) J.Léonard,0.982338098331242,0.15225687626821854,0.20053590665995039,0.7818021916712916
0030,Amburana cearensis (Allemão) A.C.Sm.,0041,Aniba rosodora Ducke,0.9853455732803429,0.20353506212870529,0.03206859773287161,0.7818105111516376
0426,Microberlinia brazzavillensis A. Chev.,0550,Quercus mongolica Fisch. ex Ledeb.,1.030732698544185,0.24891986447473777,0.0295908067557718,0.7818128340694471
0313,Grevillea robusta A.Cunn. ex R.Br.,0375,Koompassia malaccensis Maing.,0.9022352568055241,0.12015375617853329,0.08877285430095372,0.7820815006269908
0425,Mezilaurus ita-uba (Meisn.) Taub. ex Mez,0608,Swietenia mahagoni (L.) Jacq.,0.9386412963510777,0.12157433758219263,0.156298942858346,0.7823423534927317
0399,Lovoa trichilioides Harms,0553,Quercus petraea (Matt.) Liebl.,1.0152013364639563,0.2327105138088832,0.1175281560814896,0.7824908226550731
0236,Dipterocarpus C.F.Gaertn.,0552,Quercus alba L.,0.8500654507799985,0.06735710381385199,0.054910389150189774,0.7827083469661466
0035,Anacardium giganteum Hancock ex Engl.,0313,Grevillea robusta A.Cunn. ex R.Br.,0.903059347414026,0.09952635975102023,0.12015375617853329,0.7829055912354927
0375,Koompassia malaccensis Maing.,0418,Mansonia altissima (A. Chev.) A. Chev.,0.8891323853886445,0.08877285430095372,0.10609990889998436,0.7830324764886601
0396,Lophira alata Banks ex C.F.Gaertn.,0461,Ochroma pyramidale (Cav. ex Lam.) Urb.,0.8670871647081337,0.08393196411047188,0.04404888631411533,0.7831552005976619
0081,Betula pendula Roth,0258,Entandrophragma cylindricum (Sprague) Sprague,0.9754394026592274,0.0030165117830820874,0.1920147510454096,0.7834246516138177
0007,Acer pseudoplatanus L.,0425,Mezilaurus ita-uba (Meisn.) Taub. ex Mez,0.905176431654825,0.01598614417773803,0.12157433758219263,0.7836020940726324
0244,Dryobalanops C.F.Gaertn.,0366,Juglans regia L.,0.8559943820968166,0.07236117632383164,0.011555233791711243,0.7836332057729849
0318,Leplaea cedrata (A.Chev.) E.J.M.Koenen & J.J.de Wilde,0324,Guibourtia pellegriniana J.Léonard,0.9808268536172441,0.03917415789724382,0.19715961314014666,0.7836672404770975
0130,Castanea sativa Mill.,0426,Microberlinia brazzavillensis A. Chev.,1.032606501250249,0.13730049844128367,0.24891986447473777,0.7836866367755112
0324,Guibourtia pellegriniana J.Léonard,0425,Mezilaurus ita-uba (Meisn.) Taub. ex Mez,0.9808468804568815,0.19715961314014666,0.12157433758219263,0.7836872673167349
0041,Aniba rosodora Ducke,0257,Entandrophragma candollei Harms,0.8817572280338928,0.03206859773287161,0.09798805046374451,0.7837691775701483
0418,Mansonia altissima (A. Chev.) A. Chev.,0478,Peltogyne Vogel,0.8975098829657084,0.10609990889998436,0.11335898594650924,0.7841508970191992
0294,Fraxinus excelsior L.,0418,Mansonia altissima (A. Chev.) A. Chev.,0.8903386489230785,0.057931930658733005,0.10609990889998436,0.7842387400230941
0195,Ctenolophon parvifolius Oliv.,0269,Erythrophleum ivorense A. Chev,0.9679527600833444,0.1445569890808498,0.18362962432208574,0.7843231357612587
0035,Anacardium giganteum Hancock ex Engl.,0041,Aniba rosodora Ducke,0.8839295717816193,0.09952635975102023,0.03206859773287161,0.7844032120305992
0066,Aucoumea klaineana Pierre,0606,Swietenia humilis Zucc.,1.0020598926078956,0.21760219624631696,0.2157970800606374,0.7844576963615787
0431,Millettia laurentii De Wild.,0479,Peltogyne catingae Ducke,0.9349535773267887,0.15046909860762905,0.034412686077142644,0.7844844787191597
0080,Betula papyrifera Marshall,0552,Quercus alba L.,0.9374407245498201,0.15225687626821854,0.054910389150189774,0.7851838482816016
0093,Brachystegia laurentii (De Wild.) Louis ex J.Léonard,0147,Ceiba pentandra (L.) Gaertn.,1.0705087570812186,0.285314769922707,0.09053989442752747,0.7851939871585116
0035,Anacardium giganteum Hancock ex Engl.,0554,Quercus robur L.,0.8851202882874889,0.09952635975102023,0.040088693572690404,0.7855939285364687
0325,Guibourtia tessmannii (Harms) J.Léonard,0396,Lophira alata Banks ex C.F.Gaertn.,0.9863912415129428,0.20053590665995039,0.08393196411047188,0.7858553348529924
0147,Ceiba pentandra (L.) Gaertn.,0541,Pterygota macrocarpa K. Schum.,0.8765496033644855,0.09053989442752747,0.045009082662750124,0.786009708936958
0399,Lovoa trichilioides Harms,0648,Triplochiton scleroxylon K. Schum.,1.018922951079806,0.2327105138088832,0.03451537060084674,0.7862124372709227
0550,Quercus mongolica Fisch. ex Ledeb.,0607,Swietenia macrophylla King,0.856768460614398,0.0295908067557718,0.07039605530704054,0.7863724053073575
0371,Khaya grandifoliola C.DC.,0554,Quercus robur L.,0.9203714294498063,0.13346149799545334,0.040088693572690404,0.786909931454353
0426,Microberlinia brazzavillensis A. Chev.,0553,Quercus petraea (Matt.) Liebl.,1.0359869301956781,0.24891986447473777,0.1175281560814896,0.7870670657209403
0129,Castanea crenata Siebold & Zucc.,0372,Khaya ivorensis A.Chev.,0.9159700483313636,0.034727594828010425,0.1284079480176259,0.7875621003137377
0372,Khaya ivorensis A.Chev.,0478,Peltogyne Vogel,0.9161409113437984,0.1284079480176259,0.11335898594650924,0.7877329633261725
0035,Anacardium giganteum Hancock ex Engl.,0324,Guibourtia pellegriniana J.Léonard,0.9851591364410599,0.09952635975102023,0.19715961314014666,0.7879995233009133
0034,Anacardium L.,0554,Quercus robur L.,1.0464980011627953,0.25845756017377447,0.040088693572690404,0.7880404409890209
0092,Brachystegia cynometroides Harms,0396,Lophira alata Banks ex C.F.Gaertn.,0.9327069277147146,0.1445998181282847,0.08393196411047188,0.7881071095864299
0034,Anacardium L.,0553,Quercus petraea (Matt.) Liebl.,1.046569541699402,0.25845756017377447,0.1175281560814896,0.7881119815256277
0302,Gilbertiodendron preussii (Harms) J.Léonard,0541,Pterygota macrocarpa K. Schum.,1.0028912197946553,0.21477324086718907,0.045009082662750124,0.7881179789274663
0301,Gilbertiodendron dewevrei (De Wild.) J.Léonard,0396,Lophira alata Banks ex C.F.Gaertn.,0.9584848360942037,0.17033855113561178,0.08393196411047188,0.7881462849585918
0007,Acer pseudoplatanus L.,0130,Castanea sativa Mill.,0.9254647947819776,0.01598614417773803,0.13730049844128367,0.788164296340694
0181,Cotylelobium Pierre,0269,Erythrophleum ivorense A. Chev,0.97197924701136,0.02876268832314597,0.18362962432208574,0.7883496226892742
0041,Aniba rosodora Ducke,0244,Dryobalanops C.F.Gaertn.,0.8610175886731999,0.03206859773287161,0.07236117632383164,0.7886564123493682
0181,Cotylelobium Pierre,0426,Microberlinia brazzavillensis A. Chev.,1.0377991521652439,0.02876268832314597,0.24891986447473777,0.7888792876905061
0318,Leplaea cedrata (A.Chev.) E.J.M.Koenen & J.J.de Wilde,0461,Ochroma pyramidale (Cav. ex Lam.) Urb.,0.8333855125036124,0.03917415789724382,0.04404888631411533,0.7893366261894971
0301,Gilbertiodendron dewevrei (De Wild.) J.Léonard,0530,Pterocarpus soyauxii Taub.,0.9599674247660189,0.17033855113561178,0.14757486665108444,0.7896288736304071
0245,Dryobalanops aromatica C.F.Gaertn.,0372,Khaya ivorensis A.Chev.,0.9471102787141115,0.1574311550408419,0.1284079480176259,0.7896791236732695
0081,Betula pendula Roth,0431,Millettia laurentii De Wild.,0.9401572373103468,0.0030165117830820874,0.15046909860762905,0.7896881387027178
0035,Anacardium giganteum Hancock ex Engl.,0431,Millettia laurentii De Wild.,0.9402125955606414,0.09952635975102023,0.15046909860762905,0.7897434969530124
0541,Pterygota macrocarpa K. Schum.,0606,Swietenia humilis Zucc.,1.0055629080872086,0.045009082662750124,0.2157970800606374,0.7897658280265712
0297,Fraxinus mandshurica Rupr.,0479,Peltogyne catingae Ducke,0.9771552239176695,0.18720922831157757,0.034412686077142644,0.7899459956060919
0293,Fraxinus americana L.,0324,Guibourtia pellegriniana J.Léonard,0.9871537024702394,0.06673216616943302,0.19715961314014666,0.7899940893300927
0606,Swietenia humilis Zucc.,0648,Triplochiton scleroxylon K. Schum.,1.0058485476517456,0.2157970800606374,0.03451537060084674,0.7900514675911082
0426,Microberlinia brazzavillensis A. Chev.,0554,Quercus robur L.,1.0390501955256917,0.24891986447473777,0.040088693572690404,0.7901303310509539
0081,Betula pendula Roth,0553,Quercus petraea (Matt.) Liebl.,0.9081027701185526,0.0030165117830820874,0.1175281560814896,0.790574614037063
0007,Acer pseudoplatanus L.,0606,Swietenia humilis Zucc.,1.006789061622321,0.01598614417773803,0.2157970800606374,0.7909919815616836
0035,Anacardium giganteum Hancock ex Engl.,0552,Quercus alba L.,0.8907554531140658,0.09952635975102023,0.054910389150189774,0.7912290933630456
0318,Leplaea cedrata (A.Chev.) E.J.M.Koenen & J.J.de Wilde,0478,Peltogyne Vogel,0.9046105733201215,0.03917415789724382,0.11335898594650924,0.7912515873736122
0114,Cantleya corniculata (Becc.) R.A.Howard,0258,Entandrophragma cylindricum (Sprague) Sprague,1.0413556191735338,0.24998781279531032,0.1920147510454096,0.7913678063782235
0238,Dipterocarpus kerrii King,0552,Quercus alba L.,0.8463717960057426,0.047350069644523325,0.054910389150189774,0.7914614068555529
0129,Castanea crenata Siebold & Zucc.,0461,Ochroma pyramidale (Cav. ex Lam.) Urb.,0.835587883061113,0.034727594828010425,0.04404888631411533,0.7915389967469977
0035,Anacardium giganteum Hancock ex Engl.,0257,Entandrophragma candollei Harms,0.8912637344496344,0.09952635975102023,0.09798805046374451,0.7917373746986142
0245,Dryobalanops aromatica C.F.Gaertn.,0431,Millettia laurentii De Wild.,0.9495572839955237,0.1574311550408419,0.15046909860762905,0.7921261289546818
0418,Mansonia altissima (A. Chev.) A. Chev.,0550,Quercus mongolica Fisch. ex Ledeb.,0.8984689123094153,0.10609990889998436,0.0295908067557718,0.792369003409431
0130,Castanea sativa Mill.,0318,Leplaea cedrata (A.Chev.) E.J.M.Koenen & J.J.de Wilde,0.9299135289735435,0.13730049844128367,0.03917415789724382,0.7926130305322598
0295,Fraxinus nigra Marshall,0552,Quercus alba L.,0.8475571018648067,0.04872560265571527,0.054910389150189774,0.792646712714617
0296,Fraxinus ornus L.,0318,Leplaea cedrata (A.Chev.) E.J.M.Koenen & J.J.de Wilde,0.9489221960476376,0.15609996020530656,0.03917415789724382,0.792822235842331
0093,Brachystegia laurentii (De Wild.) Louis ex J.Léonard,0130,Castanea sativa Mill.,1.0782800691921697,0.285314769922707,0.13730049844128367,0.7929652992694627
0297,Fraxinus mandshurica Rupr.,0478,Peltogyne Vogel,0.9803360608134893,0.18720922831157757,0.11335898594650924,0.7931268325019117
0030,Amburana cearensis (Allemão) A.C.Sm.,0366,Juglans regia L.,0.9968523932730006,0.20353506212870529,0.011555233791711243,0.7933173311442953
0396,Lophira alata Banks ex C.F.Gaertn.,0648,Triplochiton scleroxylon K. Schum.,0.8773150777496351,0.08393196411047188,0.03451537060084674,0.7933831136391633
0297,Fraxinus mandshurica Rupr.,0375,Koompassia malaccensis Maing.,0.9807925173299203,0.18720922831157757,0.08877285430095372,0.7935832890183427
0396,Lophira alata Banks ex C.F.Gaertn.,0480,Peltogyne mexicana Martínez,0.9186259789110289,0.08393196411047188,0.1247695132163256,0.7938564656947034
0418,Mansonia altissima (A. Chev.) A. Chev.,0430,Milicia excelsa (Welw.) C.C. Berg,1.0749312454800952,0.10609990889998436,0.2809459055523187,0.7939853399277765
0372,Khaya ivorensis A.Chev.,0530,Pterocarpus soyauxii Taub.,0.9416664627999978,0.1284079480176259,0.14757486665108444,0.7940915961489133
0092,Brachystegia cynometroides Harms,0297,Fraxinus mandshurica Rupr.,0.9814134313199222,0.1445998181282847,0.18720922831157757,0.7942042030083446
0093,Brachystegia laurentii (De Wild.) Louis ex J.Léonard,0550,Quercus mongolica Fisch. ex Ledeb.,1.0800212325338696,0.285314769922707,0.0295908067557718,0.7947064626111626
0236,Dipterocarpus C.F.Gaertn.,0607,Swietenia macrophylla King,0.8652743121541782,0.06735710381385199,0.07039605530704054,0.7948782568471376
0041,Aniba rosodora Ducke,0608,Swietenia mahagoni (L.) Jacq.,0.9512120917127764,0.03206859773287161,0.156298942858346,0.7949131488544304
0313,Grevillea robusta A.Cunn. ex R.Br.,0430,Milicia excelsa (Welw.) C.C. Berg,1.0761997063034046,0.12015375617853329,0.2809459055523187,0.7952538007510859
0006,Acer platanoides L.,0530,Pterocarpus soyauxii Taub.,0.9429509178890854,0.0033010130066980182,0.14757486665108444,0.7953760512380009
0033,Anacardium excelsum (Bertero & Balb. ex Kunth) Skeels,0093,Brachystegia laurentii (De Wild.) Louis ex J.Léonard,1.080891909293142,0.1612983471755794,0.285314769922707,0.795577139370435
0093,Brachystegia laurentii (De Wild.) Louis ex J.Léonard,0461,Ochroma pyramidale (Cav. ex Lam.) Urb.,1.0811281687396381,0.285314769922707,0.04404888631411533,0.7958133988169311
0431,Millettia laurentii De Wild.,0461,Ochroma pyramidale (Cav. ex Lam.) Urb.,0.9462845423443509,0.15046909860762905,0.04404888631411533,0.7958154437367219
0006,Acer platanoides L.,0430,Milicia excelsa (Welw.) C.C. Berg,1.0769346471097845,0.0033010130066980182,0.2809459055523187,0.7959887415574658
0293,Fraxinus americana L.,0478,Peltogyne Vogel,0.9098795854722252,0.06673216616943302,0.11335898594650924,0.796520599525716
0367,Juglans nigra L.,0431,Millettia laurentii De Wild.,0.947322544341121,0.030957996752025003,0.15046909860762905,0.7968534457334919
0081,Betula pendula Roth,0323,Guibourtia demeusei (Harms) J.Léonard,1.020867099469617,0.0030165117830820874,0.2237088813376544,0.7971582181319625
0418,Mansonia altissima (A. Chev.) A. Chev.,0554,Quercus robur L.,0.9035551751747476,0.10609990889998436,0.040088693572690404,0.7974552662747633
0093,Brachystegia laurentii (De Wild.) Louis ex J.Léonard,0553,Quercus petraea (Matt.) Liebl.,1.0828097209178467,0.285314769922707,0.1175281560814896,0.7974949509951397
0375,Koompassia malaccensis Maing.,0396,Lophira alata Banks ex C.F.Gaertn.,0.8862884093849339,0.08877285430095372,0.08393196411047188,0.7975155550839802
0041,Aniba rosodora Ducke,0480,Peltogyne mexicana Martínez,0.9227902635213914,0.03206859773287161,0.1247695132163256,0.7980207503050658
0426,Microberlinia brazzavillensis A. Chev.,0542,Pycnanthus angolensis (Welw.) Warb.,1.0469580388257105,0.24891986447473777,0.09358528548867441,0.7980381743509727
0147,Ceiba pentandra (L.) Gaertn.,0326,Guibourtia ehie (A. Chev.) J. Léonard,1.0653355867416983,0.09053989442752747,0.267153359759205,0.7981822269824932
0035,Anacardium giganteum Hancock ex Engl.,0550,Quercus mongolica Fisch. ex Ledeb.,0.8977757275501835,0.09952635975102023,0.0295908067557718,0.7982493677991633
0034,Anacardium L.,0552,Quercus alba L.,1.0572811577507895,0.25845756017377447,0.054910389150189774,0.798823597577015
0430,Milicia excelsa (Welw.) C.C. Berg,0461,Ochroma pyramidale (Cav. ex Lam.) Urb.,1.0799856083709252,0.2809459055523187,0.04404888631411533,0.7990397028186065
0530,Pterocarpus soyauxii Taub.,0648,Triplochiton scleroxylon K. Schum.,0.94692689396029,0.14757486665108444,0.03451537060084674,0.7993520273092055
0399,Lovoa trichilioides Harms,0542,Pycnanthus angolensis (Welw.) Warb.,1.0322983757661213,0.2327105138088832,0.09358528548867441,0.7995878619572381
0301,Gilbertiodendron dewevrei (De Wild.) J.Léonard,0372,Khaya ivorensis A.Chev.,0.9699291717483526,0.17033855113561178,0.1284079480176259,0.7995906206127408
0375,Koompassia malaccensis Maing.,0608,Swietenia mahagoni (L.) Jacq.,0.955983589952767,0.08877285430095372,0.156298942858346,0.799684647094421
0295,Fraxinus nigra Marshall,0607,Swietenia macrophylla King,0.8701241142333983,0.04872560265571527,0.07039605530704054,0.7997280589263578
0006,Acer platanoides L.,0399,Lovoa trichilioides Harms,1.0324631410464655,0.0033010130066980182,0.2327105138088832,0.7997526272375823
0244,Dryobalanops C.F.Gaertn.,0418,Mansonia altissima (A. Chev.) A. Chev.,0.9061679491677768,0.07236117632383164,0.10609990889998436,0.8000680402677924
0294,Fraxinus excelsior L.,0479,Peltogyne catingae Ducke,0.8580304995391824,0.057931930658733005,0.034412686077142644,0.8000985688804494
0480,Peltogyne mexicana Martínez,0530,Pterocarpus soyauxii Taub.,0.9476766723203409,0.1247695132163256,0.14757486665108444,0.8001018056692565
0238,Dipterocarpus kerrii King,0541,Pterygota macrocarpa K. Schum.,0.8475992582886503,0.047350069644523325,0.045009082662750124,0.800249188644127
0093,Brachystegia laurentii (De Wild.) Louis ex J.Léonard,0554,Quercus robur L.,1.085708592342434,0.285314769922707,0.040088693572690404,0.8003938224197271
0554,Quercus robur L.,0607,Swietenia macrophylla King,0.8709661703998639,0.040088693572690404,0.07039605530704054,0.8005701150928234
0426,Microberlinia brazzavillensis A. Chev.,0552,Quercus alba L.,1.0495031021719832,0.24891986447473777,0.054910389150189774,0.8005832376972454
0114,Cantleya corniculata (Becc.) R.A.Howard,0294,Fraxinus excelsior L.,1.0505955067773483,0.24998781279531032,0.057931930658733005,0.8006076939820379
0431,Millettia laurentii De Wild.,0648,Triplochiton scleroxylon K. Schum.,0.951116340879435,0.15046909860762905,0.03451537060084674,0.800647242271806
0313,Grevillea robusta A.Cunn. ex R.Br.,0478,Peltogyne Vogel,0.9210062350237886,0.12015375617853329,0.11335898594650924,0.8008524788452553
0399,Lovoa trichilioides Harms,0554,Quercus robur L.,1.0337581020866102,0.2327105138088832,0.040088693572690404,0.801047588277727
0301,Gilbertiodendron dewevrei (De Wild.) J.Léonard,0366,Juglans regia L.,0.9714295635435439,0.17033855113561178,0.011555233791711243,0.8010910124079321
0461,Ochroma pyramidale (Cav. ex Lam.) Urb.,0530,Pterocarpus soyauxii Taub.,0.9489362633226086,0.04404888631411533,0.14757486665108444,0.8013613966715242
0323,Guibourtia demeusei (Harms) J.Léonard,0366,Juglans regia L.,1.025118641711305,0.2237088813376544,0.011555233791711243,0.8014097603736505
0296,Fraxinus ornus L.,0480,Peltogyne mexicana Martínez,0.9577485578314577,0.15609996020530656,0.1247695132163256,0.8016485976261511
0366,Juglans regia L.,0608,Swietenia mahagoni (L.) Jacq.,0.9579535537456545,0.011555233791711243,0.156298942858346,0.8016546108873085
0006,Acer platanoides L.,0431,Millettia laurentii De Wild.,0.9521728088631454,0.0033010130066980182,0.15046909860762905,0.8017037102555163
0371,Khaya grandifoliola C.DC.,0550,Quercus mongolica Fisch. ex Ledeb.,0.9356998728749224,0.13346149799545334,0.0295908067557718,0.802238374879469
0007,Acer pseudoplatanus L.,0648,Triplochiton scleroxylon K. Schum.,0.8368857863989039,0.01598614417773803,0.03451537060084674,0.8023704157980571
0396,Lophira alata Banks ex C.F.Gaertn.,0478,Peltogyne Vogel,0.9157375263552721,0.08393196411047188,0.11335898594650924,0.8023785404087628
0295,Fraxinus nigra Marshall,0541,Pterygota macrocarpa K. Schum.,0.8512765666330186,0.04872560265571527,0.045009082662750124,0.8025509639773034
0033,Anacardium excelsum (Bertero & Balb. ex Kunth) Skeels,0326,Guibourtia ehie (A. Chev.) J. Léonard,1.069937558343712,0.1612983471755794,0.267153359759205,0.802784198584507
0238,Dipterocarpus kerrii King,0326,Guibourtia ehie (A. Chev.) J. Léonard,1.0700391139450582,0.047350069644523325,0.267153359759205,0.8028857541858532
0325,Guibourtia tessmannii (Harms) J.Léonard,0541,Pterygota macrocarpa K. Schum.,1.0038951377781964,0.20053590665995039,0.045009082662750124,0.803359231118246
0293,Fraxinus americana L.,0375,Koompassia malaccensis Maing.,0.8924506589886925,0.06673216616943302,0.08877285430095372,0.8036778046877388
0258,Entandrophragma cylindricum (Sprague) Sprague,0530,Pterocarpus soyauxii Taub.,0.9959672248892953,0.1920147510454096,0.14757486665108444,0.8039524738438857
0461,Ochroma pyramidale (Cav. ex Lam.) Urb.,0606,Swietenia humilis Zucc.,1.0199354658863438,0.04404888631411533,0.2157970800606374,0.8041383858257064
0080,Betula papyrifera Marshall,0480,Peltogyne mexicana Martínez,0.9564454582147359,0.15225687626821854,0.1247695132163256,0.8041885819465173
0093,Brachystegia laurentii (De Wild.) Louis ex J.Léonard,0552,Quercus alba L.,1.0897352448853064,0.285314769922707,0.054910389150189774,0.8044204749625994
0478,Peltogyne Vogel,0530,Pterocarpus soyauxii Taub.,0.9521909465396358,0.11335898594650924,0.14757486665108444,0.8046160798885513
0007,Acer pseudoplatanus L.,0367,Juglans nigra L.,0.8367620030330436,0.01598614417773803,0.030957996752025003,0.8058040062810186
0238,Dipterocarpus kerrii King,0269,Erythrophleum ivorense A. Chev,0.9895325909154082,0.047350069644523325,0.18362962432208574,0.8059029665933225
0158,"Chlorocardium rodiei (R.H.Schomb.) Rohwer, H.G.Richt. & van der Werff",0371,Khaya grandifoliola C.DC.,0.9395863611768457,0.08176555061613976,0.13346149799545334,0.8061248631813923
0181,Cotylelobium Pierre,0396,Lophira alata Banks ex C.F.Gaertn.,0.8902564797709407,0.02876268832314597,0.08393196411047188,0.8063245156604688
0006,Acer platanoides L.,0396,Lophira alata Banks ex C.F.Gaertn.,0.8904723298910477,0.0033010130066980182,0.08393196411047188,0.8065403657805759
0371,Khaya grandifoliola C.DC.,0430,Milicia excelsa (Welw.) C.C. Berg,1.0880772545520916,0.13346149799545334,0.2809459055523187,0.8071313489997729
0081,Betula pendula Roth,0294,Fraxinus excelsior L.,0.865107010262917,0.0030165117830820874,0.057931930658733005,0.807175079604184
0318,Leplaea cedrata (A.Chev.) E.J.M.Koenen & J.J.de Wilde,0375,Koompassia malaccensis Maing.,0.8959801492806396,0.03917415789724382,0.08877285430095372,0.8072072949796859
0399,Lovoa trichilioides Harms,0541,Pterygota macrocarpa K. Schum.,1.0399634064447245,0.2327105138088832,0.045009082662750124,0.8072528926358413
0093,Brachystegia laurentii (De Wild.) Louis ex J.Léonard,0295,Fraxinus nigra Marshall,1.0926563804480198,0.285314769922707,0.04872560265571527,0.8073416105253128
0461,Ochroma pyramidale (Cav. ex Lam.) Urb.,0479,Peltogyne catingae Ducke,0.8516291223232693,0.04404888631411533,0.034412686077142644,0.807580236009154
0066,Aucoumea klaineana Pierre,0608,Swietenia mahagoni (L.) Jacq.,1.025356721929811,0.21760219624631696,0.156298942858346,0.807754525683494
0066,Aucoumea klaineana Pierre,0480,Peltogyne mexicana Martínez,1.0254511829904307,0.21760219624631696,0.1247695132163256,0.8078489867441138
0367,Juglans nigra L.,0530,Pterocarpus soyauxii Taub.,0.9555062816570622,0.030957996752025003,0.14757486665108444,0.8079314150059778
0003,Acacia mangium Willd.,0130,Castanea sativa Mill.,1.057934547120367,0.24987335040256672,0.13730049844128367,0.8080611967178002
0035,Anacardium giganteum Hancock ex Engl.,0607,Swietenia macrophylla King,0.9076944925072192,0.09952635975102023,0.07039605530704054,0.808168132756199
0297,Fraxinus mandshurica Rupr.,0301,Gilbertiodendron dewevrei (De Wild.) J.Léonard,0.9958351343691596,0.18720922831157757,0.17033855113561178,0.808625906057582
0066,Aucoumea klaineana Pierre,0258,Entandrophragma cylindricum (Sprague) Sprague,1.0266030507135602,0.21760219624631696,0.1920147510454096,0.8090008544672432
0195,Ctenolophon parvifolius Oliv.,0530,Pterocarpus soyauxii Taub.,0.9568293232388945,0.1445569890808498,0.14757486665108444,0.80925445658781
0372,Khaya ivorensis A.Chev.,0541,Pterygota macrocarpa K. Schum.,0.9378473803165861,0.1284079480176259,0.045009082662750124,0.8094394322989602
0158,"Chlorocardium rodiei (R.H.Schomb.) Rohwer, H.G.Richt. & van der Werff",0367,Juglans nigra L.,0.8915612934950237,0.08176555061613976,0.030957996752025003,0.8097957428788839
0009,Leptolobium Vogel,0542,Pycnanthus angolensis (Welw.) Warb.,1.001621851950717,0.1918203410273337,0.09358528548867441,0.8098015109233833
0006,Acer platanoides L.,0302,Gilbertiodendron preussii (Harms) J.Léonard,1.0246249173282107,0.0033010130066980182,0.21477324086718907,0.8098516764610216
0066,Aucoumea klaineana Pierre,0607,Swietenia macrophylla King,1.0275279336248513,0.21760219624631696,0.07039605530704054,0.8099257373785343
0129,Castanea crenata Siebold & Zucc.,0302,Gilbertiodendron preussii (Harms) J.Léonard,1.0248678076263962,0.034727594828010425,0.21477324086718907,0.8100945667592071
0081,Betula pendula Roth,0244,Dryobalanops C.F.Gaertn.,0.8824713056294284,0.0030165117830820874,0.07236117632383164,0.8101101293055968
0399,Lovoa trichilioides Harms,0550,Quercus mongolica Fisch. ex Ledeb.,1.042834399853355,0.2327105138088832,0.0295908067557718,0.8101238860444717
0030,Amburana cearensis (Allemão) A.C.Sm.,0081,Betula pendula Roth,1.0139112908047563,0.20353506212870529,0.0030165117830820874,0.810376228676051
0244,Dryobalanops C.F.Gaertn.,0258,Entandrophragma cylindricum (Sprague) Sprague,1.0025687562400418,0.07236117632383164,0.1920147510454096,0.8105540051946323
0269,Erythrophleum ivorense A. Chev,0418,Mansonia altissima (A. Chev.) A. Chev.,0.9947203800432941,0.18362962432208574,0.10609990889998436,0.8110907557212084
0147,Ceiba pentandra (L.) Gaertn.,0431,Millettia laurentii De Wild.,0.9617523562519124,0.09053989442752747,0.15046909860762905,0.8112832576442833
0129,Castanea crenata Siebold & Zucc.,0530,Pterocarpus soyauxii Taub.,0.9590141003589078,0.034727594828010425,0.14757486665108444,0.8114392337078233
0244,Dryobalanops C.F.Gaertn.,0606,Swietenia humilis Zucc.,1.027451892413624,0.07236117632383164,0.2157970800606374,0.8116548123529866
0081,Betula pendula Roth,0158,"Chlorocardium rodiei (R.H.Schomb.) Rohwer, H.G.Richt. & van der Werff",0.8934542830792508,0.0030165117830820874,0.08176555061613976,0.811688732463111
0030,Amburana cearensis (Allemão) A.C.Sm.,0080,Betula papyrifera Marshall,1.0152909980010425,0.20353506212870529,0.15225687626821854,0.8117559358723372
0181,Cotylelobium Pierre,0530,Pterocarpus soyauxii Taub.,0.9594693633065856,0.02876268832314597,0.14757486665108444,0.8118944966555012
0236,Dipterocarpus C.F.Gaertn.,0326,Guibourtia ehie (A. Chev.) J. Léonard,1.0793092973321863,0.06735710381385199,0.267153359759205,0.8121559375729812
0093,Brachystegia laurentii (De Wild.) Louis ex J.Léonard,0648,Triplochiton scleroxylon K. Schum.,1.09754947536109,0.285314769922707,0.03451537060084674,0.8122347054383829
0257,Entandrophragma candollei Harms,0375,Koompassia malaccensis Maing.,0.9102571682611192,0.09798805046374451,0.08877285430095372,0.8122691177973748
0245,Dryobalanops aromatica C.F.Gaertn.,0541,Pterygota macrocarpa K. Schum.,0.9697873967656043,0.1574311550408419,0.045009082662750124,0.8123562417247624
0245,Dryobalanops aromatica C.F.Gaertn.,0318,Leplaea cedrata (A.Chev.) E.J.M.Koenen & J.J.de Wilde,0.9699114841782424,0.1574311550408419,0.03917415789724382,0.8124803291374004
0158,"Chlorocardium rodiei (R.H.Schomb.) Rohwer, H.G.Richt. & van der Werff",0607,Swietenia macrophylla King,0.8943452522015432,0.08176555061613976,0.07039605530704054,0.8125797015854034
0093,Brachystegia laurentii (De Wild.) Louis ex J.Léonard,0367,Juglans nigra L.,1.097957206760969,0.285314769922707,0.030957996752025003,0.8126424368382621
0296,Fraxinus ornus L.,0479,Peltogyne catingae Ducke,0.968910286729314,0.15609996020530656,0.034412686077142644,0.8128103265240074
0081,Betula pendula Roth,0396,Lophira alata Banks ex C.F.Gaertn.,0.8968503472897422,0.0030165117830820874,0.08393196411047188,0.8129183831792703
0129,Castanea crenata Siebold & Zucc.,0325,Guibourtia tessmannii (Harms) J.Léonard,1.0135534572536682,0.034727594828010425,0.20053590665995039,0.8130175505937178
0293,Fraxinus americana L.,0323,Guibourtia demeusei (Harms) J.Léonard,1.0368184021960172,0.06673216616943302,0.2237088813376544,0.8131095208583627
0313,Grevillea robusta A.Cunn. ex R.Br.,0552,Quercus alba L.,0.9334071925003706,0.12015375617853329,0.054910389150189774,0.8132534363218373
0295,Fraxinus nigra Marshall,0326,Guibourtia ehie (A. Chev.) J. Léonard,1.0805653465125147,0.04872560265571527,0.267153359759205,0.8134119867533096
0093,Brachystegia laurentii (De Wild.) Louis ex J.Léonard,0238,Dipterocarpus kerrii King,1.0988656200787073,0.285314769922707,0.047350069644523325,0.8135508501560003
0066,Aucoumea klaineana Pierre,0093,Brachystegia laurentii (De Wild.) Louis ex J.Léonard,1.0990117566609903,0.21760219624631696,0.285314769922707,0.8136969867382833
0033,Anacardium excelsum (Bertero & Balb. ex Kunth) Skeels,0431,Millettia laurentii De Wild.,0.975011547337558,0.1612983471755794,0.15046909860762905,0.8137132001619787
0238,Dipterocarpus kerrii King,0431,Millettia laurentii De Wild.,0.9643955723671401,0.047350069644523325,0.15046909860762905,0.8139264737595111
0323,Guibourtia demeusei (Harms) J.Léonard,0541,Pterygota macrocarpa K. Schum.,1.037788064673235,0.2237088813376544,0.045009082662750124,0.8140791833355805
0158,"Chlorocardium rodiei (R.H.Schomb.) Rohwer, H.G.Richt. & van der Werff",0257,Entandrophragma candollei Harms,0.9124127103927396,0.08176555061613976,0.09798805046374451,0.8144246599289952
0244,Dryobalanops C.F.Gaertn.,0371,Khaya grandifoliola C.DC.,0.9484109858254511,0.07236117632383164,0.13346149799545334,0.8149494878299978
0425,Mezilaurus ita-uba (Meisn.) Taub. ex Mez,0607,Swietenia macrophylla King,0.937215444994775,0.12157433758219263,0.07039605530704054,0.8156411074125824
0093,Brachystegia laurentii (De Wild.) Louis ex J.Léonard,0542,Pycnanthus angolensis (Welw.) Warb.,1.1010321164204908,0.285314769922707,0.09358528548867441,0.8157173464977838
0093,Brachystegia laurentii (De Wild.) Louis ex J.Léonard,0236,Dipterocarpus C.F.Gaertn.,1.1012636665678217,0.285314769922707,0.06735710381385199,0.8159488966451147
0258,Entandrophragma cylindricum (Sprague) Sprague,0367,Juglans nigra L.,1.008036030617944,0.1920147510454096,0.030957996752025003,0.8160212795725343
0035,Anacardium giganteum Hancock ex Engl.,0323,Guibourtia demeusei (Harms) J.Léonard,1.0399176992502275,0.09952635975102023,0.2237088813376544,0.816208817912573
0033,Anacardium excelsum (Bertero & Balb. ex Kunth) Skeels,0396,Lophira alata Banks ex C.F.Gaertn.,0.9781373959776202,0.1612983471755794,0.08393196411047188,0.8168390488020407
0066,Aucoumea klaineana Pierre,0375,Koompassia malaccensis Maing.,1.0345918212888452,0.21760219624631696,0.08877285430095372,0.8169896250425283
0147,Ceiba pentandra (L.) Gaertn.,0426,Microberlinia brazzavillensis A. Chev.,1.0662047359133002,0.09053989442752747,0.24891986447473777,0.8172848714385624
0396,Lophira alata Banks ex C.F.Gaertn.,0607,Swietenia macrophylla King,0.9013717830254876,0.08393196411047188,0.07039605530704054,0.8174398189150157
0371,Khaya grandifoliola C.DC.,0552,Quercus alba L.,0.9509277229200451,0.13346149799545334,0.054910389150189774,0.8174662249245918
0195,Ctenolophon parvifolius Oliv.,0302,Gilbertiodendron preussii (Harms) J.Léonard,1.03234367791539,0.1445569890808498,0.21477324086718907,0.817570437048201
0366,Juglans regia L.,0480,Peltogyne mexicana Martínez,0.9423910042392787,0.011555233791711243,0.1247695132163256,0.8176214910229531
0080,Betula papyrifera Marshall,0323,Guibourtia demeusei (Harms) J.Léonard,1.0413539286927893,0.15225687626821854,0.2237088813376544,0.8176450473551349
0295,Fraxinus nigra Marshall,0431,Millettia laurentii De Wild.,0.9681941257634339,0.04872560265571527,0.15046909860762905,0.8177250271558049
0129,Castanea crenata Siebold & Zucc.,0258,Entandrophragma cylindricum (Sprague) Sprague,1.0097734615855494,0.034727594828010425,0.1920147510454096,0.8177587105401398
0296,Fraxinus ornus L.,0301,Gilbertiodendron dewevrei (De Wild.) J.Léonard,0.9885025246332895,0.15609996020530656,0.17033855113561178,0.8181639734976777
0035,Anacardium giganteum Hancock ex Engl.,0301,Gilbertiodendron dewevrei (De Wild.) J.Léonard,0.9885650203664841,0.09952635975102023,0.17033855113561178,0.8182264692308723
0035,Anacardium giganteum Hancock ex Engl.,0371,Khaya grandifoliola C.DC.,0.9519996845504128,0.09952635975102023,0.13346149799545334,0.8185381865549595
0296,Fraxinus ornus L.,0323,Guibourtia demeusei (Harms) J.Léonard,1.0426985506599462,0.15609996020530656,0.2237088813376544,0.8189896693222918
0236,Dipterocarpus C.F.Gaertn.,0431,Millettia laurentii De Wild.,0.9695149848275193,0.06735710381385199,0.15046909860762905,0.8190458862198903
0003,Acacia mangium Willd.,0550,Quercus mongolica Fisch. ex Ledeb.,1.0690264563696488,0.24987335040256672,0.0295908067557718,0.819153105967082
0007,Acer pseudoplatanus L.,0399,Lovoa trichilioides Harms,1.0519103118282713,0.01598614417773803,0.2327105138088832,0.8191997980193881
0006,Acer platanoides L.,0479,Peltogyne catingae Ducke,0.8539794044813973,0.0033010130066980182,0.034412686077142644,0.8195667184042547
0007,Acer pseudoplatanus L.,0302,Gilbertiodendron preussii (Harms) J.Léonard,1.0349742018812065,0.01598614417773803,0.21477324086718907,0.8202009610140174
0245,Dryobalanops aromatica C.F.Gaertn.,0461,Ochroma pyramidale (Cav. ex Lam.) Urb.,0.9776595781596202,0.1574311550408419,0.04404888631411533,0.8202284231187783
0129,Castanea crenata Siebold & Zucc.,0431,Millettia laurentii De Wild.,0.9711093144911713,0.034727594828010425,0.15046909860762905,0.8206402158835423
0318,Leplaea cedrata (A.Chev.) E.J.M.Koenen & J.J.de Wilde,0607,Swietenia macrophylla King,0.8911745400757365,0.03917415789724382,0.07039605530704054,0.820778484768696
0236,Dipterocarpus C.F.Gaertn.,0269,Erythrophleum ivorense A. Chev,1.0044601695657467,0.06735710381385199,0.18362962432208574,0.820830545243661
0129,Castanea crenata Siebold & Zucc.,0541,Pterygota macrocarpa K. Schum.,0.8658873241806846,0.034727594828010425,0.045009082662750124,0.8208782415179344
0269,Erythrophleum ivorense A. Chev,0295,Fraxinus nigra Marshall,1.0047324157982156,0.18362962432208574,0.04872560265571527,0.8211027914761299
0296,Fraxinus ornus L.,0324,Guibourtia pellegriniana J.Léonard,1.0186523196347537,0.15609996020530656,0.19715961314014666,0.821492706494607
0295,Fraxinus nigra Marshall,0426,Microberlinia brazzavillensis A. Chev.,1.0704964707911757,0.04872560265571527,0.24891986447473777,0.8215766063164379
0293,Fraxinus americana L.,0554,Quercus robur L.,0.8884290115278946,0.06673216616943302,0.040088693572690404,0.8216968453584615
0293,Fraxinus americana L.,0550,Quercus mongolica Fisch. ex Ledeb.,0.888530739596219,0.06673216616943302,0.0295908067557718,0.821798573426786
0399,Lovoa trichilioides Harms,0552,Quercus alba L.,1.054686074650817,0.2327105138088832,0.054910389150189774,0.8219755608419339
0396,Lophira alata Banks ex C.F.Gaertn.,0542,Pycnanthus angolensis (Welw.) Warb.,0.9158958520465548,0.08393196411047188,0.09358528548867441,0.8223105665578804
0033,Anacardium excelsum (Bertero & Balb. ex Kunth) Skeels,0426,Microberlinia brazzavillensis A. Chev.,1.0716953325607883,0.1612983471755794,0.24891986447473777,0.8227754680860505
0244,Dryobalanops C.F.Gaertn.,0431,Millettia laurentii De Wild.,0.9736283342317413,0.07236117632383164,0.15046909860762905,0.8231592356241123
0033,Anacardium excelsum (Bertero & Balb. ex Kunth) Skeels,0269,Erythrophleum ivorense A. Chev,1.0070276660416189,0.1612983471755794,0.18362962432208574,0.8233980417195331
0479,Peltogyne catingae Ducke,0530,Pterocarpus soyauxii Taub.,0.9710228772207401,0.034412686077142644,0.14757486665108444,0.8234480105696557
0006,Acer platanoides L.,0293,Fraxinus americana L.,0.8901974162286009,0.0033010130066980182,0.06673216616943302,0.8234652500591679
0366,Juglans regia L.,0554,Quercus robur L.,0.8640601456176159,0.011555233791711243,0.040088693572690404,0.8239714520449255
0130,Castanea sativa Mill.,0396,Lophira alata Banks ex C.F.Gaertn.,0.9612762157689074,0.13730049844128367,0.08393196411047188,0.8239757173276238
0269,Erythrophleum ivorense A. Chev,0313,Grevillea robusta A.Cunn. ex R.Br.,1.0077820162479012,0.18362962432208574,0.12015375617853329,0.8241523919258155
0293,Fraxinus americana L.,0325,Guibourtia tessmannii (Harms) J.Léonard,1.0246903003955818,0.06673216616943302,0.20053590665995039,0.8241543937356315
0238,Dipterocarpus kerrii King,0426,Microberlinia brazzavillensis A. Chev.,1.073237212593792,0.047350069644523325,0.24891986447473777,0.8243173481190541
0236,Dipterocarpus C.F.Gaertn.,0318,Leplaea cedrata (A.Chev.) E.J.M.Koenen & J.J.de Wilde,0.8918460647696026,0.06735710381385199,0.03917415789724382,0.8244889609557506
0302,Gilbertiodendron preussii (Harms) J.Léonard,0461,Ochroma pyramidale (Cav. ex Lam.) Urb.,1.0394005613961084,0.21477324086718907,0.04404888631411533,0.8246273205289193
0030,Amburana cearensis (Allemão) A.C.Sm.,0541,Pterygota macrocarpa K. Schum.,1.02837125957293,0.20353506212870529,0.045009082662750124,0.8248361974442247
0318,Leplaea cedrata (A.Chev.) E.J.M.Koenen & J.J.de Wilde,0542,Pycnanthus angolensis (Welw.) Warb.,0.9189019672494357,0.03917415789724382,0.09358528548867441,0.8253166817607613
0007,Acer pseudoplatanus L.,0541,Pterygota macrocarpa K. Schum.,0.8709416677294695,0.01598614417773803,0.045009082662750124,0.8259325850667193
0003,Acacia mangium Willd.,0553,Quercus petraea (Matt.) Liebl.,1.0758217690002612,0.24987335040256672,0.1175281560814896,0.8259484185976944
0366,Juglans regia L.,0550,Quercus mongolica Fisch. ex Ledeb.,0.8564910724163997,0.011555233791711243,0.0295908067557718,0.8269002656606279
0297,Fraxinus mandshurica Rupr.,0324,Guibourtia pellegriniana J.Léonard,1.0243277336604537,0.18720922831157757,0.19715961314014666,0.8271681205203071
0245,Dryobalanops aromatica C.F.Gaertn.,0530,Pterocarpus soyauxii Taub.,0.9846686951416344,0.1574311550408419,0.14757486665108444,0.8272375401007924
0035,Anacardium giganteum Hancock ex Engl.,0081,Betula pendula Roth,0.927112706552164,0.09952635975102023,0.0030165117830820874,0.8275863468011438
0236,Dipterocarpus C.F.Gaertn.,0426,Microberlinia brazzavillensis A. Chev.,1.0766833494175778,0.06735710381385199,0.24891986447473777,0.82776348494284
0066,Aucoumea klaineana Pierre,0302,Gilbertiodendron preussii (Harms) J.Léonard,1.0454668870471826,0.21760219624631696,0.21477324086718907,0.8278646908008657
0035,Anacardium giganteum Hancock ex Engl.,0418,Mansonia altissima (A. Chev.) A. Chev.,0.9340277343156651,0.09952635975102023,0.10609990889998436,0.8279278254156808
0080,Betula papyrifera Marshall,0301,Gilbertiodendron dewevrei (De Wild.) J.Léonard,0.9985912165836786,0.15225687626821854,0.17033855113561178,0.8282526654480667
0007,Acer pseudoplatanus L.,0245,Dryobalanops aromatica C.F.Gaertn.,0.9856986171451478,0.01598614417773803,0.1574311550408419,0.8282674621043059
0258,Entandrophragma cylindricum (Sprague) Sprague,0541,Pterygota macrocarpa K. Schum.,1.0202845716424724,0.1920147510454096,0.045009082662750124,0.8282698205970629
0080,Betula papyrifera Marshall,0607,Swietenia macrophylla King,0.9806059226940695,0.15225687626821854,0.07039605530704054,0.8283490464258509
0081,Betula pendula Roth,0301,Gilbertiodendron dewevrei (De Wild.) J.Léonard,0.9994937034599463,0.0030165117830820874,0.17033855113561178,0.8291551523243345
0553,Quercus petraea (Matt.) Liebl.,0606,Swietenia humilis Zucc.,1.045204505591867,0.1175281560814896,0.2157970800606374,0.8294074255312297
0130,Castanea sativa Mill.,0606,Swietenia humilis Zucc.,1.0458819540936068,0.13730049844128367,0.2157970800606374,0.8300848740329695
0294,Fraxinus excelsior L.,0431,Millettia laurentii De Wild.,0.9808176556814957,0.057931930658733005,0.15046909860762905,0.8303485570738667
0257,Entandrophragma candollei Harms,0301,Gilbertiodendron dewevrei (De Wild.) J.Léonard,1.000948255128678,0.09798805046374451,0.17033855113561178,0.8306097039930661
0324,Guibourtia pellegriniana J.Léonard,0418,Mansonia altissima (A. Chev.) A. Chev.,1.027965601585272,0.19715961314014666,0.10609990889998436,0.8308059884451254
0007,Acer pseudoplatanus L.,0236,Dipterocarpus C.F.Gaertn.,0.8981815151071033,0.01598614417773803,0.06735710381385199,0.8308244112932514
0066,Aucoumea klaineana Pierre,0479,Peltogyne catingae Ducke,1.0484499248244417,0.21760219624631696,0.034412686077142644,0.8308477285781247
0003,Acacia mangium Willd.,0554,Quercus robur L.,1.0807278723732239,0.24987335040256672,0.040088693572690404,0.8308545219706571
0245,Dryobalanops aromatica C.F.Gaertn.,0396,Lophira alata Banks ex C.F.Gaertn.,0.9883773571889358,0.1574311550408419,0.08393196411047188,0.8309462021480939
0418,Mansonia altissima (A. Chev.) A. Chev.,0479,Peltogyne catingae Ducke,0.9371800524555822,0.10609990889998436,0.034412686077142644,0.8310801435555979
0007,Acer pseudoplatanus L.,0530,Pterocarpus soyauxii Taub.,0.9786652790554706,0.01598614417773803,0.14757486665108444,0.8310904124043862
0080,Betula papyrifera Marshall,0479,Peltogyne catingae Ducke,0.9833979540923957,0.15225687626821854,0.034412686077142644,0.8311410778241772
0479,Peltogyne catingae Ducke,0542,Pycnanthus angolensis (Welw.) Warb.,0.9251619821479788,0.034412686077142644,0.09358528548867441,0.8315766966593044
0009,Leptolobium Vogel,0147,Ceiba pentandra (L.) Gaertn.,1.0234174028944116,0.1918203410273337,0.09053989442752747,0.8315970618670779
0425,Mezilaurus ita-uba (Meisn.) Taub. ex Mez,0479,Peltogyne catingae Ducke,0.9536554020760069,0.12157433758219263,0.034412686077142644,0.8320810644938142
0006,Acer platanoides L.,0158,"Chlorocardium rodiei (R.H.Schomb.) Rohwer, H.G.Richt. & van der Werff",0.9139458193211392,0.0033010130066980182,0.08176555061613976,0.8321802687049994
0003,Acacia mangium Willd.,0542,Pycnanthus angolensis (Welw.) Warb.,1.0826396694405724,0.24987335040256672,0.09358528548867441,0.8327663190380057
0041,Aniba rosodora Ducke,0550,Quercus mongolica Fisch. ex Ledeb.,0.8649764557166717,0.03206859773287161,0.0295908067557718,0.8329078579838001
0081,Betula pendula Roth,0480,Peltogyne mexicana Martínez,0.9580159065944536,0.0030165117830820874,0.1247695132163256,0.833246393378128
0550,Quercus mongolica Fisch. ex Ledeb.,0606,Swietenia humilis Zucc.,1.0492846235220943,0.0295908067557718,0.2157970800606374,0.8334875434614569
0066,Aucoumea klaineana Pierre,0325,Guibourtia tessmannii (Harms) J.Léonard,1.0511901302937392,0.21760219624631696,0.20053590665995039,0.8335879340474223
0257,Entandrophragma candollei Harms,0480,Peltogyne mexicana Martínez,0.959347128769868,0.09798805046374451,0.1247695132163256,0.8345776155535425
0041,Aniba rosodora Ducke,0554,Quercus robur L.,0.875093452236698,0.03206859773287161,0.040088693572690404,0.8350047586640076
0181,Cotylelobium Pierre,0553,Quercus petraea (Matt.) Liebl.,0.9527228148765882,0.02876268832314597,0.1175281560814896,0.8351946587950986
0009,Leptolobium Vogel,0550,Quercus mongolica Fisch. ex Ledeb.,1.0271111412426635,0.1918203410273337,0.0295908067557718,0.8352908002153298
0530,Pterocarpus soyauxii Taub.,0608,Swietenia mahagoni (L.) Jacq.,0.991758460396393,0.14757486665108444,0.156298942858346,0.835459517538047
0542,Pycnanthus angolensis (Welw.) Warb.,0606,Swietenia humilis Zucc.,1.0514250700198686,0.09358528548867441,0.2157970800606374,0.8356279899592313
0297,Fraxinus mandshurica Rupr.,0530,Pterocarpus soyauxii Taub.,1.0229223903223972,0.18720922831157757,0.14757486665108444,0.8357131620108196
0297,Fraxinus mandshurica Rupr.,0396,Lophira alata Banks ex C.F.Gaertn.,1.022932326713442,0.18720922831157757,0.08393196411047188,0.8357230984018644
0129,Castanea crenata Siebold & Zucc.,0323,Guibourtia demeusei (Harms) J.Léonard,1.0594911217870513,0.034727594828010425,0.2237088813376544,0.8357822404493969
0313,Grevillea robusta A.Cunn. ex R.Br.,0479,Peltogyne catingae Ducke,0.9559712902902733,0.12015375617853329,0.034412686077142644,0.83581753411174
0554,Quercus robur L.,0606,Swietenia humilis Zucc.,1.0521552648594463,0.040088693572690404,0.2157970800606374,0.836358184798809
0296,Fraxinus ornus L.,0478,Peltogyne Vogel,0.9930616567266787,0.15609996020530656,0.11335898594650924,0.8369616965213721
0302,Gilbertiodendron preussii (Harms) J.Léonard,0367,Juglans nigra L.,1.0521111783441468,0.21477324086718907,0.030957996752025003,0.8373379374769577
0431,Millettia laurentii De Wild.,0542,Pycnanthus angolensis (Welw.) Warb.,0.9879333404368145,0.15046909860762905,0.09358528548867441,0.8374642418291854
0041,Aniba rosodora Ducke,0092,Brachystegia cynometroides Harms,0.9821618769985946,0.03206859773287161,0.1445998181282847,0.8375620588703099
0530,Pterocarpus soyauxii Taub.,0607,Swietenia macrophylla King,0.985447218293532,0.14757486665108444,0.07039605530704054,0.8378723516424476
0541,Pterygota macrocarpa K. Schum.,0553,Quercus petraea (Matt.) Liebl.,0.9558879006067286,0.045009082662750124,0.1175281560814896,0.838359744525239
0147,Ceiba pentandra (L.) Gaertn.,0318,Leplaea cedrata (A.Chev.) E.J.M.Koenen & J.J.de Wilde,0.9290910923585933,0.09053989442752747,0.03917415789724382,0.8385511979310658
0035,Anacardium giganteum Hancock ex Engl.,0092,Brachystegia cynometroides Harms,0.9833173793355529,0.09952635975102023,0.1445998181282847,0.8387175612072681
0293,Fraxinus americana L.,0552,Quercus alba L.,0.9057397015102775,0.06673216616943302,0.054910389150189774,0.8390075353408445
0130,Castanea sativa Mill.,0302,Gilbertiodendron preussii (Harms) J.Léonard,1.0539210987583594,0.13730049844128367,0.21477324086718907,0.8391478578911703
0007,Acer pseudoplatanus L.,0431,Millettia laurentii De Wild.,0.9900135002594304,0.01598614417773803,0.15046909860762905,0.8395444016518013
0302,Gilbertiodendron preussii (Harms) J.Léonard,0648,Triplochiton scleroxylon K. Schum.,1.0544477038170161,0.21477324086718907,0.03451537060084674,0.8396744629498271
0325,Guibourtia tessmannii (Harms) J.Léonard,0648,Triplochiton scleroxylon K. Schum.,1.04034587323397,0.20053590665995039,0.03451537060084674,0.8398099665740197
0296,Fraxinus ornus L.,0375,Koompassia malaccensis Maing.,0.9962628617614964,0.15609996020530656,0.08877285430095372,0.8401629015561898
0294,Fraxinus excelsior L.,0371,Khaya grandifoliola C.DC.,0.9736527587022428,0.057931930658733005,0.13346149799545334,0.8401912607067894
0129,Castanea crenata Siebold & Zucc.,0608,Swietenia mahagoni (L.) Jacq.,0.9965328908448541,0.034727594828010425,0.156298942858346,0.8402339479865081
0295,Fraxinus nigra Marshall,0318,Leplaea cedrata (A.Chev.) E.J.M.Koenen & J.J.de Wilde,0.8890511949894941,0.04872560265571527,0.03917415789724382,0.8403255923337789
0130,Castanea sativa Mill.,0325,Guibourtia tessmannii (Harms) J.Léonard,1.0410646497679523,0.13730049844128367,0.20053590665995039,0.840528743108002
0030,Amburana cearensis (Allemão) A.C.Sm.,0129,Castanea crenata Siebold & Zucc.,1.044252286456027,0.20353506212870529,0.034727594828010425,0.8407172243273218
0081,Betula pendula Roth,0257,Entandrophragma candollei Harms,0.9387292197353816,0.0030165117830820874,0.09798805046374451,0.8407411692716371
0009,Leptolobium Vogel,0553,Quercus petraea (Matt.) Liebl.,1.0325935779692537,0.1918203410273337,0.1175281560814896,0.84077323694192
0181,Cotylelobium Pierre,0302,Gilbertiodendron preussii (Harms) J.Léonard,1.0558664664996404,0.02876268832314597,0.21477324086718907,0.8410932256324514
0066,Aucoumea klaineana Pierre,0092,Brachystegia cynometroides Harms,1.0591678550653696,0.21760219624631696,0.1445998181282847,0.8415656588190527
0006,Acer platanoides L.,0258,Entandrophragma cylindricum (Sprague) Sprague,1.0336421774858877,0.0033010130066980182,0.1920147510454096,0.8416274264404782
0066,Aucoumea klaineana Pierre,0478,Peltogyne Vogel,1.059463842518336,0.21760219624631696,0.11335898594650924,0.8418616462720191
0130,Castanea sativa Mill.,0399,Lovoa trichilioides Harms,1.0748388369741066,0.13730049844128367,0.2327105138088832,0.8421283231652235
0129,Castanea crenata Siebold & Zucc.,0269,Erythrophleum ivorense A. Chev,1.0258413668588884,0.034727594828010425,0.18362962432208574,0.8422117425368026
0418,Mansonia altissima (A. Chev.) A. Chev.,0552,Quercus alba L.,0.949107538220826,0.10609990889998436,0.054910389150189774,0.8430076293208417
0092,Brachystegia cynometroides Harms,0366,Juglans regia L.,0.9876136727472111,0.1445998181282847,0.011555233791711243,0.8430138546189264
0009,Leptolobium Vogel,0554,Quercus robur L.,1.03502970522627,0.1918203410273337,0.040088693572690404,0.8432093641989363
0130,Castanea sativa Mill.,0323,Guibourtia demeusei (Harms) J.Léonard,1.0670456734224676,0.13730049844128367,0.2237088813376544,0.8433367920848132
0033,Anacardium excelsum (Bertero & Balb. ex Kunth) Skeels,0530,Pterocarpus soyauxii Taub.,1.004737647761136,0.1612983471755794,0.14757486665108444,0.8434393005855567
0081,Betula pendula Roth,0269,Erythrophleum ivorense A. Chev,1.0275905793778637,0.0030165117830820874,0.18362962432208574,0.843960955055778
0530,Pterocarpus soyauxii Taub.,0542,Pycnanthus angolensis (Welw.) Warb.,0.9917768536293645,0.14757486665108444,0.09358528548867441,0.8442019869782801
0238,Dipterocarpus kerrii King,0318,Leplaea cedrata (A.Chev.) E.J.M.Koenen & J.J.de Wilde,0.891742544857639,0.047350069644523325,0.03917415789724382,0.8443924752131157
0399,Lovoa trichilioides Harms,0461,Ochroma pyramidale (Cav. ex Lam.) Urb.,1.0773329547074222,0.2327105138088832,0.04404888631411533,0.844622440898539
0081,Betula pendula Roth,0092,Brachystegia cynometroides Harms,0.9894969611071844,0.0030165117830820874,0.1445998181282847,0.8448971429788997
0080,Betula papyrifera Marshall,0478,Peltogyne Vogel,0.9972096621937752,0.15225687626821854,0.11335898594650924,0.8449527859255566
0258,Entandrophragma cylindricum (Sprague) Sprague,0648,Triplochiton scleroxylon K. Schum.,1.0372229406447195,0.1920147510454096,0.03451537060084674,0.84520818959931
0297,Fraxinus mandshurica Rupr.,0323,Guibourtia demeusei (Harms) J.Léonard,1.0690995073260123,0.18720922831157757,0.2237088813376544,0.8453906259883579
0301,Gilbertiodendron dewevrei (De Wild.) J.Léonard,0541,Pterygota macrocarpa K. Schum.,1.0159549689732297,0.17033855113561178,0.045009082662750124,0.8456164178376179
0130,Castanea sativa Mill.,0431,Millettia laurentii De Wild.,0.9968139507227318,0.13730049844128367,0.15046909860762905,0.8463448521151028
0007,Acer pseudoplatanus L.,0030,Amburana cearensis (Allemão) A.C.Sm.,1.050192331850195,0.01598614417773803,0.20353506212870529,0.8466572697214896
0003,Acacia mangium Willd.,0552,Quercus alba L.,1.096831892979375,0.24987335040256672,0.054910389150189774,0.8469585425768082
0007,Acer pseudoplatanus L.,0295,Fraxinus nigra Marshall,0.8959172211408702,0.01598614417773803,0.04872560265571527,0.847191618485155
0294,Fraxinus excelsior L.,0550,Quercus mongolica Fisch. ex Ledeb.,0.9053159389849947,0.057931930658733005,0.0295908067557718,0.8473840083262617
0269,Erythrophleum ivorense A. Chev,0553,Quercus petraea (Matt.) Liebl.,1.0310634112288295,0.18362962432208574,0.1175281560814896,0.8474337869067438
0257,Entandrophragma candollei Harms,0294,Fraxinus excelsior L.,0.9460332605328359,0.09798805046374451,0.057931930658733005,0.8480452100690914
0007,Acer pseudoplatanus L.,0147,Ceiba pentandra (L.) Gaertn.,0.9386943572486903,0.01598614417773803,0.09053989442752747,0.8481544628211628
0297,Fraxinus mandshurica Rupr.,0325,Guibourtia tessmannii (Harms) J.Léonard,1.0486965037114686,0.18720922831157757,0.20053590665995039,0.8481605970515183
0245,Dryobalanops aromatica C.F.Gaertn.,0608,Swietenia mahagoni (L.) Jacq.,1.0057690146120757,0.1574311550408419,0.156298942858346,0.8483378595712338
0181,Cotylelobium Pierre,0326,Guibourtia ehie (A. Chev.) J. Léonard,1.1160141702067097,0.02876268832314597,0.267153359759205,0.8488608104475046
0035,Anacardium giganteum Hancock ex Engl.,0530,Pterocarpus soyauxii Taub.,0.9975199205834703,0.09952635975102023,0.14757486665108444,0.8499450539323858
0296,Fraxinus ornus L.,0325,Guibourtia tessmannii (Harms) J.Léonard,1.050589865725194,0.15609996020530656,0.20053590665995039,0.8500539590652436
0080,Betula papyrifera Marshall,0092,Brachystegia cynometroides Harms,1.0023640299217313,0.15225687626821854,0.1445998181282847,0.8501071536535127
0035,Anacardium giganteum Hancock ex Engl.,0461,Ochroma pyramidale (Cav. ex Lam.) Urb.,0.9499133744366358,0.09952635975102023,0.04404888631411533,0.8503870146856156
0258,Entandrophragma cylindricum (Sprague) Sprague,0542,Pycnanthus angolensis (Welw.) Warb.,1.0424171591588087,0.1920147510454096,0.09358528548867441,0.8504024081133992
0080,Betula papyrifera Marshall,0375,Koompassia malaccensis Maing.,1.0029266710577684,0.15225687626821854,0.08877285430095372,0.8506697947895498
0041,Aniba rosodora Ducke,0478,Peltogyne Vogel,0.9640942117820548,0.03206859773287161,0.11335898594650924,0.8507352258355455
0258,Entandrophragma cylindricum (Sprague) Sprague,0553,Quercus petraea (Matt.) Liebl.,1.0432308779655164,0.1920147510454096,0.1175281560814896,0.8512161269201068
0158,"Chlorocardium rodiei (R.H.Schomb.) Rohwer, H.G.Richt. & van der Werff",0648,Triplochiton scleroxylon K. Schum.,0.933021472617912,0.08176555061613976,0.03451537060084674,0.8512559220017722
0129,Castanea crenata Siebold & Zucc.,0318,Leplaea cedrata (A.Chev.) E.J.M.Koenen & J.J.de Wilde,0.8904968137950141,0.034727594828010425,0.03917415789724382,0.8513226558977702
0245,Dryobalanops aromatica C.F.Gaertn.,0607,Swietenia macrophylla King,1.0089778363144934,0.1574311550408419,0.07039605530704054,0.8515466812736515
0479,Peltogyne catingae Ducke,0553,Quercus petraea (Matt.) Liebl.,0.9693980003673062,0.034412686077142644,0.1175281560814896,0.8518698442858166
0129,Castanea crenata Siebold & Zucc.,0396,Lophira alata Banks ex C.F.Gaertn.,0.9361457707946577,0.034727594828010425,0.08393196411047188,0.8522138066841858
0318,Leplaea cedrata (A.Chev.) E.J.M.Koenen & J.J.de Wilde,0553,Quercus petraea (Matt.) Liebl.,0.9697596032843132,0.03917415789724382,0.1175281560814896,0.8522314472028236
0238,Dipterocarpus kerrii King,0530,Pterocarpus soyauxii Taub.,0.9998992533686359,0.047350069644523325,0.14757486665108444,0.8523243867175515
0006,Acer platanoides L.,0257,Entandrophragma candollei Harms,0.9503720116388172,0.0033010130066980182,0.09798805046374451,0.8523839611750728
0092,Brachystegia cynometroides Harms,0296,Fraxinus ornus L.,1.0089795218413065,0.1445998181282847,0.15609996020530656,0.8528795616359999
0552,Quercus alba L.,0606,Swietenia humilis Zucc.,1.068698713808292,0.054910389150189774,0.2157970800606374,0.8529016337476546
0244,Dryobalanops C.F.Gaertn.,0530,Pterocarpus soyauxii Taub.,1.00076469863586,0.07236117632383164,0.14757486665108444,0.8531898319847756
0081,Betula pendula Roth,0324,Guibourtia pellegriniana J.Léonard,1.0503748127638,0.0030165117830820874,0.19715961314014666,0.8532151996236533
0396,Lophira alata Banks ex C.F.Gaertn.,0553,Quercus petraea (Matt.) Liebl.,0.9709190556990486,0.08393196411047188,0.1175281560814896,0.853390899617559
0181,Cotylelobium Pierre,0325,Guibourtia tessmannii (Harms) J.Léonard,1.0539347936994536,0.02876268832314597,0.20053590665995039,0.8533988870395033
0007,Acer pseudoplatanus L.,0258,Entandrophragma cylindricum (Sprague) Sprague,1.0455354638878638,0.01598614417773803,0.1920147510454096,0.8535207128424542
0325,Guibourtia tessmannii (Harms) J.Léonard,0367,Juglans nigra L.,1.0546932464005239,0.20053590665995039,0.030957996752025003,0.8541573397405735
0295,Fraxinus nigra Marshall,0530,Pterocarpus soyauxii Taub.,1.0017348443258953,0.04872560265571527,0.14757486665108444,0.8541599776748109
0293,Fraxinus americana L.,0530,Pterocarpus soyauxii Taub.,1.0019096966100245,0.06673216616943302,0.14757486665108444,0.8543348299589401
0147,Ceiba pentandra (L.) Gaertn.,0530,Pterocarpus soyauxii Taub.,1.002552054273258,0.09053989442752747,0.14757486665108444,0.8549771876221736
0236,Dipterocarpus C.F.Gaertn.,0530,Pterocarpus soyauxii Taub.,1.0032735550893055,0.06735710381385199,0.14757486665108444,0.8556986884382211
0302,Gilbertiodendron preussii (Harms) J.Léonard,0550,Quercus mongolica Fisch. ex Ledeb.,1.0705630597374443,0.21477324086718907,0.0295908067557718,0.8557898188702552
0366,Juglans regia L.,0552,Quercus alba L.,0.9108219529015071,0.011555233791711243,0.054910389150189774,0.8559115637513174
0257,Entandrophragma candollei Harms,0478,Peltogyne Vogel,0.9693207242260946,0.09798805046374451,0.11335898594650924,0.8559617382795853
0035,Anacardium giganteum Hancock ex Engl.,0375,Koompassia malaccensis Maing.,0.955525311205279,0.09952635975102023,0.08877285430095372,0.8559989514542587
0066,Aucoumea klaineana Pierre,0301,Gilbertiodendron dewevrei (De Wild.) J.Léonard,1.0739543187136127,0.21760219624631696,0.17033855113561178,0.8563521224672958
0367,Juglans nigra L.,0608,Swietenia mahagoni (L.) Jacq.,1.0127803511070683,0.030957996752025003,0.156298942858346,0.8564814082487223
0035,Anacardium giganteum Hancock ex Engl.,0480,Peltogyne mexicana Martínez,0.9819766512947796,0.09952635975102023,0.1247695132163256,0.8572071380784541
0302,Gilbertiodendron preussii (Harms) J.Léonard,0553,Quercus petraea (Matt.) Liebl.,1.072118342692073,0.21477324086718907,0.1175281560814896,0.857345101824884
0269,Erythrophleum ivorense A. Chev,0554,Quercus robur L.,1.0413226587303874,0.18362962432208574,0.040088693572690404,0.8576930344083017
0195,Ctenolophon parvifolius Oliv.,0325,Guibourtia tessmannii (Harms) J.Léonard,1.0584689186526948,0.1445569890808498,0.20053590665995039,0.8579330119927444
0030,Amburana cearensis (Allemão) A.C.Sm.,0461,Ochroma pyramidale (Cav. ex Lam.) Urb.,1.061775388652622,0.20353506212870529,0.04404888631411533,0.8582403265239167
0313,Grevillea robusta A.Cunn. ex R.Br.,0324,Guibourtia pellegriniana J.Léonard,1.0559543745052433,0.12015375617853329,0.19715961314014666,0.8587947613650967
0006,Acer platanoides L.,0030,Amburana cearensis (Allemão) A.C.Sm.,1.0623476829330718,0.0033010130066980182,0.20353506212870529,0.8588126208043665
0195,Ctenolophon parvifolius Oliv.,0480,Peltogyne mexicana Martínez,1.0038377959638216,0.1445569890808498,0.1247695132163256,0.8592808068829718
0294,Fraxinus excelsior L.,0554,Quercus robur L.,0.9175314023214491,0.057931930658733005,0.040088693572690404,0.8595994716627161
0269,Erythrophleum ivorense A. Chev,0552,Quercus alba L.,1.0432698375977871,0.18362962432208574,0.054910389150189774,0.8596402132757014
0158,"Chlorocardium rodiei (R.H.Schomb.) Rohwer, H.G.Richt. & van der Werff",0530,Pterocarpus soyauxii Taub.,1.0072185177929016,0.08176555061613976,0.14757486665108444,0.8596436511418172
0257,Entandrophragma candollei Harms,0461,Ochroma pyramidale (Cav. ex Lam.) Urb.,0.958196540952443,0.09798805046374451,0.04404888631411533,0.8602084904886985
0258,Entandrophragma cylindricum (Sprague) Sprague,0461,Ochroma pyramidale (Cav. ex Lam.) Urb.,1.0522287247285118,0.1920147510454096,0.04404888631411533,0.8602139736831023
0130,Castanea sativa Mill.,0257,Entandrophragma candollei Harms,0.9976201476481399,0.13730049844128367,0.09798805046374451,0.8603196492068562
0375,Koompassia malaccensis Maing.,0607,Swietenia macrophylla King,0.9493662800860327,0.08877285430095372,0.07039605530704054,0.860593425785079
0302,Gilbertiodendron preussii (Harms) J.Léonard,0542,Pycnanthus angolensis (Welw.) Warb.,1.075428486221594,0.21477324086718907,0.09358528548867441,0.8606552453544049
0129,Castanea crenata Siebold & Zucc.,0324,Guibourtia pellegriniana J.Léonard,1.0578670678408313,0.034727594828010425,0.19715961314014666,0.8607074547006847
0296,Fraxinus ornus L.,0396,Lophira alata Banks ex C.F.Gaertn.,1.0171218508047586,0.15609996020530656,0.08393196411047188,0.861021890599452
0007,Acer pseudoplatanus L.,0479,Peltogyne catingae Ducke,0.8955188819134394,0.01598614417773803,0.034412686077142644,0.8611061958362968
0431,Millettia laurentii De Wild.,0553,Quercus petraea (Matt.) Liebl.,1.0117254079678824,0.15046909860762905,0.1175281560814896,0.8612563093602533
0302,Gilbertiodendron preussii (Harms) J.Léonard,0554,Quercus robur L.,1.0760318335708239,0.21477324086718907,0.040088693572690404,0.8612585927036348
0269,Erythrophleum ivorense A. Chev,0550,Quercus mongolica Fisch. ex Ledeb.,1.04525172678082,0.18362962432208574,0.0295908067557718,0.8616221024587342
0007,Acer pseudoplatanus L.,0301,Gilbertiodendron dewevrei (De Wild.) J.Léonard,1.0321925965874175,0.01598614417773803,0.17033855113561178,0.8618540454518057
0257,Entandrophragma candollei Harms,0367,Juglans nigra L.,0.9598599665545722,0.09798805046374451,0.030957996752025003,0.8618719160908277
0366,Juglans regia L.,0478,Peltogyne Vogel,0.9755230137574182,0.011555233791711243,0.11335898594650924,0.862164027810909
0258,Entandrophragma cylindricum (Sprague) Sprague,0554,Quercus robur L.,1.0547042855557593,0.1920147510454096,0.040088693572690404,0.8626895345103498
0541,Pterygota macrocarpa K. Schum.,0608,Swietenia mahagoni (L.) Jacq.,1.01917988402817,0.045009082662750124,0.156298942858346,0.8628809411698241
0257,Entandrophragma candollei Harms,0648,Triplochiton scleroxylon K. Schum.,0.9611445277069615,0.09798805046374451,0.03451537060084674,0.863156477243217
0006,Acer platanoides L.,0301,Gilbertiodendron dewevrei (De Wild.) J.Léonard,1.033613390763862,0.0033010130066980182,0.17033855113561178,0.8632748396282502
0302,Gilbertiodendron preussii (Harms) J.Léonard,0552,Quercus alba L.,1.0780705561187043,0.21477324086718907,0.054910389150189774,0.8632973152515152
0041,Aniba rosodora Ducke,0552,Quercus alba L.,0.9188504035050671,0.03206859773287161,0.054910389150189774,0.8639400143548773
0130,Castanea sativa Mill.,0372,Khaya ivorensis A.Chev.,1.001474299959876,0.13730049844128367,0.1284079480176259,0.8641738015185924
0293,Fraxinus americana L.,0318,Leplaea cedrata (A.Chev.) E.J.M.Koenen & J.J.de Wilde,0.9310287040822495,0.06673216616943302,0.03917415789724382,0.8642965379128165
0007,Acer pseudoplatanus L.,0238,Dipterocarpus kerrii King,0.911677073953584,0.01598614417773803,0.047350069644523325,0.8643270043090606
0431,Millettia laurentii De Wild.,0554,Quercus robur L.,1.014925800208602,0.15046909860762905,0.040088693572690404,0.8644567016009729
0431,Millettia laurentii De Wild.,0550,Quercus mongolica Fisch. ex Ledeb.,1.0149561728930423,0.15046909860762905,0.0295908067557718,0.8644870742854133
0158,"Chlorocardium rodiei (R.H.Schomb.) Rohwer, H.G.Richt. & van der Werff",0425,Mezilaurus ita-uba (Meisn.) Taub. ex Mez,0.9864239073408536,0.08176555061613976,0.12157433758219263,0.864849569758661
0293,Fraxinus americana L.,0479,Peltogyne catingae Ducke,0.9330538410650199,0.06673216616943302,0.034412686077142644,0.8663216748955869
0258,Entandrophragma cylindricum (Sprague) Sprague,0550,Quercus mongolica Fisch. ex Ledeb.,1.058492959599636,0.1920147510454096,0.0295908067557718,0.8664782085542264
0007,Acer pseudoplatanus L.,0318,Leplaea cedrata (A.Chev.) E.J.M.Koenen & J.J.de Wilde,0.9062765150762567,0.01598614417773803,0.03917415789724382,0.8671023571790129
0030,Amburana cearensis (Allemão) A.C.Sm.,0130,Castanea sativa Mill.,1.071256336588579,0.20353506212870529,0.13730049844128367,0.8677212744598737
0035,Anacardium giganteum Hancock ex Engl.,0541,Pterygota macrocarpa K. Schum.,0.967260777624767,0.09952635975102023,0.045009082662750124,0.8677344178737468
0007,Acer pseudoplatanus L.,0396,Lophira alata Banks ex C.F.Gaertn.,0.9519970655156349,0.01598614417773803,0.08393196411047188,0.868065101405163
0006,Acer platanoides L.,0294,Fraxinus excelsior L.,0.9261183374793842,0.0033010130066980182,0.057931930658733005,0.8681864068206512
0129,Castanea crenata Siebold & Zucc.,0301,Gilbertiodendron dewevrei (De Wild.) J.Léonard,1.038725075424399,0.034727594828010425,0.17033855113561178,0.8683865242887873
0269,Erythrophleum ivorense A. Chev,0542,Pycnanthus angolensis (Welw.) Warb.,1.0522092368734943,0.18362962432208574,0.09358528548867441,0.8685796125514086
0009,Leptolobium Vogel,0552,Quercus alba L.,1.0605180850426026,0.1918203410273337,0.054910389150189774,0.8686977440152689
0269,Erythrophleum ivorense A. Chev,0541,Pterygota macrocarpa K. Schum.,1.0525470946728388,0.18362962432208574,0.045009082662750124,0.8689174703507531
0041,Aniba rosodora Ducke,0269,Erythrophleum ivorense A. Chev,1.0525885754683317,0.03206859773287161,0.18362962432208574,0.868958951146246
0431,Millettia laurentii De Wild.,0552,Quercus alba L.,1.0196185052512468,0.15046909860762905,0.054910389150189774,0.8691494066436177
0092,Brachystegia cynometroides Harms,0129,Castanea crenata Siebold & Zucc.,1.0143824787080313,0.1445998181282847,0.034727594828010425,0.8697826605797466
0258,Entandrophragma cylindricum (Sprague) Sprague,0552,Quercus alba L.,1.0618084612356844,0.1920147510454096,0.054910389150189774,0.8697937101902748
0066,Aucoumea klaineana Pierre,0269,Erythrophleum ivorense A. Chev,1.0876069410192046,0.21760219624631696,0.18362962432208574,0.8700047447728877
0371,Khaya grandifoliola C.DC.,0479,Peltogyne catingae Ducke,1.0038655198109254,0.13346149799545334,0.034412686077142644,0.870404021815472
0080,Betula papyrifera Marshall,0269,Erythrophleum ivorense A. Chev,1.0545031041197208,0.15225687626821854,0.18362962432208574,0.8708734797976351
0006,Acer platanoides L.,0035,Anacardium giganteum Hancock ex Engl.,0.9706094167714496,0.0033010130066980182,0.09952635975102023,0.8710830570204294
0030,Amburana cearensis (Allemão) A.C.Sm.,0066,Aucoumea klaineana Pierre,1.0890631134972657,0.20353506212870529,0.21760219624631696,0.8714609172509488
0130,Castanea sativa Mill.,0258,Entandrophragma cylindricum (Sprague) Sprague,1.063661861900543,0.13730049844128367,0.1920147510454096,0.8716471108551334
0130,Castanea sativa Mill.,0158,"Chlorocardium rodiei (R.H.Schomb.) Rohwer, H.G.Richt. & van der Werff",1.0090879818669953,0.13730049844128367,0.08176555061613976,0.8717874834257117
0158,"Chlorocardium rodiei (R.H.Schomb.) Rohwer, H.G.Richt. & van der Werff",0541,Pterygota macrocarpa K. Schum.,0.953779787922862,0.08176555061613976,0.045009082662750124,0.8720142373067222
0006,Acer platanoides L.,0480,Peltogyne mexicana Martínez,0.9968390416227743,0.0033010130066980182,0.1247695132163256,0.8720695284064487
0608,Swietenia mahagoni (L.) Jacq.,0648,Triplochiton scleroxylon K. Schum.,1.028743764092989,0.156298942858346,0.03451537060084674,0.8724448212346431
0035,Anacardium giganteum Hancock ex Engl.,0478,Peltogyne Vogel,0.9858846069735232,0.09952635975102023,0.11335898594650924,0.8725256210270139
0296,Fraxinus ornus L.,0530,Pterocarpus soyauxii Taub.,1.0289125940763846,0.15609996020530656,0.14757486665108444,0.872812633871078
0195,Ctenolophon parvifolius Oliv.,0323,Guibourtia demeusei (Harms) J.Léonard,1.097083877800243,0.1445569890808498,0.2237088813376544,0.8733749964625885
0081,Betula pendula Roth,0478,Peltogyne Vogel,0.9872066076973701,0.0030165117830820874,0.11335898594650924,0.8738476217508608
0195,Ctenolophon parvifolius Oliv.,0324,Guibourtia pellegriniana J.Léonard,1.0710462615190663,0.1445569890808498,0.19715961314014666,0.8738866483789197
0007,Acer pseudoplatanus L.,0129,Castanea crenata Siebold & Zucc.,0.9089079653655001,0.01598614417773803,0.034727594828010425,0.8741803705374896
0324,Guibourtia pellegriniana J.Léonard,0541,Pterygota macrocarpa K. Schum.,1.071461621064663,0.19715961314014666,0.045009082662750124,0.8743020079245164
0030,Amburana cearensis (Allemão) A.C.Sm.,0550,Quercus mongolica Fisch. ex Ledeb.,1.0780649402368279,0.20353506212870529,0.0295908067557718,0.8745298781081225
0269,Erythrophleum ivorense A. Chev,0366,Juglans regia L.,1.0582741067672372,0.18362962432208574,0.011555233791711243,0.8746444824451515
0245,Dryobalanops aromatica C.F.Gaertn.,0257,Entandrophragma candollei Harms,1.0326739188739673,0.1574311550408419,0.09798805046374451,0.8752427638331254
0301,Gilbertiodendron dewevrei (De Wild.) J.Léonard,0461,Ochroma pyramidale (Cav. ex Lam.) Urb.,1.0464059798632346,0.17033855113561178,0.04404888631411533,0.8760674287276228
0129,Castanea crenata Siebold & Zucc.,0257,Entandrophragma candollei Harms,0.9743090001044377,0.034727594828010425,0.09798805046374451,0.8763209496406932
0030,Amburana cearensis (Allemão) A.C.Sm.,0553,Quercus petraea (Matt.) Liebl.,1.079976266037583,0.20353506212870529,0.1175281560814896,0.8764412039088776
0081,Betula pendula Roth,0550,Quercus mongolica Fisch. ex Ledeb.,0.9062248684029459,0.0030165117830820874,0.0295908067557718,0.8766340616471742
0181,Cotylelobium Pierre,0323,Guibourtia demeusei (Harms) J.Léonard,1.1005052474988826,0.02876268832314597,0.2237088813376544,0.8767963661612281
0238,Dipterocarpus kerrii King,0396,Lophira alata Banks ex C.F.Gaertn.,0.9611865676380548,0.047350069644523325,0.08393196411047188,0.8772546035275829
0081,Betula pendula Roth,0554,Quercus robur L.,0.9182848220407009,0.0030165117830820874,0.040088693572690404,0.8781961284680105
0030,Amburana cearensis (Allemão) A.C.Sm.,0554,Quercus robur L.,1.0823730629023833,0.20353506212870529,0.040088693572690404,0.878838000773678
0129,Castanea crenata Siebold & Zucc.,0480,Peltogyne mexicana Martínez,1.0038649649606644,0.034727594828010425,0.1247695132163256,0.8790954517443388
0295,Fraxinus nigra Marshall,0396,Lophira alata Banks ex C.F.Gaertn.,0.9632843078371299,0.04872560265571527,0.08393196411047188,0.879352343726658
0030,Amburana cearensis (Allemão) A.C.Sm.,0552,Quercus alba L.,1.0830918010382984,0.20353506212870529,0.054910389150189774,0.8795567389095931
0041,Aniba rosodora Ducke,0324,Guibourtia pellegriniana J.Léonard,1.0770077556479423,0.03206859773287161,0.19715961314014666,0.8798481425077956
0007,Acer pseudoplatanus L.,0269,Erythrophleum ivorense A. Chev,1.0636090417979762,0.01598614417773803,0.18362962432208574,0.8799794174758905
0480,Peltogyne mexicana Martínez,0541,Pterygota macrocarpa K. Schum.,1.0058856235027922,0.1247695132163256,0.045009082662750124,0.8811161102864666
0147,Ceiba pentandra (L.) Gaertn.,0396,Lophira alata Banks ex C.F.Gaertn.,0.9716587697565653,0.09053989442752747,0.08393196411047188,0.8811188753290378
0236,Dipterocarpus C.F.Gaertn.,0396,Lophira alata Banks ex C.F.Gaertn.,0.9652372047998333,0.06735710381385199,0.08393196411047188,0.8813052406893614
0129,Castanea crenata Siebold & Zucc.,0158,"Chlorocardium rodiei (R.H.Schomb.) Rohwer, H.G.Richt. & van der Werff",0.9646299390761626,0.034727594828010425,0.08176555061613976,0.8828643884600228
0158,"Chlorocardium rodiei (R.H.Schomb.) Rohwer, H.G.Richt. & van der Werff",0461,Ochroma pyramidale (Cav. ex Lam.) Urb.,0.9646811393073258,0.08176555061613976,0.04404888631411533,0.882915588691186
0035,Anacardium giganteum Hancock ex Engl.,0479,Peltogyne catingae Ducke,0.9831511094308688,0.09952635975102023,0.034412686077142644,0.8836247496798486
0033,Anacardium excelsum (Bertero & Balb. ex Kunth) Skeels,0325,Guibourtia tessmannii (Harms) J.Léonard,1.086659268954102,0.1612983471755794,0.20053590665995039,0.8861233622941516
0294,Fraxinus excelsior L.,0552,Quercus alba L.,0.9441313856010276,0.057931930658733005,0.054910389150189774,0.8861994549422946
0130,Castanea sativa Mill.,0301,Gilbertiodendron dewevrei (De Wild.) J.Léonard,1.0568524835625142,0.13730049844128367,0.17033855113561178,0.8865139324269024
0130,Castanea sativa Mill.,0269,Erythrophleum ivorense A. Chev,1.0705809532519552,0.13730049844128367,0.18362962432208574,0.8869513289298695
0030,Amburana cearensis (Allemão) A.C.Sm.,0542,Pycnanthus angolensis (Welw.) Warb.,1.0904873041569683,0.20353506212870529,0.09358528548867441,0.886952242028263
0367,Juglans nigra L.,0480,Peltogyne mexicana Martínez,1.0119812980950362,0.030957996752025003,0.1247695132163256,0.8872117848787107
0030,Amburana cearensis (Allemão) A.C.Sm.,0367,Juglans nigra L.,1.0910573673851227,0.20353506212870529,0.030957996752025003,0.8875223052564174
0269,Erythrophleum ivorense A. Chev,0367,Juglans nigra L.,1.0717006198947039,0.18362962432208574,0.030957996752025003,0.8880709955726181
0366,Juglans regia L.,0375,Koompassia malaccensis Maing.,0.9768528493336508,0.011555233791711243,0.08877285430095372,0.8880799950326971
0147,Ceiba pentandra (L.) Gaertn.,0324,Guibourtia pellegriniana J.Léonard,1.0852651198944492,0.09053989442752747,0.19715961314014666,0.8881055067543026
0147,Ceiba pentandra (L.) Gaertn.,0325,Guibourtia tessmannii (Harms) J.Léonard,1.089233247628958,0.09053989442752747,0.20053590665995039,0.8886973409690075
0007,Acer pseudoplatanus L.,0257,Entandrophragma candollei Harms,0.9869160151384939,0.01598614417773803,0.09798805046374451,0.8889279646747494
0030,Amburana cearensis (Allemão) A.C.Sm.,0648,Triplochiton scleroxylon K. Schum.,1.0924782914558717,0.20353506212870529,0.03451537060084674,0.8889432293271664
0092,Brachystegia cynometroides Harms,0541,Pterygota macrocarpa K. Schum.,1.0338191953257492,0.1445998181282847,0.045009082662750124,0.8892193771974645
0130,Castanea sativa Mill.,0479,Peltogyne catingae Ducke,1.0265420352761843,0.13730049844128367,0.034412686077142644,0.8892415368349006
0007,Acer pseudoplatanus L.,0480,Peltogyne mexicana Martínez,1.0150255311921672,0.01598614417773803,0.1247695132163256,0.8902560179758416
0080,Betula papyrifera Marshall,0324,Guibourtia pellegriniana J.Léonard,1.0876552066465637,0.15225687626821854,0.19715961314014666,0.890495593506417
0130,Castanea sativa Mill.,0324,Guibourtia pellegriniana J.Léonard,1.087667390352898,0.13730049844128367,0.19715961314014666,0.8905077772127513
0293,Fraxinus americana L.,0541,Pterygota macrocarpa K. Schum.,0.9572671278656057,0.06673216616943302,0.045009082662750124,0.8905349616961727
0181,Cotylelobium Pierre,0324,Guibourtia pellegriniana J.Léonard,1.087888658466479,0.02876268832314597,0.19715961314014666,0.8907290453263325
0294,Fraxinus excelsior L.,0530,Pterocarpus soyauxii Taub.,1.0384567434714453,0.057931930658733005,0.14757486665108444,0.8908818768203609
0195,Ctenolophon parvifolius Oliv.,0375,Koompassia malaccensis Maing.,1.0354560002569417,0.1445569890808498,0.08877285430095372,0.8908990111760919
0323,Guibourtia demeusei (Harms) J.Léonard,0648,Triplochiton scleroxylon K. Schum.,1.1163912521755424,0.2237088813376544,0.03451537060084674,0.8926823708378879
0366,Juglans regia L.,0607,Swietenia macrophylla King,0.9638056996235302,0.011555233791711243,0.07039605530704054,0.8934096443164897
0293,Fraxinus americana L.,0396,Lophira alata Banks ex C.F.Gaertn.,0.9782406331663049,0.06673216616943302,0.08393196411047188,0.8943086690558331
0041,Aniba rosodora Ducke,0607,Swietenia macrophylla King,0.9649643279177686,0.03206859773287161,0.07039605530704054,0.8945682726107281
0158,"Chlorocardium rodiei (R.H.Schomb.) Rohwer, H.G.Richt. & van der Werff",0542,Pycnanthus angolensis (Welw.) Warb.,0.9894183251261568,0.08176555061613976,0.09358528548867441,0.8958330396374824
0396,Lophira alata Banks ex C.F.Gaertn.,0554,Quercus robur L.,0.9803357380250892,0.08393196411047188,0.040088693572690404,0.8964037739146173
0257,Entandrophragma candollei Harms,0553,Quercus petraea (Matt.) Liebl.,1.014005570445618,0.09798805046374451,0.1175281560814896,0.8964774143641283
0130,Castanea sativa Mill.,0608,Swietenia mahagoni (L.) Jacq.,1.052986760810858,0.13730049844128367,0.156298942858346,0.8966878179525121
0033,Anacardium excelsum (Bertero & Balb. ex Kunth) Skeels,0302,Gilbertiodendron preussii (Harms) J.Léonard,1.1127193833221996,0.1612983471755794,0.21477324086718907,0.8979461424550105
0480,Peltogyne mexicana Martínez,0648,Triplochiton scleroxylon K. Schum.,1.0229278349356283,0.1247695132163256,0.03451537060084674,0.8981583217193028
0293,Fraxinus americana L.,0461,Ochroma pyramidale (Cav. ex Lam.) Urb.,0.9649252393492314,0.06673216616943302,0.04404888631411533,0.8981930731797984
0147,Ceiba pentandra (L.) Gaertn.,0302,Gilbertiodendron preussii (Harms) J.Léonard,1.1131201936442245,0.09053989442752747,0.21477324086718907,0.8983469527770355
0396,Lophira alata Banks ex C.F.Gaertn.,0552,Quercus alba L.,0.9823009474201336,0.08393196411047188,0.054910389150189774,0.8983689833096618
0158,"Chlorocardium rodiei (R.H.Schomb.) Rohwer, H.G.Richt. & van der Werff",0553,Quercus petraea (Matt.) Liebl.,1.0166483118493352,0.08176555061613976,0.1175281560814896,0.8991201557678457
0295,Fraxinus nigra Marshall,0325,Guibourtia tessmannii (Harms) J.Léonard,1.099894026496114,0.04872560265571527,0.20053590665995039,0.8993581198361635
0033,Anacardium excelsum (Bertero & Balb. ex Kunth) Skeels,0479,Peltogyne catingae Ducke,1.0608254429531012,0.1612983471755794,0.034412686077142644,0.8995270957775219
0181,Cotylelobium Pierre,0301,Gilbertiodendron dewevrei (De Wild.) J.Léonard,1.0699324291093295,0.02876268832314597,0.17033855113561178,0.8995938779737177
0324,Guibourtia pellegriniana J.Léonard,0366,Juglans regia L.,1.0968233930588007,0.19715961314014666,0.011555233791711243,0.8996637799186541
0092,Brachystegia cynometroides Harms,0195,Ctenolophon parvifolius Oliv.,1.0442864874013091,0.1445998181282847,0.1445569890808498,0.8996866692730244
0238,Dipterocarpus kerrii King,0325,Guibourtia tessmannii (Harms) J.Léonard,1.1002709825721784,0.047350069644523325,0.20053590665995039,0.899735075912228
0041,Aniba rosodora Ducke,0375,Koompassia malaccensis Maing.,0.9886745978046864,0.03206859773287161,0.08877285430095372,0.8999017435037326
0375,Koompassia malaccensis Maing.,0553,Quercus petraea (Matt.) Liebl.,1.0174482095645776,0.08877285430095372,0.1175281560814896,0.899920053483088
0130,Castanea sativa Mill.,0480,Peltogyne mexicana Martínez,1.037546758376966,0.13730049844128367,0.1247695132163256,0.9002462599356823
0238,Dipterocarpus kerrii King,0302,Gilbertiodendron preussii (Harms) J.Léonard,1.1150465299451597,0.047350069644523325,0.21477324086718907,0.9002732890779707
0257,Entandrophragma candollei Harms,0542,Pycnanthus angolensis (Welw.) Warb.,0.9991680784318946,0.09798805046374451,0.09358528548867441,0.9011800279681501
0181,Cotylelobium Pierre,0244,Dryobalanops C.F.Gaertn.,0.973863953338187,0.02876268832314597,0.07236117632383164,0.9015027770143553
0066,Aucoumea klaineana Pierre,0323,Guibourtia demeusei (Harms) J.Léonard,1.1254880108416494,0.21760219624631696,0.2237088813376544,0.901779129503995
0195,Ctenolophon parvifolius Oliv.,0301,Gilbertiodendron dewevrei (De Wild.) J.Léonard,1.0723968436090638,0.1445569890808498,0.17033855113561178,0.902058292473452
0081,Betula pendula Roth,0607,Swietenia macrophylla King,0.9729979867047632,0.0030165117830820874,0.07039605530704054,0.9026019313977227
0081,Betula pendula Roth,0552,Quercus alba L.,0.958083269645837,0.0030165117830820874,0.054910389150189774,0.9031728804956473
0129,Castanea crenata Siebold & Zucc.,0478,Peltogyne Vogel,1.0165703927477854,0.034727594828010425,0.11335898594650924,0.9032114068012761
0301,Gilbertiodendron dewevrei (De Wild.) J.Léonard,0550,Quercus mongolica Fisch. ex Ledeb.,1.0741998586714476,0.17033855113561178,0.0295908067557718,0.9038613075358358
0236,Dipterocarpus C.F.Gaertn.,0325,Guibourtia tessmannii (Harms) J.Léonard,1.1048041090020368,0.06735710381385199,0.20053590665995039,0.9042682023420865
0195,Ctenolophon parvifolius Oliv.,0479,Peltogyne catingae Ducke,1.0489783629469749,0.1445569890808498,0.034412686077142644,0.9044213738661251
0367,Juglans nigra L.,0375,Koompassia malaccensis Maing.,0.9934407602136122,0.030957996752025003,0.08877285430095372,0.9046679059126584
0461,Ochroma pyramidale (Cav. ex Lam.) Urb.,0480,Peltogyne mexicana Martínez,1.0300910438472801,0.04404888631411533,0.1247695132163256,0.9053215306309546
0033,Anacardium excelsum (Bertero & Balb. ex Kunth) Skeels,0324,Guibourtia pellegriniana J.Léonard,1.1026136468317431,0.1612983471755794,0.19715961314014666,0.9054540336915965
0541,Pterygota macrocarpa K. Schum.,0550,Quercus mongolica Fisch. ex Ledeb.,0.9517613338707052,0.045009082662750124,0.0295908067557718,0.906752251207955
0007,Acer pseudoplatanus L.,0158,"Chlorocardium rodiei (R.H.Schomb.) Rohwer, H.G.Richt. & van der Werff",0.988682675217524,0.01598614417773803,0.08176555061613976,0.9069171246013842
0396,Lophira alata Banks ex C.F.Gaertn.,0550,Quercus mongolica Fisch. ex Ledeb.,0.9908681835421683,0.08393196411047188,0.0295908067557718,0.9069362194316964
0195,Ctenolophon parvifolius Oliv.,0478,Peltogyne Vogel,1.0516727151002034,0.1445569890808498,0.11335898594650924,0.9071157260193536
0269,Erythrophleum ivorense A. Chev,0648,Triplochiton scleroxylon K. Schum.,1.09084377599551,0.18362962432208574,0.03451537060084674,0.9072141516734243
0301,Gilbertiodendron dewevrei (De Wild.) J.Léonard,0648,Triplochiton scleroxylon K. Schum.,1.0785846893384334,0.17033855113561178,0.03451537060084674,0.9082461382028216
0007,Acer pseudoplatanus L.,0035,Anacardium giganteum Hancock ex Engl.,1.0081618856418864,0.01598614417773803,0.09952635975102023,0.9086355258908662
0035,Anacardium giganteum Hancock ex Engl.,0396,Lophira alata Banks ex C.F.Gaertn.,1.0083338581012449,0.09952635975102023,0.08393196411047188,0.9088074983502247
0007,Acer pseudoplatanus L.,0092,Brachystegia cynometroides Harms,1.0534237197366194,0.01598614417773803,0.1445998181282847,0.9088239016083347
0081,Betula pendula Roth,0375,Koompassia malaccensis Maing.,0.9977507004504438,0.0030165117830820874,0.08877285430095372,0.9089778461494901
0480,Peltogyne mexicana Martínez,0553,Quercus petraea (Matt.) Liebl.,1.0339705626646682,0.1247695132163256,0.1175281560814896,0.9092010494483427
0181,Cotylelobium Pierre,0480,Peltogyne mexicana Martínez,1.0340506123056867,0.02876268832314597,0.1247695132163256,0.9092810990893612
0295,Fraxinus nigra Marshall,0324,Guibourtia pellegriniana J.Léonard,1.1068149784081212,0.04872560265571527,0.19715961314014666,0.9096553652679745
0033,Anacardium excelsum (Bertero & Balb. ex Kunth) Skeels,0480,Peltogyne mexicana Martínez,1.071126549052884,0.1612983471755794,0.1247695132163256,0.9098282018773047
0092,Brachystegia cynometroides Harms,0553,Quercus petraea (Matt.) Liebl.,1.054733749401279,0.1445998181282847,0.1175281560814896,0.9101339312729942
0541,Pterygota macrocarpa K. Schum.,0554,Quercus robur L.,0.9556439639031462,0.045009082662750124,0.040088693572690404,0.910634881240396
0041,Aniba rosodora Ducke,0479,Peltogyne catingae Ducke,0.9453150738480373,0.03206859773287161,0.034412686077142644,0.9109023877708946
0541,Pterygota macrocarpa K. Schum.,0552,Quercus alba L.,0.9663143378165131,0.045009082662750124,0.054910389150189774,0.9114039486663233
0479,Peltogyne catingae Ducke,0552,Quercus alba L.,0.9663393412739245,0.034412686077142644,0.054910389150189774,0.9114289521237348
0035,Anacardium giganteum Hancock ex Engl.,0318,Leplaea cedrata (A.Chev.) E.J.M.Koenen & J.J.de Wilde,1.0109573232968168,0.09952635975102023,0.03917415789724382,0.9114309635457966
0092,Brachystegia cynometroides Harms,0367,Juglans nigra L.,1.0564906375295462,0.1445998181282847,0.030957996752025003,0.9118908194012615
0478,Peltogyne Vogel,0541,Pterygota macrocarpa K. Schum.,1.0253090983165938,0.11335898594650924,0.045009082662750124,0.9119501123700845
0269,Erythrophleum ivorense A. Chev,0461,Ochroma pyramidale (Cav. ex Lam.) Urb.,1.095650217947584,0.18362962432208574,0.04404888631411533,0.9120205936254983
0092,Brachystegia cynometroides Harms,0550,Quercus mongolica Fisch. ex Ledeb.,1.0578613656413647,0.1445998181282847,0.0295908067557718,0.91326154751308
0480,Peltogyne mexicana Martínez,0554,Quercus robur L.,1.0382746228226236,0.1247695132163256,0.040088693572690404,0.913505109606298
0301,Gilbertiodendron dewevrei (De Wild.) J.Léonard,0553,Quercus petraea (Matt.) Liebl.,1.0839274806967485,0.17033855113561178,0.1175281560814896,0.9135889295611367
0006,Acer platanoides L.,0092,Brachystegia cynometroides Harms,1.0582530210748697,0.0033010130066980182,0.1445998181282847,0.913653202946585
0324,Guibourtia pellegriniana J.Léonard,0367,Juglans nigra L.,1.1109467017718129,0.19715961314014666,0.030957996752025003,0.9137870886316662
0480,Peltogyne mexicana Martínez,0550,Quercus mongolica Fisch. ex Ledeb.,1.0385870028201623,0.1247695132163256,0.0295908067557718,0.9138174896038367
0301,Gilbertiodendron dewevrei (De Wild.) J.Léonard,0554,Quercus robur L.,1.0844937713032752,0.17033855113561178,0.040088693572690404,0.9141552201676634
0181,Cotylelobium Pierre,0550,Quercus mongolica Fisch. ex Ledeb.,0.9438899777281748,0.02876268832314597,0.0295908067557718,0.9142991709724031
0033,Anacardium excelsum (Bertero & Balb. ex Kunth) Skeels,0323,Guibourtia demeusei (Harms) J.Léonard,1.1382683740713688,0.1612983471755794,0.2237088813376544,0.9145594927337144
0007,Acer pseudoplatanus L.,0293,Fraxinus americana L.,0.9815985636955467,0.01598614417773803,0.06673216616943302,0.9148663975261137
0301,Gilbertiodendron dewevrei (De Wild.) J.Léonard,0552,Quercus alba L.,1.0853773582811739,0.17033855113561178,0.054910389150189774,0.9150388071455621
0294,Fraxinus excelsior L.,0375,Koompassia malaccensis Maing.,1.0038542436047908,0.057931930658733005,0.08877285430095372,0.9150813893038371
0244,Dryobalanops C.F.Gaertn.,0541,Pterygota macrocarpa K. Schum.,0.9874473183552348,0.07236117632383164,0.045009082662750124,0.9150861420314031
0257,Entandrophragma candollei Harms,0550,Quercus mongolica Fisch. ex Ledeb.,1.0131322426623506,0.09798805046374451,0.0295908067557718,0.9151441921986061
0396,Lophira alata Banks ex C.F.Gaertn.,0479,Peltogyne catingae Ducke,0.9992193387967343,0.08393196411047188,0.034412686077142644,0.9152873746862624
0323,Guibourtia demeusei (Harms) J.Léonard,0367,Juglans nigra L.,1.1394749139038267,0.2237088813376544,0.030957996752025003,0.9157660325661723
0375,Koompassia malaccensis Maing.,0542,Pycnanthus angolensis (Welw.) Warb.,1.0098127770308531,0.08877285430095372,0.09358528548867441,0.9162274915421788
0181,Cotylelobium Pierre,0554,Quercus robur L.,0.9567079468655603,0.02876268832314597,0.040088693572690404,0.9166192532928699
0006,Acer platanoides L.,0269,Erythrophleum ivorense A. Chev,1.1003891210286096,0.0033010130066980182,0.18362962432208574,0.9167594967065239
0480,Peltogyne mexicana Martínez,0542,Pycnanthus angolensis (Welw.) Warb.,1.041782182233093,0.1247695132163256,0.09358528548867441,0.9170126690167675
0092,Brachystegia cynometroides Harms,0648,Triplochiton scleroxylon K. Schum.,1.0619662996371564,0.1445998181282847,0.03451537060084674,0.9173664815088717
0238,Dipterocarpus kerrii King,0324,Guibourtia pellegriniana J.Léonard,1.1145736119189282,0.047350069644523325,0.19715961314014666,0.9174139987787816
0158,"Chlorocardium rodiei (R.H.Schomb.) Rohwer, H.G.Richt. & van der Werff",0318,Leplaea cedrata (A.Chev.) E.J.M.Koenen & J.J.de Wilde,0.9995209731026082,0.08176555061613976,0.03917415789724382,0.9177554224864685
0257,Entandrophragma candollei Harms,0554,Quercus robur L.,1.01658671915767,0.09798805046374451,0.040088693572690404,0.9185986686939256
0092,Brachystegia cynometroides Harms,0554,Quercus robur L.,1.0632253863040124,0.1445998181282847,0.040088693572690404,0.9186255681757277
0236,Dipterocarpus C.F.Gaertn.,0302,Gilbertiodendron preussii (Harms) J.Léonard,1.1334674633894388,0.06735710381385199,0.21477324086718907,0.9186942225222497
0129,Castanea crenata Siebold & Zucc.,0375,Koompassia malaccensis Maing.,1.00816039997571,0.034727594828010425,0.08877285430095372,0.9193875456747563
0301,Gilbertiodendron dewevrei (De Wild.) J.Léonard,0367,Juglans nigra L.,1.0917838999268787,0.17033855113561178,0.030957996752025003,0.9214453487912669
0236,Dipterocarpus C.F.Gaertn.,0324,Guibourtia pellegriniana J.Léonard,1.1188608091048171,0.06735710381385199,0.19715961314014666,0.9217011959646705
0294,Fraxinus excelsior L.,0541,Pterygota macrocarpa K. Schum.,0.9797697636379595,0.057931930658733005,0.045009082662750124,0.9218378329792265
0130,Castanea sativa Mill.,0607,Swietenia macrophylla King,1.059284717204247,0.13730049844128367,0.07039605530704054,0.9219842187629633
0066,Aucoumea klaineana Pierre,0324,Guibourtia pellegriniana J.Léonard,1.1400736121370905,0.21760219624631696,0.19715961314014666,0.9224714158907735
0480,Peltogyne mexicana Martínez,0552,Quercus alba L.,1.0472451152735662,0.1247695132163256,0.054910389150189774,0.9224756020572407
0295,Fraxinus nigra Marshall,0302,Gilbertiodendron preussii (Harms) J.Léonard,1.1377000556134713,0.04872560265571527,0.21477324086718907,0.9229268147462822
0130,Castanea sativa Mill.,0375,Koompassia malaccensis Maing.,1.0607048511852395,0.13730049844128367,0.08877285430095372,0.9234043527439558
0257,Entandrophragma candollei Harms,0552,Quercus alba L.,1.0217271483357444,0.09798805046374451,0.054910389150189774,0.9237390978719999
0479,Peltogyne catingae Ducke,0550,Quercus mongolica Fisch. ex Ledeb.,0.9582637495516264,0.034412686077142644,0.0295908067557718,0.9238510634744838
0092,Brachystegia cynometroides Harms,0542,Pycnanthus angolensis (Welw.) Warb.,1.0692488233069466,0.1445998181282847,0.09358528548867441,0.9246490051786619
0479,Peltogyne catingae Ducke,0554,Quercus robur L.,0.9649241922319123,0.034412686077142644,0.040088693572690404,0.9248354986592219
0092,Brachystegia cynometroides Harms,0461,Ochroma pyramidale (Cav. ex Lam.) Urb.,1.069650634220002,0.1445998181282847,0.04404888631411533,0.9250508160917174
0244,Dryobalanops C.F.Gaertn.,0318,Leplaea cedrata (A.Chev.) E.J.M.Koenen & J.J.de Wilde,0.9974162136867357,0.07236117632383164,0.03917415789724382,0.9250550373629041
0257,Entandrophragma candollei Harms,0479,Peltogyne catingae Ducke,1.0233035064583658,0.09798805046374451,0.034412686077142644,0.9253154559946213
0301,Gilbertiodendron dewevrei (De Wild.) J.Léonard,0542,Pycnanthus angolensis (Welw.) Warb.,1.0957826191945066,0.17033855113561178,0.09358528548867441,0.9254440680588948
0147,Ceiba pentandra (L.) Gaertn.,0323,Guibourtia demeusei (Harms) J.Léonard,1.1504742449079102,0.09053989442752747,0.2237088813376544,0.9267653635702557
0130,Castanea sativa Mill.,0478,Peltogyne Vogel,1.0644176779574264,0.13730049844128367,0.11335898594650924,0.9271171795161427
0092,Brachystegia cynometroides Harms,0130,Castanea sativa Mill.,1.0717848274749602,0.1445998181282847,0.13730049844128367,0.9271850093466755
0092,Brachystegia cynometroides Harms,0552,Quercus alba L.,1.072564007872039,0.1445998181282847,0.054910389150189774,0.9279641897437544
0129,Castanea crenata Siebold & Zucc.,0607,Swietenia macrophylla King,0.9990400545057583,0.034727594828010425,0.07039605530704054,0.9286439991987178
0294,Fraxinus excelsior L.,0461,Ochroma pyramidale (Cav. ex Lam.) Urb.,0.9871437154272195,0.057931930658733005,0.04404888631411533,0.9292117847684864
0367,Juglans nigra L.,0478,Peltogyne Vogel,1.042785613974889,0.030957996752025003,0.11335898594650924,0.9294266280283797
0007,Acer pseudoplatanus L.,0294,Fraxinus excelsior L.,0.9880563638568092,0.01598614417773803,0.057931930658733005,0.9301244331980761
0478,Peltogyne Vogel,0553,Quercus petraea (Matt.) Liebl.,1.0483266758966137,0.11335898594650924,0.1175281560814896,0.9307985198151241
0375,Koompassia malaccensis Maing.,0541,Pterygota macrocarpa K. Schum.,1.0199171435974934,0.08877285430095372,0.045009082662750124,0.9311442892965397
0324,Guibourtia pellegriniana J.Léonard,0648,Triplochiton scleroxylon K. Schum.,1.128567504587132,0.19715961314014666,0.03451537060084674,0.9314078914469853
0181,Cotylelobium Pierre,0552,Quercus alba L.,0.986624739669248,0.02876268832314597,0.054910389150189774,0.9317143505190583
0007,Acer pseudoplatanus L.,0478,Peltogyne Vogel,1.0456965824739333,0.01598614417773803,0.11335898594650924,0.932337596527424
0318,Leplaea cedrata (A.Chev.) E.J.M.Koenen & J.J.de Wilde,0554,Quercus robur L.,0.9724630165530894,0.03917415789724382,0.040088693572690404,0.932374322980399
0318,Leplaea cedrata (A.Chev.) E.J.M.Koenen & J.J.de Wilde,0550,Quercus mongolica Fisch. ex Ledeb.,0.9729247217478232,0.03917415789724382,0.0295908067557718,0.9337505638505794
0006,Acer platanoides L.,0478,Peltogyne Vogel,1.0476079700086758,0.0033010130066980182,0.11335898594650924,0.9342489840621665
0318,Leplaea cedrata (A.Chev.) E.J.M.Koenen & J.J.de Wilde,0552,Quercus alba L.,0.9906141925269055,0.03917415789724382,0.054910389150189774,0.9357038033767158
0294,Fraxinus excelsior L.,0318,Leplaea cedrata (A.Chev.) E.J.M.Koenen & J.J.de Wilde,0.9941980509787154,0.057931930658733005,0.03917415789724382,0.9362661203199824
0366,Juglans regia L.,0479,Peltogyne catingae Ducke,0.9738946910998331,0.011555233791711243,0.034412686077142644,0.9394820050226904
0318,Leplaea cedrata (A.Chev.) E.J.M.Koenen & J.J.de Wilde,0479,Peltogyne catingae Ducke,0.9788357672848756,0.03917415789724382,0.034412686077142644,0.9396616093876318
0158,"Chlorocardium rodiei (R.H.Schomb.) Rohwer, H.G.Richt. & van der Werff",0396,Lophira alata Banks ex C.F.Gaertn.,1.0237610693224797,0.08176555061613976,0.08393196411047188,0.9398291052120078
0478,Peltogyne Vogel,0648,Triplochiton scleroxylon K. Schum.,1.0541215914600208,0.11335898594650924,0.03451537060084674,0.9407626055135115
0478,Peltogyne Vogel,0554,Quercus robur L.,1.0553912892476953,0.11335898594650924,0.040088693572690404,0.942032303301186
0375,Koompassia malaccensis Maing.,0554,Quercus robur L.,1.031053515278752,0.08877285430095372,0.040088693572690404,0.9422806609777984
0478,Peltogyne Vogel,0550,Quercus mongolica Fisch. ex Ledeb.,1.055783465700129,0.11335898594650924,0.0295908067557718,0.9424244797536198
0461,Ochroma pyramidale (Cav. ex Lam.) Urb.,0478,Peltogyne Vogel,1.0559764115265484,0.04404888631411533,0.11335898594650924,0.9426174255800391
0081,Betula pendula Roth,0479,Peltogyne catingae Ducke,0.9784515834152524,0.0030165117830820874,0.034412686077142644,0.9440388973381098
0478,Peltogyne Vogel,0542,Pycnanthus angolensis (Welw.) Warb.,1.0577395241071703,0.11335898594650924,0.09358528548867441,0.944380538160661
0295,Fraxinus nigra Marshall,0480,Peltogyne mexicana Martínez,1.069158364077548,0.04872560265571527,0.1247695132163256,0.9443888508612224
0158,"Chlorocardium rodiei (R.H.Schomb.) Rohwer, H.G.Richt. & van der Werff",0554,Quercus robur L.,1.028177296180408,0.08176555061613976,0.040088693572690404,0.9464117455642683
0375,Koompassia malaccensis Maing.,0552,Quercus alba L.,1.0353376804212457,0.08877285430095372,0.054910389150189774,0.946564826120292
0244,Dryobalanops C.F.Gaertn.,0396,Lophira alata Banks ex C.F.Gaertn.,1.0306457996653888,0.07236117632383164,0.08393196411047188,0.946713835554917
0375,Koompassia malaccensis Maing.,0648,Triplochiton scleroxylon K. Schum.,1.0363300557875272,0.08877285430095372,0.03451537060084674,0.9475572014865735
0367,Juglans nigra L.,0607,Swietenia macrophylla King,1.018236731377299,0.030957996752025003,0.07039605530704054,0.9478406760702586
0478,Peltogyne Vogel,0552,Quercus alba L.,1.0639129346137428,0.11335898594650924,0.054910389150189774,0.9505539486672335
0541,Pterygota macrocarpa K. Schum.,0607,Swietenia macrophylla King,1.0212649590114444,0.045009082662750124,0.07039605530704054,0.9508689037044039
0158,"Chlorocardium rodiei (R.H.Schomb.) Rohwer, H.G.Richt. & van der Werff",0550,Quercus mongolica Fisch. ex Ledeb.,1.0335434528266925,0.08176555061613976,0.0295908067557718,0.9517779022105527
0238,Dipterocarpus kerrii King,0323,Guibourtia demeusei (Harms) J.Léonard,1.1768177115484764,0.047350069644523325,0.2237088813376544,0.9531088302108219
0238,Dipterocarpus kerrii King,0480,Peltogyne mexicana Martínez,1.0794766787999568,0.047350069644523325,0.1247695132163256,0.9547071655836312
0033,Anacardium excelsum (Bertero & Balb. ex Kunth) Skeels,0301,Gilbertiodendron dewevrei (De Wild.) J.Léonard,1.1250924385172414,0.1612983471755794,0.17033855113561178,0.9547538873816296
0236,Dipterocarpus C.F.Gaertn.,0323,Guibourtia demeusei (Harms) J.Léonard,1.1789587821733731,0.06735710381385199,0.2237088813376544,0.9552499008357187
0236,Dipterocarpus C.F.Gaertn.,0480,Peltogyne mexicana Martínez,1.0804002469235132,0.06735710381385199,0.1247695132163256,0.9556307337071877
0158,"Chlorocardium rodiei (R.H.Schomb.) Rohwer, H.G.Richt. & van der Werff",0552,Quercus alba L.,1.0374387104103453,0.08176555061613976,0.054910389150189774,0.9556731597942055
0147,Ceiba pentandra (L.) Gaertn.,0301,Gilbertiodendron dewevrei (De Wild.) J.Léonard,1.1263979753970872,0.09053989442752747,0.17033855113561178,0.9560594242614754
0375,Koompassia malaccensis Maing.,0550,Quercus mongolica Fisch. ex Ledeb.,1.0449551924836373,0.08877285430095372,0.0295908067557718,0.9561823381826836
0295,Fraxinus nigra Marshall,0323,Guibourtia demeusei (Harms) J.Léonard,1.1805043069515269,0.04872560265571527,0.2237088813376544,0.9567954256138724
0092,Brachystegia cynometroides Harms,0181,Cotylelobium Pierre,1.1017695449242428,0.1445998181282847,0.02876268832314597,0.9571697267959581
0033,Anacardium excelsum (Bertero & Balb. ex Kunth) Skeels,0375,Koompassia malaccensis Maing.,1.1192045869818246,0.1612983471755794,0.08877285430095372,0.9579062398062452
0147,Ceiba pentandra (L.) Gaertn.,0480,Peltogyne mexicana Martínez,1.0829338116552842,0.09053989442752747,0.1247695132163256,0.9581642984389587
0479,Peltogyne catingae Ducke,0541,Pterygota macrocarpa K. Schum.,1.0043384903315344,0.034412686077142644,0.045009082662750124,0.9593294076687843
0033,Anacardium excelsum (Bertero & Balb. ex Kunth) Skeels,0478,Peltogyne Vogel,1.1224743314851504,0.1612983471755794,0.11335898594650924,0.9611759843095711
0244,Dryobalanops C.F.Gaertn.,0257,Entandrophragma candollei Harms,1.0613971549828751,0.07236117632383164,0.09798805046374451,0.9634091045191306
0007,Acer pseudoplatanus L.,0375,Koompassia malaccensis Maing.,1.0532093663844828,0.01598614417773803,0.08877285430095372,0.9644365120835291
0607,Swietenia macrophylla King,0648,Triplochiton scleroxylon K. Schum.,1.0352711801538133,0.07039605530704054,0.03451537060084674,0.9648751248467727
0375,Koompassia malaccensis Maing.,0461,Ochroma pyramidale (Cav. ex Lam.) Urb.,1.0550076938737067,0.08877285430095372,0.04404888631411533,0.966234839572753
0092,Brachystegia cynometroides Harms,0147,Ceiba pentandra (L.) Gaertn.,1.1134359075958182,0.1445998181282847,0.09053989442752747,0.9688360894675335
0294,Fraxinus excelsior L.,0396,Lophira alata Banks ex C.F.Gaertn.,1.0537427267598651,0.057931930658733005,0.08393196411047188,0.9698107626493933
0006,Acer platanoides L.,0375,Koompassia malaccensis Maing.,1.0594661897318551,0.0033010130066980182,0.08877285430095372,0.9706933354309014
0238,Dipterocarpus kerrii King,0301,Gilbertiodendron dewevrei (De Wild.) J.Léonard,1.1414571219847234,0.047350069644523325,0.17033855113561178,0.9711185708491116
0033,Anacardium excelsum (Bertero & Balb. ex Kunth) Skeels,0092,Brachystegia cynometroides Harms,1.1337132048266716,0.1612983471755794,0.1445998181282847,0.9724148576510923
0092,Brachystegia cynometroides Harms,0238,Dipterocarpus kerrii King,1.1181066726368982,0.1445998181282847,0.047350069644523325,0.9735068545086135
0129,Castanea crenata Siebold & Zucc.,0479,Peltogyne catingae Ducke,1.010920289503819,0.034727594828010425,0.034412686077142644,0.9761926946758085
0092,Brachystegia cynometroides Harms,0295,Fraxinus nigra Marshall,1.1209343536830205,0.1445998181282847,0.04872560265571527,0.9763345355547358
0181,Cotylelobium Pierre,0478,Peltogyne Vogel,1.0897502569521187,0.02876268832314597,0.11335898594650924,0.9763912710056094
0147,Ceiba pentandra (L.) Gaertn.,0479,Peltogyne catingae Ducke,1.072339909123041,0.09053989442752747,0.034412686077142644,0.9818000146955135
0236,Dipterocarpus C.F.Gaertn.,0301,Gilbertiodendron dewevrei (De Wild.) J.Léonard,1.1523632180464927,0.06735710381385199,0.17033855113561178,0.9820246669108809
0092,Brachystegia cynometroides Harms,0236,Dipterocarpus C.F.Gaertn.,1.1304715153376694,0.1445998181282847,0.06735710381385199,0.9858716972093847
0295,Fraxinus nigra Marshall,0301,Gilbertiodendron dewevrei (De Wild.) J.Léonard,1.1585340407421505,0.04872560265571527,0.17033855113561178,0.9881954896065387
0147,Ceiba pentandra (L.) Gaertn.,0478,Peltogyne Vogel,1.1124639239816547,0.09053989442752747,0.11335898594650924,0.9991049380351454
0147,Ceiba pentandra (L.) Gaertn.,0375,Koompassia malaccensis Maing.,1.09153274160049,0.09053989442752747,0.08877285430095372,1.0009928471729626
0295,Fraxinus nigra Marshall,0478,Peltogyne Vogel,1.114995423319661,0.04872560265571527,0.11335898594650924,1.0016364373731519
0238,Dipterocarpus kerrii King,0375,Koompassia malaccensis Maing.,1.090578907907671,0.047350069644523325,0.08877285430095372,1.0018060536067175
0295,Fraxinus nigra Marshall,0375,Koompassia malaccensis Maing.,1.0914205037979394,0.04872560265571527,0.08877285430095372,1.0026476494969856
0181,Cotylelobium Pierre,0375,Koompassia malaccensis Maing.,1.0918682000377666,0.02876268832314597,0.08877285430095372,1.003095345736813
0479,Peltogyne catingae Ducke,0648,Triplochiton scleroxylon K. Schum.,1.0381055680094105,0.034412686077142644,0.03451537060084674,1.0035901974085637
0181,Cotylelobium Pierre,0479,Peltogyne catingae Ducke,1.0389130855365947,0.02876268832314597,0.034412686077142644,1.0045003994594521
0238,Dipterocarpus kerrii King,0478,Peltogyne Vogel,1.1184854732766665,0.047350069644523325,0.11335898594650924,1.0051264873301573
0236,Dipterocarpus C.F.Gaertn.,0478,Peltogyne Vogel,1.1259243169606896,0.06735710381385199,0.11335898594650924,1.0125653310141804
0236,Dipterocarpus C.F.Gaertn.,0375,Koompassia malaccensis Maing.,1.1029813583263945,0.06735710381385199,0.08877285430095372,1.014208504025441
0367,Juglans nigra L.,0479,Peltogyne catingae Ducke,1.0492640755142626,0.030957996752025003,0.034412686077142644,1.01485138943712
0236,Dipterocarpus C.F.Gaertn.,0479,Peltogyne catingae Ducke,1.082215874817689,0.06735710381385199,0.034412686077142644,1.014858771003837
0295,Fraxinus nigra Marshall,0479,Peltogyne catingae Ducke,1.077839430766285,0.04872560265571527,0.034412686077142644,1.0291138281105698
0238,Dipterocarpus kerrii King,0479,Peltogyne catingae Ducke,1.0822233653545463,0.047350069644523325,0.034412686077142644,1.034873295710023
